person_id,decile_score,rawscore,v_decile_score,is_recid,is_violent_recid,two_year_recid,sex,race,age,priors_count,juv_priors_count,c_charge_degree,maritalstatus
62384.0,2,-3.03,1,1,0,1,0,hispanic,96,2,0,0,other
56279.0,1,-4.08,1,0,0,0,0,caucasian,83,4,0,0,separated
50959.0,1,-4.5,1,0,0,0,0,hispanic,83,0,0,1,significant other
53038.0,1,-4.63,1,0,0,0,0,caucasian,80,0,0,1,significant other
56006.0,1,-4.05,1,0,0,0,0,caucasian,79,1,0,1,separated
57794.0,1,-3.23,1,0,0,0,0,african-american,77,0,0,1,significant other
52757.0,1,-3.65,1,0,0,0,0,caucasian,77,3,0,0,separated
62414.0,1,-4.46,1,1,1,1,0,african-american,77,1,0,1,significant other
56536.0,1,-3.62,1,0,0,0,0,caucasian,77,1,0,1,single
57847.0,1,-4.47,1,0,0,0,0,other,76,0,0,0,single
55835.0,4,-4.02,1,1,0,1,0,caucasian,75,1,0,0,significant other
39395.0,1,-3.79,1,0,0,0,0,caucasian,75,2,0,1,significant other
56183.0,1,-4.33,1,0,0,0,0,hispanic,75,1,0,0,significant other
56070.0,1,-3.83,1,0,0,0,1,african-american,75,5,0,0,single
58790.0,1,-4.23,1,0,0,0,1,african-american,74,0,0,0,single
52768.0,1,-4.34,1,0,0,0,0,caucasian,74,2,0,0,other
59024.0,1,-4.35,1,0,0,0,1,caucasian,74,0,0,1,other
58245.0,1,-3.61,1,0,0,0,0,caucasian,74,0,0,1,single
51097.0,1,-4.45,1,0,0,0,0,caucasian,74,0,0,1,single
62293.0,1,-4.29,1,0,0,0,0,caucasian,73,0,0,1,single
57523.0,4,-3.67,1,0,0,0,0,caucasian,72,7,0,0,single
55122.0,1,-3.85,1,0,0,0,0,caucasian,72,1,0,1,separated
62112.0,1,-4.26,1,0,0,0,0,caucasian,72,3,0,0,single
9038.0,2,-3.2,1,0,0,0,0,caucasian,71,13,0,0,separated
6924.0,7,-2.51,3,0,0,0,0,african-american,71,12,0,1,single
38597.0,1,-2.73,2,0,0,0,0,african-american,71,8,0,0,separated
55564.0,1,-4.4,1,0,0,0,0,caucasian,71,1,0,1,single
34034.0,1,-4.47,1,0,0,0,0,caucasian,71,3,0,1,single
61108.0,1,-4.4,1,0,0,0,0,caucasian,70,0,0,1,single
62279.0,1,-4.2,1,1,0,1,0,caucasian,70,11,0,0,single
54079.0,1,-4.09,1,0,0,0,1,other,70,0,0,0,significant other
52667.0,1,-4.53,1,0,0,0,0,african-american,70,0,0,1,significant other
54034.0,1,-3.35,1,0,0,0,0,caucasian,70,1,0,1,significant other
51618.0,1,-4.39,1,0,0,0,1,african-american,70,1,0,0,single
52941.0,1,-2.94,2,1,0,1,0,caucasian,69,6,0,1,separated
61288.0,1,-4.11,1,0,0,0,1,hispanic,69,0,0,1,separated
61684.0,1,-3.94,1,1,0,1,0,african-american,69,1,0,0,separated
49204.0,6,-3.59,1,0,0,0,0,african-american,69,3,0,0,significant other
51367.0,5,-2.99,1,0,0,0,0,caucasian,69,0,0,0,separated
58185.0,3,-3.61,1,0,0,0,1,caucasian,69,5,0,0,significant other
57706.0,1,-4.53,1,1,0,1,0,caucasian,69,0,0,1,separated
51829.0,1,-3.45,1,0,0,0,1,caucasian,69,2,0,1,significant other
51713.0,1,-4.3,1,0,0,0,0,caucasian,69,0,0,1,separated
55773.0,1,-4.46,1,0,0,0,0,caucasian,69,0,0,1,single
56257.0,1,-2.73,2,0,0,0,0,african-american,69,3,0,1,significant other
37476.0,5,-2.0,4,0,0,0,0,african-american,69,22,0,1,separated
57804.0,1,-4.26,1,0,0,0,0,other,69,0,0,1,significant other
62373.0,1,-4.06,1,0,0,0,0,hispanic,69,0,0,1,significant other
56418.0,1,-4.31,1,0,0,0,0,other,69,0,0,0,single
61111.0,1,-3.17,1,0,0,0,0,caucasian,68,4,0,1,single
59878.0,4,-2.82,2,0,0,0,0,african-american,68,2,0,0,single
58264.0,2,-3.89,1,0,0,0,1,african-american,68,5,0,0,separated
50994.0,1,-4.32,1,0,0,0,0,caucasian,68,0,0,1,other
57967.0,1,-3.57,1,0,0,0,0,caucasian,68,2,0,0,significant other
57469.0,4,-3.18,1,0,0,0,0,african-american,68,6,0,1,single
57305.0,1,-4.42,1,0,0,0,0,hispanic,68,0,0,1,significant other
51890.0,7,-1.54,6,1,1,1,0,caucasian,68,7,0,0,single
55571.0,2,-3.2,1,0,0,0,0,african-american,68,1,0,0,separated
54498.0,1,-4.4,1,0,0,0,0,caucasian,67,0,0,0,single
60632.0,1,-3.52,1,0,0,0,0,african-american,67,4,0,1,significant other
60232.0,1,-4.04,1,0,0,0,0,caucasian,67,0,0,1,significant other
53703.0,3,-3.08,1,0,0,0,0,caucasian,67,1,0,0,single
59672.0,1,-4.43,1,1,1,1,0,hispanic,67,0,0,1,significant other
52249.0,1,-3.86,1,1,0,1,0,caucasian,67,0,0,0,single
56578.0,1,-4.19,1,0,0,0,0,other,67,0,0,1,single
51619.0,1,-4.14,1,0,0,0,1,african-american,67,0,0,0,other
60235.0,2,-3.64,1,0,0,0,0,caucasian,67,2,0,0,single
60725.0,1,-3.33,1,0,0,0,1,caucasian,67,0,0,1,other
51584.0,1,-4.31,1,0,0,0,0,caucasian,67,3,0,0,single
25103.0,2,-3.33,1,0,0,0,0,african-american,67,3,0,0,significant other
60550.0,1,-4.25,1,0,0,0,0,caucasian,67,2,0,0,single
54327.0,1,-4.03,1,0,0,0,0,caucasian,67,0,0,1,significant other
57320.0,1,-4.21,1,0,0,0,0,hispanic,67,2,0,0,separated
54314.0,1,-3.98,1,0,0,0,0,caucasian,67,0,0,1,single
56488.0,1,-4.5,1,0,0,0,0,caucasian,67,0,0,1,single
52507.0,1,-4.02,1,0,0,0,0,hispanic,67,0,0,0,separated
61624.0,4,-2.91,2,0,0,0,0,african-american,67,8,0,0,single
7114.0,2,-3.21,1,1,0,1,0,african-american,66,5,0,1,single
58788.0,1,-3.95,1,0,0,0,0,caucasian,66,3,0,0,single
60889.0,1,-4.15,1,0,0,0,0,caucasian,66,0,0,0,single
55961.0,6,-3.61,1,1,0,1,0,african-american,66,8,0,0,separated
52983.0,1,-3.95,1,0,0,0,1,caucasian,66,1,0,1,single
52461.0,1,-4.49,1,0,0,0,0,caucasian,66,0,0,1,significant other
52425.0,2,-3.72,1,1,0,1,0,african-american,66,5,0,0,separated
33083.0,1,-2.76,2,0,0,0,0,caucasian,66,1,0,0,single
55233.0,1,-2.98,1,1,1,0,0,african-american,66,3,0,0,significant other
41026.0,6,-2.7,2,1,0,1,0,african-american,66,33,0,0,single
61760.0,1,-4.42,1,0,0,0,0,other,66,0,0,1,significant other
59668.0,8,-2.63,2,1,0,1,1,african-american,66,11,0,0,single
56430.0,1,-4.01,1,1,0,1,0,caucasian,66,0,0,1,single
52530.0,1,-3.93,1,0,0,0,0,african-american,66,3,0,0,separated
56541.0,1,-4.29,1,0,0,0,0,caucasian,66,0,0,1,significant other
53712.0,1,-4.47,1,0,0,0,0,caucasian,66,0,0,1,separated
57417.0,1,-4.13,1,0,0,0,0,caucasian,66,1,0,0,single
51154.0,1,-4.15,1,0,0,0,0,caucasian,66,1,0,1,single
53649.0,3,-3.0,1,0,0,0,0,caucasian,66,2,0,1,other
52369.0,3,-3.83,1,0,0,0,0,caucasian,65,4,0,1,significant other
51336.0,6,-3.09,1,0,0,0,0,caucasian,65,3,0,0,single
54342.0,1,-3.73,1,0,0,0,0,caucasian,65,2,0,1,separated
54581.0,1,-4.24,1,0,0,0,1,caucasian,65,0,0,1,separated
53627.0,10,-2.18,4,0,0,0,0,african-american,65,11,0,0,single
58349.0,5,-3.74,1,0,0,0,0,african-american,65,7,0,1,single
60161.0,1,-3.65,1,1,0,1,1,caucasian,65,1,0,1,separated
59960.0,1,-3.37,1,0,0,0,1,caucasian,65,1,0,0,separated
57590.0,4,-3.57,1,0,0,0,0,caucasian,65,6,0,0,single
57901.0,1,-4.39,1,0,0,0,1,caucasian,65,1,0,0,significant other
54234.0,1,-4.06,1,0,0,0,1,caucasian,65,0,0,0,other
61442.0,1,-3.66,1,0,0,0,1,african-american,65,0,0,0,significant other
52439.0,1,-4.4,1,0,0,0,0,caucasian,65,0,0,1,single
56153.0,2,-2.66,2,0,0,0,0,caucasian,65,3,0,0,separated
53629.0,1,-4.15,1,0,0,0,0,caucasian,64,8,0,0,other
56410.0,1,-4.09,1,0,0,0,0,hispanic,64,1,0,0,significant other
58290.0,1,-4.13,1,0,0,0,1,other,64,0,0,0,separated
57897.0,2,-3.7,1,0,0,0,0,african-american,64,0,0,1,significant other
58000.0,1,-3.93,1,0,0,0,1,caucasian,64,1,0,0,single
51121.0,3,-2.74,2,0,0,0,0,caucasian,64,0,0,0,single
11694.0,6,-2.67,2,0,0,0,0,african-american,64,13,0,1,single
49669.0,3,-3.59,1,0,0,0,1,caucasian,64,7,0,1,single
59977.0,7,-3.16,1,0,0,0,0,african-american,64,20,0,0,significant other
55216.0,1,-4.0,1,0,0,0,0,hispanic,64,1,0,1,single
54305.0,1,-4.04,1,0,0,0,1,african-american,64,0,0,0,separated
56518.0,4,-3.25,1,0,0,0,0,african-american,64,0,0,0,single
56573.0,1,-3.98,1,0,0,0,1,caucasian,64,0,0,1,significant other
62395.0,1,-4.36,1,0,0,0,1,caucasian,64,2,0,1,significant other
58549.0,1,-4.4,1,0,0,0,0,caucasian,64,0,0,1,separated
52894.0,9,-3.1,1,0,0,0,0,african-american,63,3,0,1,single
60877.0,1,-4.08,1,0,0,0,0,caucasian,63,1,0,1,single
61688.0,6,-3.15,1,1,0,1,0,african-american,63,9,0,0,single
58311.0,1,-3.6,1,0,0,0,0,caucasian,63,1,0,0,separated
52471.0,1,-4.1,1,0,0,0,1,caucasian,63,0,0,1,significant other
60602.0,1,-4.23,1,0,0,0,1,hispanic,63,1,0,0,other
55379.0,6,-2.84,2,0,0,0,0,african-american,63,1,0,0,single
54139.0,3,-2.86,2,0,0,0,0,african-american,63,6,0,0,other
46131.0,1,-3.43,1,0,0,0,0,african-american,63,2,0,1,single
58343.0,1,-4.19,1,0,0,0,0,african-american,63,0,0,1,single
57304.0,9,-1.97,5,0,0,0,0,african-american,63,16,0,1,separated
61107.0,1,-3.6,1,0,0,0,0,african-american,63,1,0,0,single
27125.0,9,-1.79,5,1,0,1,0,african-american,63,22,0,1,single
62371.0,4,-2.89,2,1,0,1,0,other,63,23,0,0,separated
52120.0,1,-4.16,1,0,0,0,0,caucasian,63,0,0,1,separated
40381.0,1,-3.83,1,0,0,0,0,caucasian,63,1,0,1,separated
55092.0,1,-4.2,1,0,0,0,0,caucasian,63,0,0,0,single
58873.0,1,-4.18,1,1,0,1,0,caucasian,63,0,0,1,significant other
59241.0,4,-4.0,1,0,0,0,1,african-american,63,1,0,0,separated
60994.0,1,-3.8,1,0,0,0,0,hispanic,63,1,0,0,single
57837.0,4,-3.11,1,1,1,1,0,caucasian,63,10,0,0,single
59617.0,1,-4.05,1,0,0,0,0,caucasian,63,2,0,0,separated
7258.0,1,-3.41,1,0,0,0,0,caucasian,63,5,0,1,single
3001.0,7,-1.91,5,1,0,1,0,african-american,63,10,0,1,single
58845.0,1,-4.02,1,0,0,0,1,african-american,63,1,0,0,single
57827.0,9,-0.77,9,0,0,0,0,african-american,62,15,0,0,separated
52342.0,1,-4.01,1,1,0,1,1,caucasian,62,1,0,1,separated
57607.0,1,-3.28,1,0,0,0,0,african-american,62,4,0,0,single
50949.0,1,-4.35,1,0,0,0,0,caucasian,62,0,0,0,separated
58782.0,1,-4.16,1,0,0,0,0,hispanic,62,0,0,1,single
58052.0,1,-4.4,1,0,0,0,0,caucasian,62,0,0,1,separated
57420.0,1,-4.07,1,0,0,0,1,caucasian,62,0,0,1,separated
60634.0,1,-4.17,1,0,0,0,0,african-american,62,0,0,1,significant other
59464.0,1,-3.52,1,1,0,1,1,caucasian,62,2,0,0,single
55520.0,2,-2.86,2,0,0,0,0,hispanic,62,5,0,0,single
54017.0,1,-3.31,1,0,0,0,0,caucasian,62,3,0,1,single
57821.0,1,-4.16,1,0,0,0,1,caucasian,62,0,0,1,single
56533.0,1,-4.35,1,0,0,0,0,other,62,0,0,1,other
54735.0,1,-3.92,1,0,0,0,0,caucasian,62,0,0,0,separated
57879.0,1,-4.27,1,0,0,0,0,caucasian,62,0,0,1,significant other
40560.0,7,-1.5,6,0,0,0,0,african-american,62,1,0,1,single
50999.0,1,-3.88,1,0,0,0,0,hispanic,62,0,0,1,single
53443.0,1,-4.26,1,0,0,0,0,caucasian,62,0,0,0,separated
50375.0,4,-3.07,1,0,0,0,0,african-american,62,8,0,0,single
60038.0,3,-3.2,1,1,0,1,0,african-american,62,3,0,1,single
51272.0,1,-3.43,1,0,0,0,0,caucasian,62,2,0,0,separated
51055.0,1,-3.5,1,0,0,0,0,caucasian,62,0,0,0,single
18210.0,7,-2.1,4,0,0,0,0,african-american,61,25,0,0,separated
61307.0,1,-4.31,1,1,0,1,0,african-american,61,1,0,0,separated
51219.0,2,-3.39,1,1,0,1,0,african-american,61,20,0,1,single
16156.0,3,-2.4,3,0,0,0,0,african-american,61,11,0,0,single
4551.0,6,-2.32,3,1,0,1,0,african-american,61,15,0,0,single
50735.0,8,-1.9,5,1,0,1,0,african-american,61,29,0,0,significant other
57666.0,4,-2.82,2,0,0,0,0,caucasian,61,1,0,0,single
56802.0,2,-2.93,2,0,0,0,0,african-american,61,9,0,0,single
54161.0,4,-2.65,2,1,0,1,0,african-american,61,13,0,0,single
52907.0,6,-2.46,3,0,0,0,0,african-american,61,8,0,1,single
51421.0,1,-3.79,1,0,0,0,0,caucasian,61,4,0,0,significant other
51507.0,2,-3.88,1,0,0,0,0,african-american,61,5,0,0,separated
52633.0,1,-4.35,1,0,0,0,0,caucasian,61,0,0,1,significant other
58051.0,8,-0.43,10,0,0,0,0,african-american,61,2,0,1,single
53137.0,1,-4.3,1,0,0,0,0,caucasian,61,1,0,0,significant other
56419.0,1,-4.29,1,0,0,0,0,african-american,61,1,0,1,single
55206.0,1,-4.0,1,0,0,0,0,caucasian,61,0,0,1,significant other
55243.0,1,-4.09,1,0,0,0,0,caucasian,61,0,0,1,single
54301.0,1,-3.76,1,1,0,1,1,african-american,61,1,0,0,significant other
54751.0,1,-3.99,1,0,0,0,0,caucasian,61,0,0,1,separated
35736.0,3,-3.3,1,1,0,1,1,caucasian,61,8,0,0,other
30652.0,1,-3.78,1,0,0,0,0,caucasian,61,1,0,1,single
54909.0,9,-2.38,3,1,0,1,0,african-american,61,4,0,1,single
57803.0,6,-1.95,5,0,0,0,0,caucasian,61,10,0,0,single
58205.0,6,-1.89,5,0,0,0,0,caucasian,61,4,0,0,single
50950.0,1,-4.08,1,0,0,0,0,hispanic,61,0,0,0,significant other
51590.0,1,-4.31,1,0,0,0,1,caucasian,61,1,0,1,separated
15114.0,2,-2.81,2,1,0,0,0,african-american,61,14,0,1,separated
17427.0,3,-2.23,4,0,0,0,0,african-american,61,12,0,0,other
61882.0,1,-3.73,1,1,0,1,0,caucasian,61,1,0,0,significant other
40371.0,4,-2.72,2,0,0,0,0,african-american,61,30,0,0,significant other
59374.0,1,-4.17,1,0,0,0,1,caucasian,61,0,0,0,separated
61692.0,1,-4.13,1,0,0,0,0,hispanic,61,1,0,0,single
54617.0,1,-3.83,1,0,0,0,0,caucasian,61,0,0,1,single
60990.0,1,-3.28,1,0,0,0,0,caucasian,61,0,0,1,significant other
55772.0,1,-3.64,1,0,0,0,0,other,61,0,0,1,significant other
55568.0,2,-3.39,1,1,0,1,0,african-american,61,8,0,0,separated
59153.0,6,-2.64,2,0,0,0,1,caucasian,61,15,0,0,separated
52482.0,4,-3.53,1,1,0,1,0,hispanic,61,2,0,0,separated
62377.0,1,-4.22,1,0,0,0,0,caucasian,61,0,0,1,single
51506.0,1,-3.54,1,0,0,0,1,caucasian,61,0,0,1,separated
61523.0,6,-2.26,3,0,0,0,1,african-american,61,1,0,0,single
59219.0,1,-3.9,1,0,0,0,1,caucasian,60,2,0,0,separated
53384.0,1,-3.69,1,0,0,0,0,caucasian,60,3,0,1,significant other
54788.0,4,-3.31,1,1,0,1,0,african-american,60,15,0,0,single
57418.0,1,-3.79,1,0,0,0,0,african-american,60,2,0,0,separated
52269.0,1,-3.71,1,1,0,1,0,other,60,1,0,1,significant other
40074.0,8,-3.11,1,0,0,0,0,african-american,60,9,0,0,single
56529.0,1,-3.95,1,1,0,0,0,african-american,60,0,0,0,single
59249.0,1,-3.99,1,0,0,0,0,other,60,4,0,0,single
61433.0,1,-4.37,1,0,0,0,0,other,60,1,0,1,separated
54908.0,1,-4.22,1,0,0,0,0,hispanic,60,0,0,0,significant other
49384.0,9,-2.0,4,0,0,0,0,african-american,60,10,0,0,single
58092.0,1,-4.08,1,0,0,0,1,caucasian,60,0,0,1,single
50866.0,1,-4.28,1,0,0,0,0,caucasian,60,1,0,1,significant other
61169.0,1,-4.1,1,0,0,0,0,african-american,60,1,0,0,separated
54437.0,1,-4.22,1,0,0,0,0,caucasian,60,0,0,1,single
61635.0,1,-4.14,1,0,0,0,0,caucasian,60,1,0,0,single
60514.0,1,-2.72,2,0,0,0,0,caucasian,60,3,0,0,single
54463.0,3,-3.77,1,0,0,0,0,african-american,60,12,0,0,separated
57065.0,2,-3.5,1,0,0,0,0,caucasian,60,2,0,1,single
55174.0,3,-2.97,1,0,0,0,0,african-american,60,13,0,0,significant other
29747.0,3,-2.97,1,1,0,1,1,caucasian,60,9,0,0,single
59897.0,1,-4.1,1,0,0,0,0,african-american,60,1,0,0,single
4994.0,6,-2.28,3,1,0,1,0,african-american,60,13,0,0,significant other
56269.0,1,-3.03,1,0,0,0,0,african-american,60,0,0,0,single
59689.0,1,-3.97,1,0,0,0,0,african-american,60,3,0,1,significant other
55488.0,1,-3.89,1,0,0,0,0,hispanic,60,4,0,0,single
53155.0,7,-2.55,3,0,0,0,1,caucasian,60,0,0,0,single
62372.0,4,-3.4,1,0,0,0,0,hispanic,60,0,0,0,single
54570.0,1,-3.84,1,0,0,0,0,hispanic,60,1,0,0,single
62350.0,8,-1.97,5,1,0,1,0,african-american,60,19,0,0,single
57983.0,1,-4.28,1,0,0,0,1,caucasian,59,0,0,1,separated
52300.0,1,-3.96,1,0,0,0,0,hispanic,59,0,0,0,significant other
56656.0,1,-3.33,1,0,0,0,0,caucasian,59,0,0,0,single
52505.0,1,-3.92,1,1,0,1,0,caucasian,59,1,0,0,significant other
57612.0,1,-3.73,1,0,0,0,0,other,59,1,0,1,significant other
52041.0,5,-2.29,3,0,0,0,0,african-american,59,5,0,1,single
45513.0,3,-2.68,2,1,0,0,0,african-american,59,3,0,0,significant other
33999.0,3,-3.09,1,1,0,1,0,other,59,20,0,0,single
51034.0,1,-3.7,1,0,0,0,0,african-american,59,1,0,0,significant other
53303.0,1,-3.96,1,0,0,0,0,caucasian,59,0,0,1,single
56468.0,6,-2.17,4,0,0,0,0,african-american,59,5,0,1,separated
54299.0,1,-3.57,1,0,0,0,0,hispanic,59,1,0,1,significant other
55738.0,8,-1.5,6,1,0,1,0,african-american,59,8,0,0,single
53828.0,4,-2.57,2,1,0,0,0,african-american,59,8,0,0,separated
53396.0,1,-4.28,1,0,0,0,0,african-american,59,1,0,1,separated
13745.0,9,-2.06,4,1,0,1,0,african-american,59,9,0,0,single
55672.0,1,-3.94,1,0,0,0,1,caucasian,59,1,0,0,single
6588.0,6,-1.63,6,1,0,1,0,african-american,59,22,0,0,separated
59183.0,1,-4.2,1,0,0,0,0,caucasian,59,2,0,0,single
61041.0,1,-3.93,1,0,0,0,1,caucasian,59,0,0,1,single
52627.0,1,-4.04,1,0,0,0,1,caucasian,59,1,0,0,single
61906.0,1,-3.66,1,0,0,0,0,caucasian,59,0,0,1,significant other
56577.0,1,-3.7,1,1,0,1,0,caucasian,59,2,0,1,single
53030.0,4,-3.6,1,0,0,0,0,african-american,59,1,0,0,significant other
52428.0,1,-4.1,1,0,0,0,0,caucasian,59,0,0,0,single
57748.0,5,-2.75,2,1,0,1,0,african-american,59,17,0,0,single
54815.0,1,-3.7,1,0,0,0,0,caucasian,59,3,0,1,significant other
54384.0,1,-4.22,1,0,0,0,0,caucasian,59,0,0,0,separated
61989.0,2,-2.91,2,1,0,1,0,african-american,59,13,0,0,single
61597.0,3,-3.92,1,0,0,0,1,caucasian,59,2,0,0,single
54335.0,1,-3.9,1,0,0,0,0,caucasian,59,0,0,1,separated
56118.0,2,-2.77,2,0,0,0,0,african-american,59,4,0,1,significant other
54932.0,1,-4.06,1,0,0,0,0,african-american,59,4,0,1,significant other
53547.0,2,-3.38,1,1,0,1,0,caucasian,59,1,0,0,single
58377.0,1,-4.16,1,0,0,0,0,other,59,1,0,0,significant other
53216.0,1,-3.79,1,0,0,0,0,caucasian,59,2,0,0,significant other
59058.0,1,-3.15,1,0,0,0,0,african-american,59,0,0,1,significant other
51816.0,2,-3.91,1,0,0,0,1,african-american,59,0,0,1,single
59455.0,4,-2.01,4,0,0,0,0,african-american,59,17,0,0,other
58327.0,6,-2.68,2,1,0,1,0,african-american,59,15,0,1,significant other
12328.0,3,-3.67,1,1,0,1,0,african-american,59,4,0,0,single
54333.0,1,-3.35,1,0,0,0,0,african-american,59,2,0,1,single
56793.0,1,-3.64,1,0,0,0,0,hispanic,59,0,0,1,separated
2116.0,2,-3.67,1,1,0,1,0,hispanic,59,1,0,0,single
51133.0,1,-4.13,1,0,0,0,0,caucasian,58,1,0,0,single
51394.0,7,-2.05,4,1,0,1,0,african-american,58,21,0,1,single
60082.0,1,-4.14,1,1,1,1,0,caucasian,58,1,0,0,significant other
55865.0,1,-3.79,1,0,0,0,0,caucasian,58,1,0,1,single
61925.0,5,-2.53,3,0,0,0,1,hispanic,58,1,0,0,single
58898.0,2,-3.72,1,0,0,0,0,caucasian,58,3,0,1,separated
60861.0,1,-4.2,1,0,0,0,0,other,58,0,0,0,separated
57314.0,6,-3.32,1,1,0,1,0,african-american,58,24,0,0,significant other
54931.0,1,-4.09,1,0,0,0,1,caucasian,58,0,0,1,separated
53444.0,1,-3.58,1,0,0,0,0,caucasian,58,1,0,0,single
53738.0,1,-3.87,1,0,0,0,1,caucasian,58,2,0,1,other
51142.0,1,-3.85,1,0,0,0,0,african-american,58,0,0,1,single
58259.0,3,-2.74,2,0,0,0,0,caucasian,58,2,0,0,separated
52991.0,2,-3.28,1,0,0,0,0,hispanic,58,0,0,0,single
53570.0,1,-3.93,1,0,0,0,0,caucasian,58,1,0,0,single
49179.0,2,-3.07,1,0,0,0,0,caucasian,58,5,0,1,single
59537.0,1,-4.14,1,0,0,0,0,caucasian,58,0,0,1,significant other
53056.0,9,-0.97,9,1,0,0,0,african-american,58,16,0,0,single
59817.0,2,-3.4,1,0,0,0,0,caucasian,58,3,0,0,significant other
55981.0,2,-3.57,1,0,0,0,0,caucasian,58,3,0,1,single
51969.0,1,-4.25,1,0,0,0,0,hispanic,58,1,0,0,single
57822.0,1,-3.61,1,0,0,0,0,caucasian,58,0,0,1,significant other
55095.0,1,-4.29,1,0,0,0,0,caucasian,58,0,0,1,separated
54249.0,3,-3.43,1,1,0,0,0,caucasian,58,10,0,1,single
54304.0,1,-4.25,1,1,0,1,0,caucasian,58,2,0,1,significant other
13379.0,6,-2.44,3,0,0,0,0,african-american,58,6,0,0,significant other
60539.0,1,-3.31,1,0,0,0,0,caucasian,58,1,0,1,significant other
53007.0,2,-3.67,1,0,0,0,0,caucasian,58,8,0,1,separated
45956.0,3,-3.67,1,1,0,1,0,caucasian,58,2,0,1,significant other
48067.0,4,-3.4,1,1,0,1,0,caucasian,58,3,0,0,single
55471.0,3,-2.81,2,1,0,1,0,african-american,58,10,0,0,separated
57784.0,1,-3.95,1,0,0,0,0,african-american,58,0,0,0,single
50508.0,1,-4.04,1,0,0,0,0,hispanic,58,1,0,1,significant other
52464.0,3,-3.84,1,0,0,0,0,caucasian,58,2,0,0,significant other
59403.0,1,-3.82,1,0,0,0,1,african-american,58,4,0,0,single
58029.0,1,-3.76,1,1,0,1,1,other,58,0,0,0,single
61402.0,5,-2.56,2,0,0,0,0,caucasian,58,2,0,0,separated
54866.0,1,-3.91,1,0,0,0,0,caucasian,58,1,0,0,single
61810.0,3,-3.17,1,1,0,1,0,caucasian,58,5,0,0,single
56323.0,7,-2.27,3,1,0,1,0,caucasian,58,7,0,0,single
55543.0,2,-3.28,1,0,0,0,1,caucasian,58,1,0,1,significant other
61791.0,1,-3.94,1,0,0,0,1,other,58,0,0,0,separated
61367.0,1,-3.86,1,0,0,0,1,african-american,58,3,0,1,single
59209.0,6,-2.36,3,1,0,1,0,african-american,58,12,0,1,single
54903.0,1,-3.53,1,0,0,0,0,african-american,58,1,0,0,single
53751.0,2,-3.5,1,1,0,1,0,caucasian,58,12,0,0,significant other
51624.0,1,-3.58,1,1,0,0,0,caucasian,57,7,0,0,single
52625.0,1,-3.99,1,0,0,0,0,caucasian,57,0,0,0,separated
13059.0,1,-4.04,1,0,0,0,0,african-american,57,3,0,0,separated
53287.0,7,-1.76,5,1,1,0,0,african-american,57,8,0,1,significant other
8675.0,2,-3.74,1,0,0,0,0,african-american,57,2,0,0,significant other
58408.0,1,-3.93,1,0,0,0,0,hispanic,57,1,0,0,separated
55148.0,9,-1.69,6,0,0,0,0,african-american,57,12,0,0,single
60664.0,1,-4.13,1,0,0,0,0,caucasian,57,0,0,0,single
9364.0,9,-2.11,4,1,0,1,0,african-american,57,12,0,0,single
52368.0,4,-2.56,2,0,0,0,0,caucasian,57,3,0,0,single
58882.0,5,-3.04,1,0,0,0,0,caucasian,57,12,0,1,single
57555.0,7,-2.25,3,0,0,0,0,caucasian,57,15,0,0,single
55367.0,1,-3.42,1,0,0,0,0,caucasian,57,1,0,0,significant other
54755.0,2,-3.77,1,0,0,0,1,hispanic,57,1,0,1,single
60798.0,1,-3.76,1,0,0,0,0,caucasian,57,3,0,1,single
55849.0,1,-3.46,1,0,0,0,0,caucasian,57,0,0,0,significant other
56963.0,2,-2.91,2,0,0,0,0,caucasian,57,6,0,0,single
55107.0,1,-3.32,1,0,0,0,0,african-american,57,0,0,1,significant other
46313.0,2,-3.49,1,0,0,0,1,caucasian,57,4,0,0,separated
59402.0,1,-3.74,1,0,0,0,0,african-american,57,2,0,1,single
61095.0,1,-3.71,1,0,0,0,0,african-american,57,0,0,0,single
59061.0,1,-4.22,1,0,0,0,0,caucasian,57,2,0,0,separated
52705.0,1,-3.35,1,0,0,0,0,other,57,0,0,1,single
56074.0,5,-2.77,2,1,1,1,0,african-american,57,8,0,0,single
59211.0,2,-3.76,1,0,0,0,0,caucasian,57,1,0,0,significant other
57805.0,1,-4.07,1,0,0,0,0,caucasian,57,0,0,1,single
59253.0,1,-4.09,1,0,0,0,1,caucasian,57,2,0,0,significant other
60396.0,1,-4.11,1,0,0,0,0,other,57,0,0,0,significant other
58288.0,7,-2.2,4,0,0,0,0,african-american,57,19,0,0,significant other
52376.0,8,-1.35,7,1,1,1,0,african-american,57,23,0,0,single
54503.0,1,-3.69,1,0,0,0,0,caucasian,57,0,0,0,significant other
61690.0,5,-1.8,5,0,0,0,0,african-american,57,9,0,0,single
57146.0,1,-4.1,1,1,1,0,0,other,57,0,0,0,significant other
62187.0,3,-3.61,1,0,0,0,0,african-american,57,19,0,0,single
51948.0,1,-4.2,1,0,0,0,0,caucasian,57,2,0,0,single
38566.0,4,-2.34,3,1,0,1,0,other,57,10,0,0,single
52573.0,1,-4.2,1,0,0,0,1,caucasian,57,0,0,1,significant other
61506.0,1,-3.38,1,1,0,1,0,caucasian,57,21,0,1,separated
54821.0,8,-1.98,4,0,0,0,0,african-american,57,2,0,0,single
54901.0,6,-3.34,1,0,0,0,0,african-american,57,19,0,0,separated
57883.0,2,-2.64,2,0,0,0,0,caucasian,57,0,0,1,significant other
54896.0,4,-3.48,1,0,0,0,1,caucasian,57,0,0,1,significant other
52872.0,1,-3.96,1,0,0,0,0,hispanic,57,1,0,1,single
60192.0,1,-3.74,1,0,0,0,0,caucasian,57,0,0,1,single
52446.0,1,-3.81,1,1,0,1,1,caucasian,57,1,0,0,single
54609.0,8,-1.37,7,0,0,0,0,african-american,57,18,0,0,single
58032.0,6,-1.82,5,0,0,0,0,african-american,57,11,0,0,single
57490.0,1,-3.68,1,0,0,0,0,hispanic,57,3,0,0,single
15098.0,9,-1.79,5,1,0,1,0,african-american,57,6,0,1,significant other
57419.0,1,-3.33,1,0,0,0,0,other,57,0,0,0,significant other
48900.0,4,-2.81,2,1,0,1,0,caucasian,57,14,0,0,separated
54469.0,4,-2.52,3,0,0,0,0,caucasian,57,1,0,1,single
54504.0,1,-3.5,1,0,0,0,0,hispanic,57,0,0,1,significant other
51058.0,1,-3.87,1,0,0,0,1,african-american,57,0,0,1,single
2462.0,1,-3.64,1,0,0,0,0,caucasian,57,1,0,1,single
61187.0,4,-3.44,1,1,0,1,0,caucasian,57,9,0,0,single
51940.0,1,-3.67,1,0,0,0,0,african-american,57,1,0,0,single
60253.0,10,-0.99,9,0,0,0,0,african-american,57,27,0,1,single
56697.0,1,-3.77,1,0,0,0,1,caucasian,57,3,0,0,significant other
58324.0,3,-3.84,1,0,0,0,0,caucasian,56,2,0,1,significant other
62277.0,1,-4.15,1,0,0,0,0,caucasian,56,5,0,0,single
61377.0,1,-3.39,1,0,0,0,0,other,56,9,0,0,single
59098.0,3,-2.46,3,0,0,0,0,african-american,56,8,0,0,single
30104.0,7,-2.24,3,1,1,0,0,caucasian,56,5,0,1,single
54491.0,4,-3.5,1,0,0,0,0,african-american,56,0,0,1,single
28801.0,2,-2.99,1,1,1,1,0,hispanic,56,10,0,1,single
3060.0,3,-2.53,3,0,0,0,0,african-american,56,5,0,0,significant other
58227.0,1,-4.2,1,0,0,0,0,caucasian,56,0,0,1,single
56932.0,1,-3.76,1,0,0,0,0,caucasian,56,0,0,0,single
20656.0,5,-2.04,4,1,0,1,0,african-american,56,12,0,0,single
55958.0,1,-3.92,1,0,0,0,0,caucasian,56,2,0,0,single
54599.0,1,-3.47,1,0,0,0,0,caucasian,56,6,0,0,single
58164.0,1,-3.73,1,0,0,0,0,caucasian,56,1,0,1,single
57786.0,1,-3.91,1,0,0,0,0,african-american,56,0,0,0,single
60245.0,2,-3.22,1,0,0,0,0,african-american,56,6,0,0,single
57764.0,1,-3.22,1,0,0,0,0,hispanic,56,4,0,0,separated
54173.0,8,-2.08,4,0,0,0,0,african-american,56,24,0,0,single
55265.0,4,-3.04,1,0,0,0,0,caucasian,56,13,0,1,single
53368.0,2,-3.22,1,0,0,0,0,african-american,56,0,0,0,single
60454.0,3,-3.57,1,1,1,1,0,african-american,56,4,0,1,significant other
60289.0,2,-3.84,1,1,1,1,1,caucasian,56,1,0,0,significant other
54828.0,1,-4.07,1,0,0,0,0,caucasian,56,1,0,1,single
59034.0,1,-4.04,1,1,0,1,1,african-american,56,2,0,1,separated
58583.0,2,-3.25,1,1,0,1,0,african-american,56,3,0,1,single
28921.0,2,-2.39,3,0,0,0,0,caucasian,56,1,0,0,significant other
61685.0,1,-4.1,1,0,0,0,0,caucasian,56,0,0,0,single
52264.0,5,-2.74,2,0,0,0,0,african-american,56,16,0,0,significant other
58773.0,1,-3.88,1,0,0,0,0,african-american,56,1,0,0,single
48192.0,1,-3.6,1,0,0,0,0,african-american,56,4,0,0,significant other
54093.0,2,-3.11,1,0,0,0,0,caucasian,56,5,0,0,single
50904.0,1,-2.63,2,0,0,0,0,african-american,56,1,0,1,single
52051.0,1,-4.21,1,0,0,0,0,other,56,0,0,1,significant other
54402.0,1,-2.77,2,0,0,0,0,african-american,56,0,0,0,single
54872.0,2,-3.45,1,0,0,0,0,african-american,56,3,0,1,significant other
14028.0,5,-3.33,1,0,0,0,0,caucasian,56,7,0,0,single
55521.0,1,-4.19,1,0,0,0,1,caucasian,56,1,0,0,single
61242.0,1,-3.63,1,0,0,0,0,african-american,56,3,0,1,single
59792.0,1,-3.71,1,0,0,0,0,african-american,56,1,0,0,significant other
51405.0,1,-4.05,1,0,0,0,0,other,56,0,0,1,significant other
61530.0,2,-3.84,1,0,0,0,0,caucasian,56,1,0,0,significant other
62207.0,1,-3.64,1,0,0,0,0,caucasian,56,1,0,1,single
54785.0,3,-2.92,2,0,0,0,0,caucasian,56,3,0,1,separated
58574.0,2,-3.03,1,0,0,0,0,african-american,56,1,0,0,single
60477.0,1,-4.04,1,1,0,1,0,caucasian,56,1,0,0,significant other
54025.0,1,-4.01,1,0,0,0,1,african-american,56,1,0,0,single
52212.0,7,-2.23,4,0,0,0,0,african-american,56,4,0,0,single
59113.0,1,-4.24,1,0,0,0,0,caucasian,56,0,0,1,significant other
51799.0,1,-3.46,1,0,0,0,0,caucasian,56,1,0,1,single
57576.0,6,-1.4,7,1,0,1,0,african-american,56,31,0,0,single
55737.0,2,-3.12,1,0,0,0,0,caucasian,56,13,0,0,single
59593.0,1,-4.2,1,0,0,0,0,caucasian,56,0,0,1,single
52616.0,4,-2.6,2,0,0,0,0,african-american,56,9,0,0,significant other
56400.0,5,-2.61,2,1,0,1,0,caucasian,56,5,0,0,other
47288.0,5,-2.14,4,1,0,1,1,caucasian,56,10,0,0,single
50909.0,1,-3.93,1,1,1,1,0,caucasian,56,0,0,1,significant other
6980.0,9,-1.89,5,1,0,1,0,african-american,56,22,0,0,significant other
57556.0,4,-2.16,4,1,1,1,0,caucasian,56,17,0,0,single
54133.0,2,-3.35,1,0,0,0,0,african-american,56,0,0,1,single
54625.0,2,-2.89,2,1,0,1,0,african-american,56,5,0,0,single
60005.0,4,-3.24,1,0,0,0,0,caucasian,56,2,0,0,single
23755.0,4,-2.39,3,0,0,0,0,hispanic,56,8,0,1,separated
10097.0,7,-2.22,4,0,0,0,0,african-american,56,28,0,0,single
53122.0,1,-4.11,1,1,0,1,0,caucasian,56,7,0,0,separated
25578.0,8,-1.77,5,0,0,0,0,hispanic,56,2,0,1,separated
60466.0,1,-3.83,1,0,0,0,0,caucasian,56,4,0,0,separated
61505.0,4,-2.03,4,0,0,0,0,african-american,56,7,0,0,separated
61637.0,1,-3.69,1,0,0,0,0,caucasian,56,0,0,0,separated
59794.0,1,-4.15,1,0,0,0,0,other,56,0,0,1,significant other
57674.0,1,-4.15,1,0,0,0,1,african-american,56,0,0,1,separated
56562.0,1,-4.11,1,0,0,0,0,caucasian,56,0,0,1,separated
52852.0,2,-2.94,2,0,0,0,0,caucasian,56,3,0,0,single
54369.0,1,-4.21,1,0,0,0,0,caucasian,56,0,0,0,single
59087.0,1,-4.23,1,1,0,1,0,caucasian,56,0,0,1,significant other
53881.0,1,-3.53,1,1,0,0,0,caucasian,56,4,0,1,single
61971.0,1,-4.03,1,0,0,0,0,hispanic,56,2,0,0,significant other
58676.0,2,-3.63,1,0,0,0,0,caucasian,56,1,0,0,single
60483.0,1,-4.23,1,0,0,0,1,caucasian,56,0,0,1,significant other
53632.0,6,-1.15,8,1,0,1,0,caucasian,56,7,0,0,single
46368.0,1,-3.84,1,0,0,0,1,caucasian,56,3,0,0,single
34487.0,9,-2.4,3,0,0,0,0,african-american,56,8,0,0,single
60225.0,8,-1.94,5,0,0,0,0,african-american,56,9,0,1,separated
60096.0,2,-3.75,1,0,0,0,1,african-american,56,2,0,0,single
59979.0,1,-3.87,1,0,0,0,0,hispanic,56,0,0,0,single
57708.0,1,-3.89,1,1,1,0,0,caucasian,56,1,0,0,significant other
52512.0,2,-3.81,1,1,0,1,1,african-american,56,1,0,0,single
51410.0,1,-3.93,1,0,0,0,0,caucasian,56,0,0,1,single
50861.0,8,-2.4,3,0,0,0,1,caucasian,56,1,0,0,single
53815.0,1,-3.18,1,0,0,0,0,hispanic,56,0,0,1,single
48501.0,7,-2.92,2,1,0,1,0,caucasian,55,3,0,0,separated
55883.0,1,-4.17,1,0,0,0,0,caucasian,55,1,0,1,single
59946.0,1,-3.51,1,1,1,1,0,caucasian,55,0,0,1,single
53706.0,3,-3.07,1,0,0,0,0,caucasian,55,3,0,1,single
52477.0,8,-0.43,10,0,0,0,0,caucasian,55,7,0,0,single
59477.0,1,-4.15,1,0,0,0,0,caucasian,55,0,0,1,significant other
55404.0,6,-2.83,2,1,1,1,0,african-american,55,12,0,0,single
62297.0,1,-2.99,1,0,0,0,0,hispanic,55,0,0,1,significant other
60544.0,1,-4.11,1,0,0,0,1,hispanic,55,0,0,1,significant other
53182.0,1,-4.08,1,0,0,0,0,hispanic,55,0,0,0,significant other
56742.0,5,-2.34,3,0,0,0,0,caucasian,55,0,0,1,significant other
53515.0,1,-4.05,1,0,0,0,0,caucasian,55,0,0,1,significant other
59499.0,1,-4.21,1,0,0,0,0,caucasian,55,0,0,1,separated
60031.0,1,-4.21,1,0,0,0,0,caucasian,55,0,0,0,single
59139.0,1,-4.04,1,0,0,0,0,caucasian,55,1,0,1,single
54074.0,1,-3.96,1,0,0,0,1,african-american,55,1,0,0,separated
60126.0,1,-3.93,1,0,0,0,0,caucasian,55,0,0,1,significant other
59699.0,1,-3.92,1,0,0,0,0,african-american,55,0,0,0,significant other
51374.0,1,-4.14,1,1,0,0,0,caucasian,55,0,0,0,significant other
58827.0,1,-3.42,1,1,1,1,0,caucasian,55,1,0,0,single
52384.0,1,-3.43,1,1,0,1,0,other,55,8,0,0,single
57128.0,1,-3.37,1,0,0,0,0,caucasian,55,1,0,0,single
21458.0,2,-3.28,1,0,0,0,0,african-american,55,12,0,0,single
51419.0,1,-3.35,1,1,0,1,0,caucasian,55,2,0,1,significant other
43912.0,1,-3.31,1,1,0,1,0,african-american,55,8,0,0,single
5346.0,6,-1.81,5,1,0,1,0,african-american,55,21,0,0,separated
62370.0,5,-3.69,1,0,0,0,0,caucasian,55,27,0,1,single
58864.0,3,-3.49,1,0,0,0,0,caucasian,55,0,0,0,separated
52340.0,1,-3.3,1,0,0,0,0,caucasian,55,0,0,0,single
13795.0,9,-2.42,3,1,0,1,0,caucasian,55,33,0,0,single
51297.0,2,-3.49,1,1,0,1,0,hispanic,55,1,0,0,single
50953.0,4,-2.48,3,0,0,0,0,african-american,55,5,0,0,single
52475.0,1,-3.9,1,1,1,1,0,african-american,55,0,0,1,other
58390.0,5,-1.83,5,0,0,0,0,african-american,55,1,0,0,significant other
62289.0,1,-3.87,1,0,0,0,0,hispanic,55,0,0,1,separated
56806.0,1,-3.56,1,1,0,1,1,other,55,5,0,0,significant other
53556.0,1,-4.18,1,0,0,0,0,caucasian,55,2,0,0,significant other
59318.0,1,-4.17,1,0,0,0,0,caucasian,55,0,0,1,significant other
61267.0,1,-3.36,1,1,0,1,0,african-american,55,0,0,0,single
55343.0,1,-3.6,1,0,0,0,0,hispanic,55,2,0,0,single
57844.0,1,-3.43,1,0,0,0,0,african-american,55,0,0,0,significant other
62188.0,1,-4.17,1,0,0,0,1,hispanic,55,0,0,0,separated
60331.0,1,-4.03,1,0,0,0,0,other,55,4,0,0,separated
60663.0,1,-3.81,1,0,0,0,1,caucasian,55,0,0,1,single
53459.0,4,-3.34,1,0,0,0,0,african-american,55,1,0,0,single
53670.0,1,-4.14,1,0,0,0,1,african-american,55,1,0,1,single
54705.0,4,-3.27,1,1,1,1,0,african-american,55,5,0,0,significant other
52310.0,3,-2.61,2,0,0,0,0,caucasian,55,1,0,0,separated
54817.0,2,-2.39,3,0,0,0,0,caucasian,55,1,0,1,significant other
55101.0,1,-3.83,1,0,0,0,1,african-american,55,2,0,0,single
51847.0,5,-3.06,1,0,0,0,0,caucasian,55,0,0,0,single
55080.0,1,-3.38,1,0,0,0,0,caucasian,55,0,0,1,single
62192.0,1,-4.21,1,0,0,0,1,caucasian,55,0,0,0,significant other
8550.0,5,-2.4,3,1,0,1,0,african-american,55,3,0,1,single
35385.0,7,-2.26,3,0,0,0,0,caucasian,55,11,0,1,single
61177.0,1,-4.12,1,0,0,0,1,caucasian,55,0,0,1,single
54897.0,1,-3.83,1,0,0,0,0,caucasian,55,2,0,1,significant other
51039.0,4,-3.07,1,0,0,0,1,caucasian,55,6,0,0,separated
56347.0,1,-3.92,1,0,0,0,1,caucasian,55,0,0,1,other
52638.0,1,-4.14,1,0,0,0,0,caucasian,55,0,0,1,significant other
4933.0,2,-3.64,1,1,0,1,0,caucasian,55,18,0,0,separated
57124.0,1,-3.44,1,0,0,0,0,african-american,55,1,0,0,significant other
53353.0,8,-1.65,6,0,0,0,0,african-american,55,12,0,0,single
57198.0,1,-4.04,1,0,0,0,1,caucasian,55,2,0,0,single
6248.0,10,-2.08,4,1,0,1,0,african-american,55,17,0,0,single
27066.0,3,-3.18,1,1,0,1,0,african-american,55,9,0,1,single
57997.0,1,-2.63,2,1,1,1,0,caucasian,55,0,0,1,single
54674.0,1,-3.96,1,0,0,0,1,caucasian,55,0,0,1,single
64952.0,3,-3.62,1,1,0,1,0,caucasian,54,1,0,0,single
59700.0,1,-3.76,1,0,0,0,1,african-american,54,0,0,0,significant other
3832.0,6,-3.05,1,0,0,0,0,african-american,54,21,0,0,single
58289.0,1,-3.32,1,0,0,0,0,other,54,2,0,1,single
54741.0,2,-3.64,1,0,0,0,1,caucasian,54,1,0,1,separated
57047.0,3,-3.13,1,1,1,1,1,caucasian,54,0,0,0,single
54521.0,1,-3.33,1,0,0,0,0,african-american,54,4,0,0,single
52695.0,1,-4.05,1,1,1,1,0,african-american,54,0,0,1,significant other
54723.0,6,-3.01,1,0,0,0,1,african-american,54,7,0,0,single
60017.0,1,-3.95,1,0,0,0,0,african-american,54,9,0,1,single
57072.0,2,-3.42,1,1,1,1,0,other,54,2,0,1,significant other
54915.0,1,-4.13,1,0,0,0,1,hispanic,54,0,0,1,separated
52068.0,1,-3.67,1,0,0,0,0,other,54,0,0,1,significant other
57889.0,3,-3.26,1,0,0,0,0,caucasian,54,7,0,0,separated
60902.0,1,-3.96,1,0,0,0,0,other,54,0,0,0,single
53397.0,8,-2.29,3,0,0,0,0,african-american,54,11,0,0,single
54443.0,2,-3.41,1,0,0,0,1,caucasian,54,1,0,1,separated
55826.0,4,-2.49,3,1,1,1,0,caucasian,54,2,0,1,significant other
18233.0,2,-2.45,3,0,0,0,0,african-american,54,2,0,1,separated
59315.0,4,-3.24,1,0,0,0,1,african-american,54,6,0,0,other
23545.0,6,-2.28,3,1,0,1,0,african-american,54,3,0,0,single
59222.0,2,-3.42,1,0,0,0,0,caucasian,54,0,0,0,significant other
17678.0,9,-0.83,9,0,0,0,0,african-american,54,11,0,0,single
52270.0,1,-4.11,1,0,0,0,0,african-american,54,0,0,1,significant other
55440.0,2,-2.74,2,0,0,0,1,caucasian,54,1,0,0,single
53018.0,1,-3.86,1,0,0,0,0,caucasian,54,6,0,0,single
59927.0,2,-3.58,1,0,0,0,1,caucasian,54,2,0,0,separated
60517.0,5,-2.75,2,0,0,0,1,caucasian,54,7,0,0,single
54236.0,2,-3.29,1,0,0,0,0,caucasian,54,3,0,0,separated
52473.0,1,-3.12,1,0,0,0,0,african-american,54,0,0,0,separated
57503.0,2,-3.58,1,0,0,0,1,caucasian,54,12,0,0,single
55091.0,1,-3.29,1,0,0,0,0,african-american,54,1,0,1,single
51518.0,1,-3.44,1,0,0,0,0,caucasian,54,0,0,1,other
57381.0,3,-2.99,1,0,0,0,0,african-american,54,1,0,0,separated
53947.0,1,-4.03,1,0,0,0,1,caucasian,54,0,0,1,separated
52232.0,1,-3.79,1,0,0,0,0,caucasian,54,1,0,0,separated
53500.0,1,-3.59,1,0,0,0,0,african-american,54,0,0,1,single
51719.0,1,-3.79,1,0,0,0,0,african-american,54,0,0,1,single
55664.0,1,-3.97,1,0,0,0,0,other,54,1,0,0,single
54041.0,7,-2.29,3,1,0,1,0,caucasian,54,12,0,0,separated
58229.0,1,-4.11,1,0,0,0,0,caucasian,54,0,0,1,separated
57291.0,2,-3.26,1,0,0,0,0,caucasian,54,2,0,0,single
46130.0,5,-2.16,4,1,1,1,0,african-american,54,4,0,1,single
53717.0,1,-3.96,1,0,0,0,0,hispanic,54,0,0,0,other
53153.0,6,-2.99,1,0,0,0,0,african-american,54,10,0,0,single
60216.0,3,-2.86,2,0,0,0,1,caucasian,54,1,0,1,significant other
51606.0,1,-2.83,2,0,0,0,0,caucasian,54,0,0,1,significant other
56961.0,6,-3.11,1,0,0,0,0,african-american,54,13,0,0,single
21368.0,7,-2.99,1,1,0,1,0,african-american,54,6,0,0,other
53508.0,2,-3.82,1,0,0,0,1,caucasian,54,1,0,1,significant other
60447.0,1,-3.35,1,0,0,0,1,caucasian,54,0,0,1,significant other
36547.0,3,-3.47,1,1,0,1,0,african-american,54,4,0,0,single
55561.0,1,-3.37,1,0,0,0,1,caucasian,54,1,0,1,single
59158.0,1,-3.85,1,0,0,0,0,other,54,0,0,0,significant other
51865.0,4,-2.7,2,1,1,1,0,caucasian,54,2,0,0,single
54511.0,1,-3.67,1,1,0,1,0,caucasian,54,3,0,1,single
48206.0,6,-2.74,2,0,0,0,0,african-american,54,3,0,1,single
58068.0,3,-3.51,1,1,0,1,0,african-american,54,4,0,0,significant other
58115.0,1,-4.13,1,0,0,0,1,hispanic,54,2,0,1,significant other
62004.0,1,-3.11,1,1,0,1,0,caucasian,54,1,0,1,significant other
59970.0,1,-3.68,1,0,0,0,0,caucasian,54,0,0,0,single
59827.0,1,-3.55,1,0,0,0,0,caucasian,54,0,0,1,significant other
55536.0,5,-3.19,1,0,0,0,0,hispanic,54,5,0,0,significant other
60453.0,1,-3.34,1,0,0,0,0,african-american,54,2,0,1,significant other
52056.0,2,-3.28,1,0,0,0,0,caucasian,54,4,0,1,single
52838.0,1,-3.32,1,1,0,0,0,caucasian,54,2,0,1,single
58865.0,1,-3.48,1,0,0,0,0,caucasian,54,0,0,0,significant other
50881.0,2,-2.6,2,0,0,0,0,african-american,53,1,0,1,single
7466.0,2,-3.45,1,0,0,0,1,african-american,53,3,0,0,significant other
46244.0,2,-3.15,1,1,0,1,1,african-american,53,10,0,0,single
61223.0,1,-4.09,1,0,0,0,0,caucasian,53,1,0,0,single
52815.0,5,-2.68,2,0,0,0,0,other,53,1,0,0,single
58671.0,2,-2.67,2,1,0,1,0,caucasian,53,8,0,1,significant other
52137.0,1,-4.06,1,0,0,0,0,caucasian,53,1,0,0,single
61927.0,1,-4.05,1,0,0,0,0,caucasian,53,1,0,0,significant other
53997.0,3,-3.74,1,0,0,0,1,caucasian,53,1,0,1,single
60536.0,1,-3.75,1,0,0,0,0,hispanic,53,0,0,1,significant other
56715.0,1,-4.11,1,0,0,0,1,hispanic,53,0,0,1,separated
32276.0,5,-1.9,5,1,1,0,0,caucasian,53,1,0,1,significant other
40027.0,4,-2.43,3,0,0,0,0,caucasian,53,8,0,1,separated
62169.0,1,-4.01,1,0,0,0,0,caucasian,53,1,0,0,significant other
60498.0,1,-4.08,1,1,0,1,0,caucasian,53,1,0,1,separated
56388.0,2,-2.77,2,1,0,0,0,african-american,53,6,0,0,single
56965.0,1,-3.79,1,0,0,0,0,african-american,53,0,0,1,single
51156.0,1,-3.9,1,0,0,0,0,caucasian,53,0,0,1,separated
52712.0,1,-3.47,1,0,0,0,0,african-american,53,2,0,0,single
54444.0,7,-3.17,1,0,0,0,0,african-american,53,4,0,0,single
61053.0,1,-3.87,1,0,0,0,1,caucasian,53,0,0,1,separated
5533.0,5,-1.99,4,1,0,1,0,african-american,53,26,0,0,separated
60414.0,9,-2.41,3,0,0,0,0,african-american,53,3,0,1,single
51869.0,1,-3.66,1,0,0,0,0,caucasian,53,4,0,0,single
29068.0,6,-2.33,3,1,0,1,0,african-american,53,6,0,1,single
53902.0,6,-2.99,1,1,1,1,0,african-american,53,3,0,0,single
55108.0,2,-3.74,1,0,0,0,0,african-american,53,5,0,1,single
56947.0,1,-4.02,1,0,0,0,0,other,53,0,0,1,single
51794.0,4,-3.08,1,0,0,0,0,african-american,53,5,0,0,single
52851.0,3,-3.45,1,0,0,0,0,african-american,53,2,0,0,single
61138.0,1,-3.95,1,0,0,0,0,caucasian,53,1,0,1,single
51326.0,1,-4.04,1,0,0,0,0,hispanic,53,1,0,0,single
51244.0,1,-3.92,1,0,0,0,0,caucasian,53,1,0,1,single
52003.0,1,-3.94,1,1,0,1,0,hispanic,53,1,0,1,single
59893.0,1,-4.11,1,0,0,0,1,caucasian,53,1,0,1,single
31193.0,7,-3.12,1,1,0,1,0,african-american,53,18,0,1,single
55088.0,3,-3.2,1,0,0,0,0,caucasian,53,1,0,0,single
51346.0,1,-3.96,1,0,0,0,1,caucasian,53,0,0,1,significant other
55852.0,1,-3.63,1,1,0,1,1,caucasian,53,4,0,0,other
60907.0,1,-4.11,1,0,0,0,0,other,53,0,0,1,single
55121.0,5,-2.93,2,0,0,0,0,caucasian,53,8,0,0,single
53913.0,1,-3.34,1,1,0,1,0,caucasian,53,1,0,1,significant other
59162.0,6,-2.97,1,1,0,1,0,african-american,53,8,0,0,single
55427.0,1,-4.14,1,0,0,0,0,caucasian,53,1,0,1,significant other
53854.0,4,-2.92,2,0,0,0,0,caucasian,53,2,0,0,single
53635.0,7,-1.58,6,0,0,0,0,african-american,53,13,0,0,single
57060.0,2,-3.16,1,0,0,0,0,hispanic,53,18,0,0,significant other
56233.0,1,-3.82,1,0,0,0,0,african-american,53,2,0,0,single
59695.0,1,-4.14,1,0,0,0,1,caucasian,53,0,0,1,significant other
51456.0,5,-3.51,5,0,0,0,0,african-american,53,20,0,0,significant other
44123.0,1,-4.08,1,0,0,0,0,hispanic,53,1,0,0,single
58636.0,10,-1.79,5,0,0,0,0,hispanic,53,4,0,0,separated
59493.0,1,-4.14,1,0,0,0,1,caucasian,53,0,0,1,single
51469.0,5,-2.51,3,0,0,0,0,african-american,53,13,0,1,single
51525.0,1,-2.98,1,1,1,1,0,african-american,53,0,0,1,significant other
53669.0,1,-3.65,1,0,0,0,0,caucasian,53,1,0,1,single
59707.0,1,-4.1,1,0,0,0,0,caucasian,53,0,0,0,significant other
4549.0,4,-1.27,7,1,0,1,0,caucasian,53,9,0,0,single
54072.0,6,-2.29,3,0,0,0,0,african-american,53,11,0,0,single
59962.0,5,-3.48,1,0,0,0,1,african-american,53,0,0,0,single
58692.0,1,-3.46,1,0,0,0,0,caucasian,53,0,0,1,other
56983.0,7,-3.31,1,0,0,0,0,african-american,53,4,0,0,single
57811.0,1,-3.96,1,0,0,0,0,caucasian,53,6,0,0,single
5194.0,2,-2.45,3,0,0,0,0,hispanic,53,3,0,1,single
57654.0,6,-2.77,2,1,1,1,0,caucasian,53,1,0,0,single
55671.0,1,-3.0,1,0,0,0,0,caucasian,53,2,0,0,significant other
53133.0,1,-3.97,1,0,0,0,0,african-american,53,1,0,1,separated
53928.0,1,-3.96,1,0,0,0,0,caucasian,53,0,0,1,significant other
58335.0,1,-3.71,1,0,0,0,1,caucasian,53,0,0,0,single
57506.0,1,-4.04,1,0,0,0,1,african-american,53,0,0,0,single
60950.0,6,-1.98,4,0,0,0,1,african-american,53,5,0,0,single
57245.0,1,-4.04,1,0,0,0,1,caucasian,53,0,0,1,single
58033.0,1,-3.9,1,1,0,1,0,caucasian,53,3,0,0,single
59317.0,1,-3.94,1,0,0,0,0,caucasian,53,0,0,1,significant other
59070.0,1,-3.98,1,0,0,0,0,caucasian,53,0,0,1,separated
59892.0,1,-3.9,1,1,0,1,0,other,53,4,0,1,significant other
54517.0,1,-3.84,1,1,0,0,0,caucasian,53,0,0,0,single
54129.0,2,-3.52,1,0,0,0,0,caucasian,53,0,0,0,single
54486.0,1,-3.64,1,0,0,0,0,caucasian,53,2,0,0,separated
51685.0,1,-3.33,1,0,0,0,0,caucasian,52,1,0,0,single
61785.0,1,-4.05,1,0,0,0,0,hispanic,52,0,0,1,significant other
59510.0,1,-3.4,1,0,0,0,1,caucasian,52,0,0,0,single
56078.0,1,-3.88,1,0,0,0,1,caucasian,52,0,0,1,single
55642.0,1,-3.42,1,0,0,0,0,african-american,52,2,0,0,significant other
52985.0,1,-3.69,1,0,0,0,0,caucasian,52,1,0,0,separated
55011.0,7,-2.75,2,0,0,0,1,caucasian,52,6,0,1,single
60052.0,1,-4.06,1,0,0,0,0,african-american,52,0,0,0,significant other
54629.0,1,-3.87,1,0,0,0,0,caucasian,52,2,0,1,single
55698.0,1,-3.52,1,0,0,0,0,caucasian,52,2,0,1,separated
51754.0,1,-3.67,1,1,0,1,1,hispanic,52,0,0,1,separated
25001.0,8,-1.74,5,1,1,1,0,african-american,52,16,0,0,single
51812.0,7,-1.39,7,1,0,1,0,african-american,52,0,0,0,single
24628.0,7,-1.73,6,1,0,1,0,other,52,13,0,0,significant other
54109.0,2,-2.8,2,0,0,0,0,caucasian,52,7,0,1,single
59534.0,6,-2.68,2,1,0,1,0,african-american,52,3,0,0,single
3509.0,1,-3.07,1,1,1,1,0,african-american,52,1,0,1,single
55983.0,9,-1.73,6,0,0,0,0,caucasian,52,3,0,1,single
17607.0,4,-2.49,3,0,0,0,0,hispanic,52,3,0,0,separated
53281.0,1,-3.6,1,1,0,1,0,african-american,52,0,0,1,single
58672.0,1,-3.09,1,1,0,1,1,african-american,52,2,0,0,single
56142.0,1,-4.08,1,0,0,0,0,caucasian,52,0,0,1,significant other
60380.0,1,-3.65,1,0,0,0,1,african-american,52,3,0,0,single
58209.0,1,-4.08,1,0,0,0,0,other,52,2,0,0,single
51651.0,2,-3.05,1,0,0,0,0,caucasian,52,3,0,1,separated
59685.0,3,-3.62,1,0,0,0,1,caucasian,52,0,0,1,single
23691.0,9,-1.28,7,0,0,0,1,african-american,52,8,0,0,significant other
39651.0,7,-3.15,1,1,0,1,0,hispanic,52,9,0,0,single
59029.0,1,-3.63,1,0,0,0,0,caucasian,52,0,0,1,single
58894.0,2,-2.97,1,0,0,0,0,caucasian,52,7,0,0,single
60066.0,1,-3.68,1,0,0,0,1,caucasian,52,0,0,1,single
52241.0,1,-3.33,1,0,0,0,0,african-american,52,0,0,0,single
59981.0,3,-3.23,1,1,0,1,0,african-american,52,23,0,0,single
55084.0,4,-3.49,1,1,0,1,0,african-american,52,0,0,0,significant other
58295.0,1,-3.66,1,0,0,0,0,caucasian,52,1,0,0,single
51122.0,1,-3.95,1,0,0,0,0,caucasian,52,1,0,0,single
53572.0,3,-2.96,1,1,1,1,0,hispanic,52,5,0,0,single
59590.0,1,-3.69,1,0,0,0,0,caucasian,52,1,0,0,significant other
56102.0,1,-3.59,1,0,0,0,1,african-american,52,0,0,0,significant other
53541.0,1,-3.18,1,0,0,0,0,caucasian,52,1,0,1,significant other
56670.0,5,-2.42,3,0,0,0,0,caucasian,52,1,0,0,single
57316.0,6,-3.06,1,0,0,0,0,african-american,52,7,0,1,significant other
61762.0,1,-3.8,1,1,0,1,0,hispanic,52,0,0,1,significant other
58708.0,1,-3.88,1,0,0,0,1,caucasian,52,3,0,1,separated
60909.0,3,-2.86,2,0,0,0,0,caucasian,52,4,0,1,single
42612.0,3,-2.87,2,0,0,0,1,african-american,52,3,0,1,separated
54125.0,3,-3.25,1,0,0,0,0,hispanic,52,20,0,0,single
28566.0,6,-1.46,7,0,0,0,0,hispanic,52,10,0,0,single
54092.0,1,-3.69,1,1,0,1,0,african-american,52,0,0,1,single
58958.0,1,-3.96,1,0,0,0,0,other,52,0,0,0,significant other
59576.0,1,-3.84,1,0,0,0,0,caucasian,52,0,0,1,single
58501.0,7,-3.15,1,1,0,1,0,african-american,52,17,0,0,significant other
54190.0,9,-2.47,3,1,1,1,0,african-american,52,7,0,0,single
48489.0,2,-2.96,1,0,0,0,0,caucasian,52,8,0,0,separated
18391.0,1,-3.43,1,0,0,0,1,caucasian,52,6,0,0,separated
52619.0,1,-4.05,1,0,0,0,0,caucasian,52,1,0,0,single
50385.0,1,-3.98,1,0,0,0,0,hispanic,52,2,0,1,significant other
59388.0,9,-3.26,1,1,0,1,0,caucasian,52,2,0,0,single
61441.0,1,-3.54,1,0,0,0,0,african-american,52,1,0,0,separated
53286.0,3,-2.76,2,1,0,1,0,caucasian,52,4,0,1,single
58602.0,3,-3.22,1,0,0,0,0,african-american,52,19,0,0,single
58724.0,1,-3.79,1,0,0,0,0,hispanic,52,0,0,0,significant other
52490.0,1,-3.88,1,0,0,0,0,african-american,52,0,0,1,significant other
55620.0,1,-3.49,1,0,0,0,0,african-american,52,4,0,1,single
61192.0,5,-3.16,1,1,0,1,0,other,52,0,0,0,single
53181.0,1,-3.69,1,0,0,0,1,african-american,52,0,0,1,single
54838.0,1,-3.57,1,0,0,0,0,caucasian,52,0,0,0,single
60947.0,4,-2.3,3,0,0,0,0,african-american,52,0,0,0,other
52355.0,1,-3.33,1,0,0,0,1,african-american,52,1,0,0,single
53723.0,8,-2.7,2,1,1,1,0,african-american,52,9,1,1,single
59232.0,1,-3.29,1,0,0,0,0,african-american,52,1,0,1,single
61831.0,7,-3.02,1,1,0,1,1,african-american,52,21,0,0,single
51603.0,5,-3.49,1,1,0,0,0,african-american,52,7,0,0,single
51150.0,1,-3.64,1,0,0,0,1,caucasian,52,0,0,1,single
35653.0,4,-2.41,3,1,0,1,0,african-american,52,15,0,1,single
58389.0,5,-2.47,3,1,0,1,0,caucasian,52,6,0,0,significant other
57735.0,1,-3.48,1,1,0,1,0,african-american,52,6,0,1,significant other
58166.0,1,-3.63,1,0,0,0,1,caucasian,52,1,0,0,significant other
61368.0,1,-3.75,1,0,0,0,0,african-american,52,2,0,1,single
35171.0,3,-3.35,1,1,0,1,0,african-american,52,3,0,1,single
59528.0,1,-3.84,1,0,0,0,0,caucasian,52,2,0,0,significant other
52898.0,1,-3.76,1,0,0,0,0,other,52,0,0,0,significant other
60547.0,5,-2.46,3,0,0,0,0,african-american,52,4,0,1,single
11077.0,9,-2.4,3,1,0,1,0,african-american,52,7,0,0,single
58548.0,1,-2.69,2,0,0,0,0,african-american,52,3,0,0,single
51243.0,1,-3.42,1,0,0,0,0,caucasian,52,0,0,0,significant other
55870.0,3,-3.46,1,1,0,1,1,other,52,0,0,1,significant other
53319.0,1,-3.92,1,0,0,0,1,caucasian,52,0,0,1,single
60480.0,1,-3.87,1,0,0,0,1,african-american,52,0,0,0,separated
54614.0,2,-3.38,1,1,1,1,0,african-american,51,0,0,0,other
52263.0,1,-4.08,1,0,0,0,0,hispanic,51,0,0,1,significant other
43420.0,8,-2.27,3,1,0,1,0,african-american,51,21,0,0,single
7874.0,6,-2.53,3,0,0,0,0,caucasian,51,3,0,0,single
58272.0,1,-3.76,1,0,0,0,0,hispanic,51,1,0,0,significant other
56344.0,1,-3.8,1,0,0,0,0,caucasian,51,0,0,1,single
60789.0,2,-3.64,1,0,0,0,0,african-american,51,3,0,0,single
57908.0,1,-3.64,1,0,0,0,1,african-american,51,4,0,0,single
60000.0,1,-3.73,1,0,0,0,0,hispanic,51,1,0,1,significant other
53773.0,9,-2.22,4,0,0,0,0,african-american,51,19,2,0,single
59425.0,2,-2.94,2,0,0,0,1,african-american,51,3,0,1,single
56786.0,1,-4.01,1,0,0,0,0,hispanic,51,0,0,1,significant other
53774.0,1,-3.57,1,1,0,1,0,caucasian,51,3,0,0,significant other
59308.0,1,-3.94,1,0,0,0,0,caucasian,51,0,0,1,separated
57586.0,2,-2.81,2,0,0,0,0,african-american,51,1,0,0,single
53107.0,3,-2.99,1,1,0,1,0,caucasian,51,3,0,0,separated
51315.0,1,-3.88,1,0,0,0,0,african-american,51,0,0,1,separated
57858.0,2,-2.82,2,0,0,0,0,caucasian,51,3,0,0,single
57099.0,3,-2.82,2,0,0,0,0,african-american,51,3,0,0,single
55593.0,1,-3.03,1,1,0,1,0,caucasian,51,6,0,1,single
60093.0,1,-3.26,1,0,0,0,0,african-american,51,0,0,1,significant other
52876.0,1,-3.55,1,1,1,1,0,caucasian,51,1,0,0,single
53001.0,9,-2.56,2,1,0,1,0,african-american,51,22,0,0,significant other
59412.0,3,-3.38,1,0,0,0,0,caucasian,51,7,0,0,single
53668.0,1,-3.84,1,0,0,0,0,caucasian,51,0,0,0,single
54995.0,1,-3.64,1,1,0,1,0,hispanic,51,0,0,0,separated
54512.0,5,-3.05,1,0,0,0,0,african-american,51,8,0,1,single
51762.0,1,-3.76,1,0,0,0,1,caucasian,51,0,0,0,single
52332.0,1,-3.96,1,0,0,0,0,other,51,2,0,0,separated
57278.0,1,-3.89,1,0,0,0,0,caucasian,51,1,0,1,single
62198.0,1,-3.79,1,0,0,0,1,caucasian,51,0,0,1,significant other
49456.0,5,-2.62,2,0,0,0,0,african-american,51,14,0,0,significant other
52863.0,1,-3.57,1,0,0,0,0,caucasian,51,0,0,1,significant other
56416.0,1,-3.22,1,0,0,0,0,other,51,2,0,0,separated
51833.0,1,-3.14,1,0,0,0,0,caucasian,51,0,0,0,significant other
53171.0,1,-3.14,1,1,1,1,0,caucasian,51,7,0,0,single
56298.0,2,-3.09,1,1,1,1,0,caucasian,51,1,0,1,single
60843.0,1,-3.81,1,0,0,0,0,caucasian,51,4,0,1,single
60591.0,7,-2.2,4,0,0,0,0,african-american,51,3,0,0,separated
45497.0,1,-3.25,1,0,0,0,1,hispanic,51,2,0,1,significant other
56690.0,7,-1.61,6,0,0,0,0,african-american,51,4,0,0,single
55796.0,8,-2.79,2,1,0,1,0,african-american,51,17,0,0,single
59307.0,2,-3.67,1,0,0,0,0,caucasian,51,1,0,1,separated
51604.0,5,-3.29,1,0,0,0,1,caucasian,51,0,0,0,single
61540.0,1,-3.82,1,0,0,0,1,caucasian,51,1,0,0,single
58028.0,1,-3.98,1,0,0,0,1,african-american,51,1,0,1,single
51360.0,1,-3.89,1,0,0,0,1,caucasian,51,0,0,1,single
60746.0,2,-3.57,1,0,0,0,0,hispanic,51,3,0,1,single
46285.0,2,-2.92,2,1,0,0,0,african-american,51,4,0,1,single
56389.0,5,-1.45,7,1,0,1,0,african-american,51,11,0,1,single
52095.0,5,-2.64,2,1,0,1,0,caucasian,51,8,0,0,single
56245.0,8,-3.37,1,0,0,0,1,african-american,51,16,0,0,single
60080.0,4,-2.95,1,1,0,1,0,african-american,51,0,0,1,single
57010.0,1,-3.92,1,0,0,0,0,african-american,51,1,0,0,significant other
52171.0,2,-2.82,2,0,0,0,1,african-american,51,7,0,0,separated
60167.0,4,-2.6,1,0,0,0,0,african-american,51,17,0,1,significant other
61480.0,1,-3.69,1,1,0,1,0,caucasian,51,4,0,0,single
14875.0,9,-1.51,6,0,0,0,1,caucasian,51,14,0,0,single
60749.0,5,-2.68,2,0,0,0,1,caucasian,51,7,0,0,single
59300.0,7,-3.0,1,1,0,1,1,caucasian,51,5,0,1,significant other
58015.0,1,-3.25,1,0,0,0,0,african-american,51,3,0,0,single
52589.0,1,-3.6,1,0,0,0,0,african-american,51,2,0,1,single
52601.0,10,-1.69,6,1,0,0,1,african-american,51,10,1,0,single
62218.0,1,-3.89,1,0,0,0,1,hispanic,51,0,0,1,significant other
53130.0,1,-3.43,1,0,0,0,0,caucasian,51,0,0,1,significant other
56576.0,1,-3.76,1,0,0,0,0,caucasian,51,0,0,0,single
60349.0,1,-4.05,1,1,1,1,1,caucasian,51,0,0,1,single
52186.0,1,-3.81,1,0,0,0,0,hispanic,51,1,0,0,significant other
51837.0,3,-3.36,1,0,0,0,1,caucasian,51,4,0,0,separated
51218.0,8,-2.33,3,1,1,1,0,african-american,51,12,1,0,single
56219.0,1,-3.47,1,0,0,0,0,caucasian,51,2,0,0,single
37089.0,1,-3.62,1,0,0,0,0,african-american,51,3,0,0,significant other
54385.0,5,-3.07,1,0,0,0,0,african-american,51,1,0,0,single
59771.0,1,-4.0,1,0,0,0,0,caucasian,51,1,0,0,separated
51845.0,6,-1.44,7,1,0,1,0,african-american,51,8,0,1,single
58587.0,2,-2.9,2,0,0,0,0,caucasian,51,0,0,1,single
21475.0,7,-2.78,2,0,0,0,1,african-american,51,1,0,1,single
55444.0,2,-3.02,1,0,0,0,1,caucasian,51,1,0,1,separated
56101.0,3,-2.45,3,0,0,0,0,african-american,51,5,0,1,single
54136.0,1,-3.92,1,0,0,0,0,caucasian,51,1,0,1,separated
52430.0,7,-1.8,5,0,0,0,0,african-american,51,5,0,1,single
59352.0,1,-3.82,1,0,0,0,0,caucasian,51,0,0,0,single
51491.0,1,-2.87,2,0,0,0,0,african-american,51,4,0,0,separated
56380.0,5,-2.7,2,0,0,0,1,caucasian,51,5,0,0,single
51537.0,2,-3.39,1,0,0,0,0,african-american,51,8,0,0,single
62410.0,4,-3.23,1,1,0,1,0,african-american,51,1,0,1,significant other
46610.0,4,-2.77,2,1,0,1,0,other,51,14,0,0,separated
61565.0,1,-3.76,1,0,0,0,0,caucasian,51,1,0,0,separated
51171.0,4,-3.21,1,1,0,1,1,caucasian,51,0,0,1,single
57885.0,1,-3.55,1,0,0,0,0,caucasian,51,0,0,1,single
52236.0,4,-2.5,3,0,0,0,0,caucasian,51,3,0,0,single
52733.0,3,-2.6,2,0,0,0,0,hispanic,51,1,0,0,significant other
52697.0,8,-2.37,3,1,0,1,1,caucasian,51,2,0,0,significant other
57090.0,3,-3.71,1,0,0,0,0,african-american,51,2,0,0,single
53566.0,2,-2.78,2,0,0,0,0,caucasian,50,1,0,0,separated
61173.0,2,-3.65,1,1,0,1,0,caucasian,50,0,0,1,separated
53104.0,10,-1.48,7,1,0,1,0,caucasian,50,16,1,0,single
57154.0,6,-2.29,3,1,1,1,1,african-american,50,12,0,1,single
50900.0,1,-3.73,1,0,0,0,0,caucasian,50,2,0,1,significant other
6380.0,5,-1.73,6,1,0,1,0,hispanic,50,9,0,1,single
57297.0,3,-2.73,2,0,0,0,0,caucasian,50,8,0,0,single
54240.0,7,-3.05,1,1,0,0,0,caucasian,50,5,0,0,single
57323.0,1,-3.93,1,0,0,0,0,caucasian,50,1,0,0,single
3810.0,9,-1.39,7,0,0,0,0,african-american,50,9,0,0,single
59983.0,5,-2.61,2,0,0,0,0,african-american,50,4,0,1,significant other
53476.0,1,-3.77,1,0,0,0,0,caucasian,50,1,0,0,significant other
59313.0,1,-3.59,1,0,0,0,0,caucasian,50,0,0,1,significant other
57796.0,3,-3.4,1,1,0,1,1,caucasian,50,3,0,0,single
51832.0,1,-4.01,1,0,0,0,0,hispanic,50,0,0,1,significant other
54769.0,1,-2.92,2,0,0,0,1,african-american,50,0,0,1,significant other
53020.0,1,-3.26,1,1,0,0,0,caucasian,50,1,0,0,single
59445.0,3,-3.14,1,0,0,0,1,african-american,50,4,0,0,separated
58730.0,9,-2.43,3,0,0,0,0,hispanic,50,11,0,1,separated
60958.0,1,-4.0,1,0,0,0,0,caucasian,50,0,0,0,significant other
61483.0,1,-3.88,1,0,0,0,0,caucasian,50,0,0,0,significant other
56371.0,3,-3.61,1,1,1,1,1,caucasian,50,0,0,1,separated
60739.0,1,-3.01,1,1,1,1,0,caucasian,50,0,0,0,separated
51849.0,2,-3.16,1,0,0,0,0,african-american,50,7,0,0,single
59195.0,2,-3.48,1,0,0,0,0,caucasian,50,3,0,0,single
60880.0,1,-4.01,1,0,0,0,0,african-american,50,1,0,0,single
51563.0,2,-3.06,1,0,0,0,1,african-american,50,5,0,0,single
61456.0,1,-3.97,1,0,0,0,0,hispanic,50,2,0,1,single
33245.0,1,-3.09,1,1,0,1,0,african-american,50,13,0,0,single
47457.0,1,-3.63,1,0,0,0,0,other,50,5,0,0,single
57698.0,1,-3.36,1,0,0,0,1,caucasian,50,0,0,1,other
51806.0,3,-2.91,2,0,0,0,0,african-american,50,3,0,1,separated
54860.0,5,-1.83,5,0,0,0,0,african-american,50,1,0,0,significant other
12700.0,9,-2.06,4,0,0,0,0,african-american,50,7,1,1,significant other
51614.0,1,-3.4,1,0,0,0,0,african-american,50,0,0,0,separated
59929.0,1,-3.92,1,0,0,0,0,caucasian,50,2,0,0,separated
67275.0,1,-3.72,1,0,0,0,0,caucasian,50,0,0,1,significant other
57143.0,6,-1.9,5,0,0,0,0,african-american,50,2,0,1,single
52724.0,1,-3.64,1,1,0,1,0,african-american,50,12,0,0,single
56054.0,10,-1.77,5,1,0,1,0,african-american,50,13,1,1,single
58862.0,1,-3.49,1,0,0,0,0,caucasian,50,0,0,1,single
56669.0,2,-3.68,1,1,0,1,1,hispanic,50,1,0,0,single
54706.0,1,-3.16,1,0,0,0,0,caucasian,50,0,0,0,separated
5285.0,6,-2.33,3,1,0,1,1,caucasian,50,30,0,1,separated
57114.0,9,-1.72,6,0,0,0,0,african-american,50,11,0,0,single
59351.0,8,-2.15,4,0,0,0,0,african-american,50,15,0,1,single
57340.0,8,-1.94,5,0,0,0,0,african-american,50,0,0,1,single
56889.0,1,-3.81,1,0,0,0,1,african-american,50,1,0,0,single
52225.0,2,-2.12,4,0,0,0,0,caucasian,50,1,0,0,single
55886.0,2,-3.37,1,1,1,1,0,caucasian,50,11,0,0,significant other
57594.0,2,-3.25,1,0,0,0,0,african-american,50,5,1,0,single
61436.0,1,-3.57,1,0,0,0,0,african-american,50,0,0,0,single
61734.0,2,-3.37,1,0,0,0,1,african-american,50,3,0,0,single
53124.0,1,-3.46,1,0,0,0,0,caucasian,50,0,0,0,single
52145.0,1,-3.69,1,0,0,0,1,hispanic,50,1,0,0,significant other
52014.0,1,-3.61,1,0,0,0,0,caucasian,50,1,0,0,other
52149.0,1,-3.96,1,0,0,0,1,caucasian,50,1,0,1,significant other
53132.0,1,-3.65,1,1,0,1,1,caucasian,50,2,0,0,single
51024.0,2,-2.98,1,1,1,1,0,caucasian,50,2,0,0,single
51224.0,3,-3.52,1,0,0,0,0,caucasian,50,1,0,0,single
61183.0,7,-2.94,2,0,0,0,0,caucasian,50,0,0,0,single
36929.0,6,-2.1,4,1,0,1,0,caucasian,50,9,0,1,single
62015.0,1,-3.81,1,0,0,0,0,caucasian,50,0,0,0,separated
61664.0,6,-2.38,3,1,0,1,0,caucasian,50,18,0,1,separated
52038.0,3,-1.7,6,0,0,0,0,caucasian,50,2,0,0,separated
17347.0,4,-2.59,2,0,0,0,0,caucasian,50,10,0,0,separated
57406.0,5,-2.77,2,0,0,0,0,african-american,50,10,0,0,single
53431.0,2,-1.81,5,0,0,0,0,caucasian,50,8,0,0,significant other
51408.0,2,-2.68,2,0,0,0,0,caucasian,50,1,0,1,single
60043.0,1,-4.01,1,0,0,0,0,caucasian,50,1,0,0,separated
51808.0,6,-2.26,3,1,0,1,0,caucasian,50,1,0,1,significant other
31312.0,2,-3.16,1,0,0,0,0,caucasian,50,4,0,1,single
56384.0,3,-3.62,1,1,0,1,1,hispanic,50,1,0,0,separated
53858.0,3,-2.69,2,1,0,1,0,caucasian,50,9,0,0,single
50986.0,8,-1.11,8,1,1,1,0,african-american,50,24,2,1,single
54152.0,1,-3.84,1,0,0,0,0,african-american,50,0,0,1,significant other
59607.0,4,-3.31,1,0,0,0,1,african-american,50,7,0,1,single
53388.0,3,-3.12,1,0,0,0,0,caucasian,50,3,0,0,significant other
51926.0,5,-2.98,1,1,0,1,0,african-american,50,2,0,1,single
52248.0,4,-1.71,6,1,1,1,0,caucasian,50,3,0,1,single
32421.0,9,-2.21,4,1,0,1,0,hispanic,50,3,0,0,single
62119.0,1,-3.88,1,1,0,1,0,caucasian,50,1,0,1,significant other
23992.0,8,-1.59,6,1,0,1,0,african-american,50,18,0,0,significant other
59911.0,1,-4.05,1,0,0,0,0,caucasian,49,0,0,0,significant other
60548.0,3,-3.13,1,0,0,0,0,caucasian,49,1,0,0,single
58875.0,1,-3.48,1,0,0,0,0,caucasian,49,0,0,0,significant other
60552.0,1,-3.93,1,1,0,1,1,caucasian,49,2,0,1,separated
56396.0,1,-3.98,1,0,0,0,1,caucasian,49,1,0,1,separated
33017.0,6,-2.57,2,1,0,1,0,caucasian,49,8,0,0,single
54961.0,2,-3.5,1,0,0,0,0,hispanic,49,0,0,1,single
62366.0,1,-3.55,1,0,0,0,0,caucasian,49,3,0,0,single
52497.0,1,-3.77,1,0,0,0,0,caucasian,49,0,0,0,single
54355.0,1,-3.23,1,0,0,0,0,hispanic,49,0,0,0,single
55068.0,5,-3.42,1,0,0,0,1,caucasian,49,4,0,0,single
50958.0,1,-2.77,2,0,0,0,1,african-american,49,0,0,0,single
61333.0,2,-2.92,2,1,0,1,0,caucasian,49,12,0,0,single
57678.0,2,-3.38,1,0,0,0,0,caucasian,49,2,0,1,significant other
56747.0,1,-3.74,1,0,0,0,0,caucasian,49,0,0,1,single
34682.0,2,-3.32,1,0,0,0,0,african-american,49,4,0,1,significant other
53633.0,3,-2.81,2,1,0,1,0,other,49,7,0,0,single
57999.0,5,-1.65,6,0,0,0,0,african-american,49,1,0,0,single
58589.0,1,-3.93,1,0,0,0,0,caucasian,49,1,0,1,significant other
58125.0,5,-2.12,4,0,0,0,0,african-american,49,3,0,0,single
61599.0,2,-3.28,1,0,0,0,1,caucasian,49,8,0,0,separated
35213.0,1,-3.56,1,0,0,0,0,caucasian,49,1,0,1,single
57382.0,3,-3.66,1,0,0,0,1,caucasian,49,2,0,1,separated
9625.0,3,-2.94,2,0,0,0,0,african-american,49,13,2,0,significant other
58557.0,1,-3.9,1,0,0,0,1,african-american,49,1,0,0,significant other
57432.0,1,-3.89,1,1,0,0,0,hispanic,49,2,0,1,single
52164.0,5,-2.6,2,0,0,0,0,caucasian,49,0,0,0,significant other
51053.0,2,-2.73,2,1,0,0,0,african-american,49,0,0,1,single
58176.0,4,-3.04,1,0,0,0,0,african-american,49,4,0,0,significant other
60350.0,1,-3.85,1,0,0,0,0,african-american,49,2,0,0,single
53896.0,2,-3.38,1,0,0,0,0,african-american,49,3,0,0,separated
58680.0,1,-2.99,1,0,0,0,0,caucasian,49,0,0,0,separated
62100.0,6,-2.89,2,0,0,0,1,caucasian,49,6,0,0,significant other
53075.0,1,-2.96,1,0,0,0,0,african-american,49,0,0,0,significant other
60952.0,1,-3.91,1,0,0,0,1,african-american,49,1,0,0,single
54213.0,1,-3.51,1,1,1,1,0,african-american,49,1,0,1,single
50903.0,1,-3.37,1,0,0,0,0,african-american,49,0,0,1,significant other
54563.0,2,-3.62,1,1,0,0,1,caucasian,49,3,0,0,single
57869.0,1,-2.7,2,0,0,0,0,caucasian,49,4,0,0,single
50840.0,1,-3.01,1,1,0,1,1,caucasian,49,0,0,1,single
53045.0,1,-3.1,1,0,0,0,0,caucasian,49,0,0,1,significant other
52324.0,8,-2.51,3,1,1,0,0,caucasian,49,4,0,1,single
60698.0,6,-3.29,1,1,0,1,0,african-american,49,29,0,0,significant other
54673.0,1,-3.94,1,0,0,0,1,other,49,0,0,1,separated
56735.0,6,-2.51,3,1,0,1,0,caucasian,49,5,0,0,single
53270.0,1,-2.99,1,0,0,0,0,african-american,49,1,0,1,separated
59030.0,1,-3.64,1,0,0,0,0,caucasian,49,0,0,0,single
57552.0,4,-2.61,2,0,0,0,0,caucasian,49,3,0,0,single
56339.0,2,-3.46,1,1,0,1,1,caucasian,49,2,0,1,single
56319.0,1,-3.65,1,1,0,1,0,caucasian,49,2,0,0,single
52049.0,1,-3.72,1,0,0,0,0,african-american,49,1,0,0,significant other
62210.0,6,-2.36,3,1,0,1,0,african-american,49,10,0,0,single
53877.0,2,-3.12,1,0,0,0,0,caucasian,49,8,0,0,single
61809.0,6,-3.18,1,0,0,0,1,caucasian,49,2,0,0,separated
56777.0,1,-3.38,1,0,0,0,0,african-american,49,4,0,1,significant other
58364.0,6,-2.34,3,1,0,1,0,other,49,7,0,0,significant other
50127.0,3,-2.74,2,1,0,1,0,african-american,49,10,0,0,single
51528.0,6,-2.15,4,1,1,1,0,caucasian,49,4,0,1,single
57440.0,7,-2.72,2,1,0,1,0,caucasian,49,0,0,0,single
53702.0,2,-3.18,1,0,0,0,1,caucasian,49,3,0,0,single
1393.0,5,-3.37,1,0,0,0,0,caucasian,49,12,0,1,single
52135.0,1,-3.69,1,0,0,0,0,caucasian,49,0,0,0,significant other
51383.0,1,-3.54,1,1,0,1,0,hispanic,49,1,0,0,single
56120.0,1,-3.94,1,0,0,0,0,caucasian,49,0,0,1,significant other
52740.0,1,-3.47,1,0,0,0,0,african-american,49,1,0,1,significant other
52969.0,3,-3.37,1,1,1,1,0,african-american,49,1,0,0,significant other
59543.0,1,-3.67,1,1,0,1,0,caucasian,49,1,0,0,single
54790.0,1,-3.41,1,1,1,1,0,other,49,0,0,1,single
57774.0,2,-3.58,1,0,0,0,1,caucasian,49,2,0,0,separated
46544.0,1,-3.03,1,1,0,1,0,african-american,49,3,0,0,single
51137.0,1,-3.26,1,0,0,0,0,caucasian,49,1,0,1,single
60874.0,1,-3.67,1,0,0,0,0,caucasian,49,1,0,0,single
53275.0,1,-3.86,1,0,0,0,1,caucasian,49,0,0,0,separated
61262.0,1,-3.73,1,1,0,1,0,african-american,49,0,0,1,significant other
52837.0,4,-3.06,1,0,0,0,0,african-american,49,3,0,0,single
57125.0,1,-3.66,1,0,0,0,1,caucasian,49,1,0,0,single
52374.0,7,-2.05,4,1,1,0,0,african-american,49,1,0,1,single
55138.0,6,-2.15,4,0,0,0,0,caucasian,49,7,0,0,significant other
57629.0,1,-3.61,1,0,0,0,0,other,49,2,0,0,single
51633.0,2,-2.62,2,0,0,0,1,caucasian,49,0,0,0,single
58542.0,2,-3.45,1,0,0,0,1,caucasian,49,4,0,1,single
51416.0,1,-3.9,1,0,0,0,0,caucasian,49,2,0,1,single
61337.0,1,-3.69,1,0,0,0,1,other,48,0,0,1,separated
56968.0,1,-3.62,1,1,1,1,0,caucasian,48,2,0,0,single
29231.0,6,-2.13,4,1,0,1,0,caucasian,48,20,0,0,single
3759.0,9,-2.38,3,1,0,1,0,african-american,48,14,0,0,single
57311.0,1,-3.86,1,0,0,0,0,hispanic,48,0,0,1,significant other
60355.0,5,-2.34,3,0,0,0,1,african-american,48,0,0,1,single
56020.0,2,-3.12,1,1,0,0,0,caucasian,48,3,0,0,single
51692.0,8,-1.81,5,0,0,0,1,caucasian,48,17,0,0,separated
8832.0,5,-2.06,4,0,0,0,0,other,48,12,0,0,single
57497.0,1,-3.14,1,0,0,0,0,other,48,0,0,1,separated
52481.0,8,-1.86,5,1,1,0,0,caucasian,48,2,0,1,separated
57768.0,1,-3.62,1,0,0,0,1,caucasian,48,2,0,0,separated
946.0,6,-1.91,5,1,0,1,0,african-american,48,9,0,0,single
60014.0,1,-3.9,1,0,0,0,0,african-american,48,0,0,0,significant other
50914.0,9,-2.68,2,1,0,1,0,african-american,48,5,0,0,single
61994.0,1,-3.32,1,0,0,0,0,african-american,48,0,0,1,separated
56213.0,1,-3.98,1,0,0,0,0,caucasian,48,0,0,1,single
52071.0,8,-2.46,3,1,0,1,0,caucasian,48,0,0,0,single
61172.0,8,-1.99,4,0,0,0,0,african-american,48,4,0,0,significant other
50879.0,1,-2.94,2,1,0,1,0,african-american,48,5,0,1,single
51148.0,1,-3.83,1,0,0,0,0,african-american,48,0,0,0,significant other
57584.0,2,-3.29,1,0,0,0,0,caucasian,48,2,0,1,single
58932.0,2,-2.49,3,0,0,0,1,african-american,48,0,0,0,single
55709.0,4,-3.06,1,0,0,0,0,caucasian,48,3,0,0,single
60329.0,1,-3.89,1,1,0,1,0,other,48,4,0,0,significant other
60830.0,1,-3.74,1,0,0,0,1,caucasian,48,0,0,0,significant other
53044.0,2,-3.09,1,0,0,0,0,other,48,0,0,0,significant other
57476.0,1,-3.86,1,0,0,0,0,other,48,0,0,1,significant other
55079.0,4,-2.66,2,1,0,1,0,african-american,48,7,0,1,single
34854.0,8,-1.87,5,1,1,1,0,caucasian,48,23,1,0,single
55071.0,2,-3.62,1,0,0,0,1,caucasian,48,0,0,0,single
53042.0,2,-3.33,1,0,0,0,0,other,48,4,0,0,single
53819.0,1,-3.91,1,0,0,0,1,caucasian,48,0,0,1,significant other
58880.0,4,-2.2,4,1,0,1,0,african-american,48,11,0,1,single
50874.0,1,-3.86,1,0,0,0,1,african-american,48,0,0,1,single
60410.0,1,-3.74,1,0,0,0,1,caucasian,48,0,0,1,separated
58991.0,2,-3.63,1,0,0,0,0,caucasian,48,6,0,0,single
54796.0,2,-2.88,2,0,0,0,0,other,48,7,0,0,single
57589.0,1,-3.66,1,0,0,0,0,caucasian,48,0,0,0,single
49440.0,4,-2.92,2,1,0,1,1,caucasian,48,8,0,1,significant other
59551.0,1,-3.9,1,1,0,1,0,hispanic,48,1,0,1,other
52517.0,1,-3.79,1,0,0,0,0,hispanic,48,1,0,1,significant other
50915.0,3,-2.55,3,0,0,0,0,african-american,48,4,0,0,significant other
53498.0,6,-3.26,1,0,0,0,0,african-american,48,2,0,0,significant other
52563.0,1,-3.75,1,0,0,0,1,other,48,0,0,0,single
53423.0,1,-3.69,1,0,0,0,0,other,48,1,0,0,significant other
61486.0,1,-3.94,1,0,0,0,0,caucasian,48,2,0,0,separated
53091.0,6,-2.28,3,0,0,0,0,african-american,48,12,0,1,significant other
61100.0,6,-2.49,3,0,0,0,0,african-american,48,4,0,0,single
57191.0,4,-2.46,3,1,0,1,0,african-american,48,5,0,0,single
28258.0,10,-2.13,9,1,1,1,0,african-american,48,25,1,0,single
51740.0,1,-3.7,1,0,0,0,0,hispanic,48,1,0,1,single
52609.0,1,-3.55,1,0,0,0,0,hispanic,48,1,0,1,significant other
57163.0,1,-3.82,1,0,0,0,0,other,48,1,0,0,significant other
12038.0,8,-1.63,6,1,0,1,0,caucasian,48,20,0,0,single
60661.0,2,-3.58,1,0,0,0,0,caucasian,48,0,0,0,single
39796.0,9,-2.22,4,1,0,1,0,african-american,48,8,1,0,single
29597.0,2,-3.68,1,0,0,0,0,caucasian,48,1,0,0,single
59479.0,1,-3.33,1,0,0,0,0,caucasian,48,1,0,0,separated
59697.0,3,-2.66,2,0,0,0,0,caucasian,48,0,0,0,single
52385.0,1,-3.25,1,0,0,0,1,caucasian,48,1,0,1,single
58409.0,1,-3.62,1,0,0,0,1,african-american,48,1,0,0,single
60036.0,7,-2.0,4,0,0,0,0,caucasian,48,0,0,0,significant other
52649.0,7,-2.13,4,1,0,1,0,caucasian,48,1,0,0,separated
52832.0,1,-3.91,1,0,0,0,0,caucasian,48,0,0,1,single
51810.0,1,-3.54,1,0,0,0,1,other,48,0,0,0,single
53448.0,1,-3.83,1,0,0,0,0,african-american,48,0,0,1,significant other
44720.0,8,-1.55,6,0,0,0,0,african-american,48,10,0,0,single
55007.0,3,-2.68,2,0,0,0,0,caucasian,48,2,0,1,single
62009.0,1,-3.82,1,0,0,0,0,african-american,48,1,0,0,single
57592.0,6,-2.97,1,1,0,1,1,african-american,48,18,3,0,separated
54454.0,1,-3.39,1,0,0,0,0,caucasian,48,1,0,1,single
48468.0,6,-3.24,1,0,0,0,0,caucasian,48,9,0,0,single
59206.0,3,-2.76,2,0,0,0,0,african-american,48,6,0,0,separated
55306.0,6,-1.54,6,0,0,0,1,hispanic,48,9,0,0,single
45342.0,4,-3.17,1,0,0,0,0,african-american,48,10,0,0,single
56908.0,7,-1.49,7,1,0,1,0,caucasian,48,13,0,0,single
51520.0,9,-2.85,2,0,0,0,1,caucasian,48,1,0,0,single
56570.0,1,-3.83,1,0,0,0,0,other,48,0,0,1,significant other
53972.0,1,-2.97,1,1,0,1,0,hispanic,48,1,0,0,single
59956.0,1,-3.9,1,1,0,1,0,caucasian,48,1,0,1,separated
56197.0,6,-2.96,1,1,0,1,0,caucasian,48,18,0,0,single
58076.0,2,-3.01,1,1,0,1,0,african-american,48,3,0,0,single
56123.0,1,-3.1,1,0,0,0,1,hispanic,47,2,0,0,separated
3214.0,4,-1.75,5,0,0,0,0,caucasian,47,2,0,0,single
56273.0,1,-3.91,1,0,0,0,0,caucasian,47,2,0,1,significant other
54321.0,1,-3.55,1,0,0,0,1,caucasian,47,0,0,0,single
51800.0,8,-3.2,1,1,0,1,0,african-american,47,23,0,1,single
41060.0,2,-3.57,1,0,0,0,0,caucasian,47,2,0,1,single
56433.0,3,-2.78,2,1,1,1,0,caucasian,47,5,0,1,significant other
61275.0,5,-2.49,3,0,0,0,0,african-american,47,0,0,1,significant other
53778.0,1,-3.07,1,1,1,1,0,african-american,47,7,0,0,single
60911.0,6,-1.67,6,0,0,0,1,african-american,47,4,0,1,significant other
9139.0,3,-2.72,2,0,0,0,0,african-american,47,4,0,0,significant other
60340.0,1,-3.66,1,1,0,1,0,hispanic,47,0,0,1,significant other
60630.0,1,-3.52,1,0,0,0,0,hispanic,47,1,0,0,single
12572.0,4,-1.93,5,0,0,0,0,african-american,47,1,0,1,single
38662.0,3,-3.54,1,1,1,1,0,caucasian,47,1,0,0,single
58553.0,1,-3.61,1,1,0,1,1,caucasian,47,1,0,0,single
61191.0,1,-3.4,1,0,0,0,0,caucasian,47,0,0,1,single
29762.0,2,-2.53,3,0,0,0,0,caucasian,47,5,0,1,other
57543.0,9,-2.19,4,1,0,1,0,african-american,47,21,0,0,single
58148.0,1,-3.67,1,0,0,0,0,caucasian,47,2,0,1,single
55992.0,1,-3.63,1,0,0,0,1,caucasian,47,0,0,1,significant other
53571.0,1,-3.74,1,0,0,0,1,caucasian,47,0,0,1,significant other
26552.0,6,-2.28,3,1,0,1,0,african-american,47,12,0,0,single
57456.0,1,-3.95,1,0,0,0,0,caucasian,47,0,0,1,significant other
58938.0,5,-2.49,3,0,0,0,0,caucasian,47,1,0,1,single
51980.0,6,-3.09,1,1,0,1,0,hispanic,47,3,0,1,separated
56736.0,1,-3.79,1,0,0,0,1,hispanic,47,0,0,1,single
59600.0,4,-2.5,3,0,0,0,0,caucasian,47,11,0,0,single
51414.0,2,-2.49,3,0,0,0,0,african-american,47,1,0,0,single
54081.0,2,-3.61,1,0,0,0,1,african-american,47,0,0,1,single
59003.0,2,-3.64,1,1,0,1,0,caucasian,47,2,0,0,significant other
54773.0,2,-3.3,1,0,0,0,0,caucasian,47,0,0,1,single
58080.0,1,-3.59,1,0,0,0,0,other,47,1,0,1,significant other
61369.0,1,-2.65,2,0,0,0,0,caucasian,47,2,0,0,separated
59302.0,5,-0.85,9,1,0,1,0,african-american,47,3,0,0,single
51467.0,7,-1.91,5,1,0,1,0,african-american,47,23,0,0,single
58476.0,7,-2.6,2,1,0,1,0,african-american,47,22,0,0,single
54371.0,1,-3.82,1,0,0,0,0,caucasian,47,0,0,1,significant other
53875.0,6,-2.26,3,1,0,1,0,caucasian,47,1,0,0,single
61686.0,4,-3.37,1,0,0,0,0,african-american,47,5,0,0,single
55654.0,5,-1.6,6,1,0,1,0,caucasian,47,4,0,0,single
13580.0,3,-2.94,2,0,0,0,0,african-american,47,3,0,0,single
51264.0,5,-1.72,6,1,0,1,0,african-american,47,3,0,1,single
53675.0,1,-3.54,1,0,0,0,0,hispanic,47,0,0,1,separated
53389.0,5,-2.24,3,0,0,0,0,hispanic,47,1,0,0,single
1692.0,9,-1.74,5,0,0,0,0,african-american,47,20,0,0,single
59578.0,1,-3.83,1,0,0,0,0,other,47,0,0,0,significant other
60660.0,1,-3.21,1,0,0,0,0,caucasian,47,1,0,0,significant other
53149.0,1,-3.79,1,0,0,0,0,caucasian,47,1,0,1,single
61757.0,4,-2.22,4,1,0,1,0,african-american,47,4,0,0,significant other
54624.0,8,-2.31,3,1,0,1,0,african-american,47,19,1,0,single
57975.0,1,-3.66,1,0,0,0,0,caucasian,47,0,0,1,separated
54277.0,1,-3.9,1,0,0,0,1,hispanic,47,1,0,0,single
51088.0,1,-3.55,1,0,0,0,0,caucasian,47,3,0,0,single
53061.0,1,-3.06,1,0,0,0,0,african-american,47,0,0,1,single
59582.0,3,-3.25,1,1,0,1,1,caucasian,47,0,0,1,significant other
55147.0,9,-1.98,4,1,0,1,0,african-american,47,14,5,0,single
54591.0,10,-2.89,2,1,1,1,0,african-american,47,4,0,0,significant other
60343.0,6,-3.17,1,0,0,0,0,african-american,47,5,0,0,single
60149.0,2,-3.46,1,0,0,0,0,african-american,47,3,0,0,significant other
55663.0,7,-2.86,2,0,0,0,0,african-american,47,15,0,0,single
62158.0,1,-3.34,1,1,1,1,0,african-american,47,1,0,1,single
57970.0,10,-2.85,2,1,0,1,1,african-american,47,19,0,0,single
61758.0,9,-1.62,6,1,0,1,1,african-american,47,21,2,1,significant other
55077.0,1,-3.55,1,0,0,0,1,other,47,0,0,0,single
53910.0,4,-2.4,3,1,1,1,0,caucasian,47,13,0,1,separated
56449.0,6,-2.95,1,0,0,0,0,african-american,47,14,0,1,single
51701.0,1,-3.74,1,0,0,0,0,african-american,47,1,0,0,separated
57466.0,1,-3.72,1,1,0,1,0,other,47,5,0,1,single
57929.0,4,-3.43,1,0,0,0,0,hispanic,47,0,0,1,significant other
52819.0,4,-3.07,1,0,0,0,0,caucasian,47,2,0,0,single
41977.0,2,-3.39,1,0,0,0,0,african-american,47,6,0,0,single
51852.0,2,-3.54,1,0,0,0,0,other,47,3,0,1,separated
57078.0,2,-3.57,1,0,0,0,0,caucasian,47,3,0,0,single
61282.0,1,-3.94,1,0,0,0,0,other,47,0,0,1,significant other
52101.0,3,-2.79,2,1,0,1,0,caucasian,47,3,0,1,single
53957.0,5,-3.18,1,0,0,0,0,caucasian,47,3,0,1,significant other
54518.0,1,-3.63,1,0,0,0,0,caucasian,47,0,0,1,separated
55576.0,8,-2.82,2,0,0,0,0,african-american,47,17,0,0,single
3105.0,4,-2.76,2,1,0,0,0,african-american,47,9,0,0,single
62380.0,1,-3.67,1,0,0,0,0,hispanic,47,0,0,1,separated
61445.0,1,-3.9,1,0,0,0,0,caucasian,47,0,0,1,single
52730.0,1,-3.9,1,0,0,0,0,caucasian,47,2,0,1,single
57538.0,1,-3.79,1,1,0,1,0,caucasian,47,0,0,1,significant other
58491.0,1,-2.95,1,0,0,0,0,caucasian,47,1,0,0,single
61520.0,1,-3.4,1,0,0,0,0,caucasian,47,3,0,0,single
33855.0,6,-2.28,3,0,0,0,1,african-american,47,1,0,0,single
4436.0,6,-1.44,7,0,0,0,0,hispanic,46,15,0,0,single
15671.0,7,-1.68,6,0,0,0,0,african-american,46,2,0,1,single
36178.0,5,-2.69,2,1,0,1,0,other,46,3,0,0,single
49945.0,8,-3.07,1,0,0,0,1,caucasian,46,2,0,0,separated
61836.0,1,-3.66,1,0,0,0,1,caucasian,46,0,0,1,single
57530.0,3,-2.38,3,0,0,0,0,caucasian,46,1,0,0,single
59793.0,1,-3.62,1,0,0,0,1,hispanic,46,2,0,0,single
55099.0,1,-3.63,1,0,0,0,1,caucasian,46,0,0,1,single
18325.0,7,-2.25,3,1,0,0,0,african-american,46,18,0,0,separated
59043.0,6,-3.45,1,1,0,1,0,caucasian,46,2,0,0,significant other
51450.0,2,-2.62,2,1,0,1,0,african-american,46,2,0,0,single
55959.0,1,-3.5,1,0,0,0,0,caucasian,46,1,0,1,single
55109.0,7,-3.32,1,1,0,1,0,african-american,46,15,1,0,single
58893.0,7,-2.0,4,0,0,0,0,african-american,46,0,0,0,single
51072.0,2,-3.46,1,0,0,0,1,other,46,1,0,0,significant other
54748.0,1,-3.04,1,0,0,0,0,hispanic,46,0,0,1,single
60394.0,1,-3.39,1,0,0,0,0,caucasian,46,0,0,0,single
57066.0,1,-3.79,1,0,0,0,1,caucasian,46,0,0,1,single
62001.0,1,-3.74,1,0,0,0,0,caucasian,46,0,0,0,single
53087.0,8,-2.3,3,0,0,0,1,african-american,46,7,0,1,single
61476.0,7,-1.9,5,1,0,1,0,caucasian,46,10,0,0,single
5141.0,6,-1.34,7,1,0,1,0,african-american,46,3,0,1,single
51109.0,5,-1.66,6,0,0,0,0,caucasian,46,5,0,0,separated
52075.0,1,-3.79,1,0,0,0,1,caucasian,46,0,0,0,significant other
59376.0,6,-1.99,4,0,0,0,0,african-american,46,12,0,1,single
53306.0,1,-3.46,1,0,0,0,0,caucasian,46,0,0,0,single
62046.0,1,-3.7,1,0,0,0,0,caucasian,46,1,0,0,single
61997.0,1,-3.85,1,0,0,0,0,caucasian,46,0,0,0,significant other
59542.0,5,-2.7,2,0,0,0,0,caucasian,46,0,0,0,single
54906.0,4,-3.24,1,1,0,0,0,caucasian,46,2,1,1,separated
57037.0,1,-3.67,1,0,0,0,0,other,46,0,0,0,single
38957.0,3,-2.49,2,0,0,0,0,caucasian,46,5,0,1,separated
56616.0,1,-3.54,1,0,0,0,1,caucasian,46,0,0,1,separated
12883.0,3,-3.42,1,1,0,1,0,caucasian,46,2,0,0,single
62189.0,1,-3.9,1,0,0,0,1,african-american,46,0,0,0,significant other
60049.0,5,-2.38,3,1,0,1,0,african-american,46,13,0,0,single
60556.0,1,-3.3,1,0,0,0,0,caucasian,46,0,0,0,single
55314.0,1,-3.58,1,0,0,0,0,caucasian,46,1,0,0,single
61501.0,1,-3.38,1,0,0,0,0,caucasian,46,1,0,0,other
52566.0,1,-3.71,1,0,0,0,0,african-american,46,0,0,0,single
53378.0,2,-3.31,1,0,0,0,0,caucasian,46,2,0,0,single
51206.0,8,-2.4,3,1,0,1,1,african-american,46,1,0,0,single
50965.0,9,-1.4,7,1,0,1,0,african-american,46,9,2,0,single
55918.0,5,-2.75,2,0,0,0,0,caucasian,46,2,0,0,single
51595.0,2,-3.51,1,0,0,0,0,african-american,46,0,0,1,single
55455.0,8,-2.85,3,1,0,1,0,caucasian,46,5,0,0,single
57461.0,1,-3.18,1,0,0,0,0,african-american,46,0,0,1,significant other
52274.0,6,-2.0,4,1,0,1,0,african-american,46,1,0,1,single
52134.0,1,-3.13,1,0,0,0,0,caucasian,46,0,0,1,single
33754.0,3,-2.27,3,1,1,1,0,african-american,46,3,0,0,single
53623.0,1,-3.24,1,1,0,1,0,caucasian,46,1,0,0,single
57115.0,1,-3.9,1,0,0,0,1,other,46,1,0,0,single
58351.0,4,-2.81,2,0,0,0,0,african-american,46,9,0,0,single
53785.0,7,-2.85,2,1,0,1,0,african-american,46,2,0,0,single
60057.0,1,-3.91,1,1,0,0,0,african-american,46,0,0,1,significant other
60140.0,4,-3.15,1,0,0,0,0,caucasian,46,4,0,0,single
54266.0,1,-3.12,1,1,1,0,0,caucasian,46,0,0,0,single
13306.0,1,-3.07,1,0,0,0,0,african-american,46,4,0,0,single
57035.0,1,-3.82,1,0,0,0,0,caucasian,46,0,0,0,separated
57671.0,1,-3.74,1,1,0,1,0,other,46,0,0,0,significant other
51293.0,6,-1.28,7,1,0,1,0,caucasian,46,7,0,0,single
52525.0,9,-2.01,4,0,0,0,0,african-american,46,2,0,0,single
44952.0,1,-3.77,1,0,0,0,0,caucasian,46,5,0,1,separated
51406.0,2,-2.84,2,1,0,1,0,caucasian,46,0,0,1,single
57416.0,1,-3.9,1,0,0,0,0,other,46,0,0,0,significant other
45108.0,4,-2.26,3,0,0,0,1,african-american,46,4,0,0,separated
53305.0,6,-2.33,3,0,0,0,0,african-american,46,2,0,1,single
51118.0,1,-3.47,1,1,1,1,1,caucasian,46,1,0,1,significant other
58316.0,3,-2.07,4,0,0,0,0,other,46,2,0,0,separated
59033.0,5,-2.61,2,0,0,0,0,caucasian,46,9,0,1,single
58401.0,1,-3.48,1,0,0,0,1,caucasian,46,1,0,0,single
60061.0,1,-3.91,1,0,0,0,0,caucasian,46,0,0,1,significant other
59042.0,1,-3.62,1,0,0,0,0,hispanic,46,0,0,0,single
57108.0,3,-2.27,3,1,0,1,0,african-american,46,8,0,0,single
51167.0,2,-3.79,1,1,1,0,1,caucasian,46,1,0,0,significant other
59972.0,1,-3.82,1,0,0,0,0,other,46,0,0,1,significant other
12811.0,2,-3.36,1,0,0,0,0,caucasian,46,2,0,1,separated
59422.0,1,-3.54,1,1,0,1,1,caucasian,46,0,0,1,separated
19327.0,3,-2.64,2,0,0,0,0,hispanic,46,13,0,0,significant other
60719.0,1,-3.58,1,0,0,0,0,hispanic,46,1,0,1,significant other
54709.0,1,-3.83,1,0,0,0,0,caucasian,46,0,0,0,single
51278.0,2,-2.99,1,1,0,1,0,caucasian,46,0,0,0,significant other
35614.0,3,-2.17,4,1,0,1,0,caucasian,46,14,0,0,significant other
58495.0,6,-2.32,3,0,0,0,1,african-american,46,4,0,0,single
57969.0,4,-1.93,5,1,0,1,0,african-american,46,8,1,1,single
54404.0,4,-2.94,2,0,0,0,0,caucasian,46,3,0,0,single
51361.0,5,-2.42,3,0,0,0,0,caucasian,46,0,0,1,single
51804.0,5,-3.17,1,0,0,0,1,african-american,46,1,0,1,single
38111.0,1,-3.69,1,1,0,1,0,african-american,46,3,0,1,single
56684.0,4,-2.49,3,0,0,0,0,african-american,46,3,0,0,single
37680.0,1,-3.25,1,1,0,1,0,african-american,46,5,0,0,significant other
19361.0,1,-3.58,1,0,0,0,0,african-american,46,3,0,0,significant other
51203.0,1,-3.08,1,1,0,1,0,caucasian,46,6,0,0,single
52966.0,2,-3.17,1,0,0,0,0,caucasian,46,4,0,0,separated
62351.0,1,-3.71,1,0,0,0,0,caucasian,46,0,0,1,separated
53704.0,5,-1.27,7,1,0,1,0,african-american,46,5,0,0,single
59575.0,1,-3.85,1,1,0,1,0,caucasian,46,1,0,1,significant other
56816.0,6,-2.51,3,1,0,1,0,hispanic,46,12,0,0,single
54071.0,4,-3.28,1,0,0,0,0,caucasian,46,5,0,1,single
51784.0,6,-2.79,2,0,0,0,0,african-american,45,2,0,1,single
51151.0,1,-3.55,1,1,1,1,0,hispanic,45,6,0,0,single
60023.0,6,-2.3,3,0,0,0,0,hispanic,45,1,0,1,single
57162.0,1,-3.3,1,1,0,1,0,caucasian,45,1,0,1,single
60281.0,6,-2.19,4,0,0,0,1,caucasian,45,1,0,0,single
51316.0,1,-3.71,1,0,0,0,0,other,45,1,0,0,significant other
60929.0,1,-3.82,1,0,0,0,0,other,45,0,0,1,significant other
52349.0,3,-3.07,1,1,0,1,0,african-american,45,4,0,1,separated
54791.0,3,-2.3,3,0,0,0,0,hispanic,45,1,0,0,significant other
61012.0,2,-2.94,2,0,0,0,0,african-american,45,3,0,1,single
59084.0,9,-1.38,7,1,0,1,0,african-american,45,15,0,0,single
57421.0,2,-3.08,1,1,0,1,0,african-american,45,1,0,0,single
54271.0,3,-3.47,1,1,0,1,1,caucasian,45,1,0,0,single
55137.0,1,-3.67,1,0,0,0,1,other,45,1,0,0,significant other
61902.0,1,-3.54,1,0,0,0,0,other,45,0,0,1,significant other
52156.0,1,-3.79,1,0,0,0,1,hispanic,45,0,0,1,separated
56728.0,1,-3.47,1,0,0,0,0,african-american,45,1,0,1,single
52470.0,2,-3.15,1,0,0,0,0,caucasian,45,2,0,1,single
55139.0,1,-2.99,1,0,0,0,0,caucasian,45,0,0,0,significant other
54738.0,3,-3.39,1,1,1,1,0,african-american,45,0,0,1,single
62392.0,1,-3.82,1,0,0,0,0,hispanic,45,0,0,1,separated
40508.0,1,-3.74,1,0,0,0,0,caucasian,45,1,0,1,separated
55668.0,2,-2.88,2,0,0,0,1,caucasian,45,5,0,1,significant other
52870.0,2,-3.57,1,0,0,0,0,caucasian,45,1,0,0,single
54323.0,1,-3.57,1,0,0,0,0,african-american,45,0,0,1,single
52779.0,2,-3.57,1,0,0,0,1,other,45,1,0,1,separated
56937.0,1,-3.35,1,1,0,1,0,caucasian,45,3,0,0,single
56147.0,1,-3.83,1,1,0,1,0,caucasian,45,1,0,0,single
53442.0,6,-2.39,3,1,0,1,0,african-american,45,0,0,0,single
54381.0,3,-2.35,3,0,0,0,0,hispanic,45,1,0,0,separated
54684.0,7,-0.99,9,1,0,0,1,african-american,45,9,0,1,single
41688.0,7,-1.9,5,1,0,1,0,african-american,45,17,0,0,single
60008.0,7,-2.46,4,1,1,1,0,african-american,45,8,0,0,separated
7175.0,8,-1.56,6,1,0,1,0,african-american,45,12,1,1,single
8382.0,6,-1.31,7,1,0,1,0,caucasian,45,19,0,0,single
56833.0,6,-2.01,4,0,0,0,0,hispanic,45,6,0,0,significant other
38904.0,1,-3.7,1,0,0,0,0,caucasian,45,1,0,1,single
54466.0,3,-3.32,1,0,0,0,1,african-american,45,2,0,0,single
53700.0,2,-3.14,1,0,0,0,0,african-american,45,4,0,1,significant other
44126.0,1,-3.23,1,0,0,0,0,caucasian,45,3,0,0,separated
52383.0,2,-2.56,2,0,0,0,0,caucasian,45,7,0,0,single
53932.0,6,-2.03,4,0,0,0,0,hispanic,45,4,0,0,single
26934.0,10,-0.95,9,1,0,1,1,other,45,15,0,0,single
57839.0,3,-3.3,1,1,0,1,0,african-american,45,10,0,0,single
60912.0,1,-2.99,1,0,0,0,0,caucasian,45,2,0,0,single
56386.0,3,-3.11,1,1,0,1,0,african-american,45,15,0,0,single
57677.0,2,-3.62,1,0,0,0,0,caucasian,45,2,0,0,single
57747.0,1,-3.63,1,0,0,0,1,caucasian,45,1,0,0,significant other
52297.0,3,-3.39,1,0,0,0,0,other,45,0,0,1,single
59192.0,7,-2.63,2,0,0,0,0,african-american,45,16,1,0,single
51586.0,1,-2.85,2,0,0,0,0,hispanic,45,2,0,0,single
57070.0,2,-2.63,2,0,0,0,0,caucasian,45,0,0,1,significant other
61439.0,1,-3.24,1,0,0,0,0,hispanic,45,0,0,0,separated
51635.0,7,-1.81,5,0,0,0,0,hispanic,45,8,0,0,single
50955.0,1,-3.56,1,1,0,1,0,caucasian,45,4,0,1,single
55329.0,1,-3.59,1,0,0,0,0,hispanic,45,3,0,0,significant other
60408.0,4,-3.13,1,0,0,0,0,african-american,45,6,0,0,single
63057.0,4,-3.11,3,1,0,1,0,caucasian,45,8,0,1,separated
56543.0,1,-3.75,1,0,0,0,1,other,45,0,0,1,significant other
51283.0,1,-3.79,1,0,0,0,1,caucasian,45,1,0,1,significant other
61212.0,9,-1.22,8,0,0,0,0,african-american,45,1,0,0,single
51851.0,7,-2.94,2,1,0,0,0,african-american,45,20,2,1,significant other
6881.0,3,-3.2,1,1,0,1,0,hispanic,45,20,0,0,single
55863.0,3,-3.6,1,0,0,0,0,caucasian,45,0,0,0,single
57692.0,4,-2.7,2,0,0,0,1,african-american,45,1,0,0,significant other
54642.0,1,-3.25,1,0,0,0,0,other,45,0,0,0,significant other
57097.0,5,-2.02,4,1,0,1,0,african-american,45,0,0,0,significant other
33913.0,1,-3.4,1,0,0,0,0,african-american,45,5,0,0,significant other
50856.0,1,-3.63,1,0,0,0,0,african-american,45,0,0,1,significant other
55793.0,1,-3.65,1,0,0,0,0,african-american,45,0,0,1,single
52486.0,3,-3.19,1,0,0,0,0,african-american,45,1,0,0,single
51753.0,3,-2.13,4,0,0,0,0,caucasian,45,2,0,0,single
51953.0,4,-2.28,3,0,0,0,0,caucasian,45,2,0,1,single
59557.0,1,-3.59,1,0,0,0,0,caucasian,45,2,0,1,single
56201.0,3,-2.81,2,0,0,0,1,caucasian,45,3,0,1,significant other
52447.0,8,-2.18,4,0,0,0,0,hispanic,45,1,0,1,significant other
61129.0,1,-3.79,1,0,0,0,0,caucasian,45,1,0,1,single
52953.0,1,-3.71,1,0,0,0,0,african-american,45,1,0,0,single
52504.0,1,-3.6,1,0,0,0,0,caucasian,45,2,0,0,single
38737.0,7,-1.7,6,1,1,1,0,african-american,45,13,0,1,separated
55517.0,1,-3.55,1,0,0,0,1,african-american,45,1,0,0,single
52669.0,9,-2.6,2,1,0,1,1,caucasian,45,0,0,0,single
10438.0,3,-2.28,3,0,0,0,0,african-american,45,11,0,0,single
54219.0,4,-2.48,3,0,0,0,1,caucasian,45,4,0,0,single
51082.0,6,-2.09,4,0,0,0,0,african-american,45,3,0,0,single
54955.0,3,-2.92,2,1,1,1,0,caucasian,45,3,0,1,separated
50941.0,1,-3.75,1,0,0,0,0,caucasian,45,0,0,1,significant other
52487.0,1,-2.53,3,0,0,0,0,african-american,45,1,0,1,single
56083.0,7,-2.56,2,0,0,0,1,african-american,45,3,0,0,single
58230.0,1,-3.55,1,0,0,0,1,caucasian,45,0,0,1,significant other
60792.0,1,-3.39,1,0,0,0,0,african-american,45,7,0,0,single
58793.0,1,-3.31,1,0,0,0,1,african-american,45,0,0,0,single
56045.0,9,-3.59,1,0,0,0,0,african-american,45,3,0,0,significant other
63464.0,1,-3.26,1,1,0,1,0,hispanic,45,0,0,1,separated
57788.0,2,-3.08,1,0,0,0,0,african-american,45,16,0,0,significant other
55221.0,1,-2.82,2,0,0,0,0,caucasian,45,1,0,1,significant other
57475.0,6,-2.48,3,0,0,0,0,hispanic,45,8,0,0,single
51347.0,1,-3.75,1,0,0,0,0,hispanic,45,1,0,1,single
54073.0,1,-3.59,1,0,0,0,0,hispanic,45,0,0,0,single
52693.0,1,-3.75,1,0,0,0,0,caucasian,45,0,0,0,other
48928.0,5,-2.47,3,1,0,1,0,caucasian,45,1,0,0,single
62365.0,1,-3.25,1,0,0,0,1,caucasian,45,0,0,1,single
53169.0,1,-3.63,1,0,0,0,0,african-american,44,0,0,0,single
59964.0,1,-3.17,1,0,0,0,0,caucasian,44,0,0,0,single
52462.0,1,-3.59,1,0,0,0,1,african-american,44,0,0,1,single
58250.0,1,-3.45,1,0,0,0,0,hispanic,44,0,0,1,single
50295.0,1,-2.65,2,1,1,1,0,hispanic,44,2,0,0,separated
57693.0,1,-3.38,1,0,0,0,0,african-american,44,0,0,0,single
56605.0,1,-3.71,1,0,0,0,1,hispanic,44,0,0,1,significant other
62063.0,1,-3.75,1,0,0,0,1,caucasian,44,0,0,1,significant other
37792.0,6,-1.99,4,1,1,1,0,caucasian,44,6,0,0,single
15718.0,1,-3.64,1,0,0,0,0,hispanic,44,2,0,1,separated
56014.0,1,-3.83,1,0,0,0,0,hispanic,44,0,0,1,separated
50890.0,2,-2.89,2,0,0,0,0,african-american,44,0,0,0,single
60838.0,1,-3.82,1,1,0,1,0,caucasian,44,1,0,1,single
56069.0,2,-2.55,3,0,0,0,0,caucasian,44,4,0,0,significant other
57843.0,8,-1.89,5,0,0,0,0,caucasian,44,1,0,0,significant other
60730.0,1,-3.39,1,0,0,0,1,caucasian,44,0,0,1,significant other
56546.0,1,-3.59,1,0,0,0,1,caucasian,44,1,0,0,single
52547.0,1,-3.2,1,0,0,0,0,african-american,44,0,0,0,single
57160.0,1,-3.31,1,0,0,0,1,african-american,44,0,0,0,separated
62060.0,3,-2.46,3,0,0,0,0,african-american,44,0,0,0,single
54500.0,3,-3.23,1,0,0,0,0,african-american,44,3,0,1,single
56281.0,1,-3.57,1,0,0,0,0,caucasian,44,4,0,0,single
58255.0,1,-3.31,1,1,0,0,0,caucasian,44,1,0,1,single
60089.0,1,-3.2,1,1,0,1,0,caucasian,44,0,0,1,single
51116.0,1,-3.51,1,0,0,0,0,hispanic,44,0,0,1,significant other
58356.0,1,-3.24,1,1,0,1,0,other,44,6,0,0,significant other
13917.0,3,-3.03,1,0,0,0,0,caucasian,44,6,0,0,separated
54835.0,6,-1.9,5,0,0,0,0,african-american,44,3,0,1,single
59301.0,1,-3.3,1,0,0,0,0,other,44,0,0,1,separated
57974.0,8,-1.81,5,1,0,1,0,african-american,44,14,0,0,single
61096.0,1,-3.83,1,0,0,0,1,hispanic,44,0,0,1,separated
55631.0,1,-2.77,2,1,0,1,0,caucasian,44,1,0,0,separated
57068.0,3,-1.68,6,0,0,0,0,caucasian,44,11,0,1,single
59823.0,1,-3.45,1,0,0,0,0,african-american,44,1,0,0,single
52211.0,2,-2.96,1,0,0,0,0,african-american,44,2,0,0,single
61089.0,5,-2.69,2,0,0,0,0,caucasian,44,1,0,0,single
51587.0,7,-2.15,4,0,0,0,0,african-american,44,2,0,1,single
54734.0,1,-3.79,1,0,0,0,0,other,44,0,0,0,significant other
58420.0,3,-3.31,1,0,0,0,0,hispanic,44,0,0,0,separated
58430.0,1,-3.59,1,0,0,0,0,african-american,44,0,0,1,single
61678.0,2,-3.4,1,0,0,0,0,caucasian,44,5,0,0,significant other
59207.0,2,-3.44,1,0,0,0,0,african-american,44,0,0,0,significant other
58660.0,1,-3.26,1,1,0,0,1,caucasian,44,0,0,1,single
56787.0,5,-1.96,5,1,0,1,0,african-american,44,7,0,0,single
61074.0,1,-3.49,1,0,0,0,0,caucasian,44,0,0,1,single
61293.0,1,-3.83,1,1,0,1,1,caucasian,44,1,0,0,single
58323.0,6,-2.76,2,0,0,0,0,african-american,44,6,0,0,single
60696.0,1,-3.79,1,1,1,1,0,caucasian,44,0,0,1,significant other
53835.0,7,-2.44,3,0,0,0,0,african-american,44,24,0,1,single
57498.0,2,-2.67,2,0,0,0,1,african-american,44,1,0,1,significant other
6954.0,7,-2.77,2,1,0,1,1,caucasian,44,11,0,0,single
53830.0,5,-2.33,3,1,0,1,0,caucasian,44,8,0,1,single
58878.0,1,-2.63,2,0,0,0,0,african-american,44,0,0,0,single
58777.0,4,-2.27,3,0,0,0,0,african-american,44,7,0,0,single
54348.0,1,-3.34,1,0,0,0,0,caucasian,44,0,0,1,separated
53985.0,7,-2.06,4,0,0,0,0,caucasian,44,0,0,0,single
53798.0,1,-3.53,1,0,0,0,0,caucasian,44,1,0,1,single
56739.0,2,-2.95,1,0,0,0,0,caucasian,44,0,0,1,significant other
51662.0,3,-2.96,1,0,0,0,0,african-american,44,1,0,1,single
4035.0,1,-2.99,1,0,0,0,0,caucasian,44,3,0,0,single
60742.0,4,-3.04,1,0,0,0,0,caucasian,44,2,0,1,single
54082.0,1,-3.6,1,0,0,0,0,caucasian,44,0,0,1,single
59199.0,2,-3.34,1,1,0,1,0,caucasian,44,0,0,0,significant other
7761.0,5,-2.83,2,1,0,1,1,caucasian,44,10,0,0,single
54542.0,3,-3.7,1,1,0,1,1,hispanic,44,4,0,0,significant other
60717.0,2,-2.95,1,1,0,1,0,caucasian,44,2,0,1,significant other
53811.0,1,-3.11,1,0,0,0,0,african-american,44,1,1,1,significant other
51510.0,6,-1.75,5,1,0,1,0,caucasian,44,8,0,0,single
53418.0,2,-3.22,1,0,0,0,0,hispanic,44,2,0,0,separated
56972.0,5,-1.88,5,1,0,1,0,caucasian,44,4,0,1,single
56173.0,8,-1.73,6,0,0,0,0,african-american,44,9,0,0,single
53831.0,4,-2.37,3,1,0,1,0,african-american,44,6,0,0,single
53352.0,5,-3.05,1,0,0,0,0,caucasian,44,3,0,0,significant other
53034.0,6,-2.69,2,1,0,1,1,caucasian,44,4,0,0,significant other
57295.0,5,-2.7,2,0,0,0,0,african-american,44,2,0,0,single
11820.0,4,-2.2,4,0,0,0,0,caucasian,44,4,0,1,separated
52686.0,1,-3.75,1,0,0,0,0,african-american,44,0,0,1,separated
53789.0,5,-2.65,2,0,0,0,1,caucasian,44,1,0,1,single
57549.0,3,-3.2,1,0,0,0,0,african-american,44,9,0,0,single
24748.0,4,-2.83,2,1,0,1,0,african-american,44,10,0,1,single
22990.0,6,-2.47,3,0,0,0,1,african-american,44,6,0,0,single
54905.0,6,-2.63,2,1,0,1,0,caucasian,44,6,0,0,single
54902.0,6,-2.11,4,1,0,0,0,african-american,44,7,1,0,single
58410.0,1,-3.47,1,1,0,1,1,caucasian,44,0,0,0,significant other
56267.0,3,-2.33,3,1,0,1,0,caucasian,44,2,0,0,single
53735.0,1,-3.45,1,1,1,1,1,caucasian,44,0,0,1,single
60774.0,2,-3.38,1,0,0,0,0,caucasian,44,5,0,0,single
51033.0,5,-2.09,4,0,0,0,0,african-american,44,0,0,1,separated
37045.0,3,-2.07,4,1,0,1,0,hispanic,44,7,0,0,significant other
56959.0,4,-3.18,1,0,0,0,0,caucasian,44,0,0,0,single
58937.0,1,-3.29,1,0,0,0,0,caucasian,44,0,0,1,single
9310.0,3,-2.17,4,0,0,0,0,caucasian,44,4,0,0,separated
51585.0,7,-2.43,3,0,0,0,0,caucasian,44,16,3,1,single
59469.0,3,-3.47,1,0,0,0,1,caucasian,44,1,0,1,significant other
58234.0,1,-3.5,1,0,0,0,0,african-american,44,0,0,0,significant other
54018.0,3,-3.37,1,0,0,0,0,african-american,43,2,0,0,significant other
57441.0,1,-3.79,1,0,0,0,0,hispanic,43,0,0,1,significant other
52947.0,1,-3.22,1,0,0,0,0,caucasian,43,2,0,0,separated
61885.0,2,-3.56,1,0,0,0,1,caucasian,43,0,0,1,separated
62238.0,9,-2.5,3,1,0,1,0,caucasian,43,0,0,0,single
53664.0,1,-3.54,1,0,0,0,0,african-american,43,0,0,0,single
13532.0,9,-1.32,7,0,0,0,1,african-american,43,9,1,1,single
20971.0,2,-3.41,1,1,0,1,0,other,43,2,0,0,separated
53836.0,9,-1.58,6,1,1,1,0,african-american,43,15,0,1,single
61234.0,1,-3.55,1,0,0,0,0,caucasian,43,0,0,1,single
51460.0,1,-3.54,1,1,0,1,0,african-american,43,0,0,0,single
60251.0,2,-3.55,1,0,0,0,1,african-american,43,2,0,1,separated
51160.0,3,-3.36,1,0,0,0,0,caucasian,43,8,0,0,significant other
58547.0,4,-2.29,3,1,0,1,0,african-american,43,18,0,0,single
59904.0,1,-3.63,1,0,0,0,1,caucasian,43,0,0,0,single
59459.0,1,-3.67,1,0,0,0,0,african-american,43,0,0,1,single
56407.0,2,-3.34,1,1,0,1,1,caucasian,43,0,0,1,single
15395.0,4,-2.95,1,1,0,1,0,caucasian,43,13,0,0,single
52367.0,1,-3.66,1,0,0,0,0,caucasian,43,2,0,0,significant other
56117.0,1,-3.71,1,1,1,1,1,caucasian,43,0,0,1,significant other
60935.0,4,-2.27,3,0,0,0,0,african-american,43,7,0,0,separated
17894.0,4,-3.21,1,1,0,1,0,caucasian,43,6,0,0,single
58888.0,5,-2.21,4,1,1,1,0,african-american,43,1,0,1,significant other
57501.0,3,-2.64,2,1,0,1,0,hispanic,43,3,0,1,single
52387.0,6,-2.98,1,0,0,0,0,caucasian,43,9,0,0,separated
57972.0,1,-3.26,1,0,0,0,0,caucasian,43,0,0,1,single
27745.0,4,-1.58,5,1,0,1,0,african-american,43,8,1,0,single
53302.0,6,-2.79,2,1,1,1,0,african-american,43,9,0,0,significant other
62296.0,1,-3.67,1,1,1,1,0,african-american,43,0,0,1,single
57025.0,1,-3.55,1,0,0,0,0,african-american,43,0,0,1,single
53699.0,5,-3.05,1,0,0,0,0,caucasian,43,4,0,0,single
46971.0,6,-1.41,7,1,0,1,0,african-american,43,7,0,0,single
60458.0,1,-2.81,2,1,1,1,0,african-american,43,4,0,0,single
53485.0,1,-3.54,1,0,0,0,1,caucasian,43,0,0,1,significant other
68025.0,7,-2.18,4,1,1,1,0,caucasian,43,11,0,0,single
54822.0,2,-3.29,1,0,0,0,1,caucasian,43,0,0,1,single
57564.0,5,-2.5,3,0,0,0,0,caucasian,43,1,0,0,single
52339.0,1,-3.7,1,0,0,0,0,caucasian,43,0,0,1,significant other
61270.0,3,-2.54,3,0,0,0,0,african-american,43,1,0,0,single
57273.0,1,-3.43,1,0,0,0,0,caucasian,43,2,0,0,single
51552.0,1,-3.42,1,0,0,0,0,caucasian,43,1,0,0,single
31864.0,8,-2.11,4,0,0,0,0,african-american,43,20,1,0,single
13699.0,6,-2.33,3,0,0,0,0,caucasian,43,12,0,0,single
52058.0,1,-3.55,1,0,0,0,1,caucasian,43,0,0,1,separated
61622.0,5,-2.08,4,1,0,1,0,african-american,43,0,0,0,single
58776.0,1,-3.63,1,0,0,0,0,african-american,43,1,0,1,significant other
57625.0,1,-3.66,1,0,0,0,0,caucasian,43,1,0,1,significant other
58924.0,4,-3.55,1,0,0,0,0,caucasian,43,0,0,1,separated
9694.0,6,-1.32,7,0,0,0,0,african-american,43,5,0,1,single
53569.0,9,-1.87,5,0,0,0,0,african-american,43,5,0,0,single
59210.0,6,-3.0,1,0,0,0,1,african-american,43,0,0,0,single
54411.0,1,-3.58,1,0,0,0,1,african-american,43,0,0,1,single
58981.0,1,-3.49,1,0,0,0,0,caucasian,43,2,0,0,significant other
57293.0,2,-3.36,1,1,0,1,0,caucasian,43,2,0,0,separated
61515.0,1,-2.99,1,0,0,0,0,other,43,2,0,1,single
54766.0,1,-3.38,1,0,0,0,1,african-american,43,0,0,1,significant other
50847.0,2,-3.03,1,0,0,0,0,other,43,2,0,1,significant other
57303.0,1,-3.3,1,0,0,0,0,hispanic,43,1,0,1,single
20236.0,1,-3.07,1,1,0,0,0,african-american,43,4,0,0,single
51375.0,7,-2.32,3,0,0,0,1,african-american,43,6,0,0,single
57940.0,4,-3.2,1,1,0,1,0,caucasian,43,0,0,1,single
55145.0,1,-3.52,1,0,0,0,0,african-american,43,1,0,1,single
62361.0,4,-3.02,1,0,0,0,0,african-american,43,0,0,0,single
61331.0,4,-2.7,2,0,0,0,0,caucasian,43,0,0,1,single
54864.0,3,-3.57,1,0,0,0,1,african-american,43,2,0,0,single
55840.0,1,-3.7,1,1,0,1,1,caucasian,43,0,0,0,single
58668.0,6,-3.23,1,0,0,0,1,caucasian,43,0,0,1,significant other
52860.0,1,-3.21,1,0,0,0,0,hispanic,43,0,0,1,significant other
55067.0,7,-2.43,3,0,0,0,0,african-american,43,23,1,0,single
59912.0,1,-3.01,1,1,0,1,0,african-american,43,3,0,0,single
59372.0,3,-2.42,3,1,0,1,0,african-american,43,8,0,0,single
51758.0,5,-2.47,3,0,0,0,0,african-american,43,0,0,0,single
59587.0,8,-2.03,4,0,0,0,1,caucasian,43,7,0,0,single
47710.0,2,-3.2,1,1,1,1,0,caucasian,43,1,0,0,significant other
51549.0,1,-2.92,2,0,0,0,0,caucasian,43,1,0,1,separated
54771.0,1,-3.27,1,1,0,1,0,caucasian,43,0,0,0,significant other
56542.0,1,-3.78,1,0,0,0,0,african-american,43,2,0,1,single
56466.0,1,-3.34,1,0,0,0,0,caucasian,43,1,0,0,single
56024.0,2,-3.62,1,1,1,1,1,caucasian,43,3,0,1,separated
3145.0,1,-3.23,1,0,0,0,0,other,43,2,0,0,significant other
61471.0,1,-3.32,1,0,0,0,0,other,43,1,0,0,single
53345.0,5,-2.37,3,1,1,1,0,caucasian,43,11,0,0,other
56073.0,1,-3.58,1,0,0,0,0,caucasian,43,0,0,0,significant other
55842.0,2,-3.25,1,0,0,0,0,caucasian,43,4,0,1,separated
59332.0,1,-3.66,1,0,0,0,0,caucasian,43,1,0,0,significant other
55877.0,1,-3.53,1,1,0,1,0,caucasian,43,3,0,1,single
56890.0,4,-2.44,3,0,0,0,0,other,43,3,0,0,significant other
52060.0,1,-3.52,1,1,0,1,0,hispanic,43,1,0,1,single
54787.0,1,-3.71,1,0,0,0,1,caucasian,43,0,0,1,significant other
61761.0,2,-2.85,2,0,0,0,0,african-american,43,8,0,1,single
54523.0,2,-2.81,2,0,0,0,0,other,43,3,0,0,significant other
53660.0,1,-3.51,1,0,0,0,0,african-american,43,2,0,0,single
60949.0,2,-3.31,1,1,0,1,1,african-american,43,2,0,0,significant other
56691.0,2,-3.2,1,1,0,1,1,african-american,43,3,0,0,single
54767.0,1,-3.18,1,1,0,1,0,african-american,43,0,0,0,single
8924.0,5,-1.61,6,0,0,0,0,caucasian,43,5,0,0,separated
8269.0,2,-2.1,4,0,0,0,0,caucasian,43,4,0,1,separated
57687.0,1,-3.71,1,0,0,0,0,african-american,43,1,0,0,single
51140.0,7,-1.63,6,0,0,0,0,african-american,43,2,0,0,single
52081.0,5,-3.14,1,0,0,0,1,caucasian,42,3,0,0,separated
51613.0,4,-2.87,2,0,0,0,0,caucasian,42,3,0,0,single
58079.0,1,-3.18,1,0,0,0,0,caucasian,42,0,0,1,single
31012.0,7,-1.65,6,1,0,1,0,african-american,42,14,0,0,significant other
41260.0,1,-2.67,2,1,0,1,0,caucasian,42,4,0,0,single
52266.0,6,-2.12,4,1,0,1,0,african-american,42,9,0,0,single
62065.0,2,-3.16,1,0,0,0,1,caucasian,42,0,0,1,significant other
16608.0,8,-1.7,6,1,0,1,0,african-american,42,13,2,1,single
60890.0,1,-3.74,1,0,0,0,0,caucasian,42,1,0,1,significant other
52624.0,1,-3.48,1,0,0,0,0,african-american,42,1,0,0,single
59530.0,4,-3.05,1,0,0,0,0,caucasian,42,0,0,0,single
51545.0,3,-3.07,1,0,0,0,1,african-american,42,2,0,1,single
61263.0,4,-2.49,3,1,0,1,0,african-american,42,1,0,0,single
60027.0,1,-3.52,1,0,0,0,0,african-american,42,4,0,1,separated
60887.0,1,-3.1,1,0,0,0,0,african-american,42,1,0,0,single
54695.0,5,-2.29,3,0,0,0,0,african-american,42,7,0,1,single
54640.0,1,-3.42,1,0,0,0,0,hispanic,42,1,0,0,separated
55439.0,1,-3.46,1,0,0,0,0,other,42,1,0,1,significant other
50027.0,3,-3.18,1,1,0,1,1,caucasian,42,1,0,0,single
17178.0,9,-1.79,5,1,0,1,0,african-american,42,5,1,0,single
62003.0,1,-3.56,1,0,0,0,1,caucasian,42,0,0,1,separated
54660.0,7,-2.39,3,1,0,1,0,african-american,42,33,0,0,single
59114.0,1,-3.59,1,0,0,0,0,caucasian,42,0,0,0,significant other
52138.0,2,-3.2,1,0,0,0,0,caucasian,42,1,0,0,single
58765.0,4,-2.57,2,0,0,0,0,caucasian,42,5,0,0,single
57905.0,4,-1.79,5,0,0,0,0,caucasian,42,2,0,1,significant other
61801.0,5,-2.97,1,1,1,1,0,african-american,42,7,0,0,single
59083.0,5,-2.1,4,0,0,0,0,african-american,42,2,0,0,single
57802.0,5,-2.57,2,0,0,0,0,african-american,42,8,0,0,single
31084.0,8,-1.11,8,1,0,1,0,african-american,42,6,0,0,significant other
57287.0,1,-3.17,1,0,0,0,0,other,42,1,0,0,single
55832.0,1,-3.7,1,0,0,0,0,caucasian,42,0,0,0,significant other
9130.0,6,-2.61,2,0,0,0,1,african-american,42,16,0,0,single
47596.0,4,-3.14,1,1,0,1,1,caucasian,42,5,0,1,separated
58347.0,1,-2.99,1,0,0,0,0,african-american,42,1,0,0,significant other
62315.0,6,-2.48,3,1,1,1,0,african-american,42,1,0,1,single
49128.0,7,-2.17,4,1,0,1,0,african-american,42,17,0,1,single
59097.0,1,-3.47,1,0,0,0,1,caucasian,42,0,0,1,single
58978.0,1,-3.67,1,0,0,0,0,hispanic,42,0,0,1,separated
19575.0,6,-1.57,6,0,0,0,0,african-american,42,5,0,0,single
50880.0,7,-1.99,4,0,0,0,0,african-american,42,0,0,1,significant other
59692.0,5,-2.88,2,0,0,0,0,caucasian,42,0,0,0,significant other
50569.0,5,-2.86,3,0,0,0,0,hispanic,42,3,0,1,separated
62282.0,1,-3.67,1,0,0,0,0,caucasian,42,0,0,1,significant other
52057.0,3,-3.33,1,0,0,0,0,caucasian,42,0,0,1,single
52857.0,1,-3.5,1,1,1,1,0,hispanic,42,1,0,0,single
59472.0,3,-3.4,1,0,0,0,0,other,42,6,0,1,single
58294.0,2,-3.21,1,0,0,0,1,african-american,42,1,0,0,significant other
50884.0,1,-3.47,1,0,0,0,0,african-american,42,3,0,0,significant other
57062.0,5,-2.48,3,1,0,1,0,caucasian,42,3,0,0,single
54306.0,3,-2.61,2,0,0,0,1,other,42,2,0,1,single
53394.0,2,-3.19,1,0,0,0,1,caucasian,42,0,0,1,single
55002.0,1,-3.21,1,0,0,0,0,african-american,42,0,0,0,single
56504.0,1,-3.62,1,0,0,0,0,caucasian,42,0,0,1,single
54007.0,1,-3.59,1,0,0,0,0,african-american,42,0,0,0,significant other
58226.0,5,-1.96,5,0,0,0,0,african-american,42,0,0,0,single
59565.0,5,-2.32,3,1,0,1,0,caucasian,42,2,0,0,significant other
51919.0,1,-3.67,1,0,0,0,0,caucasian,42,0,0,1,single
52445.0,2,-2.65,2,0,0,0,0,other,42,1,0,0,single
58281.0,5,-2.68,2,0,0,0,0,african-american,42,1,0,1,single
59923.0,1,-3.69,1,0,0,0,0,african-american,42,7,0,0,significant other
52337.0,1,-3.67,1,0,0,0,1,other,42,0,0,0,separated
7630.0,9,-1.42,7,1,0,1,0,african-american,42,7,1,0,single
57247.0,2,-2.88,2,1,0,1,0,african-american,42,1,0,1,single
53009.0,6,-2.59,2,0,0,0,0,caucasian,42,5,0,0,single
55368.0,1,-3.63,1,0,0,0,0,african-american,42,1,0,0,separated
58560.0,1,-3.5,1,0,0,0,1,african-american,42,1,0,0,single
57341.0,1,-3.3,1,0,0,0,1,caucasian,42,0,0,1,single
59248.0,2,-3.19,1,0,0,0,1,african-american,42,2,0,0,single
59909.0,2,-3.11,1,0,0,0,0,caucasian,42,0,0,0,single
62259.0,1,-3.63,1,0,0,0,1,african-american,42,0,0,0,significant other
52042.0,2,-3.05,1,0,0,0,0,other,42,0,0,1,single
58155.0,4,-3.14,1,0,0,0,0,caucasian,42,0,0,1,significant other
56532.0,4,-2.89,2,0,0,0,0,african-american,42,1,0,0,significant other
32347.0,8,-1.73,6,1,0,1,1,african-american,42,8,0,0,single
56818.0,6,-2.35,3,1,0,1,1,caucasian,42,4,0,1,separated
53307.0,1,-3.19,1,0,0,0,0,african-american,42,0,0,1,single
25656.0,2,-3.15,1,0,0,0,0,caucasian,42,1,0,1,significant other
55650.0,1,-3.35,1,0,0,0,1,caucasian,42,0,0,0,significant other
54708.0,1,-3.35,1,1,0,1,1,caucasian,42,0,0,0,single
55131.0,2,-2.99,1,0,0,0,1,caucasian,42,0,0,0,separated
60579.0,2,-3.38,1,1,0,1,1,caucasian,42,0,0,0,single
51648.0,1,-3.58,1,0,0,0,0,caucasian,42,1,0,0,separated
59573.0,4,-2.11,4,0,0,0,0,caucasian,42,8,0,0,single
58478.0,3,-2.61,2,1,1,1,0,caucasian,42,1,0,1,separated
43829.0,2,-2.85,2,1,0,1,0,caucasian,42,1,0,0,significant other
62332.0,5,-2.04,4,0,0,0,1,african-american,42,1,0,0,single
57356.0,3,-3.39,1,0,0,0,0,caucasian,42,6,0,0,single
58643.0,1,-3.66,1,0,0,0,1,african-american,42,1,0,0,single
54539.0,2,-3.39,1,0,0,0,0,african-american,42,1,0,0,significant other
62383.0,1,-3.46,1,0,0,0,0,hispanic,42,1,0,1,significant other
58737.0,6,-2.25,3,0,0,0,1,african-american,41,5,0,1,single
60101.0,1,-3.7,1,0,0,0,1,african-american,41,0,0,0,significant other
50240.0,2,-3.38,1,0,0,0,1,caucasian,41,1,0,1,single
60059.0,4,-2.18,4,1,0,1,0,caucasian,41,5,0,1,significant other
60956.0,1,-3.58,1,1,0,1,0,caucasian,41,0,0,0,separated
61398.0,2,-2.86,2,0,0,0,0,caucasian,41,2,0,1,single
8884.0,5,-2.94,2,1,0,1,0,caucasian,41,3,0,1,single
58664.0,1,-3.63,1,0,0,0,0,caucasian,41,0,0,0,single
61943.0,1,-3.43,1,0,0,0,0,hispanic,41,3,0,0,significant other
53128.0,1,-3.22,1,0,0,0,0,african-american,41,0,0,0,single
52519.0,1,-3.14,1,0,0,0,0,african-american,41,1,0,0,single
46052.0,7,-1.81,5,1,0,1,0,african-american,41,16,2,0,single
46334.0,6,-2.88,2,0,0,0,1,african-american,41,6,1,1,single
52276.0,9,-1.87,5,1,0,0,0,african-american,41,9,3,1,single
58306.0,6,-2.01,4,0,0,0,0,caucasian,41,1,0,0,separated
52594.0,2,-2.81,2,0,0,0,0,african-american,41,1,0,1,single
54540.0,1,-3.54,1,0,0,0,0,african-american,41,2,0,0,significant other
4961.0,7,-2.28,3,0,0,0,0,african-american,41,3,0,0,single
50876.0,1,-3.14,1,0,0,0,1,caucasian,41,0,0,1,single
54138.0,1,-3.59,1,0,0,0,0,african-american,41,0,0,0,significant other
61330.0,6,-2.89,2,1,0,1,0,caucasian,41,14,0,0,single
56191.0,1,-3.51,1,0,0,0,0,caucasian,41,0,0,0,single
53273.0,1,-3.58,1,0,0,0,1,african-american,41,0,0,1,significant other
57074.0,5,-2.63,2,0,0,0,0,african-american,41,1,0,1,single
55241.0,1,-3.58,1,0,0,0,0,hispanic,41,1,0,1,significant other
34047.0,9,-1.78,5,1,0,1,0,other,41,31,0,0,single
58455.0,2,-2.72,2,0,0,0,0,hispanic,41,2,0,0,single
60701.0,1,-3.35,1,0,0,0,0,african-american,41,0,0,1,single
58223.0,3,-2.91,2,1,1,1,0,african-american,41,6,2,0,significant other
54481.0,1,-3.62,1,0,0,0,0,caucasian,41,0,0,1,single
54666.0,3,-2.99,1,0,0,0,1,caucasian,41,0,0,0,single
59725.0,3,-3.21,1,1,0,1,0,caucasian,41,4,0,0,single
57871.0,1,-3.35,1,0,0,0,0,african-american,41,0,0,0,significant other
56987.0,4,-3.09,1,0,0,0,0,african-american,41,7,0,0,single
51235.0,9,-1.65,6,1,1,1,0,caucasian,41,17,0,1,single
59690.0,1,-3.11,1,1,0,1,0,african-american,41,4,0,1,single
45702.0,7,-1.78,5,1,1,1,1,caucasian,41,12,0,0,single
54525.0,2,-3.42,1,0,0,0,0,hispanic,41,9,0,0,significant other
54070.0,3,-2.28,3,0,0,0,1,other,41,2,0,0,single
51660.0,1,-3.58,1,0,0,0,0,caucasian,41,0,0,1,separated
4086.0,8,-0.87,9,1,0,1,0,african-american,41,14,3,1,single
13602.0,5,-2.6,2,0,0,0,0,african-american,41,4,0,0,single
60740.0,1,-3.63,1,0,0,0,0,hispanic,41,1,0,1,separated
60368.0,2,-3.06,1,1,0,1,0,african-american,41,3,0,1,significant other
59172.0,1,-3.67,1,0,0,0,1,african-american,41,0,0,1,significant other
59286.0,6,-2.46,3,1,0,1,0,african-american,41,8,0,0,single
60218.0,1,-3.39,1,0,0,0,0,african-american,41,0,0,1,significant other
60611.0,8,-2.83,2,1,0,1,0,other,41,2,0,0,single
61434.0,4,-2.51,3,0,0,0,0,african-american,41,1,0,0,single
59311.0,6,-2.66,2,1,0,1,0,african-american,41,6,0,0,single
57189.0,1,-3.58,1,0,0,0,0,caucasian,41,5,0,0,single
56618.0,5,-2.62,2,0,0,0,1,caucasian,41,3,0,0,significant other
59197.0,2,-3.51,1,0,0,0,0,hispanic,41,2,0,1,significant other
38845.0,1,-3.53,1,0,0,0,0,hispanic,41,1,0,1,single
6462.0,9,-0.79,9,1,1,1,0,african-american,41,25,0,0,single
54622.0,1,-3.26,1,0,0,0,0,caucasian,41,1,0,0,single
60524.0,7,-3.06,1,0,0,0,0,african-american,41,0,0,0,significant other
51620.0,2,-3.19,1,1,0,1,1,african-american,41,4,0,0,single
56158.0,6,-1.93,5,1,0,1,1,african-american,41,2,0,0,single
61210.0,1,-3.35,1,1,0,1,0,hispanic,41,0,0,0,significant other
49582.0,2,-3.27,1,0,0,0,1,caucasian,41,1,0,1,significant other
57174.0,1,-3.34,1,1,0,1,0,caucasian,41,0,0,1,single
57976.0,4,-2.85,2,0,0,0,0,african-american,41,0,0,0,single
51573.0,1,-3.5,1,0,0,0,0,caucasian,41,0,0,1,separated
20025.0,9,-1.36,7,1,0,1,0,african-american,41,10,1,0,single
58592.0,7,-2.41,3,1,1,1,0,african-american,41,7,1,1,single
52279.0,2,-3.02,1,0,0,0,0,caucasian,41,0,0,0,single
55234.0,1,-3.22,1,0,0,0,0,caucasian,41,2,0,1,single
56295.0,6,-2.88,2,0,0,0,0,african-american,41,0,0,1,significant other
29358.0,8,-2.67,2,1,0,0,0,african-american,41,19,0,0,single
55806.0,3,-3.11,1,0,0,0,0,hispanic,41,0,0,0,separated
52165.0,9,-1.72,6,0,0,0,0,african-american,41,9,1,1,single
53196.0,1,-3.34,1,0,0,0,1,caucasian,41,1,0,1,single
43223.0,3,-2.2,4,1,0,0,0,african-american,41,6,0,0,single
13278.0,2,-1.99,4,1,0,1,0,african-american,41,8,0,0,single
37158.0,9,-2.22,4,0,0,0,0,african-american,41,7,0,0,single
60241.0,2,-3.23,1,0,0,0,0,caucasian,41,0,0,1,single
56999.0,6,-2.47,3,1,0,1,0,african-american,41,14,0,0,single
54520.0,2,-3.41,1,1,0,1,0,caucasian,41,1,0,1,single
22507.0,10,-1.11,8,1,0,1,0,african-american,41,18,2,1,single
61655.0,1,-3.23,1,0,0,0,1,hispanic,41,0,0,0,separated
59299.0,5,-1.37,7,0,0,0,0,caucasian,41,1,0,0,significant other
53901.0,1,-3.37,1,0,0,0,0,caucasian,41,3,0,1,single
62257.0,1,-3.54,1,0,0,0,0,caucasian,41,2,0,0,significant other
2188.0,5,-1.59,6,0,0,0,0,african-american,41,5,0,1,significant other
54331.0,1,-3.53,1,0,0,0,0,caucasian,41,0,0,0,single
56152.0,3,-3.12,1,0,0,0,1,african-american,41,2,0,1,single
51129.0,6,-2.76,2,0,0,0,0,caucasian,41,9,0,1,single
54589.0,6,-2.53,3,1,0,0,0,african-american,41,19,0,0,single
60858.0,1,-3.54,1,0,0,0,1,hispanic,41,0,0,0,separated
61071.0,4,-2.61,2,1,0,1,0,african-american,41,3,0,0,single
56654.0,5,-2.28,3,0,0,0,0,african-american,41,2,0,0,single
62088.0,1,-3.69,1,0,0,0,0,caucasian,41,1,0,0,significant other
61297.0,6,-1.94,5,1,1,1,0,african-american,41,2,0,1,single
28188.0,3,-2.8,2,1,0,0,0,african-american,41,7,0,1,single
59250.0,1,-3.19,1,0,0,0,0,caucasian,41,5,0,0,single
59349.0,1,-3.25,1,0,0,0,0,caucasian,41,0,0,1,significant other
57100.0,1,-3.42,1,0,0,0,0,other,41,0,0,1,significant other
54188.0,4,-2.87,2,1,0,1,1,african-american,41,7,0,0,single
52830.0,4,-2.75,2,0,0,0,0,african-american,41,8,0,0,significant other
60308.0,1,-3.46,1,0,0,0,1,caucasian,41,0,0,1,single
19804.0,5,-1.74,5,0,0,0,0,african-american,41,13,0,0,single
58683.0,4,-3.27,1,1,0,1,1,caucasian,41,9,0,1,significant other
2067.0,8,-2.11,4,1,0,1,1,african-american,41,8,0,0,single
60320.0,4,-2.29,3,0,0,0,0,caucasian,40,3,0,1,single
57720.0,2,-3.17,1,0,0,0,1,hispanic,40,2,0,1,single
52524.0,1,-3.05,1,1,0,1,0,other,40,4,0,0,single
52104.0,2,-3.25,1,0,0,0,0,caucasian,40,1,0,0,single
59821.0,2,-3.35,1,0,0,0,1,caucasian,40,0,0,1,single
59969.0,2,-3.34,1,0,0,0,1,caucasian,40,0,0,0,single
56328.0,2,-3.42,1,0,0,0,0,caucasian,40,0,0,1,single
59879.0,1,-3.38,1,0,0,0,0,african-american,40,1,0,0,single
53636.0,1,-3.57,1,0,0,0,0,other,40,0,0,0,single
58322.0,2,-3.07,1,0,0,0,1,other,40,3,0,0,single
51320.0,2,-3.0,1,0,0,0,0,african-american,40,0,0,0,significant other
50954.0,1,-3.61,1,0,0,0,0,other,40,0,0,1,significant other
11592.0,5,-1.99,4,1,0,1,0,caucasian,40,4,0,0,single
61136.0,1,-3.46,1,0,0,0,0,hispanic,40,0,0,1,significant other
62246.0,1,-3.51,1,0,0,0,1,african-american,40,0,0,0,single
60204.0,7,-1.62,6,1,1,1,1,african-american,40,15,0,0,single
52235.0,2,-3.17,1,0,0,0,0,african-american,40,3,0,0,single
3176.0,5,-2.41,3,0,0,0,0,african-american,40,21,0,0,separated
4403.0,1,-3.06,1,0,0,0,0,caucasian,40,3,0,0,single
56079.0,1,-3.34,1,0,0,0,0,other,40,1,0,0,significant other
62113.0,2,-3.26,1,1,0,1,1,hispanic,40,7,0,0,single
60324.0,5,-2.8,2,1,0,1,0,hispanic,40,8,0,0,single
57737.0,1,-3.54,1,0,0,0,0,other,40,1,0,0,single
54439.0,4,-2.78,2,0,0,0,0,caucasian,40,6,0,0,significant other
57563.0,9,-2.55,3,0,0,0,0,african-american,40,13,0,0,single
59049.0,2,-2.94,2,0,0,0,1,caucasian,40,0,0,0,single
53725.0,1,-3.57,1,0,0,0,0,african-american,40,0,0,0,single
60187.0,2,-3.13,1,0,0,0,0,hispanic,40,0,0,1,single
52841.0,2,-3.15,1,0,0,0,0,caucasian,40,0,0,0,single
60230.0,1,-3.5,1,0,0,0,0,caucasian,40,4,0,1,single
52588.0,3,-3.01,1,0,0,0,0,african-american,40,1,0,0,single
59684.0,1,-3.3,1,0,0,0,1,other,40,0,0,0,separated
34198.0,4,-1.84,5,1,0,1,0,african-american,40,8,0,1,single
53271.0,1,-3.42,1,0,0,0,0,caucasian,40,2,0,1,single
4334.0,3,-2.04,4,0,0,0,0,caucasian,40,4,0,0,single
62409.0,8,-1.92,5,1,0,1,0,african-american,40,3,0,0,single
57211.0,6,-1.14,8,1,1,1,0,african-american,40,23,2,1,single
13385.0,7,-1.06,8,0,0,0,0,african-american,40,3,0,0,single
58437.0,1,-3.54,1,0,0,0,0,hispanic,40,0,0,0,significant other
58763.0,9,-1.72,6,0,0,0,0,caucasian,40,9,1,0,single
61256.0,1,-3.52,1,1,0,1,0,african-american,40,1,0,0,separated
52213.0,1,-3.37,1,0,0,0,1,african-american,40,2,0,0,single
52119.0,1,-3.45,1,0,0,0,1,hispanic,40,1,0,1,significant other
52696.0,8,-0.85,9,0,0,0,0,african-american,40,7,0,0,single
58307.0,3,-2.89,2,1,1,1,0,african-american,40,11,0,1,single
51771.0,3,-2.51,3,0,0,0,0,hispanic,40,0,0,1,single
50871.0,9,-0.15,10,1,0,1,0,african-american,40,5,0,0,single
56780.0,7,-2.12,4,0,0,0,0,african-american,40,20,0,0,single
52637.0,1,-3.53,1,0,0,0,1,caucasian,40,0,0,1,significant other
52193.0,8,-0.69,9,1,0,1,0,caucasian,40,8,0,0,single
57624.0,3,-2.37,3,1,1,0,0,african-american,40,2,0,1,single
51060.0,4,-3.09,1,1,0,0,1,caucasian,40,4,0,0,single
62081.0,6,-2.99,1,1,0,1,1,caucasian,40,3,0,0,single
57987.0,4,-3.22,1,0,0,0,1,african-american,40,7,0,1,significant other
62369.0,7,-0.69,9,1,0,1,0,caucasian,40,0,0,0,significant other
5446.0,3,-1.96,5,1,1,1,0,caucasian,40,4,0,0,separated
52831.0,1,-3.33,1,0,0,0,1,african-american,40,4,0,1,separated
59925.0,1,-3.46,1,0,0,0,0,caucasian,40,1,0,0,single
62290.0,1,-3.29,1,0,0,0,1,other,40,0,0,0,significant other
52055.0,4,-2.99,1,0,0,0,0,african-american,40,2,0,0,single
50981.0,10,-0.69,9,1,1,1,0,african-american,40,0,0,0,single
57150.0,1,-3.4,1,0,0,0,0,african-american,40,1,0,0,single
62000.0,1,-3.54,1,0,0,0,0,caucasian,40,0,0,0,single
8728.0,8,-1.27,7,1,0,1,0,african-american,40,24,2,1,significant other
40670.0,2,-2.74,2,0,0,0,0,hispanic,40,1,0,1,significant other
35453.0,7,-1.74,5,1,0,1,0,caucasian,40,10,0,0,single
55275.0,1,-3.49,1,0,0,0,1,african-american,40,1,0,0,single
56852.0,1,-2.66,2,0,0,0,0,african-american,40,1,0,1,single
53825.0,8,-1.59,6,0,0,0,0,african-american,40,15,1,0,single
52904.0,3,-3.19,1,0,0,0,0,caucasian,40,5,0,0,significant other
60228.0,1,-3.29,1,0,0,0,1,caucasian,40,0,0,1,significant other
62115.0,7,-2.1,4,0,0,0,0,african-american,40,6,0,0,single
59669.0,7,-1.99,4,1,1,1,0,other,40,8,0,0,single
56705.0,2,-3.25,1,0,0,0,1,caucasian,40,0,0,0,separated
61873.0,1,-3.33,1,0,0,0,0,african-american,40,1,0,0,single
41868.0,10,-2.25,3,0,0,0,1,caucasian,40,5,0,0,single
53084.0,1,-3.33,1,1,1,1,1,caucasian,40,3,0,0,separated
57470.0,5,-3.12,1,0,0,0,0,hispanic,40,0,0,0,other
59954.0,4,-2.51,3,0,0,0,0,caucasian,40,1,0,1,single
56437.0,1,-2.64,2,1,0,1,0,caucasian,40,5,0,0,significant other
53510.0,10,-0.65,9,1,1,1,1,african-american,40,13,0,0,single
53557.0,6,-2.86,2,0,0,0,0,other,40,2,0,1,single
54221.0,1,-3.25,1,0,0,0,0,african-american,40,0,0,1,single
57292.0,4,-3.08,1,0,0,0,0,caucasian,40,5,0,0,single
56156.0,2,-3.14,1,0,0,0,0,african-american,40,0,0,0,single
60055.0,1,-3.36,1,1,0,1,0,caucasian,40,0,0,1,significant other
55837.0,2,-3.27,1,0,0,0,0,african-american,40,2,0,0,single
57653.0,7,-1.36,7,0,0,0,0,caucasian,40,4,0,0,single
53140.0,2,-2.98,1,0,0,0,1,caucasian,40,1,0,0,separated
61289.0,5,-2.63,2,0,0,0,1,caucasian,40,0,0,1,single
58792.0,1,-3.28,1,0,0,0,0,caucasian,40,0,0,1,single
53814.0,2,-3.2,1,0,0,0,0,caucasian,40,0,0,0,single
48340.0,9,-1.27,7,1,1,1,0,african-american,40,15,0,0,single
56448.0,3,-3.46,1,0,0,0,0,caucasian,40,1,0,0,single
60144.0,2,-3.33,1,0,0,0,1,hispanic,39,2,0,0,single
56835.0,1,-2.85,2,1,1,1,0,hispanic,39,2,0,0,single
55000.0,7,-2.02,4,0,0,0,0,african-american,39,5,0,0,significant other
53844.0,2,-2.87,2,1,0,1,0,caucasian,39,2,0,0,single
55507.0,6,-2.87,2,0,0,0,1,caucasian,39,0,0,1,single
7290.0,4,-2.71,2,1,0,0,0,caucasian,39,3,0,0,significant other
60400.0,6,-3.13,1,0,0,0,0,african-american,39,1,0,0,single
59381.0,1,-2.65,2,0,0,0,0,caucasian,39,1,0,0,single
54135.0,2,-3.34,1,0,0,0,0,african-american,39,2,0,1,significant other
57123.0,1,-3.26,1,0,0,0,0,hispanic,39,0,0,0,single
61102.0,10,-2.44,3,1,1,1,1,african-american,39,22,2,0,single
56179.0,6,-3.07,1,0,0,0,1,african-american,39,4,0,0,single
50966.0,5,-2.69,2,0,0,0,0,caucasian,39,0,0,1,single
51379.0,5,-2.87,2,0,0,0,1,african-american,39,6,1,0,separated
60300.0,6,-3.12,1,1,0,1,0,african-american,39,19,0,1,single
61996.0,1,-3.37,1,0,0,0,1,caucasian,39,0,0,1,single
60420.0,6,-2.5,3,0,0,0,0,caucasian,39,2,0,0,single
5025.0,2,-2.67,2,1,0,0,0,caucasian,39,2,0,1,single
58299.0,1,-3.49,1,0,0,0,0,caucasian,39,2,0,1,single
54702.0,3,-2.81,2,0,0,0,0,african-american,39,1,0,0,significant other
56979.0,2,-2.97,1,0,0,0,0,hispanic,39,2,0,0,significant other
51126.0,9,-2.29,3,0,0,0,0,african-american,39,10,4,1,single
57686.0,1,-3.17,1,0,0,0,0,caucasian,39,1,0,0,single
60337.0,1,-3.53,1,1,0,0,0,other,39,0,0,1,significant other
53315.0,1,-3.28,1,1,1,1,1,caucasian,39,0,0,1,single
52433.0,5,-2.79,2,1,0,1,1,african-american,39,0,0,0,single
56667.0,4,-2.74,4,0,0,0,0,caucasian,39,1,1,1,single
62123.0,6,-2.54,3,1,0,1,1,caucasian,39,11,1,0,significant other
50867.0,7,-1.93,5,1,0,1,0,caucasian,39,17,7,0,separated
29582.0,4,-2.3,3,0,0,0,0,caucasian,39,5,0,1,separated
59865.0,1,-3.5,1,0,0,0,0,caucasian,39,1,0,0,significant other
53425.0,3,-2.81,2,0,0,0,0,caucasian,39,0,0,0,single
28374.0,10,-1.02,8,0,0,0,0,african-american,39,35,0,0,single
53733.0,2,-3.1,1,1,0,1,0,african-american,39,1,0,1,significant other
59279.0,1,-3.53,1,0,0,0,0,other,39,0,0,1,significant other
52246.0,3,-2.99,1,1,0,0,0,african-american,39,2,0,0,single
52159.0,1,-3.23,1,1,0,1,0,caucasian,39,2,0,0,single
53175.0,5,-2.25,3,1,0,1,0,caucasian,39,9,0,0,significant other
15379.0,8,-1.55,6,1,1,1,0,african-american,39,13,0,0,single
52299.0,3,-2.48,3,0,0,0,1,african-american,39,3,0,0,significant other
57105.0,3,-2.48,3,0,0,0,0,caucasian,39,0,0,1,separated
54252.0,5,-2.99,1,0,0,0,0,african-american,39,9,0,0,single
61351.0,10,-0.96,9,1,0,1,0,african-american,39,8,2,0,single
53915.0,1,-2.61,2,1,0,0,0,african-american,39,1,0,0,significant other
56325.0,9,-1.95,5,0,0,0,0,african-american,39,4,0,0,single
57915.0,4,-2.59,2,0,0,0,0,african-american,39,4,0,0,single
61119.0,3,-2.22,4,0,0,0,0,caucasian,39,1,0,0,single
60158.0,1,-3.33,1,0,0,0,0,caucasian,39,0,0,1,single
58543.0,3,-2.56,2,1,0,1,0,african-american,39,3,0,0,single
52998.0,3,-3.05,1,0,0,0,0,caucasian,39,2,0,0,separated
57558.0,6,-1.98,4,0,0,0,0,caucasian,39,8,0,0,single
18072.0,4,-2.28,3,0,0,0,1,caucasian,39,1,0,0,single
59763.0,10,-0.61,10,0,0,0,0,caucasian,39,21,0,0,significant other
51616.0,1,-3.42,1,0,0,0,0,african-american,39,2,0,1,single
58727.0,3,-3.17,1,1,0,1,0,african-american,39,6,0,0,single
51623.0,1,-3.53,1,0,0,0,0,african-american,39,0,0,1,single
52772.0,2,-3.13,1,0,0,0,1,african-american,39,1,0,0,single
58823.0,5,-2.86,2,1,0,1,1,african-american,39,0,0,0,separated
57337.0,1,-3.56,1,0,0,0,0,african-american,39,0,0,0,single
62341.0,1,-3.37,1,0,0,0,0,hispanic,39,0,0,0,single
67356.0,3,-2.82,1,0,0,0,1,caucasian,39,3,0,0,single
50970.0,1,-3.41,1,0,0,0,1,other,39,0,0,0,single
54403.0,1,-3.1,1,0,0,0,0,caucasian,39,1,0,0,significant other
60951.0,2,-3.36,1,0,0,0,0,caucasian,39,0,0,0,single
56710.0,4,-3.3,1,0,0,0,0,caucasian,39,0,0,0,single
53435.0,8,-2.11,4,0,0,0,0,african-american,39,1,0,0,single
51644.0,3,-3.22,1,0,0,0,0,hispanic,39,2,0,1,single
61683.0,7,-2.82,2,1,0,1,1,african-american,39,1,0,0,significant other
55859.0,2,-3.3,1,1,0,1,0,caucasian,39,2,0,0,separated
53777.0,1,-3.45,1,0,0,0,1,african-american,39,1,0,0,significant other
57481.0,1,-3.18,1,0,0,0,0,other,39,1,0,1,single
60346.0,1,-3.49,1,0,0,0,0,caucasian,39,0,0,1,single
52774.0,4,-2.87,2,0,0,0,0,african-american,39,1,0,1,single
51076.0,2,-2.84,2,0,0,0,0,caucasian,39,0,0,1,single
52982.0,6,-3.05,1,1,0,1,1,african-american,39,22,0,0,single
52899.0,1,-3.41,1,0,0,0,0,other,39,0,0,0,single
57995.0,1,-3.52,1,0,0,0,0,caucasian,39,0,0,1,single
53190.0,1,-2.44,3,0,0,0,0,caucasian,39,8,0,0,single
56254.0,1,-3.48,1,0,0,0,0,caucasian,39,1,0,0,single
60383.0,1,-2.77,2,1,0,1,0,caucasian,39,3,1,1,single
52759.0,4,-2.91,2,1,0,0,0,african-american,39,3,0,1,single
57067.0,3,-3.1,1,0,0,0,0,caucasian,39,0,0,0,significant other
53718.0,1,-3.25,1,0,0,0,0,hispanic,39,0,0,0,other
54737.0,1,-3.24,1,0,0,0,0,caucasian,39,0,0,0,significant other
52864.0,3,-1.69,6,0,0,0,0,caucasian,39,3,0,0,single
51944.0,1,-3.3,1,1,1,1,0,caucasian,39,3,0,0,single
53224.0,2,-2.44,3,0,0,0,0,african-american,39,3,0,0,single
54879.0,4,-2.55,3,1,1,1,0,african-american,39,3,0,0,single
57807.0,4,-2.72,2,0,0,0,0,african-american,39,1,0,0,single
60892.0,5,-2.98,1,0,0,0,0,other,39,6,0,0,single
41432.0,4,-3.22,1,0,0,0,0,hispanic,39,3,0,0,single
55048.0,1,-3.39,1,0,0,0,1,other,39,0,0,0,separated
55407.0,5,-1.85,5,0,0,0,1,african-american,39,1,0,0,single
53293.0,2,-3.18,1,0,0,0,0,caucasian,39,3,0,0,separated
8925.0,8,-1.64,6,1,1,1,0,african-american,39,7,0,0,single
59502.0,3,-2.98,1,0,0,0,0,caucasian,39,2,0,1,single
51803.0,7,-2.16,4,1,0,1,0,african-american,39,6,1,1,single
58218.0,1,-3.34,1,1,0,1,0,caucasian,39,0,0,0,single
60755.0,1,-3.16,1,0,0,0,0,caucasian,39,1,0,0,separated
53998.0,8,-1.96,5,1,0,1,0,caucasian,39,10,0,0,single
59018.0,2,-2.92,2,0,0,0,0,caucasian,39,2,0,0,separated
60012.0,1,-3.52,1,1,1,1,0,hispanic,39,0,0,1,significant other
39369.0,9,-1.46,7,1,0,1,0,caucasian,39,16,0,0,separated
51596.0,6,-2.86,2,0,0,0,1,african-american,39,3,0,1,single
62122.0,3,-2.88,2,0,0,0,0,caucasian,39,0,0,0,single
60609.0,4,-2.16,4,0,0,0,1,caucasian,39,1,0,0,single
17682.0,2,-3.01,1,1,0,1,0,african-american,39,1,0,0,single
51164.0,3,-2.66,2,0,0,0,0,african-american,39,0,0,0,significant other
51168.0,2,-2.8,2,0,0,0,0,hispanic,39,1,0,1,significant other
54106.0,1,-3.22,1,0,0,0,0,caucasian,39,1,0,0,single
46058.0,1,-3.51,1,0,0,0,0,hispanic,39,3,0,1,significant other
32759.0,4,-2.87,2,0,0,0,0,african-american,39,8,0,0,single
49241.0,4,-2.18,3,1,1,1,1,hispanic,39,10,2,0,separated
53143.0,2,-3.22,1,0,0,0,1,african-american,39,7,1,0,single
10467.0,3,-2.71,2,0,0,0,0,caucasian,39,5,0,0,single
53903.0,1,-3.09,1,1,0,1,0,african-american,39,2,0,1,single
60157.0,1,-3.45,1,0,0,0,0,caucasian,39,0,0,0,single
56272.0,1,-3.45,1,0,0,0,1,african-american,39,1,0,0,significant other
54124.0,9,-1.36,7,1,0,1,0,african-american,39,19,5,0,single
51819.0,3,-2.19,4,0,0,0,0,african-american,39,0,0,1,single
54063.0,1,-3.48,1,0,0,0,0,caucasian,39,1,0,0,single
61631.0,4,-1.98,4,1,0,1,0,caucasian,39,0,0,0,single
63108.0,2,-2.9,1,1,1,1,0,other,39,1,0,0,single
54556.0,5,-3.0,1,1,0,1,1,caucasian,39,2,0,0,single
59898.0,4,-2.6,2,0,0,0,0,caucasian,39,2,0,1,single
57080.0,4,-3.08,1,0,0,0,1,caucasian,39,1,0,0,single
54713.0,1,-3.21,1,1,1,0,0,african-american,39,0,0,1,single
55298.0,1,-3.01,1,0,0,0,0,african-american,39,1,0,0,single
56730.0,1,-3.37,1,0,0,0,0,caucasian,39,0,0,1,single
59942.0,4,-2.93,2,0,0,0,0,other,39,1,0,0,single
58830.0,2,-3.28,1,0,0,0,1,caucasian,39,0,0,1,separated
56994.0,1,-3.41,1,1,1,1,1,caucasian,39,0,0,0,significant other
57335.0,6,-2.6,2,0,0,0,0,caucasian,39,6,0,0,single
58261.0,6,-1.42,7,1,1,1,0,african-american,38,6,0,0,single
29994.0,10,-1.11,8,0,0,0,0,caucasian,38,17,0,0,single
51030.0,7,-2.78,2,1,0,1,0,hispanic,38,7,2,0,significant other
1851.0,7,-2.27,3,0,0,0,0,african-american,38,14,0,0,single
50907.0,3,-2.44,3,1,0,1,0,caucasian,38,0,0,0,single
52298.0,6,-1.84,5,0,0,0,0,african-american,38,15,0,0,single
53049.0,5,-2.83,2,1,0,1,0,caucasian,38,5,0,1,single
52170.0,1,-3.29,1,1,0,1,0,other,38,0,0,0,single
51600.0,8,-1.71,6,0,0,0,0,african-american,38,0,0,0,single
57922.0,2,-2.57,2,1,0,0,0,caucasian,38,0,0,1,separated
58132.0,1,-3.25,1,0,0,0,0,hispanic,38,0,0,1,significant other
1476.0,2,-2.69,2,0,0,0,0,african-american,38,4,0,1,single
59693.0,3,-3.04,1,0,0,0,0,caucasian,38,3,0,1,other
53993.0,1,-3.56,1,0,0,0,0,caucasian,38,0,0,0,single
53120.0,1,-3.26,1,0,0,0,0,african-american,38,2,0,0,significant other
56874.0,1,-3.49,1,0,0,0,1,african-american,38,0,0,1,separated
56948.0,6,-1.2,8,0,0,0,0,african-american,38,9,0,0,single
58826.0,1,-3.49,1,0,0,0,1,caucasian,38,0,0,0,significant other
56821.0,1,-3.34,1,0,0,0,0,caucasian,38,0,0,1,single
54527.0,1,-3.52,1,0,0,0,1,other,38,0,0,1,significant other
51023.0,1,-3.35,1,0,0,0,0,hispanic,38,1,0,1,separated
51035.0,2,-3.18,1,1,0,1,0,african-american,38,3,0,0,single
55350.0,4,-2.33,3,0,0,0,0,african-american,38,6,1,0,single
55765.0,5,-2.8,2,1,0,1,1,caucasian,38,2,0,0,single
60092.0,1,-3.4,1,0,0,0,1,other,38,0,0,0,single
55259.0,9,-1.78,5,1,1,1,0,african-american,38,19,0,0,single
59306.0,4,-2.87,2,0,0,0,0,african-american,38,5,0,1,significant other
60769.0,3,-2.36,3,1,0,1,0,other,38,2,0,0,significant other
61039.0,3,-2.94,2,0,0,0,0,african-american,38,4,0,0,single
55096.0,1,-3.48,1,0,0,0,0,african-american,38,0,0,0,single
52195.0,4,-2.74,2,0,0,0,0,caucasian,38,0,0,0,single
51378.0,10,-0.78,9,1,0,1,1,african-american,38,7,0,0,single
11081.0,5,-1.66,6,0,0,0,0,african-american,38,3,0,0,single
59637.0,4,-1.93,5,0,0,0,0,hispanic,38,0,0,0,separated
53499.0,7,-2.31,3,1,1,1,0,african-american,38,2,0,0,single
62415.0,7,-2.59,2,1,1,1,0,african-american,38,37,5,1,significant other
56406.0,9,-0.68,9,1,1,1,0,african-american,38,22,5,1,single
52294.0,9,-2.41,3,0,0,0,0,african-american,38,15,0,0,separated
59452.0,1,-2.61,2,1,0,1,0,caucasian,38,5,0,0,significant other
50411.0,2,-2.75,2,0,0,0,0,african-american,38,1,0,1,significant other
18546.0,7,-1.51,6,0,0,0,0,african-american,38,8,1,1,single
50995.0,1,-3.43,1,0,0,0,0,caucasian,38,0,0,0,single
51984.0,4,-3.04,1,0,0,0,0,african-american,38,3,0,0,single
62202.0,4,-2.98,1,0,0,0,1,african-american,38,0,0,1,single
47525.0,9,-1.6,6,1,1,1,0,african-american,38,16,5,1,single
48654.0,1,-3.02,1,0,0,0,0,african-american,38,1,0,1,significant other
62295.0,1,-3.45,1,0,0,0,0,other,38,2,0,0,single
4204.0,3,-2.59,2,0,0,0,0,african-american,38,5,0,0,significant other
50952.0,2,-3.03,1,0,0,0,1,african-american,38,0,0,1,single
57696.0,1,-3.57,1,0,0,0,0,other,38,1,0,0,single
60529.0,1,-3.37,1,0,0,0,0,african-american,38,0,0,0,single
10495.0,1,-3.47,1,0,0,0,0,caucasian,38,8,0,0,single
51817.0,2,-2.7,2,1,0,1,0,caucasian,38,4,0,1,single
21295.0,7,-1.63,6,1,0,1,0,african-american,38,2,0,0,single
61034.0,1,-3.25,1,0,0,0,0,african-american,38,0,0,0,significant other
50922.0,6,-2.35,3,0,0,0,0,caucasian,38,1,0,1,single
58479.0,6,-2.19,4,0,0,0,0,african-american,38,8,6,1,significant other
53308.0,1,-2.97,1,0,0,0,1,caucasian,38,0,0,0,separated
52284.0,4,-2.47,3,1,0,1,0,african-american,38,2,0,1,single
54763.0,1,-3.38,1,0,0,0,0,hispanic,38,0,0,1,single
53968.0,1,-3.24,1,0,0,0,1,african-american,38,1,0,0,single
19588.0,2,-2.09,4,0,0,0,0,caucasian,38,8,0,0,single
53552.0,8,-1.21,8,1,0,1,0,african-american,38,0,0,1,single
60264.0,3,-2.85,2,0,0,0,0,caucasian,38,2,0,0,single
58241.0,3,-2.62,2,0,0,0,1,caucasian,38,2,0,1,single
61195.0,8,-2.12,4,0,0,0,0,african-american,38,14,5,0,single
53399.0,2,-3.18,1,0,0,0,0,african-american,38,0,0,1,single
60021.0,1,-3.49,1,0,0,0,1,caucasian,38,1,0,1,single
58621.0,1,-3.06,1,0,0,0,0,caucasian,38,0,0,0,single
51625.0,3,-3.22,1,1,1,1,0,caucasian,38,0,0,1,significant other
55332.0,1,-3.24,1,1,0,1,0,hispanic,38,3,0,0,significant other
59796.0,9,-1.67,6,1,0,1,0,caucasian,38,3,0,0,significant other
60104.0,1,-3.09,1,1,0,1,0,african-american,38,1,0,0,single
56982.0,2,-3.25,1,0,0,0,0,other,38,0,0,1,single
42273.0,6,-2.66,2,0,0,0,0,african-american,38,11,0,0,significant other
42681.0,2,-3.14,1,0,0,0,0,caucasian,38,2,0,1,single
56556.0,1,-3.36,1,1,0,1,0,caucasian,38,1,0,0,single
55112.0,5,-2.94,2,0,0,0,0,hispanic,38,1,0,1,significant other
57038.0,1,-3.26,1,0,0,0,0,caucasian,38,0,0,0,single
58073.0,2,-3.04,1,0,0,0,1,hispanic,38,0,0,0,single
56305.0,1,-3.48,1,0,0,0,0,hispanic,38,0,0,1,single
58669.0,1,-3.28,1,0,0,0,1,hispanic,38,0,0,0,separated
54157.0,1,-3.21,1,0,0,0,0,african-american,38,0,0,1,single
23473.0,4,-2.4,3,1,0,1,0,caucasian,38,5,0,1,significant other
53383.0,5,-3.42,1,0,0,0,0,african-american,38,0,0,0,separated
57300.0,1,-2.61,2,0,0,0,0,other,38,1,0,1,significant other
53905.0,1,-3.51,1,0,0,0,1,african-american,38,0,0,0,single
58004.0,4,-3.06,1,0,0,0,0,hispanic,38,3,0,0,single
1116.0,3,-2.42,3,1,0,1,0,caucasian,38,2,0,0,separated
53464.0,1,-3.43,1,0,0,0,0,hispanic,38,0,0,0,significant other
32047.0,4,-2.55,3,1,0,1,0,african-american,38,10,1,0,single
62199.0,4,-3.2,1,1,0,1,0,african-american,38,17,0,1,single
54471.0,5,-2.41,3,0,0,0,0,caucasian,38,12,0,0,single
56076.0,4,-2.83,2,1,0,1,0,caucasian,38,2,0,0,single
51901.0,6,-2.83,2,0,0,0,0,african-american,38,10,1,1,significant other
52044.0,6,-2.21,4,1,1,1,1,caucasian,38,1,0,1,significant other
54954.0,3,-2.44,3,0,0,0,0,other,38,1,0,0,single
15365.0,7,-1.38,7,0,0,0,0,african-american,38,5,0,1,single
53276.0,4,-2.53,3,0,0,0,0,african-american,38,0,0,0,significant other
53452.0,1,-3.25,1,1,0,0,0,african-american,38,4,0,1,significant other
56333.0,1,-2.67,2,0,0,0,0,caucasian,38,2,0,1,single
22310.0,7,-2.67,2,1,0,1,0,caucasian,38,5,0,0,single
58077.0,5,-2.33,3,1,0,1,0,caucasian,38,2,0,0,single
62007.0,1,-3.53,1,0,0,0,0,caucasian,38,0,0,1,single
57659.0,10,-1.2,7,1,0,1,0,other,38,25,1,1,single
54833.0,6,-2.22,4,1,0,1,1,caucasian,38,5,0,0,single
53391.0,6,-1.11,8,0,0,0,0,african-american,38,7,0,1,single
59588.0,1,-3.44,1,0,0,0,0,caucasian,38,2,0,0,separated
53728.0,9,-2.34,3,1,1,1,1,hispanic,38,20,0,0,significant other
53067.0,4,-3.2,1,1,1,1,0,caucasian,38,10,1,0,single
55078.0,3,-3.01,1,1,1,1,0,african-american,38,2,0,0,single
59643.0,4,-3.12,1,0,0,0,0,caucasian,38,5,0,0,single
52688.0,1,-3.27,1,0,0,0,1,caucasian,38,0,0,1,separated
57923.0,2,-3.24,1,0,0,0,0,hispanic,38,2,0,1,single
59362.0,1,-3.42,1,0,0,0,0,other,38,2,0,0,significant other
50902.0,1,-3.46,1,0,0,0,1,hispanic,38,0,0,0,separated
51165.0,2,-2.72,2,0,0,0,0,hispanic,38,0,0,0,significant other
60067.0,4,-2.66,2,0,0,0,1,caucasian,38,3,0,0,single
58797.0,4,-2.88,2,1,0,1,0,caucasian,38,11,0,0,single
60686.0,7,-1.82,5,1,0,0,0,african-american,38,15,0,0,single
57061.0,1,-3.41,1,0,0,0,0,caucasian,38,2,0,0,significant other
39879.0,9,-0.47,10,1,1,1,0,african-american,38,16,1,0,single
58877.0,3,-2.39,3,1,0,1,0,african-american,38,0,0,0,single
59887.0,1,-3.34,1,0,0,0,0,hispanic,38,1,0,0,significant other
52262.0,1,-3.46,1,0,0,0,0,other,38,0,0,1,single
54126.0,8,-1.35,7,0,0,0,0,african-american,37,0,0,0,single
58971.0,2,-3.33,1,0,0,0,0,caucasian,37,1,0,1,single
54149.0,2,-2.97,1,1,1,1,0,caucasian,37,0,0,0,single
40820.0,9,-1.41,7,0,0,0,0,african-american,37,2,0,0,single
55083.0,6,-2.01,4,0,0,0,0,caucasian,37,1,0,1,single
53866.0,2,-2.84,2,1,0,0,0,hispanic,37,4,1,0,significant other
24152.0,9,-2.2,4,1,0,1,0,african-american,37,23,0,0,single
60752.0,1,-3.52,1,0,0,0,0,other,37,0,0,1,single
61726.0,1,-3.27,1,0,0,0,0,caucasian,37,3,0,0,single
52382.0,1,-3.18,1,0,0,0,0,other,37,1,0,0,single
3656.0,6,-2.05,4,0,0,0,0,african-american,37,8,0,0,single
52256.0,6,-1.77,5,1,0,1,0,african-american,37,3,0,1,single
53432.0,3,-2.66,2,0,0,0,0,african-american,37,4,0,0,single
59861.0,7,-3.1,1,1,0,1,0,caucasian,37,1,0,0,significant other
6456.0,5,-2.53,3,1,0,1,0,african-american,37,5,0,1,significant other
58656.0,1,-3.35,1,1,1,0,0,other,37,0,0,1,significant other
56385.0,2,-3.08,1,0,0,0,0,caucasian,37,2,0,0,single
59495.0,1,-3.44,1,0,0,0,1,other,37,0,0,1,single
48640.0,9,-1.51,6,1,0,1,0,african-american,37,22,0,0,single
61502.0,5,-3.01,1,0,0,0,0,hispanic,37,1,0,0,other
58464.0,5,-2.33,3,1,0,1,0,hispanic,37,1,0,0,separated
53297.0,1,-3.42,1,0,0,0,1,african-american,37,0,0,1,single
60034.0,2,-3.35,1,0,0,0,1,other,37,2,0,1,significant other
51621.0,3,-2.89,2,0,0,0,0,african-american,37,3,0,1,significant other
51670.0,4,-2.45,3,1,1,1,0,caucasian,37,4,0,1,single
54235.0,2,-2.7,2,1,0,1,0,hispanic,37,6,0,0,separated
54069.0,1,-2.58,2,1,0,1,0,hispanic,37,3,0,0,significant other
52011.0,5,-2.25,3,1,1,1,0,hispanic,37,6,0,0,significant other
56500.0,2,-2.26,3,0,0,0,0,caucasian,37,2,0,1,single
53501.0,10,0.13,10,0,0,0,0,african-american,37,1,0,0,single
57036.0,1,-3.29,1,0,0,0,1,african-american,37,3,0,0,single
51842.0,1,-2.85,2,0,0,0,0,caucasian,37,0,0,1,single
57986.0,4,-2.18,4,0,0,0,0,african-american,37,1,0,0,significant other
61217.0,1,-3.28,1,0,0,0,1,african-american,37,0,0,1,separated
61475.0,1,-2.98,1,0,0,0,0,caucasian,37,0,0,0,single
54366.0,1,-3.34,1,1,0,1,1,other,37,0,0,1,significant other
55478.0,1,-3.34,1,0,0,0,1,african-american,37,0,0,0,significant other
53494.0,2,-3.06,1,1,0,0,0,caucasian,37,0,0,1,single
55749.0,1,-2.85,2,1,1,1,0,african-american,37,5,0,0,single
52805.0,7,-2.9,2,0,0,0,0,african-american,37,0,0,1,single
53468.0,1,-3.33,1,1,0,1,0,hispanic,37,3,0,1,single
26021.0,3,-2.0,4,1,0,1,0,caucasian,37,4,0,0,single
54155.0,10,-2.22,4,0,0,0,1,caucasian,37,6,0,0,single
52648.0,2,-2.94,2,0,0,0,0,african-american,37,0,0,1,single
52040.0,1,-3.06,1,0,0,0,0,caucasian,37,4,0,1,single
36402.0,9,-0.59,10,1,0,1,0,african-american,37,12,2,1,single
57195.0,1,-3.39,1,0,0,0,1,caucasian,37,1,0,0,single
58296.0,3,-3.16,1,0,0,0,0,other,37,11,2,0,single
54326.0,2,-3.28,1,1,0,0,0,african-american,37,3,0,1,significant other
50849.0,1,-3.14,1,0,0,0,1,caucasian,37,0,0,1,significant other
59360.0,1,-3.43,1,0,0,0,1,african-american,37,2,0,0,single
41192.0,6,-1.84,5,0,0,0,0,african-american,37,6,0,1,single
52228.0,1,-3.26,1,1,0,1,0,caucasian,37,2,0,1,single
58829.0,3,-3.39,1,0,0,0,1,caucasian,37,0,0,1,single
57740.0,1,-3.39,1,0,0,0,0,hispanic,37,1,0,1,significant other
57459.0,2,-2.99,1,1,0,1,0,caucasian,37,1,0,0,single
51169.0,5,-2.74,2,1,0,0,0,african-american,37,8,0,0,single
54920.0,3,-2.86,2,0,0,0,1,african-american,37,0,0,0,single
59540.0,4,-2.51,3,1,1,1,0,other,37,2,0,0,single
60139.0,4,-2.6,2,0,0,0,0,caucasian,37,3,0,0,single
60926.0,1,-3.39,1,1,1,1,0,hispanic,37,4,0,1,significant other
28758.0,2,-2.4,3,1,0,1,0,african-american,37,8,0,1,significant other
60335.0,5,-2.94,2,0,0,0,1,african-american,37,0,0,0,single
55637.0,6,-1.37,7,0,0,0,0,hispanic,37,9,0,0,significant other
57013.0,3,-2.94,2,0,0,0,0,african-american,37,2,0,0,single
57484.0,3,-3.24,1,0,0,0,0,african-american,37,0,0,1,single
60461.0,2,-2.74,2,0,0,0,0,african-american,37,2,0,1,single
59254.0,8,-1.59,6,1,0,1,0,african-american,37,23,14,0,single
59069.0,2,-3.3,1,0,0,0,0,african-american,37,3,0,0,separated
13595.0,5,-2.5,3,0,0,0,1,african-american,37,4,0,1,single
51544.0,4,-2.29,3,0,0,0,1,african-american,37,0,0,1,single
43957.0,5,-3.12,1,0,0,0,0,caucasian,37,5,0,1,single
58180.0,7,-2.33,3,0,0,0,0,african-american,37,7,0,0,single
29393.0,2,-2.87,2,0,0,0,0,african-american,37,3,0,1,single
55424.0,3,-2.55,3,0,0,0,1,hispanic,37,0,0,1,single
60576.0,4,-2.8,2,0,0,0,0,african-american,37,11,0,0,single
56797.0,4,-2.94,2,0,0,0,0,african-american,37,4,0,0,single
35934.0,8,-0.88,9,1,0,1,0,african-american,37,13,1,0,single
50653.0,1,-3.48,1,1,0,1,0,caucasian,37,2,0,0,significant other
58211.0,4,-2.45,3,0,0,0,0,hispanic,37,3,0,1,significant other
61449.0,1,-3.24,1,0,0,0,1,african-american,37,1,0,0,single
60371.0,7,-2.31,3,1,0,1,0,african-american,37,1,0,1,significant other
27663.0,5,-1.93,5,0,0,0,0,african-american,37,8,0,1,single
53731.0,8,-1.9,5,0,0,0,0,caucasian,37,3,0,0,significant other
56106.0,8,-2.3,3,0,0,0,0,african-american,37,14,0,0,single
32659.0,2,-3.41,1,0,0,0,0,african-american,37,8,0,0,single
56326.0,10,-1.23,8,1,0,1,0,african-american,37,26,1,0,single
60934.0,1,-2.93,2,0,0,0,0,caucasian,37,0,0,1,significant other
54470.0,1,-3.29,1,0,0,0,0,african-american,37,0,0,0,single
58546.0,9,-2.43,3,0,0,0,0,african-american,37,0,0,0,single
60913.0,3,-3.43,1,0,0,0,1,hispanic,37,1,0,0,separated
60933.0,1,-3.43,1,1,0,1,1,hispanic,37,0,0,1,significant other
52288.0,5,-2.37,3,0,0,0,0,caucasian,37,0,0,0,single
57673.0,1,-3.26,1,0,0,0,1,caucasian,37,0,0,0,significant other
42796.0,5,-2.76,2,1,1,1,0,caucasian,37,1,0,1,separated
51196.0,7,-1.71,6,0,0,0,0,african-american,37,2,0,0,significant other
52377.0,2,-3.16,1,0,0,0,0,hispanic,37,5,0,0,significant other
38149.0,9,-1.76,5,1,0,1,0,african-american,37,20,0,0,single
54711.0,9,-2.45,3,0,0,0,0,african-american,37,17,0,1,single
6953.0,2,-2.51,3,0,0,0,0,caucasian,37,1,0,1,separated
1074.0,8,-1.55,6,1,0,1,0,african-american,37,11,0,0,single
50685.0,1,-2.9,2,1,0,1,0,other,37,4,0,1,single
36486.0,9,-1.09,8,1,1,1,0,african-american,37,2,0,1,single
60136.0,1,-3.15,1,1,1,1,0,african-american,37,0,0,0,single
62243.0,3,-2.62,2,0,0,0,0,caucasian,37,0,0,0,single
7602.0,4,-2.14,4,1,0,1,0,caucasian,37,4,0,1,significant other
56145.0,1,-3.06,1,1,0,1,0,hispanic,37,2,0,0,significant other
60894.0,1,-3.18,1,1,1,1,0,caucasian,37,1,0,1,single
53666.0,2,-3.28,1,1,0,1,0,hispanic,37,1,0,0,separated
60160.0,3,-3.06,1,0,0,0,0,caucasian,37,0,0,1,single
37797.0,1,-2.99,1,1,0,1,0,african-american,37,3,0,0,separated
52346.0,6,-2.04,4,0,0,0,0,african-american,37,5,0,0,single
36886.0,2,-3.09,1,0,0,0,0,african-american,37,4,0,0,significant other
1502.0,3,-1.95,5,0,0,0,0,african-american,37,6,0,0,single
52047.0,2,-3.21,1,0,0,0,0,other,37,0,0,0,significant other
50887.0,6,-2.38,3,1,0,0,1,african-american,37,13,0,0,single
56329.0,4,-2.26,3,0,0,0,0,hispanic,37,4,0,1,single
59988.0,1,-2.84,2,0,0,0,0,other,37,6,0,1,significant other
55140.0,1,-3.18,1,1,0,0,0,hispanic,37,2,0,1,single
60904.0,1,-3.27,1,0,0,0,0,african-american,37,2,0,1,significant other
51934.0,5,-2.35,3,0,0,0,0,hispanic,37,9,0,0,single
55560.0,8,-2.68,2,1,0,1,0,caucasian,37,8,0,0,single
55476.0,3,-2.92,2,0,0,0,0,hispanic,37,1,0,0,single
51114.0,9,-1.15,8,1,0,1,0,african-american,37,12,0,0,single
61328.0,4,-2.13,4,1,1,1,0,african-american,37,4,0,1,single
54066.0,1,-3.46,1,0,0,0,0,caucasian,37,2,0,1,single
62230.0,1,-3.43,1,0,0,0,0,hispanic,37,0,0,1,other
47384.0,2,-3.17,1,1,0,1,1,caucasian,37,5,0,0,single
54137.0,1,-3.32,1,0,0,0,0,caucasian,37,3,0,1,single
61802.0,1,-3.4,1,0,0,0,1,caucasian,37,0,0,1,single
57256.0,6,-0.78,9,1,1,1,0,african-american,37,9,0,0,single
53337.0,1,-3.07,1,1,1,1,0,african-american,37,0,0,1,significant other
56507.0,6,-2.59,2,1,0,1,1,caucasian,37,7,0,0,single
53046.0,1,-3.3,1,0,0,0,0,other,37,2,0,0,single
51677.0,3,-2.89,2,0,0,0,1,caucasian,37,1,0,1,significant other
51350.0,4,-2.29,3,0,0,0,0,caucasian,37,0,0,0,single
61116.0,8,-2.23,4,1,0,1,1,african-american,37,23,0,1,significant other
61411.0,5,-2.76,2,0,0,0,0,hispanic,37,4,0,0,single
59220.0,1,-3.08,1,0,0,0,0,other,37,0,0,1,separated
58069.0,7,-2.76,2,1,0,1,0,african-american,37,10,0,0,single
61060.0,8,-2.63,2,1,0,1,0,caucasian,37,11,0,0,single
59312.0,3,-3.15,1,0,0,0,0,caucasian,37,5,0,0,single
51080.0,3,-3.04,1,1,0,1,0,african-american,37,1,0,0,single
58480.0,1,-3.16,1,1,0,1,0,caucasian,37,1,0,1,significant other
51407.0,8,-2.04,4,0,0,0,0,african-american,37,24,5,0,significant other
53992.0,3,-2.98,1,0,0,0,1,african-american,37,7,1,0,single
42102.0,4,-2.66,2,0,0,0,1,caucasian,37,4,0,1,separated
17027.0,3,-2.77,2,0,0,0,0,african-american,37,12,0,0,significant other
54346.0,1,-3.34,1,0,0,0,0,caucasian,37,0,0,1,single
62061.0,1,-3.27,1,0,0,0,0,hispanic,37,1,0,0,significant other
57076.0,6,-2.51,3,0,0,0,0,caucasian,37,0,0,0,separated
60081.0,7,-2.28,3,0,0,0,0,caucasian,37,13,7,0,single
55173.0,2,-3.26,1,0,0,0,0,caucasian,37,3,0,0,single
61152.0,3,-2.4,3,0,0,0,0,hispanic,37,2,1,1,single
52716.0,6,-2.31,3,0,0,0,0,caucasian,37,0,0,0,single
60004.0,1,-3.46,1,0,0,0,1,caucasian,37,0,0,1,significant other
54098.0,10,-0.93,9,0,0,0,0,african-american,37,12,3,1,single
51626.0,4,-2.99,1,0,0,0,0,caucasian,37,0,0,1,single
52258.0,1,-3.29,1,1,1,0,0,african-american,37,0,0,1,single
60334.0,5,-2.55,3,0,0,0,1,african-american,37,0,0,0,single
55038.0,7,-2.38,3,0,0,0,0,african-american,37,3,0,1,single
60271.0,7,-2.04,4,0,0,0,1,african-american,37,3,0,0,single
53336.0,9,-0.86,9,0,0,0,0,african-american,37,18,2,1,significant other
59357.0,2,-2.68,2,1,0,1,0,hispanic,37,8,0,0,single
56719.0,9,-2.19,4,1,0,1,0,caucasian,37,11,0,0,single
1279.0,4,-3.05,1,0,0,0,1,caucasian,36,3,1,0,single
55627.0,1,-3.38,1,1,1,1,0,caucasian,36,4,0,1,single
61219.0,2,-3.36,1,0,0,0,1,african-american,36,4,0,0,single
51101.0,8,-2.02,4,1,0,1,0,african-american,36,26,1,0,single
51761.0,7,-2.35,3,1,0,1,0,african-american,36,14,0,0,separated
60571.0,9,-2.29,3,1,0,1,1,caucasian,36,4,0,0,single
61703.0,7,-2.92,2,1,0,1,1,other,36,6,1,0,single
50963.0,1,-3.33,1,1,0,1,0,other,36,1,0,1,separated
52756.0,2,-2.07,4,1,0,1,0,african-american,36,1,0,0,significant other
53080.0,4,-2.67,2,0,0,0,0,other,36,0,0,0,single
61541.0,1,-3.17,1,1,0,1,1,caucasian,36,3,0,0,significant other
56552.0,1,-3.29,1,0,0,0,0,african-american,36,1,0,1,significant other
59907.0,3,-2.5,3,0,0,0,0,caucasian,36,0,0,1,significant other
52136.0,8,-2.74,2,0,0,0,0,african-american,36,9,0,1,single
57559.0,5,-2.84,2,0,0,0,0,african-american,36,4,1,1,single
53228.0,3,-2.74,2,1,0,1,0,caucasian,36,5,0,0,single
30274.0,4,-2.67,2,0,0,0,0,african-american,36,9,0,0,single
52059.0,1,-2.97,1,0,0,0,0,african-american,36,0,0,0,single
35674.0,4,-2.8,2,0,0,0,0,african-american,36,5,0,0,significant other
56075.0,1,-3.15,1,0,0,0,0,other,36,0,0,1,single
61050.0,2,-3.17,1,0,0,0,0,african-american,36,2,0,0,significant other
57196.0,4,-3.15,1,1,0,1,0,caucasian,36,1,0,0,significant other
53324.0,1,-3.29,1,0,0,0,0,caucasian,36,2,0,1,single
34102.0,7,-2.48,3,1,0,0,0,african-american,36,11,0,0,single
54313.0,1,-3.23,1,0,0,0,0,african-american,36,0,0,0,significant other
51502.0,5,-2.4,3,1,1,1,0,african-american,36,5,0,1,single
54524.0,7,-1.79,5,0,0,0,1,african-american,36,0,0,0,single
52432.0,3,-2.09,4,0,0,0,0,caucasian,36,0,0,0,single
62138.0,1,-3.21,1,0,0,0,1,african-american,36,0,0,1,significant other
57389.0,2,-3.03,1,0,0,0,0,hispanic,36,5,0,0,significant other
40942.0,5,-1.97,5,0,0,0,0,african-american,36,1,0,1,single
58321.0,6,-3.16,1,0,0,0,0,african-american,36,0,0,0,single
48793.0,5,-2.39,3,0,0,0,0,hispanic,36,1,0,1,single
8915.0,10,-0.88,9,1,0,1,0,african-american,36,14,3,0,single
54087.0,4,-2.76,2,0,0,0,0,caucasian,36,6,0,0,single
59691.0,2,-2.95,1,0,0,0,1,african-american,36,1,0,0,single
52443.0,2,-3.19,1,0,0,0,1,caucasian,36,0,0,0,separated
54529.0,6,-2.17,4,1,1,1,0,caucasian,36,11,0,1,single
52434.0,9,-2.16,4,0,0,0,0,hispanic,36,1,0,1,significant other
54728.0,5,-2.32,3,0,0,0,0,african-american,36,4,0,0,single
51285.0,8,-2.1,4,1,0,1,0,african-american,36,19,0,1,separated
33278.0,6,-2.73,2,0,0,0,1,african-american,36,0,0,1,significant other
56978.0,1,-3.17,1,0,0,0,0,caucasian,36,0,0,1,single
55547.0,3,-2.86,2,1,0,1,0,caucasian,36,4,0,0,single
52951.0,1,-3.21,1,0,0,0,0,african-american,36,0,0,0,single
58723.0,3,-3.1,1,0,0,0,0,caucasian,36,5,0,0,single
6594.0,10,-2.24,3,1,0,1,0,african-american,36,25,3,1,single
61536.0,6,-2.04,4,0,0,0,0,caucasian,36,4,0,1,single
59449.0,2,-3.15,1,0,0,0,0,caucasian,36,1,0,0,significant other
58867.0,3,-1.84,5,1,0,1,0,caucasian,36,0,0,0,single
53068.0,3,-3.11,1,0,0,0,1,caucasian,36,3,0,0,single
59818.0,5,-1.98,4,1,0,1,1,african-american,36,1,0,0,single
58088.0,7,-2.74,2,1,1,1,0,african-american,36,0,0,1,significant other
52996.0,4,-3.08,1,1,0,1,0,african-american,36,2,0,0,single
57645.0,7,-2.26,3,0,0,0,0,caucasian,36,6,0,0,single
54528.0,2,-2.98,1,0,0,0,1,african-american,36,1,0,1,single
53146.0,1,-3.0,1,1,0,0,0,caucasian,36,0,0,1,single
58320.0,9,-1.74,5,1,0,1,0,african-american,36,13,0,0,single
7942.0,5,-2.45,3,0,0,0,0,caucasian,36,2,0,0,single
52671.0,1,-3.21,1,0,0,0,0,caucasian,36,0,0,1,single
43821.0,3,-3.0,1,1,0,1,0,other,36,2,0,1,single
50989.0,4,-2.06,4,1,1,1,0,hispanic,36,1,0,0,significant other
54733.0,6,-2.49,3,1,0,1,0,african-american,36,7,0,0,single
62147.0,2,-2.99,1,0,0,0,0,caucasian,36,1,0,0,single
58917.0,1,-3.18,1,0,0,0,0,hispanic,36,0,0,1,single
53472.0,6,-2.17,4,1,0,1,0,african-american,36,11,0,0,single
62206.0,4,-2.95,1,0,0,0,0,african-american,36,6,0,1,single
52974.0,1,-2.73,2,1,0,1,0,african-american,36,2,0,0,single
55755.0,1,-2.74,2,0,0,0,0,caucasian,36,3,0,1,single
54224.0,7,-1.88,5,1,0,1,0,african-american,36,14,10,0,single
50940.0,5,-1.8,5,0,0,0,0,african-american,36,6,0,0,single
61425.0,5,-3.1,1,0,0,0,1,african-american,36,1,0,1,single
27034.0,6,-2.38,3,1,0,1,1,caucasian,36,4,0,1,single
56956.0,8,-2.0,4,1,0,1,0,african-american,36,1,0,0,single
61188.0,5,-2.88,2,0,0,0,0,african-american,36,0,0,0,single
52567.0,8,-2.73,2,0,0,0,0,african-american,36,0,0,0,single
51106.0,2,-3.05,1,1,0,1,0,african-american,36,3,0,0,single
50851.0,6,-2.2,4,1,1,1,1,african-american,36,5,0,0,single
57290.0,6,-1.89,5,0,0,0,0,african-american,36,0,0,1,single
46582.0,5,-1.78,5,0,0,0,0,african-american,36,7,2,1,single
53889.0,4,-2.35,3,0,0,0,0,african-american,36,0,0,0,single
60697.0,1,-3.36,1,1,0,1,1,hispanic,36,9,0,0,single
59112.0,1,-3.33,1,0,0,0,0,caucasian,36,0,0,0,significant other
59810.0,8,-1.42,7,1,0,1,0,african-american,36,16,3,0,single
60356.0,2,-2.86,2,0,0,0,1,african-american,36,1,0,1,significant other
51654.0,5,-2.2,4,1,1,1,0,caucasian,36,10,0,1,single
27056.0,9,-1.67,6,1,1,1,0,african-american,36,1,0,1,single
52866.0,5,-2.01,4,0,0,0,0,african-american,36,2,0,0,significant other
3600.0,3,-2.83,2,0,0,0,0,african-american,36,5,0,0,separated
55155.0,2,-2.88,2,0,0,0,0,african-american,36,2,0,1,single
51979.0,2,-2.53,3,1,1,0,0,caucasian,36,1,0,0,separated
52317.0,7,-2.55,3,0,0,0,0,caucasian,36,9,0,0,single
60152.0,2,-2.55,3,0,0,0,0,caucasian,36,1,0,1,single
27261.0,6,-2.8,2,1,0,1,1,caucasian,36,7,0,0,single
59329.0,8,-2.77,2,1,0,1,0,caucasian,36,4,0,0,single
55351.0,7,-1.67,6,0,0,0,0,hispanic,36,11,0,0,single
51668.0,1,-3.04,1,0,0,0,0,hispanic,36,0,0,0,single
53720.0,2,-3.04,1,0,0,0,1,hispanic,36,0,0,1,other
59527.0,1,-3.13,1,0,0,0,0,african-american,36,0,0,0,single
53567.0,7,-1.43,7,1,0,1,0,african-american,36,9,0,0,significant other
61162.0,6,-1.47,7,1,0,1,1,caucasian,36,3,0,0,single
52738.0,1,-3.24,1,0,0,0,0,other,36,0,0,0,single
60766.0,4,-2.82,2,0,0,0,0,african-american,36,4,0,0,single
7104.0,10,-1.81,5,1,0,1,0,african-american,36,10,0,0,single
58959.0,2,-2.28,3,0,0,0,0,african-american,36,4,0,1,significant other
50854.0,1,-3.15,1,0,0,0,0,caucasian,36,0,0,0,single
1680.0,1,-2.91,2,0,0,0,1,african-american,36,1,0,1,significant other
52682.0,3,-3.09,1,1,0,0,0,african-american,36,2,0,0,single
62163.0,2,-2.57,2,1,0,1,0,caucasian,36,1,0,0,single
60575.0,1,-3.29,1,0,0,0,0,other,36,0,0,1,significant other
53021.0,9,-2.27,3,0,0,0,0,african-american,36,1,0,1,single
2598.0,8,-1.97,5,0,0,0,0,african-american,36,4,0,1,single
24842.0,1,-2.9,2,0,0,0,0,caucasian,36,12,0,0,single
61887.0,7,-0.78,9,1,1,1,0,caucasian,36,8,0,0,separated
56593.0,4,-3.07,1,1,0,1,0,caucasian,36,14,0,0,single
57816.0,10,-1.1,8,0,0,0,0,african-american,36,5,2,0,single
55805.0,1,-2.95,1,0,0,0,0,caucasian,36,2,0,0,single
68547.0,8,-2.89,3,1,0,1,0,african-american,36,5,0,1,single
60086.0,3,-3.14,1,0,0,0,1,hispanic,36,1,0,1,single
55086.0,3,-3.14,1,1,0,1,0,african-american,36,0,0,1,significant other
52842.0,2,-3.0,1,0,0,0,1,african-american,36,1,0,1,single
51384.0,2,-2.74,2,0,0,0,0,other,36,8,0,1,single
61105.0,2,-3.09,1,0,0,0,0,african-american,36,0,0,1,single
51104.0,1,-3.35,1,0,0,0,0,other,36,1,0,0,single
50865.0,1,-3.23,1,0,0,0,1,african-american,36,1,0,1,single
58926.0,3,-2.39,3,0,0,0,1,caucasian,36,2,0,0,single
60332.0,2,-2.97,1,0,0,0,1,caucasian,36,0,0,1,single
58925.0,1,-3.25,1,0,0,0,0,other,36,0,0,0,significant other
54148.0,3,-2.91,2,0,0,0,0,hispanic,36,1,0,0,single
32144.0,5,-2.35,3,1,0,1,0,african-american,36,4,0,1,single
42346.0,6,-2.04,4,1,1,1,0,caucasian,36,9,0,0,single
67179.0,2,-2.95,1,1,0,1,0,african-american,36,7,0,0,single
61125.0,2,-3.04,1,0,0,0,0,hispanic,36,1,0,1,significant other
60231.0,5,-3.1,1,0,0,0,0,african-american,36,15,0,0,significant other
50944.0,10,-1.69,6,1,0,1,1,african-american,36,4,0,0,single
57289.0,5,-3.11,1,0,0,0,0,caucasian,36,1,0,0,significant other
52484.0,1,-3.15,1,0,0,0,0,caucasian,36,0,0,0,single
58503.0,5,-2.34,3,1,0,1,0,african-american,36,16,0,0,single
58722.0,4,-2.32,3,1,1,1,0,other,36,3,0,1,significant other
60510.0,2,-3.21,1,0,0,0,0,caucasian,36,1,0,0,single
61101.0,1,-3.33,1,0,0,0,1,caucasian,36,0,0,1,single
58538.0,2,-2.81,2,1,1,1,0,african-american,36,3,0,1,single
58120.0,1,-3.11,1,0,0,0,0,caucasian,36,2,0,1,single
51343.0,1,-3.31,1,0,0,0,0,caucasian,36,0,0,1,single
56176.0,3,-3.13,1,0,0,0,1,caucasian,35,2,0,1,significant other
4389.0,4,-2.26,3,0,0,0,0,african-american,35,7,0,0,separated
56443.0,6,-2.53,3,0,0,0,0,african-american,35,9,0,0,single
54826.0,5,-1.95,5,0,0,0,0,african-american,35,2,0,0,single
60542.0,4,-2.45,3,0,0,0,0,african-american,35,0,0,0,single
60105.0,6,-2.45,3,1,0,1,0,african-american,35,12,1,1,single
56108.0,2,-3.15,1,0,0,0,0,african-american,35,1,0,0,single
1013.0,6,-1.37,7,0,0,0,0,african-american,35,4,0,1,other
58886.0,1,-3.2,1,0,0,0,0,african-american,35,2,0,0,single
40031.0,1,-3.17,1,1,1,1,0,african-american,35,1,0,0,single
58852.0,5,-2.09,4,1,1,1,0,caucasian,35,6,0,0,single
54127.0,8,-1.33,7,0,0,0,1,african-american,35,9,2,0,single
25209.0,10,-1.64,6,0,0,0,0,african-american,35,27,0,0,single
58084.0,4,-2.65,2,0,0,0,1,african-american,35,0,0,1,single
46711.0,4,-2.9,2,0,0,0,1,caucasian,35,3,1,0,significant other
53195.0,6,-2.28,3,1,1,1,1,african-american,35,3,0,1,single
52052.0,3,-2.94,2,0,0,0,0,african-american,35,5,0,0,significant other
54516.0,4,-2.14,4,0,0,0,0,african-american,35,1,0,1,single
59938.0,2,-2.93,2,1,0,1,0,caucasian,35,4,0,0,significant other
50828.0,7,-2.05,4,0,0,0,0,african-american,35,2,0,1,single
58161.0,5,-3.07,1,1,0,1,0,caucasian,35,0,0,0,single
60545.0,2,-3.27,1,0,0,0,1,hispanic,35,0,0,1,significant other
52379.0,10,-1.85,5,0,0,0,0,african-american,35,13,3,0,single
58126.0,3,-2.37,3,0,0,0,0,african-american,35,6,0,0,single
58086.0,2,-3.16,1,0,0,0,0,hispanic,35,0,0,1,single
57081.0,8,-1.49,7,1,0,1,0,african-american,35,13,0,0,single
57621.0,5,-2.95,2,0,0,0,0,african-american,35,4,0,1,single
57562.0,4,-3.21,1,0,0,0,0,caucasian,35,3,2,0,single
51826.0,9,-2.18,4,0,0,0,0,african-american,35,12,21,0,single
60007.0,2,-2.94,2,0,0,0,0,african-american,35,3,0,1,significant other
50658.0,6,-2.89,2,0,0,0,0,african-american,35,7,0,0,single
60417.0,9,-1.96,5,0,0,0,0,caucasian,35,2,0,0,single
56517.0,3,-2.58,2,0,0,0,0,african-american,35,2,0,0,single
54959.0,8,-2.59,2,1,0,0,0,african-american,35,0,0,0,single
60577.0,1,-3.08,1,0,0,0,0,african-american,35,1,0,1,single
62069.0,8,-1.52,6,1,0,1,0,african-american,35,0,0,1,significant other
60530.0,4,-2.54,3,0,0,0,0,african-american,35,0,0,1,single
59447.0,7,-2.68,2,0,0,0,1,caucasian,35,4,0,1,single
54646.0,7,-1.81,5,1,1,0,0,hispanic,35,5,0,0,single
60981.0,10,-1.94,5,1,0,1,0,african-american,35,1,0,1,single
40176.0,2,-3.2,1,0,0,0,1,african-american,35,12,0,1,single
59056.0,1,-3.28,1,1,0,1,0,caucasian,35,0,0,1,single
54229.0,7,-2.71,2,0,0,0,0,african-american,35,0,0,0,single
60946.0,1,-2.87,2,0,0,0,0,caucasian,35,2,0,0,significant other
53433.0,2,-2.95,1,0,0,0,1,african-american,35,1,0,1,single
62117.0,2,-3.09,1,0,0,0,1,hispanic,35,0,0,0,single
35842.0,2,-2.33,3,1,1,1,0,caucasian,35,2,0,1,single
16099.0,9,-1.14,8,1,0,0,0,african-american,35,8,1,0,single
17692.0,7,-1.45,7,0,0,0,0,hispanic,35,5,0,0,single
56551.0,3,-2.6,2,0,0,0,0,hispanic,35,0,0,1,single
32728.0,6,-1.4,7,1,0,1,0,african-american,35,5,0,0,single
53554.0,6,-1.85,5,1,1,0,0,african-american,35,1,0,1,significant other
59247.0,6,-1.81,5,0,0,0,0,african-american,35,9,0,0,single
27789.0,2,-3.16,1,0,0,0,0,caucasian,35,1,1,0,single
61037.0,1,-3.13,1,0,0,0,0,african-american,35,2,0,0,single
54080.0,8,-2.34,3,1,0,1,0,african-american,35,4,0,0,single
54227.0,3,-2.94,2,1,0,0,0,caucasian,35,3,0,1,single
60103.0,5,-1.75,5,0,0,0,0,african-american,35,1,0,1,single
53673.0,3,-2.16,4,0,0,0,0,african-american,35,0,0,0,single
60879.0,2,-3.05,1,0,0,0,0,hispanic,35,0,0,1,separated
56540.0,1,-3.26,1,0,0,0,0,african-american,35,0,0,0,significant other
52190.0,2,-2.95,1,0,0,0,1,hispanic,35,0,0,1,significant other
47287.0,5,-2.42,3,0,0,0,0,other,35,2,0,0,single
52331.0,8,-1.52,6,1,0,1,0,african-american,35,16,0,0,single
47622.0,4,-2.91,2,0,0,0,0,african-american,35,1,0,1,separated
56992.0,2,-3.09,1,1,0,1,1,african-american,35,7,0,0,single
44767.0,10,-1.47,7,1,1,1,0,african-american,35,22,0,0,single
51050.0,2,-3.06,1,0,0,0,0,hispanic,35,5,0,1,single
53367.0,6,-1.64,6,1,1,1,0,hispanic,35,5,0,1,single
59943.0,2,-3.17,1,0,0,0,1,african-american,35,0,0,1,single
59701.0,7,-2.37,3,1,1,1,1,african-american,35,5,1,0,significant other
61872.0,1,-3.36,1,0,0,0,1,african-american,35,1,0,0,single
51368.0,7,-2.02,4,0,0,0,0,hispanic,35,0,0,0,single
57296.0,2,-2.88,2,0,0,0,0,african-american,35,2,0,1,single
1561.0,9,-1.68,6,0,0,0,0,african-american,35,1,0,1,single
58035.0,1,-3.15,1,0,0,0,1,other,35,0,0,1,significant other
61819.0,5,-2.16,4,1,0,1,0,caucasian,35,3,0,1,single
61934.0,1,-3.21,1,0,0,0,0,other,35,0,0,0,separated
58539.0,2,-3.0,1,1,1,1,1,african-american,35,6,0,0,single
13383.0,7,-2.21,4,0,0,0,0,hispanic,35,7,0,0,single
59955.0,8,-1.92,5,0,0,0,0,african-american,35,5,1,0,single
59522.0,7,-2.55,3,1,0,1,1,african-american,35,12,0,0,single
47519.0,8,-1.74,5,0,0,0,1,hispanic,35,10,0,0,single
36350.0,9,-1.63,6,0,0,0,0,hispanic,35,12,1,0,significant other
54244.0,6,-1.54,6,1,0,1,0,african-american,35,18,0,0,single
61641.0,1,-3.28,1,0,0,0,0,caucasian,35,0,0,1,single
51279.0,4,-2.29,3,0,0,0,0,african-american,35,1,0,0,single
61247.0,3,-2.69,2,0,0,0,0,caucasian,35,2,0,0,significant other
57276.0,6,-2.73,2,1,0,1,0,african-american,35,1,0,0,single
56952.0,2,-2.58,2,1,0,1,0,african-american,35,3,2,1,significant other
56990.0,4,-1.92,5,0,0,0,0,african-american,35,4,0,0,single
53240.0,3,-2.77,2,0,0,0,0,caucasian,35,5,0,0,separated
51393.0,4,-2.03,4,1,0,1,0,caucasian,35,3,0,1,single
45761.0,2,-2.69,2,1,1,1,0,hispanic,35,0,0,0,single
51900.0,6,-2.78,2,1,1,1,1,african-american,35,7,0,0,single
58761.0,7,-2.53,3,0,0,0,0,hispanic,35,13,0,0,single
52024.0,4,-2.46,3,1,1,1,0,african-american,35,5,0,0,single
57200.0,3,-2.2,4,0,0,0,1,caucasian,35,4,0,0,single
60657.0,10,-1.24,8,0,0,0,0,african-american,35,2,0,0,single
59705.0,4,-2.35,3,0,0,0,0,african-american,35,0,0,0,single
58615.0,1,-3.31,1,0,0,0,0,african-american,35,0,0,1,single
57851.0,4,-2.36,3,1,0,1,0,caucasian,35,7,0,0,single
58419.0,7,-2.28,3,1,0,1,0,african-american,35,0,0,0,single
61514.0,2,-3.29,1,0,0,0,0,african-american,35,1,0,1,single
60919.0,8,-1.47,7,1,1,1,0,african-american,35,4,0,0,single
57838.0,2,-2.43,3,0,0,0,0,caucasian,35,1,0,0,significant other
54907.0,8,-2.48,3,1,1,1,0,african-american,35,10,0,1,single
48948.0,6,-2.18,4,0,0,0,0,african-american,35,8,0,1,single
56713.0,5,-2.42,3,0,0,0,1,african-american,35,4,0,0,significant other
51153.0,1,-3.06,1,0,0,0,0,african-american,35,0,0,0,significant other
57647.0,6,-1.23,8,0,0,0,0,african-american,35,29,0,0,single
26144.0,3,-2.45,3,0,0,0,0,african-american,35,7,0,0,single
57024.0,5,-2.69,2,0,0,0,1,african-american,35,2,0,0,single
60405.0,9,-1.92,5,1,0,1,0,african-american,35,13,1,0,single
8364.0,2,-2.91,2,0,0,0,0,african-american,35,5,0,0,single
57260.0,4,-2.7,2,1,1,1,0,african-american,35,7,0,0,significant other
56241.0,2,-3.13,1,0,0,0,0,caucasian,35,4,0,0,single
54643.0,5,-1.61,6,0,0,0,0,african-american,35,4,0,1,single
51978.0,8,-1.43,7,1,1,1,0,african-american,35,0,0,1,single
55104.0,1,-3.31,1,0,0,0,0,caucasian,35,1,1,0,single
56826.0,3,-2.91,2,0,0,0,0,hispanic,35,0,1,0,significant other
52166.0,3,-2.87,2,1,0,1,1,african-american,35,0,0,0,single
50946.0,8,-1.39,7,1,0,1,0,african-american,35,12,0,0,single
1834.0,2,-2.48,3,0,0,0,0,caucasian,35,4,0,1,single
19657.0,2,-2.07,4,0,0,0,0,caucasian,35,4,0,1,single
61825.0,2,-2.69,2,0,0,0,0,african-american,35,1,0,1,single
59107.0,3,-2.41,3,0,0,0,1,african-american,35,5,0,0,single
59497.0,1,-2.85,2,0,0,0,0,caucasian,35,2,0,1,single
50858.0,4,-2.62,2,0,0,0,1,caucasian,35,1,0,1,single
21533.0,10,-0.59,10,1,1,1,0,african-american,35,3,0,0,single
52191.0,3,-3.04,1,0,0,0,0,african-american,35,0,0,0,single
53986.0,2,-3.03,1,0,0,0,1,african-american,35,2,0,0,single
57182.0,2,-3.15,1,0,0,0,0,caucasian,35,1,0,0,significant other
57027.0,8,-2.07,4,0,0,0,0,african-american,35,1,0,0,single
25709.0,7,-2.01,4,1,0,1,0,african-american,35,8,0,1,single
59281.0,2,-2.65,2,0,0,0,0,caucasian,35,0,0,0,significant other
59653.0,1,-3.23,1,0,0,0,0,hispanic,35,2,0,0,significant other
12222.0,5,-1.7,6,0,0,0,0,african-american,35,4,0,1,single
59718.0,2,-2.95,1,0,0,0,0,african-american,35,1,0,0,single
29843.0,7,-2.23,4,0,0,0,0,african-american,35,2,0,1,single
27710.0,8,-1.92,5,1,1,1,0,african-american,35,6,0,0,single
50982.0,3,-2.13,4,1,0,0,0,caucasian,35,2,0,1,significant other
57992.0,5,-2.67,2,0,0,0,1,caucasian,35,1,0,1,single
54831.0,6,-2.05,4,0,0,0,0,other,35,0,0,0,single
16872.0,4,-2.87,2,0,0,0,1,caucasian,35,2,0,0,single
62325.0,2,-2.99,1,1,0,1,0,caucasian,35,2,0,0,single
49671.0,6,-2.91,2,0,0,0,1,african-american,35,2,0,0,single
51402.0,1,-2.56,2,1,0,1,0,other,35,3,0,1,significant other
55889.0,1,-3.13,1,0,0,0,0,hispanic,35,2,0,0,single
55102.0,5,-1.82,5,0,0,0,0,caucasian,34,1,0,1,significant other
45111.0,6,-2.82,2,0,0,0,0,african-american,34,5,1,0,separated
53043.0,9,-1.99,4,1,1,1,0,african-american,34,10,1,0,single
59108.0,1,-3.23,1,0,0,0,1,african-american,34,1,0,0,single
58965.0,1,-3.35,1,0,0,0,1,other,34,1,0,0,separated
53493.0,1,-2.97,1,0,0,0,0,hispanic,34,0,0,1,single
53887.0,1,-3.05,1,0,0,0,0,caucasian,34,0,0,1,significant other
51939.0,4,-2.51,3,1,0,1,0,african-american,34,5,0,0,single
51113.0,9,-1.55,6,1,0,1,0,african-american,34,21,6,0,single
57019.0,6,-2.94,2,0,0,0,1,caucasian,34,1,0,0,single
54262.0,6,-1.99,4,0,0,0,0,caucasian,34,1,0,0,single
52810.0,3,-2.06,4,0,0,0,0,african-american,34,0,0,0,significant other
22722.0,6,-2.67,2,1,0,1,0,hispanic,34,5,0,0,single
53908.0,2,-3.03,1,0,0,0,0,caucasian,34,0,1,0,single
56580.0,2,-3.07,1,0,0,0,1,caucasian,34,0,0,1,single
53436.0,1,-3.29,1,1,0,1,0,caucasian,34,0,0,0,single
51117.0,5,-1.84,5,0,0,0,0,caucasian,34,4,0,0,separated
60150.0,4,-2.83,2,0,0,0,0,caucasian,34,0,0,1,single
60177.0,1,-3.18,1,1,0,1,0,african-american,34,0,0,1,other
57809.0,4,-2.38,3,0,0,0,0,caucasian,34,0,0,0,single
52902.0,1,-3.19,1,1,0,1,0,african-american,34,1,0,1,significant other
57244.0,3,-2.71,2,1,0,1,0,african-american,34,5,0,1,significant other
53470.0,5,-1.68,6,0,0,0,0,caucasian,34,4,0,0,single
51718.0,4,-2.59,2,1,0,1,0,african-american,34,5,0,0,single
59225.0,7,-2.4,3,1,0,1,1,other,34,4,0,0,single
56473.0,5,-2.13,4,0,0,0,0,caucasian,34,13,0,0,single
26441.0,4,-2.47,3,0,0,0,0,caucasian,34,11,0,0,single
52741.0,6,-2.54,3,0,0,0,0,african-american,34,1,0,0,single
58962.0,5,-1.8,5,1,0,1,1,african-american,34,5,0,0,single
56296.0,7,-2.43,3,0,0,0,0,caucasian,34,1,0,0,single
54168.0,4,-2.85,2,0,0,0,1,african-american,34,6,0,0,single
57445.0,2,-2.88,2,0,0,0,0,african-american,34,1,0,0,single
61193.0,2,-2.88,2,0,0,0,0,african-american,34,4,0,1,single
27054.0,8,-2.1,4,0,0,0,0,african-american,34,19,7,1,single
53460.0,1,-2.59,2,0,0,0,0,african-american,34,0,0,0,single
51568.0,6,-1.61,6,0,0,0,0,african-american,34,4,0,1,single
52554.0,2,-3.21,1,1,0,1,1,caucasian,34,0,1,0,single
59989.0,1,-3.13,1,0,0,0,0,other,34,2,0,1,single
58325.0,1,-3.23,1,0,0,0,0,caucasian,34,3,0,0,single
61605.0,9,-2.78,2,1,0,1,0,african-american,34,16,0,0,single
52097.0,1,-2.89,2,0,0,0,0,african-american,34,0,0,0,single
7663.0,6,-1.69,6,0,0,0,0,african-american,34,5,0,1,single
55377.0,7,-1.64,6,1,0,0,0,african-american,34,12,0,0,single
54165.0,8,-1.0,8,1,1,1,0,african-american,34,11,4,0,single
55799.0,7,-1.71,6,0,0,0,0,african-american,34,3,0,0,other
31989.0,9,-1.07,8,0,0,0,1,african-american,34,14,0,0,single
54075.0,1,-2.83,2,0,0,0,0,african-american,34,1,0,0,single
52370.0,7,-1.2,8,1,0,1,0,african-american,34,0,0,1,single
52480.0,3,-2.68,2,1,1,0,1,african-american,34,0,0,1,single
61155.0,7,-1.6,6,0,0,0,0,caucasian,34,15,1,0,single
62039.0,1,-2.79,2,0,0,0,0,african-american,34,0,0,0,single
54341.0,1,-3.04,1,0,0,0,0,african-american,34,3,0,1,single
44324.0,7,-2.55,3,1,0,0,0,african-american,34,8,0,1,significant other
33964.0,7,-1.7,6,1,1,1,0,african-american,34,19,0,0,significant other
54046.0,2,-3.01,1,1,1,1,0,african-american,34,4,0,0,single
55065.0,3,-2.74,2,1,0,1,1,caucasian,34,0,0,0,single
53450.0,1,-3.25,1,1,1,1,0,african-american,34,0,0,1,significant other
58541.0,4,-2.98,1,0,0,0,0,african-american,34,2,0,0,single
58884.0,4,-2.8,2,0,0,0,1,caucasian,34,4,0,1,significant other
7342.0,10,-0.57,10,1,1,1,0,african-american,34,21,1,1,significant other
49263.0,3,-3.05,1,1,0,1,0,african-american,34,6,0,0,separated
58122.0,2,-2.74,2,0,0,0,0,other,34,0,0,0,single
61268.0,4,-2.83,2,0,0,0,0,caucasian,34,2,0,0,single
61604.0,1,-3.26,1,1,1,1,1,african-american,34,0,0,1,separated
57691.0,7,-2.29,3,1,1,1,1,african-american,34,1,0,0,single
56898.0,5,-2.77,2,0,0,0,0,caucasian,34,1,0,0,single
56954.0,9,-2.37,3,1,0,1,0,african-american,34,6,0,0,single
61281.0,2,-2.57,2,0,0,0,0,other,34,3,0,1,single
52895.0,7,-2.65,2,1,0,1,0,african-american,34,22,0,0,single
56149.0,5,-2.69,2,0,0,0,1,caucasian,34,3,0,1,single
59053.0,9,-1.16,8,1,1,1,0,african-american,34,0,0,0,significant other
35022.0,1,-2.74,2,0,0,0,0,african-american,34,5,0,0,single
56825.0,5,-2.05,4,0,0,0,0,caucasian,34,1,0,0,single
7970.0,9,-1.37,7,1,0,1,0,african-american,34,27,0,0,single
58586.0,7,-2.13,4,0,0,0,0,caucasian,34,8,0,0,single
54367.0,3,-2.85,2,0,0,0,1,african-american,34,6,0,0,single
28290.0,2,-2.17,4,1,1,1,0,caucasian,34,5,0,1,separated
55276.0,3,-3.01,1,0,0,0,1,hispanic,34,1,0,1,significant other
57135.0,3,-2.97,1,0,0,0,1,caucasian,34,0,0,0,single
32013.0,2,-2.62,2,0,0,0,0,hispanic,34,3,0,1,single
61075.0,1,-3.22,1,0,0,0,0,caucasian,34,5,0,0,single
60702.0,1,-3.11,1,0,0,0,1,other,34,0,0,1,significant other
52809.0,4,-2.35,3,1,0,1,0,caucasian,34,3,0,1,single
13550.0,8,-2.2,4,1,0,1,0,african-american,34,11,1,0,single
53987.0,3,-2.51,3,1,0,0,1,african-american,34,5,0,0,single
59052.0,1,-2.92,2,0,0,0,0,caucasian,34,0,0,1,single
61461.0,5,-2.5,3,0,0,0,0,caucasian,34,1,0,1,significant other
53864.0,2,-2.28,3,0,0,0,0,hispanic,34,0,0,0,separated
51930.0,6,-2.79,2,1,0,1,1,caucasian,34,1,0,0,single
56775.0,1,-3.29,1,1,0,1,0,hispanic,34,1,0,0,significant other
61443.0,2,-2.7,2,1,0,1,0,other,34,0,0,0,single
54134.0,7,-1.52,6,1,0,1,0,caucasian,34,2,0,0,single
45796.0,7,-2.37,3,0,0,0,0,african-american,34,27,1,1,single
19434.0,8,-2.41,3,1,1,1,0,caucasian,34,13,0,0,single
7906.0,9,-0.98,9,1,0,1,0,hispanic,34,14,0,0,single
61272.0,2,-2.83,2,0,0,0,0,caucasian,34,0,0,1,significant other
55328.0,1,-3.29,1,0,0,0,0,african-american,34,1,0,0,significant other
57941.0,1,-2.93,2,0,0,0,0,african-american,34,1,0,0,single
19319.0,6,-1.09,8,1,0,1,0,hispanic,34,17,0,0,single
59377.0,4,-2.09,4,0,0,0,0,african-american,34,5,0,1,single
36967.0,3,-2.8,2,1,0,0,0,hispanic,34,2,0,1,significant other
51796.0,2,-2.68,2,1,0,0,0,caucasian,34,5,0,0,significant other
59908.0,1,-3.15,1,1,0,1,0,hispanic,34,4,0,0,single
60703.0,1,-3.23,1,0,0,0,1,african-american,34,0,0,0,single
54996.0,4,-2.89,2,0,0,0,1,hispanic,34,5,0,0,single
52651.0,2,-2.76,2,1,0,1,0,other,34,1,0,1,single
60351.0,10,-0.64,9,0,0,0,0,african-american,34,0,0,0,single
57540.0,2,-2.92,2,0,0,0,0,hispanic,34,1,0,0,significant other
56485.0,6,-2.24,3,1,0,1,0,african-american,34,4,0,0,single
34280.0,10,-1.34,7,0,0,0,0,african-american,34,8,3,0,single
4584.0,5,-2.28,3,1,0,1,0,african-american,34,7,0,0,single
51888.0,7,-1.8,5,0,0,0,0,african-american,34,10,0,0,single
58091.0,2,-3.08,1,0,0,0,0,african-american,34,2,0,0,single
53991.0,2,-2.76,2,0,0,0,0,african-american,34,4,0,1,single
19639.0,6,-1.67,6,1,0,1,0,caucasian,34,16,0,0,single
17876.0,10,-1.65,6,1,0,1,0,african-american,34,19,3,0,single
60614.0,3,-2.92,2,1,0,0,0,african-american,34,2,0,0,significant other
4698.0,9,-1.99,4,0,0,0,0,african-american,34,22,0,0,single
48511.0,2,-3.19,1,1,0,1,0,caucasian,34,3,0,0,single
60540.0,4,-2.11,4,0,0,0,0,caucasian,34,5,0,1,single
57079.0,1,-3.09,1,0,0,0,0,hispanic,34,1,0,1,significant other
58228.0,2,-3.13,1,1,0,1,0,caucasian,34,0,0,1,significant other
54965.0,3,-2.63,2,1,1,0,0,caucasian,34,0,0,0,single
54286.0,7,-1.31,7,0,0,0,0,african-american,34,15,0,0,single
60968.0,1,-3.21,1,0,0,0,0,caucasian,34,1,0,1,separated
51933.0,1,-3.16,1,1,1,1,0,african-american,34,3,1,0,single
55651.0,1,-2.65,2,0,0,0,1,caucasian,34,1,0,1,single
61736.0,3,-2.58,2,0,0,0,0,african-american,34,2,0,1,single
51601.0,3,-3.07,1,1,1,1,0,african-american,34,0,0,0,single
56103.0,10,-1.88,5,1,0,1,0,african-american,34,9,0,0,single
52031.0,9,-1.42,7,0,0,0,0,african-american,34,3,0,1,single
51892.0,2,-3.07,1,1,1,0,1,other,34,0,0,0,single
59305.0,1,-2.97,1,0,0,0,0,african-american,34,0,0,0,single
51466.0,8,-0.77,9,1,1,1,0,african-american,34,6,0,0,single
51588.0,3,-2.93,2,0,0,0,1,caucasian,34,2,0,0,single
58533.0,1,-3.17,1,1,0,1,0,caucasian,34,0,0,1,single
16861.0,6,-2.62,2,1,0,1,0,african-american,34,12,0,0,significant other
52229.0,5,-1.9,5,0,0,0,0,caucasian,34,0,0,0,single
57578.0,6,-1.85,5,1,0,1,0,caucasian,34,5,1,0,single
51649.0,1,-2.95,1,0,0,0,0,caucasian,34,0,0,0,single
59905.0,7,-2.26,3,1,0,1,1,caucasian,34,0,0,1,single
53783.0,2,-3.03,1,0,0,0,0,caucasian,34,1,0,0,single
54121.0,6,-2.63,2,1,0,1,0,african-american,34,7,0,0,single
43553.0,10,-0.9,9,1,1,1,0,african-american,34,9,2,1,significant other
59991.0,5,-1.96,5,0,0,0,0,caucasian,34,3,1,1,single
56104.0,1,-2.73,2,0,0,0,0,african-american,34,3,0,0,single
59698.0,2,-3.04,1,0,0,0,0,other,34,0,0,1,significant other
55428.0,2,-2.87,2,0,0,0,0,african-american,34,1,0,1,single
43541.0,9,-1.39,7,0,0,0,1,african-american,34,1,0,1,single
60862.0,2,-2.98,1,1,0,0,0,african-american,34,2,0,1,single
5512.0,6,-1.96,7,0,0,0,0,african-american,34,1,0,1,single
12389.0,1,-3.17,1,0,0,0,0,african-american,34,3,0,0,significant other
61755.0,2,-2.93,2,0,0,0,0,african-american,34,1,0,1,single
11298.0,8,-1.4,7,0,0,0,0,african-american,34,9,1,0,single
52271.0,1,-3.23,1,0,0,0,1,african-american,34,1,0,1,significant other
61038.0,7,-1.96,5,0,0,0,0,african-american,34,12,0,0,single
53829.0,2,-3.04,1,0,0,0,0,caucasian,34,0,0,0,single
54750.0,1,-3.1,1,0,0,0,0,caucasian,34,0,0,1,significant other
51290.0,7,-2.59,2,0,0,0,0,african-american,34,5,3,1,single
51054.0,5,-2.41,3,0,0,0,0,african-american,34,1,0,0,single
5745.0,9,-1.56,6,1,0,1,0,african-american,34,16,0,0,single
51913.0,2,-3.02,1,0,0,0,1,african-american,34,1,0,1,separated
65204.0,2,-3.15,1,1,0,1,1,african-american,34,5,0,0,single
52491.0,7,-2.71,2,0,0,0,0,african-american,34,1,0,0,significant other
31208.0,2,-2.89,2,0,0,0,0,caucasian,34,2,0,1,single
56243.0,1,-3.04,1,0,0,0,0,hispanic,34,0,0,1,separated
56094.0,2,-3.03,1,0,0,0,0,other,34,0,0,0,single
61257.0,4,-2.13,4,0,0,0,0,african-american,33,3,0,0,single
62232.0,1,-3.21,1,0,0,0,0,caucasian,33,0,0,1,single
52579.0,2,-2.94,2,0,0,0,1,african-american,33,1,0,0,single
56230.0,5,-2.18,4,0,0,0,0,african-american,33,0,0,0,single
59282.0,1,-3.21,1,1,0,1,1,caucasian,33,0,0,1,single
52862.0,1,-2.99,1,1,0,1,0,caucasian,33,0,0,0,single
54926.0,1,-3.24,1,1,0,1,0,other,33,2,0,0,significant other
58972.0,8,-1.9,5,0,0,0,0,african-american,33,14,0,0,single
58254.0,4,-2.58,2,0,0,0,1,hispanic,33,2,0,1,single
57560.0,1,-3.08,1,0,0,0,1,african-american,33,1,0,0,significant other
53833.0,1,-3.19,1,0,0,0,0,caucasian,33,0,0,0,single
26135.0,8,-1.88,5,1,0,1,0,african-american,33,28,14,0,separated
59169.0,2,-3.18,1,0,0,0,1,other,33,0,0,0,single
57022.0,9,-1.67,6,0,0,0,1,african-american,33,0,0,1,single
19348.0,7,-0.93,9,1,1,1,0,african-american,33,7,0,0,single
58162.0,6,-2.53,3,1,0,1,1,caucasian,33,1,0,1,single
59045.0,5,-2.63,2,1,0,1,0,african-american,33,5,0,0,significant other
56336.0,3,-2.97,1,0,0,0,0,caucasian,33,2,0,0,single
59606.0,2,-3.14,1,0,0,0,0,caucasian,33,0,0,0,single
50917.0,7,-1.29,7,0,0,0,0,african-american,33,2,0,0,single
60535.0,8,-2.07,4,1,1,1,0,african-american,33,14,0,0,significant other
8739.0,6,-1.66,6,1,0,1,0,caucasian,33,5,0,0,single
52020.0,3,-2.91,2,0,0,0,1,caucasian,33,2,0,0,single
41698.0,8,-1.31,7,1,0,1,0,caucasian,33,3,0,0,single
59839.0,3,-2.79,2,0,0,0,1,african-american,33,0,0,0,single
57695.0,1,-3.28,1,0,0,0,1,caucasian,33,0,0,0,single
34031.0,2,-3.1,1,0,0,0,0,african-american,33,3,0,0,significant other
60528.0,8,-1.58,6,1,0,1,0,african-american,33,0,0,1,single
54406.0,1,-2.73,2,0,0,0,1,african-american,33,1,0,1,single
32776.0,3,-2.92,2,1,0,1,0,caucasian,33,2,0,1,single
59899.0,3,-3.04,1,0,0,0,0,caucasian,33,3,0,1,significant other
18271.0,10,-1.44,7,1,0,1,0,african-american,33,19,0,0,single
14321.0,4,-2.69,2,0,0,0,0,caucasian,33,10,0,1,single
51335.0,1,-3.23,1,1,0,1,0,caucasian,33,0,0,1,single
52174.0,6,-2.29,3,1,0,1,1,caucasian,33,0,0,1,single
62213.0,2,-2.11,4,1,0,1,0,african-american,33,4,0,0,single
55874.0,5,-2.64,2,0,0,0,1,african-american,33,1,0,0,single
53036.0,2,-2.96,1,1,0,1,0,african-american,33,3,0,1,single
55133.0,2,-2.99,1,0,0,0,0,hispanic,33,0,0,1,single
60693.0,2,-2.21,4,0,0,0,0,hispanic,33,1,0,1,significant other
57713.0,3,-2.63,2,1,0,1,0,caucasian,33,0,0,1,single
56081.0,9,-2.3,3,1,0,1,0,caucasian,33,0,0,0,single
54825.0,2,-2.79,2,0,0,0,0,caucasian,33,1,0,0,significant other
60969.0,9,-1.64,6,1,0,1,0,african-american,33,10,0,0,significant other
61763.0,3,-2.84,2,1,0,1,1,african-american,33,2,0,0,single
56349.0,2,-2.91,2,0,0,0,1,caucasian,33,1,0,1,significant other
54379.0,3,-2.89,2,1,0,0,0,other,33,5,0,0,single
8814.0,9,-1.97,5,1,0,1,0,caucasian,33,9,0,0,single
59820.0,3,-2.45,3,0,0,0,0,caucasian,33,0,0,0,significant other
57271.0,7,-2.59,2,0,0,0,0,other,33,3,0,0,single
27923.0,3,-2.32,3,0,0,0,0,caucasian,33,3,0,1,single
51717.0,6,-1.93,5,1,0,0,0,african-american,33,8,0,0,single
51444.0,3,-2.65,2,0,0,0,1,caucasian,33,1,0,1,single
24330.0,6,-2.85,2,0,0,0,0,african-american,33,4,0,0,single
53103.0,2,-2.56,2,0,0,0,0,caucasian,33,2,0,1,single
28532.0,5,-2.65,2,1,1,1,0,african-american,33,8,0,1,single
55827.0,5,-2.54,3,0,0,0,0,caucasian,33,3,0,0,single
59321.0,1,-3.12,1,0,0,0,0,caucasian,33,0,0,1,separated
59304.0,1,-3.04,1,0,0,0,0,hispanic,33,0,0,1,significant other
36015.0,4,-2.34,3,0,0,0,0,hispanic,33,1,0,0,single
54653.0,10,-1.34,7,1,0,1,0,african-american,33,8,2,0,single
26857.0,5,-2.75,2,1,0,1,1,caucasian,33,2,0,0,single
54623.0,9,-1.75,5,1,0,1,0,african-american,33,2,0,0,single
61629.0,1,-3.08,1,0,0,0,0,other,33,0,0,1,significant other
59641.0,1,-3.12,1,0,0,0,0,african-american,33,0,0,0,single
52861.0,2,-2.55,3,0,0,0,0,other,33,0,0,1,separated
58840.0,6,-2.83,2,0,0,0,1,caucasian,33,7,0,1,single
54552.0,1,-2.95,1,0,0,0,0,african-american,33,0,0,0,single
62205.0,3,-3.01,1,0,0,0,0,african-american,33,4,0,1,significant other
52900.0,1,-2.7,2,0,0,0,0,other,33,0,0,1,single
7109.0,7,-2.42,3,1,0,1,0,african-american,33,16,0,1,single
29332.0,9,-1.23,8,0,0,0,0,caucasian,33,14,1,0,single
60885.0,1,-2.82,2,1,0,1,0,african-american,33,1,0,1,single
57436.0,7,-0.72,9,1,1,1,0,other,33,9,1,1,single
58726.0,4,-2.2,4,0,0,0,0,african-american,33,2,0,1,single
52292.0,7,-1.47,7,0,0,0,0,african-american,33,0,0,1,single
1810.0,3,-2.36,3,0,0,0,0,caucasian,33,4,0,1,single
51605.0,3,-2.29,3,1,1,1,0,african-american,33,6,1,1,single
51098.0,6,-2.79,2,1,0,1,0,african-american,33,3,0,0,single
57880.0,4,-2.81,2,0,0,0,0,african-american,33,5,0,0,single
58297.0,1,-3.19,1,0,0,0,0,hispanic,33,1,0,1,significant other
56714.0,4,-2.39,3,1,0,1,0,african-american,33,1,0,0,single
57231.0,7,-1.92,5,0,0,0,1,caucasian,33,1,0,0,significant other
56151.0,3,-2.86,2,0,0,0,1,african-american,33,0,0,0,single
60962.0,1,-3.08,1,0,0,0,0,african-american,33,0,0,0,single
36713.0,9,-1.24,8,1,0,1,0,african-american,33,23,0,0,single
37617.0,6,-2.04,4,1,0,1,0,african-american,33,3,0,0,single
65916.0,2,-2.81,2,0,0,0,1,african-american,33,0,0,0,single
61286.0,1,-3.28,1,0,0,0,1,caucasian,33,0,0,1,separated
59274.0,6,-2.06,4,1,0,1,0,african-american,33,3,0,1,single
62118.0,1,-3.12,1,0,0,0,1,african-american,33,0,0,1,single
60665.0,3,-2.93,2,1,0,1,0,other,33,4,0,0,single
55374.0,4,-2.68,2,1,0,1,1,hispanic,33,2,0,0,single
53446.0,2,-2.84,2,0,0,0,0,caucasian,33,2,0,1,single
48648.0,6,-2.75,2,1,0,1,0,african-american,33,11,0,0,single
52429.0,6,-2.19,4,1,0,1,0,african-american,33,13,0,0,single
59734.0,8,-2.36,3,1,1,1,0,other,33,7,1,0,single
51546.0,6,-1.56,6,0,0,0,0,caucasian,33,3,0,0,single
60551.0,5,-2.63,2,0,0,0,0,caucasian,33,5,0,0,significant other
59085.0,2,-2.84,2,0,0,0,1,other,33,0,0,0,single
59089.0,2,-3.14,1,0,0,0,0,african-american,33,1,0,0,single
61086.0,4,-2.57,2,0,0,0,0,hispanic,33,1,0,1,single
54077.0,2,-2.86,2,0,0,0,0,caucasian,33,0,0,0,single
61814.0,2,-2.92,2,0,0,0,1,african-american,33,3,0,1,single
45569.0,6,-1.35,7,1,1,1,0,african-american,33,7,0,1,single
50544.0,9,-1.46,7,1,0,1,0,african-american,33,12,1,1,single
57903.0,4,-2.21,4,0,0,0,0,african-american,33,3,0,0,single
5052.0,7,-1.59,6,1,0,1,0,african-american,33,4,0,1,single
34331.0,9,-0.71,9,1,1,1,0,african-american,33,16,0,1,single
56135.0,1,-2.91,2,0,0,0,0,caucasian,33,0,0,0,single
52707.0,10,-1.55,6,0,0,0,0,african-american,33,0,0,0,single
53809.0,2,-2.85,2,0,0,0,0,hispanic,33,3,0,1,significant other
54507.0,2,-1.95,5,0,0,0,0,caucasian,33,1,0,0,significant other
56727.0,1,-2.76,2,0,0,0,0,african-american,33,2,0,1,significant other
36952.0,8,-1.61,6,1,1,1,0,african-american,33,4,0,0,single
56612.0,1,-2.71,2,0,0,0,0,other,33,0,0,0,significant other
60691.0,1,-3.24,1,0,0,0,1,caucasian,33,1,0,1,single
54089.0,6,-2.4,3,1,1,1,0,caucasian,33,0,0,0,single
59574.0,7,-2.15,4,1,0,1,1,other,33,5,0,0,single
57152.0,2,-2.91,2,0,0,0,0,hispanic,33,3,0,0,single
58053.0,2,-2.88,2,0,0,0,0,caucasian,33,2,2,1,single
56011.0,2,-3.09,1,0,0,0,1,caucasian,33,0,0,1,single
48566.0,2,-2.63,2,0,0,0,0,african-american,33,4,0,0,single
52854.0,3,-2.88,2,0,0,0,0,caucasian,33,1,0,1,single
54275.0,1,-2.98,1,0,0,0,0,other,33,0,0,0,significant other
61663.0,1,-3.2,1,0,0,0,0,african-american,33,0,0,1,single
52847.0,1,-3.11,1,0,0,0,0,caucasian,33,0,0,1,single
49107.0,8,-1.65,6,1,0,1,0,african-american,33,5,0,1,single
53294.0,3,-2.44,3,0,0,0,0,african-american,33,0,0,0,significant other
60493.0,2,-2.88,2,0,0,0,1,african-american,33,0,0,1,single
52892.0,1,-3.22,1,0,0,0,0,hispanic,33,0,0,1,single
61510.0,1,-2.92,2,0,0,0,0,caucasian,33,0,0,0,single
54937.0,3,-2.07,4,0,0,0,0,hispanic,33,2,0,1,single
55248.0,2,-3.02,1,0,0,0,1,hispanic,33,0,0,0,single
32337.0,9,-2.52,3,1,0,1,0,african-american,33,16,0,0,single
51222.0,6,-2.63,2,1,0,1,0,african-american,33,7,0,0,significant other
54895.0,6,-2.73,2,1,1,1,1,caucasian,33,3,0,0,single
52275.0,6,-2.7,2,0,0,0,0,african-american,33,6,0,0,single
10630.0,7,-1.9,5,0,0,0,1,african-american,33,5,0,0,single
59348.0,5,-2.67,2,1,0,1,1,caucasian,33,4,0,1,single
56843.0,3,-2.87,2,0,0,0,1,hispanic,33,2,0,0,single
62066.0,4,-2.71,2,0,0,0,1,caucasian,33,2,0,0,separated
54590.0,9,-1.16,8,0,0,0,0,caucasian,33,10,0,0,single
53909.0,4,-2.29,3,0,0,0,0,caucasian,33,9,0,0,single
11734.0,10,-0.97,9,1,0,1,0,african-american,33,18,0,0,single
62201.0,4,-3.05,1,0,0,0,1,african-american,33,3,0,1,single
58783.0,8,-1.34,7,1,0,1,0,african-american,33,11,5,0,single
57288.0,2,-2.65,2,1,0,1,0,african-american,33,1,0,0,single
61811.0,1,-3.24,1,0,0,0,0,other,33,0,0,1,single
59204.0,5,-2.11,4,0,0,0,0,african-american,33,1,0,0,other
59498.0,1,-2.67,2,0,0,0,0,caucasian,33,0,0,0,significant other
54729.0,2,-2.74,2,1,0,1,0,african-american,33,2,0,1,single
57349.0,1,-3.19,1,0,0,0,1,caucasian,33,0,0,1,single
51589.0,5,-2.1,4,0,0,0,0,african-american,33,6,0,1,single
46908.0,3,-3.13,3,0,0,0,0,african-american,33,2,0,1,single
58310.0,2,-3.11,1,0,0,0,1,african-american,33,2,0,0,single
51152.0,9,-1.64,6,1,0,1,0,african-american,33,16,4,0,significant other
53799.0,9,-0.89,9,1,0,1,0,african-american,33,9,2,1,single
59414.0,1,-3.08,1,0,0,0,0,other,33,3,0,0,significant other
52465.0,10,-1.4,7,1,0,1,0,african-american,33,12,4,0,single
51943.0,5,-1.62,6,1,0,1,0,african-american,33,0,0,0,single
24234.0,4,-2.27,3,0,0,0,1,african-american,33,3,0,1,single
4074.0,9,-0.67,8,1,0,1,0,african-american,33,18,3,0,single
52784.0,4,-2.3,3,0,0,0,0,caucasian,33,1,0,0,single
61158.0,1,-2.75,2,1,0,1,0,african-american,33,0,0,0,single
60876.0,4,-2.81,2,0,0,0,0,caucasian,33,2,0,0,single
53282.0,1,-3.13,1,1,0,1,0,african-american,33,1,0,1,single
59465.0,10,-1.65,6,0,0,0,0,african-american,33,1,0,0,single
52035.0,4,-2.69,2,1,0,1,1,african-american,33,3,0,1,single
59294.0,1,-2.99,1,0,0,0,0,hispanic,33,0,0,0,significant other
61317.0,4,-1.7,3,1,1,1,0,caucasian,33,3,0,1,single
56428.0,6,-1.8,5,0,0,0,0,caucasian,33,4,0,0,single
53939.0,2,-3.13,1,0,0,0,1,caucasian,33,2,0,0,significant other
61621.0,2,-3.17,1,1,0,1,0,african-american,33,0,0,0,single
12257.0,9,-0.82,9,1,0,1,0,african-american,33,12,0,0,single
50886.0,1,-2.85,2,1,1,1,0,other,33,0,0,0,significant other
20309.0,10,-0.02,10,1,1,1,0,african-american,33,17,0,0,significant other
60127.0,5,-2.53,3,0,0,0,0,african-american,33,8,0,0,single
51823.0,2,-3.05,1,0,0,0,1,african-american,33,1,0,0,significant other
4411.0,9,-0.83,9,1,0,1,1,african-american,33,7,0,0,single
46435.0,4,-2.01,4,1,0,0,0,caucasian,32,8,1,0,single
60986.0,2,-2.95,1,0,0,0,1,african-american,32,0,0,1,single
52666.0,2,-3.05,1,0,0,0,0,african-american,32,0,0,0,significant other
8215.0,9,-1.59,6,1,1,1,0,african-american,32,14,0,0,single
59729.0,2,-3.03,1,0,0,0,0,caucasian,32,2,0,0,single
52289.0,2,-2.39,3,1,0,1,0,caucasian,32,6,0,0,single
52811.0,5,-2.78,2,0,0,0,0,african-american,32,0,0,1,single
55888.0,1,-3.01,1,0,0,0,0,hispanic,32,1,0,0,significant other
65917.0,1,-2.88,2,0,0,0,0,other,32,0,0,0,single
59730.0,9,-1.06,8,0,0,0,0,african-american,32,14,1,0,single
59309.0,1,-3.27,1,0,0,0,1,african-american,32,5,0,0,single
15207.0,6,-2.65,2,1,0,1,0,african-american,32,9,0,1,single
35278.0,10,-0.9,9,0,0,0,0,african-american,32,4,3,0,single
57187.0,1,-3.06,1,0,0,0,0,other,32,0,0,1,single
52070.0,2,-2.6,2,1,0,0,0,african-american,32,7,3,0,significant other
59035.0,3,-2.56,2,0,0,0,0,caucasian,32,1,0,0,single
59633.0,2,-3.03,1,0,0,0,1,caucasian,32,1,0,0,single
59102.0,1,-3.02,1,0,0,0,0,african-american,32,0,0,1,significant other
12411.0,9,-1.4,7,0,0,0,0,african-american,32,9,4,0,single
56260.0,1,-3.17,1,1,0,1,0,hispanic,32,1,1,1,single
40286.0,9,-1.12,8,1,0,1,0,african-american,32,13,0,1,single
60570.0,1,-2.85,2,1,1,1,0,caucasian,32,1,0,0,single
8371.0,9,-0.59,10,1,1,1,0,african-american,32,22,1,0,single
60527.0,1,-3.23,1,1,0,1,0,caucasian,32,1,0,0,single
62287.0,1,-3.15,1,1,1,1,1,african-american,32,0,0,1,significant other
59171.0,9,-1.64,6,1,0,1,0,caucasian,32,15,3,0,single
60481.0,2,-2.45,3,0,0,0,0,african-american,32,1,0,0,single
54150.0,3,-2.86,2,0,0,0,0,caucasian,32,0,0,0,single
52422.0,5,-1.98,4,1,1,1,0,caucasian,32,5,0,0,single
53266.0,9,-1.88,5,1,0,1,0,african-american,32,11,0,1,single
54343.0,2,-3.11,1,0,0,0,0,caucasian,32,1,0,1,single
52640.0,1,-3.13,1,0,0,0,0,caucasian,32,0,0,0,significant other
39814.0,3,-2.67,2,0,0,0,1,african-american,32,2,0,0,single
13921.0,10,-0.41,10,1,0,1,0,caucasian,32,11,1,0,single
61665.0,2,-3.15,1,1,0,1,1,caucasian,32,1,0,1,separated
40741.0,6,-2.26,3,0,0,0,0,african-american,32,3,0,1,single
53832.0,7,-2.91,2,0,0,0,0,african-american,32,0,0,1,separated
41426.0,7,-0.96,9,0,0,0,0,african-american,32,1,0,1,single
61795.0,1,-3.27,1,0,0,0,1,hispanic,32,0,0,1,significant other
48502.0,5,-2.22,4,1,0,1,0,african-american,32,11,3,0,single
22711.0,1,-2.74,2,1,1,1,0,african-american,32,3,0,0,significant other
59066.0,2,-2.86,2,1,0,0,1,caucasian,32,5,0,0,single
3523.0,5,-2.12,4,1,0,1,0,african-american,32,6,0,1,single
59217.0,1,-3.14,1,1,0,1,0,hispanic,32,0,0,1,single
52976.0,10,-1.3,7,0,0,0,0,african-american,32,2,0,0,single
57345.0,9,-2.22,4,0,0,0,0,african-american,32,8,1,0,single
53630.0,6,-2.4,3,1,1,1,0,african-american,32,4,0,0,single
58277.0,7,-1.68,6,1,1,1,0,african-american,32,4,0,0,single
53309.0,2,-2.97,1,0,0,0,1,hispanic,32,1,0,0,single
52770.0,1,-3.17,1,0,0,0,0,hispanic,32,0,0,1,separated
59652.0,4,-2.81,3,0,0,0,0,african-american,32,9,0,0,significant other
16573.0,2,-2.65,2,0,0,0,0,african-american,32,2,0,1,single
61503.0,3,-2.85,2,0,0,0,0,hispanic,32,1,0,0,separated
57675.0,5,-2.82,2,1,0,1,0,hispanic,32,2,0,1,single
42171.0,8,-1.78,5,0,0,0,0,african-american,32,2,0,1,single
30731.0,9,-0.33,10,1,0,1,0,caucasian,32,8,0,0,single
54698.0,3,-2.2,4,0,0,0,0,other,32,0,0,1,single
61290.0,8,-1.13,8,0,0,0,0,caucasian,32,6,0,0,single
55097.0,8,-1.82,5,1,0,1,0,african-american,32,15,2,0,single
7532.0,8,-1.0,8,1,0,0,0,african-american,32,9,0,0,single
60695.0,1,-3.02,1,0,0,0,0,other,32,0,0,1,significant other
60455.0,2,-3.03,1,0,0,0,1,caucasian,32,4,1,0,single
52169.0,6,-1.49,7,1,1,1,0,african-american,32,4,0,0,single
51324.0,4,-2.0,4,0,0,0,0,african-american,32,5,0,1,single
59696.0,1,-3.13,1,0,0,0,1,african-american,32,1,0,1,significant other
57104.0,5,-3.05,1,0,0,0,0,caucasian,32,4,0,0,significant other
56193.0,7,-2.52,3,1,0,1,0,african-american,32,0,0,0,single
49851.0,9,-1.28,7,1,1,1,0,african-american,32,12,1,0,single
51815.0,4,-2.8,2,0,0,0,0,african-american,32,8,1,0,single
59050.0,1,-3.22,1,0,0,0,0,other,32,0,0,0,significant other
60142.0,8,-1.72,6,1,1,1,0,african-american,32,2,0,0,single
33232.0,7,-2.2,4,0,0,0,1,african-american,32,11,0,0,single
51647.0,2,-2.79,2,0,0,0,1,caucasian,32,0,0,0,separated
9980.0,5,-2.28,3,1,0,1,0,caucasian,32,5,0,0,significant other
52506.0,3,-2.09,4,0,0,0,0,african-american,32,1,0,1,separated
21599.0,10,-0.87,9,0,0,0,0,caucasian,32,11,0,0,single
59937.0,2,-2.86,2,1,0,1,0,african-american,32,5,1,1,significant other
38982.0,9,-2.51,3,1,0,1,0,caucasian,32,5,0,0,single
61154.0,1,-3.18,1,1,0,1,0,african-american,32,0,0,0,significant other
58219.0,1,-3.06,1,0,0,0,0,hispanic,32,1,0,0,significant other
56403.0,3,-2.81,2,0,0,0,0,african-american,32,0,0,0,single
6733.0,8,-1.16,8,0,0,0,0,african-american,32,2,0,0,single
56686.0,2,-2.79,2,1,0,1,1,african-american,32,3,0,0,separated
44418.0,7,-1.56,6,1,0,1,0,hispanic,32,2,1,1,single
52032.0,3,-2.84,2,1,0,1,0,other,32,0,0,1,single
52560.0,2,-2.93,2,0,0,0,1,african-american,32,3,0,0,single
60307.0,1,-2.96,1,0,0,0,0,caucasian,32,0,0,1,single
59512.0,2,-2.78,2,0,0,0,0,other,32,0,0,1,single
55636.0,5,-1.8,5,0,0,0,0,african-american,32,1,0,0,single
51501.0,7,-2.2,4,1,1,1,0,african-american,32,9,1,1,single
23847.0,6,-1.32,7,1,0,1,0,african-american,32,7,1,0,single
17227.0,3,-2.75,2,0,0,0,0,hispanic,32,3,0,0,single
33552.0,9,-0.73,9,1,1,1,0,african-american,32,7,0,0,single
51790.0,1,-2.87,2,0,0,0,0,african-american,32,0,0,0,significant other
54362.0,1,-3.17,1,0,0,0,1,other,32,0,0,1,separated
53912.0,7,-2.09,4,1,0,1,0,caucasian,32,9,0,1,single
61816.0,6,-2.22,4,0,0,0,1,african-american,32,3,0,1,single
52970.0,8,-2.44,3,1,0,1,0,african-american,32,1,0,0,single
38097.0,10,-1.04,8,1,0,1,0,african-american,32,26,2,0,separated
55167.0,1,-2.98,1,0,0,0,0,caucasian,32,2,0,0,significant other
60148.0,3,-2.42,3,0,0,0,0,caucasian,32,0,0,1,single
61277.0,2,-3.04,1,0,0,0,1,african-american,32,0,0,0,single
41077.0,2,-2.86,2,1,0,1,0,caucasian,32,2,0,1,separated
5665.0,10,0.15,10,1,1,1,0,african-american,32,19,0,0,single
58655.0,2,-2.89,2,0,0,0,1,other,32,0,0,1,significant other
23392.0,5,-2.58,2,0,0,0,0,african-american,32,4,0,0,significant other
57770.0,2,-2.81,2,0,0,0,0,african-american,32,1,0,0,single
51216.0,8,-1.5,6,1,0,0,0,african-american,32,12,0,0,single
61679.0,8,-1.72,6,1,1,1,0,african-american,32,7,4,0,single
36631.0,8,-1.55,6,1,0,1,0,african-american,32,6,0,0,single
60610.0,3,-2.74,2,0,0,0,1,african-american,32,0,0,0,single
55043.0,8,-1.41,7,1,0,1,0,african-american,32,17,11,0,single
40929.0,5,-1.98,4,1,0,1,0,caucasian,32,8,0,1,significant other
54727.0,6,-2.56,2,1,0,1,0,caucasian,32,3,0,0,single
51965.0,2,-2.74,2,0,0,0,0,african-american,32,3,0,0,single
61602.0,7,-2.72,2,0,0,0,0,african-american,32,1,0,0,single
52812.0,3,-2.75,2,0,0,0,0,other,32,4,0,0,single
52074.0,2,-2.48,3,0,0,0,0,hispanic,32,0,0,1,single
57622.0,3,-2.51,3,1,0,1,1,hispanic,32,1,0,0,single
56829.0,10,-1.48,7,1,0,1,0,african-american,32,13,0,0,single
18577.0,5,-2.6,2,0,0,0,0,caucasian,32,3,0,0,single
58881.0,1,-2.77,2,1,0,1,1,caucasian,32,0,0,0,single
56099.0,6,-2.36,3,0,0,0,1,caucasian,32,2,0,1,single
53713.0,4,-2.52,3,0,0,0,0,african-american,32,0,0,1,single
24690.0,4,-2.68,2,1,1,1,0,african-american,32,1,0,1,single
61818.0,1,-3.18,1,1,0,1,0,caucasian,32,1,0,1,single
59110.0,5,-2.12,4,0,0,0,0,african-american,32,2,0,1,single
61036.0,6,-1.48,7,0,0,0,0,african-american,32,6,0,0,single
59176.0,5,-2.13,4,0,0,0,0,caucasian,32,6,0,1,single
58094.0,10,-1.19,8,0,0,0,0,african-american,32,1,0,1,single
5110.0,6,-1.88,5,1,0,1,0,african-american,32,10,3,0,single
55211.0,4,-2.64,2,0,0,0,0,african-american,32,5,1,0,single
52280.0,7,-2.5,3,0,0,0,1,african-american,32,5,0,0,single
62417.0,2,-2.86,2,0,0,0,1,hispanic,32,1,0,1,significant other
8489.0,10,0.09,10,0,0,0,0,african-american,32,2,0,0,single
59813.0,5,-2.79,2,1,1,1,1,hispanic,32,8,1,1,single
56525.0,9,-1.48,7,0,0,0,0,african-american,32,0,0,1,single
50852.0,10,-1.33,7,0,0,0,0,hispanic,32,20,2,0,single
27420.0,4,-2.56,2,1,0,1,0,african-american,32,4,0,1,single
50633.0,9,-0.78,9,1,0,1,0,caucasian,32,15,1,0,separated
23151.0,3,-2.31,3,0,0,0,0,african-american,32,2,0,0,separated
59025.0,4,-2.56,2,1,0,1,0,african-american,32,4,0,0,significant other
52483.0,1,-3.11,1,0,0,0,1,caucasian,32,0,1,1,single
14531.0,9,-1.11,8,1,0,1,0,african-american,32,21,0,0,single
54549.0,10,-1.5,6,1,1,1,0,african-american,32,12,4,1,significant other
43080.0,7,-2.51,3,1,0,1,0,african-american,32,3,0,0,single
54078.0,2,-2.82,2,0,0,0,0,caucasian,32,2,0,0,single
51251.0,4,-2.5,3,0,0,0,0,african-american,32,1,0,0,single
58618.0,2,-2.73,2,0,0,0,0,african-american,32,1,0,0,single
51269.0,2,-2.9,2,0,0,0,0,caucasian,32,2,1,0,significant other
59115.0,4,-2.85,2,1,0,1,0,african-american,32,5,0,0,single
56759.0,7,-1.8,5,1,1,1,0,african-american,32,2,0,0,single
49153.0,7,-2.65,2,1,1,1,0,caucasian,32,5,1,0,single
23218.0,2,-1.7,6,0,0,0,0,african-american,32,1,0,1,significant other
56788.0,2,-3.03,1,0,0,0,1,african-american,32,0,0,0,single
59468.0,10,-1.12,8,1,0,1,0,caucasian,32,4,0,0,single
60130.0,2,-2.77,2,0,0,0,0,hispanic,32,0,0,1,single
55420.0,1,-3.03,1,0,0,0,0,other,32,1,0,0,single
60659.0,1,-2.87,2,1,1,1,0,caucasian,32,0,0,0,single
62215.0,1,-3.08,1,0,0,0,0,african-american,32,7,0,0,single
52750.0,1,-2.9,2,0,0,0,0,hispanic,32,1,0,0,single
57845.0,2,-3.13,1,0,0,0,1,african-american,32,2,0,0,single
54360.0,3,-2.42,3,1,0,1,0,african-american,32,8,0,0,single
51617.0,1,-3.02,1,0,0,0,0,african-american,32,0,0,0,single
60201.0,7,-2.02,4,0,0,0,0,african-american,32,0,0,0,single
50353.0,4,-1.93,5,1,0,1,1,african-american,32,6,0,0,significant other
57113.0,2,-3.13,1,0,0,0,1,hispanic,32,0,0,0,significant other
53698.0,7,-2.46,3,0,0,0,0,hispanic,32,7,0,0,single
53971.0,1,-2.75,2,0,0,0,0,caucasian,32,0,0,0,single
12228.0,7,-2.06,4,0,0,0,0,caucasian,32,6,2,1,single
57194.0,2,-2.99,1,0,0,0,0,caucasian,32,0,0,0,single
37450.0,8,-0.77,9,1,0,1,0,african-american,32,13,1,1,single
56969.0,5,-2.57,2,0,0,0,0,caucasian,32,0,0,0,single
19311.0,9,-2.23,4,1,0,1,0,african-american,32,19,3,0,single
2854.0,5,-2.54,3,0,0,0,0,african-american,32,4,0,0,single
59681.0,5,-2.43,3,1,0,1,0,caucasian,32,10,3,0,single
58796.0,5,-1.8,5,1,1,1,0,african-american,32,1,0,0,significant other
57044.0,4,-2.2,4,0,0,0,0,caucasian,32,2,0,0,single
16757.0,4,-2.19,4,0,0,0,0,caucasian,32,3,0,0,single
36505.0,10,-1.7,6,0,0,0,0,african-american,32,9,3,0,single
53994.0,3,-2.63,2,1,0,1,1,african-american,32,0,0,1,single
58060.0,7,-2.01,4,1,1,1,0,african-american,32,6,0,0,single
53726.0,1,-3.02,1,0,0,0,0,caucasian,32,0,0,1,single
61431.0,3,-2.14,4,1,0,1,0,african-american,32,4,0,0,significant other
62216.0,9,-1.72,6,0,0,0,0,african-american,32,0,0,0,significant other
44355.0,6,-2.15,4,1,1,1,0,african-american,32,6,0,0,single
60019.0,2,-2.93,2,1,0,1,0,african-american,31,6,0,0,single
60866.0,1,-3.13,1,0,0,0,1,african-american,31,0,0,1,single
50951.0,6,-1.54,6,0,0,0,0,african-american,31,6,2,0,single
4367.0,7,-2.1,4,1,0,1,0,african-american,31,8,0,1,single
59595.0,5,-1.37,7,0,0,0,0,caucasian,31,3,0,1,single
57040.0,1,-2.86,2,1,0,1,0,african-american,31,3,1,0,single
54490.0,8,-2.18,4,0,0,0,0,caucasian,31,10,0,1,single
20209.0,7,-1.45,7,1,0,1,0,african-american,31,11,0,1,significant other
54743.0,2,-3.04,1,0,0,0,0,african-american,31,1,0,1,single
51245.0,1,-2.98,1,0,0,0,0,caucasian,31,0,0,0,single
52013.0,2,-2.91,2,0,0,0,0,hispanic,31,0,0,1,single
57711.0,2,-2.68,2,0,0,0,0,african-american,31,0,0,1,single
54016.0,3,-1.86,5,0,0,0,0,hispanic,31,1,1,1,single
61174.0,3,-2.54,3,0,0,0,0,african-american,31,2,0,0,single
54324.0,4,-1.71,6,0,0,0,0,african-american,31,2,0,1,single
52800.0,9,-2.7,2,0,0,0,0,caucasian,31,8,0,1,single
41800.0,6,-2.56,2,0,0,0,0,hispanic,31,4,0,0,single
52197.0,7,-2.05,4,1,0,1,0,caucasian,31,0,0,0,single
57946.0,2,-2.71,2,0,0,0,1,african-american,31,2,0,0,single
27065.0,3,-2.37,3,0,0,0,0,hispanic,31,3,0,0,single
60321.0,7,-0.8,9,0,0,0,0,caucasian,31,3,0,1,single
61404.0,5,-2.68,2,0,0,0,0,caucasian,31,0,0,1,single
52749.0,9,-1.04,8,0,0,0,0,african-american,31,6,1,0,single
47893.0,9,-2.31,3,1,1,1,0,african-american,31,5,1,1,single
52859.0,9,-1.35,7,1,0,1,0,hispanic,31,8,3,1,single
55268.0,3,-2.62,2,0,0,0,1,caucasian,31,0,0,1,significant other
44233.0,9,-1.74,5,1,0,1,0,african-american,31,8,0,0,single
54432.0,2,-2.74,2,1,0,0,0,african-american,31,2,0,0,single
59202.0,6,-2.32,3,0,0,0,0,african-american,31,0,0,0,other
60594.0,7,-1.6,6,0,0,0,0,caucasian,31,0,0,0,single
54639.0,3,-2.66,2,1,0,1,0,caucasian,31,6,0,1,single
54687.0,7,-1.98,4,1,0,1,1,caucasian,31,3,0,0,single
56926.0,5,-2.59,2,0,0,0,0,caucasian,31,1,0,0,single
53863.0,5,-2.06,4,1,0,1,0,african-american,31,2,0,0,single
57537.0,7,-2.58,2,1,1,1,0,hispanic,31,19,1,0,single
54193.0,8,-2.62,2,1,0,1,1,african-american,31,9,0,0,single
58650.0,6,-2.17,4,0,0,0,1,african-american,31,0,0,1,single
60154.0,5,-2.78,2,1,0,1,1,african-american,31,7,0,0,single
52492.0,10,-1.48,7,0,0,0,0,african-american,31,15,0,0,single
59314.0,5,-2.53,3,0,0,0,1,african-american,31,3,0,0,single
38085.0,6,-2.24,3,1,0,0,0,other,31,3,0,0,single
43041.0,7,-1.94,5,1,0,1,1,caucasian,31,9,0,0,separated
56744.0,7,-2.24,3,0,0,0,0,caucasian,31,6,0,1,single
53962.0,5,-1.82,5,1,0,0,0,african-american,31,5,0,1,single
33171.0,8,-1.48,7,1,0,1,0,african-american,31,25,3,1,single
54495.0,1,-3.06,1,1,1,1,0,other,31,3,0,1,single
51457.0,10,-1.31,7,1,0,1,0,african-american,31,5,1,0,single
56636.0,9,-1.4,7,1,0,1,0,african-american,31,12,3,0,single
51438.0,3,-2.84,2,1,0,0,0,african-american,31,1,0,0,single
53439.0,3,-2.32,3,1,0,1,0,caucasian,31,3,0,1,single
56652.0,7,-2.11,4,0,0,0,0,african-american,31,5,0,0,single
53942.0,7,-2.63,2,0,0,0,0,hispanic,31,1,0,0,single
53296.0,3,-2.4,3,0,0,0,0,other,31,0,0,0,single
60151.0,2,-2.79,2,0,0,0,1,african-american,31,0,0,1,single
59285.0,1,-3.03,1,0,0,0,0,other,31,1,0,1,significant other
53422.0,8,-2.13,4,1,0,1,0,african-american,31,6,0,0,single
61287.0,3,-3.04,1,0,0,0,1,african-american,31,0,0,0,single
53696.0,3,-2.79,2,0,0,0,0,african-american,31,0,0,0,single
24479.0,6,-2.01,4,1,0,1,0,caucasian,31,9,3,0,single
55693.0,8,-1.58,6,1,1,1,0,african-american,31,9,0,0,single
61245.0,3,-2.97,1,1,0,1,1,hispanic,31,2,0,0,significant other
53727.0,7,-1.3,7,1,0,1,0,african-american,31,7,0,0,single
61823.0,3,-2.89,2,0,0,0,0,caucasian,31,7,0,1,single
60543.0,10,0.16,10,0,0,0,0,african-american,31,0,0,0,separated
54558.0,5,-2.74,2,1,0,1,1,african-american,31,0,0,0,single
59894.0,4,-2.16,4,0,0,0,0,african-american,31,0,0,1,single
53405.0,1,-3.06,1,0,0,0,0,caucasian,31,0,0,0,single
51395.0,6,-2.6,2,1,0,1,0,african-american,31,10,1,0,single
53917.0,9,-1.77,5,1,0,1,0,hispanic,31,7,1,1,single
53707.0,4,-2.74,2,0,0,0,0,african-american,31,6,0,0,single
41515.0,10,-1.53,6,1,1,1,0,african-american,31,6,3,0,significant other
58093.0,7,-1.2,8,0,0,0,0,african-american,31,1,0,1,single
51818.0,2,-2.68,2,0,0,0,0,african-american,31,0,0,1,significant other
51373.0,5,-2.48,3,1,0,1,0,african-american,31,10,4,0,single
57384.0,3,-2.1,4,1,0,1,0,african-american,31,4,0,0,single
54120.0,5,-2.07,4,0,0,0,0,caucasian,31,0,0,0,single
45763.0,10,-0.96,9,1,0,1,0,african-american,31,13,0,1,single
42487.0,6,-2.59,2,0,0,0,1,african-american,31,10,0,0,single
56519.0,2,-3.04,1,0,0,0,0,african-american,31,0,0,0,single
59196.0,8,-1.16,8,1,0,1,0,african-american,31,0,0,0,single
61601.0,1,-3.11,1,0,0,0,0,other,31,0,0,1,separated
60339.0,9,-2.08,4,0,0,0,0,african-american,31,0,0,1,single
56114.0,3,-2.5,3,1,0,1,1,caucasian,31,1,0,0,single
55824.0,4,-2.36,3,1,0,0,0,caucasian,31,2,0,1,single
50848.0,1,-2.84,2,0,0,0,0,caucasian,31,0,0,1,significant other
57338.0,8,-1.79,5,0,0,0,1,african-american,31,0,0,0,single
9674.0,7,-1.62,6,0,0,0,0,african-american,31,2,0,1,single
51371.0,5,-2.64,2,1,0,1,0,african-american,31,5,0,0,single
57808.0,2,-2.22,4,0,0,0,0,african-american,31,0,0,0,single
50912.0,5,-2.48,4,1,0,1,1,caucasian,31,1,0,1,single
52869.0,6,-2.09,4,1,0,0,0,other,31,5,0,0,single
30343.0,7,-2.25,3,1,0,1,0,african-american,31,9,0,1,single
51032.0,2,-2.95,1,1,0,1,1,african-american,31,1,0,1,single
27354.0,5,-1.45,7,1,0,0,0,african-american,31,15,1,0,single
52347.0,4,-2.74,2,0,0,0,0,african-american,31,0,0,1,single
1296.0,3,-2.65,2,1,0,1,0,african-american,31,4,0,1,significant other
58414.0,4,-2.71,2,0,0,0,0,african-american,31,7,0,1,single
53923.0,10,-2.01,4,1,0,0,0,african-american,31,0,0,1,single
51463.0,2,-2.69,2,1,0,1,1,african-american,31,3,0,1,single
6436.0,8,-1.14,8,0,0,0,1,african-american,31,14,0,0,single
60718.0,7,-1.4,7,1,1,1,0,caucasian,31,4,0,1,single
53801.0,7,-2.25,3,0,0,0,0,african-american,31,0,0,0,single
7022.0,10,-1.98,4,1,0,1,0,african-american,31,15,4,1,single
57188.0,10,-1.73,6,0,0,0,0,african-american,31,1,0,0,single
46183.0,8,-1.56,6,0,0,0,0,african-american,31,6,0,0,single
56144.0,10,-1.78,5,0,0,0,1,caucasian,31,14,2,0,single
2361.0,3,-2.41,3,1,0,1,0,hispanic,31,8,0,0,single
60561.0,5,-1.98,4,0,0,0,0,caucasian,31,3,0,1,single
52833.0,2,-2.88,2,0,0,0,1,hispanic,31,0,0,1,significant other
59532.0,2,-2.75,2,0,0,0,0,other,31,0,0,1,significant other
58612.0,2,-2.71,2,1,0,1,0,other,31,6,0,1,significant other
46280.0,6,-1.62,6,1,0,1,0,hispanic,31,5,0,0,single
58879.0,9,-1.83,5,0,0,0,1,caucasian,31,0,0,1,significant other
54649.0,6,-2.11,4,1,0,1,0,african-american,31,10,0,0,single
55927.0,9,-1.32,7,1,0,1,0,hispanic,31,8,0,0,single
55040.0,9,-1.65,6,1,0,1,0,african-american,31,10,5,0,single
52526.0,2,-2.83,2,0,0,0,0,african-american,31,2,0,0,single
32908.0,9,-0.97,9,1,0,1,0,african-american,31,19,0,0,single
56887.0,5,-2.7,2,0,0,0,0,african-american,31,0,0,0,single
51787.0,5,-2.5,3,0,0,0,1,african-american,31,1,0,1,single
50393.0,3,-2.54,3,1,0,1,0,caucasian,31,2,0,1,single
58734.0,1,-2.91,2,0,0,0,0,african-american,31,1,0,0,single
61273.0,6,-1.97,5,0,0,0,1,african-american,31,0,0,1,single
50925.0,6,-1.54,6,0,0,0,0,african-american,31,1,0,0,single
18100.0,10,-1.04,8,1,1,1,0,african-american,31,4,0,1,single
56733.0,5,-2.92,2,1,0,1,0,african-american,31,1,0,1,significant other
54268.0,4,-2.31,3,0,0,0,0,african-american,31,0,0,1,single
54429.0,2,-2.85,2,0,0,0,0,other,31,5,1,1,single
59735.0,4,-2.27,3,1,0,0,0,african-american,31,5,0,0,single
59717.0,2,-2.76,2,0,0,0,1,caucasian,31,0,0,1,separated
58169.0,9,-0.79,9,1,0,1,0,african-american,31,6,0,0,significant other
54607.0,3,-2.74,2,0,0,0,0,hispanic,31,2,0,0,single
59799.0,2,-2.96,1,0,0,0,0,african-american,31,4,0,0,single
51166.0,8,-2.11,4,1,1,1,0,caucasian,31,9,0,0,significant other
62336.0,1,-2.43,3,1,0,1,0,african-american,31,2,1,0,single
62286.0,4,-3.08,1,1,0,1,1,caucasian,31,2,0,0,single
53354.0,5,-1.94,5,0,0,0,0,african-american,31,3,1,0,single
52378.0,4,-1.9,5,0,0,0,0,caucasian,31,0,0,0,single
55075.0,8,-2.34,3,0,0,0,0,african-american,31,15,0,0,significant other
56997.0,10,-0.12,10,0,0,0,0,african-american,31,5,0,1,single
51132.0,4,-2.24,3,1,0,1,0,caucasian,31,3,0,1,significant other
51163.0,8,-1.02,8,1,0,1,0,caucasian,31,4,0,0,single
60262.0,2,-2.71,2,1,0,1,0,caucasian,31,1,0,1,single
53269.0,8,-1.8,5,1,0,1,0,african-american,31,12,3,1,significant other
61137.0,8,-2.11,4,0,0,0,1,african-american,31,10,2,0,single
20972.0,8,-1.17,8,1,1,1,0,african-american,31,9,0,1,single
58382.0,1,-2.95,1,0,0,0,0,caucasian,31,0,0,0,single
56444.0,1,-3.02,1,0,0,0,0,other,31,0,0,1,single
53665.0,7,-2.15,4,0,0,0,0,african-american,31,0,0,0,single
51176.0,10,-1.61,6,1,0,1,0,hispanic,31,16,0,0,single
59041.0,5,-2.22,4,1,1,1,0,caucasian,31,6,0,0,single
60709.0,4,-2.69,2,1,0,1,0,caucasian,31,3,1,1,single
56651.0,1,-2.82,2,0,0,0,0,other,31,5,1,0,single
55120.0,2,-2.96,1,0,0,0,1,caucasian,31,1,0,0,single
57243.0,10,-1.62,6,1,0,1,0,african-american,31,1,0,0,single
31075.0,4,-2.01,4,1,0,1,0,african-american,31,7,0,0,single
51592.0,2,-2.91,2,0,0,0,0,hispanic,31,0,0,0,single
57842.0,4,-2.48,3,0,0,0,0,caucasian,31,6,0,0,single
52674.0,6,-2.15,4,1,0,1,0,caucasian,31,5,0,0,single
55943.0,2,-3.02,2,0,0,0,0,other,31,0,0,1,significant other
55794.0,8,-2.52,3,1,0,1,0,african-american,31,3,0,1,single
60145.0,4,-2.69,2,0,0,0,0,african-american,31,1,0,1,single
53052.0,1,-3.04,1,0,0,0,0,hispanic,31,0,0,0,single
52494.0,1,-2.92,2,0,0,0,0,hispanic,31,0,0,1,single
55217.0,6,-1.8,5,0,0,0,0,hispanic,31,1,0,1,single
55790.0,6,-2.1,4,1,1,1,1,african-american,31,0,0,1,single
54714.0,1,-2.92,2,0,0,0,0,african-american,31,1,0,1,significant other
1994.0,6,-1.6,6,0,0,0,0,african-american,31,1,0,0,single
23719.0,7,-2.21,4,0,0,0,0,african-american,31,2,0,0,single
10772.0,5,-1.98,4,0,0,0,0,other,31,6,0,0,single
50883.0,5,-2.58,2,1,0,1,0,african-american,31,3,0,0,single
59295.0,8,-1.7,6,1,1,1,0,caucasian,31,4,2,0,significant other
8206.0,10,-1.95,5,1,0,1,0,african-american,31,6,0,1,significant other
61864.0,1,-3.07,1,0,0,0,1,caucasian,31,2,0,0,single
55934.0,2,-2.96,1,0,0,0,0,hispanic,31,1,0,1,significant other
60033.0,1,-2.86,2,0,0,0,0,caucasian,31,0,0,1,single
56773.0,2,-2.86,2,1,0,1,1,african-american,31,2,0,0,single
43996.0,3,-2.89,2,0,0,0,0,caucasian,31,2,0,1,single
56445.0,8,-1.2,8,1,0,1,0,hispanic,31,1,0,0,single
59487.0,8,-2.48,3,1,1,1,0,african-american,31,4,0,0,single
47971.0,3,-2.74,2,1,0,1,0,caucasian,31,1,0,0,single
57132.0,1,-3.06,1,0,0,0,0,african-american,31,1,0,1,single
51123.0,8,-2.26,3,0,0,0,0,african-american,31,5,1,1,single
59303.0,10,-0.85,9,1,1,1,0,hispanic,31,0,0,0,single
34412.0,8,-1.83,5,0,0,0,1,african-american,31,4,0,0,single
61574.0,3,-2.68,2,0,0,0,1,african-american,31,2,0,1,single
54433.0,2,-2.19,4,1,1,1,0,other,31,2,0,0,significant other
59221.0,9,-1.72,6,1,0,1,0,african-american,31,16,4,0,single
55047.0,10,-1.27,7,0,0,0,0,hispanic,31,0,0,0,single
2247.0,5,-1.8,5,0,0,0,0,caucasian,31,6,0,1,single
53101.0,5,-1.9,5,0,0,0,0,caucasian,31,2,0,0,single
60191.0,5,-2.67,2,0,0,0,0,hispanic,31,0,0,1,single
54211.0,6,-2.32,3,0,0,0,1,caucasian,31,2,0,1,separated
58104.0,8,-1.86,5,1,1,0,0,african-american,31,6,0,1,single
39518.0,6,-1.62,6,1,0,1,0,caucasian,31,2,1,1,significant other
54401.0,2,-2.65,2,0,0,0,0,other,31,1,0,0,single
52518.0,10,-1.45,7,1,1,1,0,caucasian,31,13,0,0,single
14837.0,8,-2.68,2,1,0,1,0,caucasian,31,9,0,1,single
58002.0,5,-2.08,4,1,0,1,1,caucasian,31,2,2,0,single
53393.0,2,-2.68,2,0,0,0,0,caucasian,31,1,0,0,single
56758.0,1,-3.0,1,1,0,0,0,caucasian,31,1,0,1,single
52219.0,5,-2.26,3,1,0,1,0,caucasian,31,3,0,0,single
58428.0,1,-3.1,1,0,0,0,1,african-american,31,0,0,0,significant other
53230.0,2,-2.94,2,0,0,0,1,caucasian,31,0,0,1,single
60903.0,2,-2.61,2,0,0,0,0,african-american,31,0,0,0,single
3857.0,10,-0.62,10,1,1,1,0,african-american,31,8,2,1,single
56192.0,1,-2.8,2,1,0,1,0,hispanic,31,0,0,1,significant other
52290.0,3,-2.33,3,0,0,0,0,other,31,0,0,1,single
53295.0,1,-2.98,1,0,0,0,0,hispanic,31,0,0,1,separated
56955.0,1,-2.85,2,0,0,0,0,african-american,31,1,0,0,single
60538.0,5,-2.57,2,1,0,1,0,caucasian,31,5,0,0,single
52623.0,7,-2.33,3,0,0,0,0,african-american,31,9,0,0,significant other
51274.0,2,-2.29,3,1,0,0,0,african-american,31,1,0,1,significant other
57164.0,2,-2.92,2,0,0,0,1,african-american,31,0,0,0,single
60032.0,5,-2.1,4,1,0,1,1,african-american,31,2,0,0,single
53691.0,3,-2.71,2,0,0,0,0,african-american,30,4,0,0,single
56996.0,4,-2.41,3,0,0,0,0,caucasian,30,2,0,0,single
54682.0,1,-2.96,1,1,0,1,0,african-american,30,0,0,1,significant other
59095.0,2,-2.7,2,0,0,0,0,caucasian,30,1,0,1,single
51807.0,10,-0.98,9,0,0,0,0,african-american,30,11,5,0,single
46884.0,4,-1.97,5,0,0,0,0,hispanic,30,7,0,1,single
52706.0,1,-2.94,2,0,0,0,0,african-american,30,1,0,0,single
53267.0,7,-1.94,5,1,1,1,0,african-american,30,4,0,1,single
56195.0,5,-2.48,3,1,0,1,0,african-american,30,2,0,0,single
62379.0,1,-3.0,1,0,0,0,0,african-american,30,0,0,1,significant other
58471.0,1,-3.0,1,0,0,0,0,african-american,30,0,0,0,significant other
12715.0,4,-1.61,6,1,1,1,0,hispanic,30,14,1,0,significant other
52668.0,6,-1.66,6,1,1,1,0,african-american,30,5,1,0,single
54164.0,9,-1.63,6,0,0,0,0,african-american,30,10,1,0,single
40426.0,2,-2.94,2,0,0,0,0,caucasian,30,4,0,0,single
47480.0,6,-1.99,4,1,0,1,0,african-american,30,10,0,0,single
53079.0,2,-2.33,3,0,0,0,0,african-american,30,1,0,1,single
53634.0,3,-2.8,2,1,0,0,0,african-american,30,1,0,0,significant other
52017.0,2,-2.45,3,0,0,0,0,caucasian,30,2,0,0,single
56345.0,6,-2.51,3,1,0,1,1,caucasian,30,0,0,0,single
52717.0,2,-2.77,2,0,0,0,0,african-american,30,4,0,0,single
36458.0,4,-1.97,5,0,0,0,0,hispanic,30,3,0,1,separated
60644.0,2,-2.92,2,0,0,0,0,african-american,30,1,1,1,other
52657.0,7,-1.19,8,0,0,0,0,african-american,30,1,0,0,single
51522.0,1,-2.94,2,1,0,1,0,african-american,30,0,0,1,single
50943.0,8,-2.33,3,1,0,1,0,other,30,5,0,1,single
3467.0,9,-1.42,7,1,0,1,0,african-american,30,14,1,0,single
62247.0,2,-2.54,3,0,0,0,1,african-american,30,0,0,0,single
23615.0,9,-0.94,9,1,0,1,0,african-american,30,8,0,0,single
59963.0,3,-2.87,2,0,0,0,0,african-american,30,7,1,0,single
61838.0,1,-3.1,1,0,0,0,0,african-american,30,0,0,1,single
61485.0,1,-2.98,1,1,0,1,0,caucasian,30,1,0,0,single
53022.0,2,-2.98,1,0,0,0,1,african-american,30,1,0,0,single
22566.0,8,-2.41,3,1,0,1,0,african-american,30,14,0,0,single
53333.0,2,-2.75,2,0,0,0,0,african-american,30,4,0,0,single
14639.0,8,-2.16,4,1,0,1,1,african-american,30,15,0,1,single
58352.0,2,-2.83,2,0,0,0,0,african-american,30,0,0,0,significant other
54880.0,2,-2.57,2,1,0,1,0,african-american,30,3,0,1,significant other
28633.0,9,-1.98,4,1,0,1,0,african-american,30,15,0,0,single
59117.0,3,-2.92,2,0,0,0,0,caucasian,30,0,0,1,single
54792.0,2,-2.82,2,0,0,0,1,caucasian,30,0,0,1,separated
60115.0,1,-2.98,1,0,0,0,0,hispanic,30,0,0,1,significant other
56456.0,2,-2.69,2,0,0,0,0,hispanic,30,1,0,0,significant other
61747.0,2,-2.9,2,0,0,0,0,african-american,30,3,0,0,single
50839.0,2,-2.9,2,0,0,0,1,african-american,30,0,0,0,single
52503.0,2,-2.7,2,0,0,0,0,other,30,0,0,0,significant other
55135.0,2,-2.59,2,0,0,0,0,african-american,30,2,0,0,single
54502.0,4,-2.29,3,0,0,0,0,caucasian,30,0,0,0,single
61689.0,1,-2.94,2,0,0,0,0,african-american,30,0,0,0,single
58670.0,1,-2.96,1,0,0,0,0,hispanic,30,0,0,1,significant other
59476.0,4,-2.86,2,1,0,1,0,african-american,30,0,0,0,single
53366.0,6,-2.09,4,1,1,0,0,african-american,30,8,2,0,single
54736.0,7,-2.06,4,0,0,0,1,african-american,30,2,0,0,single
57020.0,2,-2.64,2,0,0,0,0,hispanic,30,2,0,0,single
53338.0,7,-2.06,4,1,0,1,1,caucasian,30,3,0,0,single
53089.0,1,-2.92,2,0,0,0,0,african-american,30,1,0,1,single
59545.0,9,-1.46,7,1,0,1,1,african-american,30,15,0,0,single
59310.0,7,-2.26,3,1,0,1,1,african-american,30,11,0,0,single
50913.0,6,-2.21,4,1,0,1,0,african-american,30,6,0,0,separated
57089.0,2,-2.64,2,0,0,0,0,african-american,30,1,0,0,single
34284.0,3,-2.78,2,1,0,1,0,african-american,30,9,0,0,single
47196.0,8,-2.17,4,1,1,1,0,african-american,30,8,1,1,single
10984.0,3,-2.52,3,0,0,0,0,african-american,30,7,0,0,single
60141.0,10,-0.99,9,1,0,1,1,african-american,30,10,5,0,single
53927.0,9,-1.19,8,1,1,1,0,other,30,4,0,1,single
56348.0,2,-2.73,2,1,0,1,0,other,30,1,0,1,significant other
52167.0,6,-2.62,2,0,0,0,1,african-american,30,4,1,0,single
52855.0,4,-2.23,4,1,0,1,0,caucasian,30,4,3,0,single
52520.0,4,-2.26,3,1,0,1,0,african-american,30,1,0,0,single
59678.0,2,-2.72,2,1,1,1,0,african-american,30,0,0,0,single
60706.0,8,-1.52,6,0,0,0,0,african-american,30,1,0,1,single
60761.0,2,-2.88,2,0,0,0,0,caucasian,30,0,0,0,single
51462.0,2,-2.83,2,0,0,0,0,other,30,0,0,0,single
55489.0,4,-1.65,6,0,0,0,0,african-american,30,1,0,1,single
57631.0,10,-1.62,6,0,0,0,0,african-american,30,4,0,1,single
59474.0,1,-2.96,1,0,0,0,0,other,30,0,0,0,single
53906.0,4,-2.53,3,0,0,0,0,african-american,30,0,0,0,single
55115.0,4,-2.66,2,1,0,1,0,african-american,30,3,0,0,single
58473.0,2,-2.85,2,0,0,0,1,other,30,1,0,0,single
52763.0,5,-2.78,2,1,1,1,0,caucasian,30,10,0,0,single
52208.0,2,-2.64,2,1,0,1,0,african-american,30,3,0,0,single
59803.0,9,-2.26,3,1,0,1,1,african-american,30,1,0,0,single
5390.0,7,-2.46,3,1,0,1,0,african-american,30,6,1,1,single
52510.0,2,-2.64,2,0,0,0,1,hispanic,30,1,0,1,single
54097.0,4,-2.15,4,1,1,1,0,caucasian,30,3,0,0,single
62160.0,8,-2.1,4,1,1,1,0,african-american,30,2,0,0,single
53872.0,8,-1.55,6,1,1,1,0,caucasian,30,1,0,1,separated
56537.0,10,-1.11,8,0,0,0,0,african-american,30,18,3,1,single
60146.0,5,-2.93,2,1,0,1,1,african-american,30,0,0,1,single
13032.0,2,-2.48,3,0,0,0,0,african-american,30,1,0,1,single
61813.0,2,-2.77,2,0,0,0,0,african-american,30,4,0,1,single
35599.0,5,-2.52,3,0,0,0,0,african-american,30,3,0,0,single
5287.0,8,-2.39,3,1,0,1,1,african-american,30,8,0,0,single
61419.0,8,-2.58,2,1,0,1,0,caucasian,30,2,0,1,single
55567.0,4,-2.67,2,0,0,0,0,caucasian,30,4,0,0,single
50983.0,10,-1.37,7,1,1,1,1,african-american,30,14,5,0,single
57672.0,8,-2.11,4,1,0,1,0,african-american,30,7,0,0,single
54285.0,1,-2.78,2,0,0,0,0,caucasian,30,0,0,1,single
51805.0,4,-2.43,3,0,0,0,1,african-american,30,1,0,1,single
60013.0,4,-2.46,3,0,0,0,0,african-american,30,2,0,1,single
29601.0,3,-2.77,2,1,0,1,0,african-american,30,2,0,0,single
51547.0,1,-2.84,2,0,0,0,0,other,30,0,0,0,significant other
58417.0,3,-2.8,2,0,0,0,0,caucasian,30,0,0,0,single
60003.0,6,-1.48,7,1,0,1,0,african-american,30,14,0,0,single
51363.0,1,-2.88,2,0,0,0,0,caucasian,30,0,0,0,single
55116.0,1,-3.02,1,0,0,0,0,caucasian,30,1,0,1,single
52234.0,3,-2.69,2,1,0,0,0,other,30,6,0,1,significant other
51689.0,4,-2.29,3,1,1,1,0,african-american,30,5,0,0,single
53152.0,6,-2.57,2,1,0,1,0,african-american,30,10,1,0,single
60531.0,6,-1.87,5,1,0,1,0,caucasian,30,9,0,1,single
52002.0,2,-2.8,2,1,0,1,0,hispanic,30,1,0,0,single
58231.0,5,-2.59,2,0,0,0,1,african-american,30,4,0,0,single
57139.0,3,-2.74,2,0,0,0,1,caucasian,30,1,0,1,single
40315.0,9,-0.43,10,1,0,1,0,caucasian,30,9,0,0,single
51380.0,4,-1.89,5,0,0,0,0,caucasian,30,0,0,1,single
51127.0,2,-2.6,2,0,0,0,0,caucasian,30,1,0,1,single
52984.0,5,-2.77,2,0,0,0,1,caucasian,30,0,0,0,single
56857.0,4,-2.58,2,0,0,0,0,caucasian,30,0,0,0,single
54128.0,4,-2.66,2,1,0,1,1,caucasian,30,0,0,1,single
4973.0,9,-1.88,5,1,1,1,0,other,30,13,0,0,single
15606.0,8,-0.79,9,0,0,0,0,african-american,30,1,0,1,single
57505.0,9,-1.45,7,0,0,0,0,african-american,30,1,0,0,single
53370.0,4,-2.29,3,0,0,0,0,caucasian,30,3,0,1,single
56544.0,4,-1.57,6,1,0,1,0,african-american,30,5,0,0,single
53183.0,10,-1.41,7,1,0,1,0,african-american,30,7,0,0,single
51403.0,2,-2.56,2,0,0,0,0,african-american,30,2,0,1,single
51932.0,9,-1.4,7,0,0,0,0,african-american,30,0,0,1,single
57279.0,3,-2.73,2,0,0,0,0,hispanic,30,0,0,1,significant other
57710.0,1,-2.86,2,0,0,0,0,caucasian,30,0,0,1,single
25670.0,7,-1.1,8,0,0,0,0,caucasian,30,6,0,0,single
53280.0,8,-2.22,4,0,0,0,0,african-american,30,4,0,1,single
58493.0,7,-2.26,3,0,0,0,1,caucasian,30,7,0,1,single
61056.0,1,-2.88,2,0,0,0,0,caucasian,30,0,0,1,single
51124.0,8,-2.43,3,0,0,0,0,caucasian,30,1,0,0,single
58707.0,2,-2.94,2,0,0,0,1,african-american,30,0,0,1,single
51975.0,6,-2.22,4,1,1,1,0,african-american,30,1,0,0,single
57777.0,2,-2.9,2,0,0,0,1,african-american,30,0,0,1,single
53065.0,2,-2.76,2,0,0,0,0,caucasian,30,3,0,0,single
52093.0,9,-1.75,5,1,1,1,1,african-american,30,9,0,0,single
27796.0,7,-2.06,4,0,0,0,0,african-american,30,1,0,1,significant other
58391.0,1,-2.86,2,0,0,0,0,african-american,30,2,0,0,single
51793.0,1,-2.88,2,0,0,0,0,other,30,2,0,0,significant other
52333.0,7,-2.27,3,1,0,1,0,african-american,30,21,2,0,single
51681.0,7,-1.71,6,0,0,0,0,african-american,30,2,0,1,significant other
56134.0,7,-1.3,7,1,0,0,0,african-american,30,14,1,0,single
50967.0,5,-1.75,5,1,1,1,0,african-american,30,3,0,1,single
61817.0,3,-2.67,2,0,0,0,0,caucasian,30,3,0,1,single
59236.0,2,-2.47,3,1,0,1,0,caucasian,30,0,0,1,single
52500.0,3,-2.6,2,1,0,1,1,hispanic,30,0,0,1,separated
52489.0,2,-2.84,2,0,0,0,0,hispanic,30,0,0,0,single
59481.0,6,-1.94,5,1,0,1,0,other,30,0,0,1,single
52172.0,6,-1.84,5,1,0,1,0,african-american,30,2,0,0,single
53852.0,2,-2.82,2,1,0,1,0,hispanic,30,2,0,1,single
34614.0,5,-2.64,2,0,0,0,0,african-american,30,1,0,0,single
28533.0,7,-2.07,4,1,0,1,1,other,30,4,0,0,single
61777.0,1,-2.84,2,0,0,0,0,hispanic,30,0,0,0,significant other
52762.0,3,-2.48,3,0,0,0,1,african-american,30,4,0,0,single
58779.0,3,-2.54,3,0,0,0,1,african-american,30,0,0,1,significant other
60159.0,6,-1.96,5,0,0,0,1,caucasian,30,4,0,0,single
9305.0,10,-1.04,8,1,0,1,0,african-american,30,15,3,0,single
48248.0,7,-1.89,5,1,0,1,1,african-american,30,8,0,0,single
59189.0,1,-2.86,2,0,0,0,0,african-american,30,0,0,0,single
59656.0,1,-2.8,2,1,0,1,0,caucasian,30,0,0,1,separated
52915.0,3,-2.59,2,1,0,1,0,african-american,30,0,0,0,single
51161.0,7,-2.63,2,1,1,1,0,african-american,30,9,1,0,single
58013.0,1,-2.95,1,0,0,0,0,hispanic,30,0,0,1,single
21973.0,4,-2.1,4,0,0,0,1,african-american,30,3,0,0,single
54554.0,3,-2.62,2,1,0,1,0,caucasian,30,1,0,0,separated
54431.0,9,-1.57,6,1,1,1,0,african-american,30,5,1,0,single
54656.0,8,-1.46,7,1,1,1,0,hispanic,30,7,0,0,single
55742.0,6,-1.91,5,0,0,0,1,african-american,30,3,0,1,single
51666.0,10,-1.14,8,1,0,1,1,caucasian,30,5,0,0,single
57275.0,9,-2.25,3,1,0,1,0,african-american,30,12,0,0,single
52704.0,3,-2.53,3,0,0,0,0,caucasian,30,3,2,0,single
59739.0,5,-2.82,2,0,0,0,0,caucasian,30,1,0,0,single
57039.0,2,-2.94,2,0,0,0,1,caucasian,30,0,0,1,single
53466.0,2,-2.88,2,0,0,0,1,caucasian,30,1,1,0,single
50921.0,5,-2.51,3,1,0,1,0,african-american,30,6,0,0,single
58397.0,6,-1.95,5,0,0,0,0,african-american,30,0,0,0,single
60341.0,2,-2.79,2,0,0,0,1,african-american,30,3,0,0,single
3294.0,10,-1.18,8,1,0,1,0,african-american,30,18,2,0,single
54900.0,5,-2.21,4,1,0,1,0,other,30,5,0,0,single
36615.0,4,-1.85,5,1,1,1,0,african-american,30,10,0,1,single
62382.0,8,-2.04,4,0,0,0,0,other,30,2,0,0,single
59343.0,3,-2.76,2,1,0,1,0,caucasian,30,1,0,1,single
52336.0,1,-2.88,2,0,0,0,0,other,30,0,0,0,separated
4722.0,8,-2.29,3,1,0,1,0,african-american,30,8,0,0,single
60865.0,3,-2.6,2,0,0,0,1,african-american,30,0,0,1,single
51401.0,7,-2.36,3,0,0,0,0,hispanic,30,0,0,1,single
51295.0,7,-1.68,6,1,1,1,1,african-american,30,4,0,1,single
18283.0,8,-2.12,4,1,0,1,0,caucasian,30,4,0,0,single
58762.0,9,-1.37,7,0,0,0,0,hispanic,30,7,0,0,single
61640.0,1,-2.92,2,0,0,0,0,caucasian,30,0,0,0,significant other
58182.0,2,-2.74,2,0,0,0,0,african-american,30,1,0,0,significant other
57122.0,1,-2.94,2,0,0,0,0,african-american,30,1,0,0,significant other
53144.0,3,-2.9,2,0,0,0,1,caucasian,30,1,0,0,single
62374.0,1,-2.92,2,0,0,0,0,african-american,30,0,0,1,significant other
19164.0,10,-0.99,9,1,0,1,0,african-american,30,15,0,0,single
51465.0,9,-1.25,8,1,1,1,0,african-american,30,8,6,1,significant other
46149.0,7,-1.49,7,0,0,0,0,african-american,30,3,0,1,single
33731.0,9,-1.71,6,1,0,1,0,african-american,30,12,4,0,single
51248.0,2,-2.53,3,0,0,0,0,african-american,30,2,0,0,single
2766.0,5,-1.35,7,0,0,0,0,african-american,30,10,0,0,single
57570.0,2,-3.02,1,0,0,0,0,caucasian,30,0,0,1,single
60578.0,2,-2.78,2,0,0,0,1,african-american,30,2,0,0,single
54409.0,8,-2.53,3,0,0,0,0,african-american,30,11,4,0,single
53475.0,2,-2.73,2,1,0,1,0,caucasian,30,2,0,1,significant other
52731.0,6,-2.37,3,1,0,1,0,african-american,30,9,1,0,single
56859.0,3,-2.72,2,0,0,0,1,african-american,30,2,0,1,significant other
62533.0,4,-2.6,3,0,0,0,0,caucasian,30,3,0,0,single
52151.0,8,-1.8,5,0,0,0,1,caucasian,30,0,0,1,significant other
51213.0,2,-2.82,2,0,0,0,0,african-american,30,0,0,0,single
60436.0,1,-2.78,2,0,0,0,0,african-american,30,1,0,0,single
57130.0,2,-2.94,2,0,0,0,0,african-american,30,1,0,0,single
51369.0,4,-2.2,4,0,0,0,0,african-american,30,6,0,0,single
59552.0,2,-2.85,2,1,0,1,0,hispanic,30,1,0,0,single
11711.0,9,-1.33,7,1,1,1,0,other,30,6,0,0,single
55082.0,2,-2.49,3,0,0,0,0,caucasian,30,0,0,1,single
60656.0,2,-2.71,2,1,0,1,0,other,30,1,0,0,single
59760.0,1,-2.86,2,0,0,0,0,hispanic,30,1,0,1,single
56110.0,3,-2.73,2,0,0,0,0,african-american,30,5,0,1,single
9299.0,5,-2.49,3,1,1,1,0,hispanic,30,6,0,0,single
51963.0,4,-2.17,4,1,0,1,0,caucasian,30,2,1,1,single
46443.0,2,-2.92,2,1,0,0,0,african-american,30,3,1,0,single
35882.0,8,-1.09,8,1,0,1,0,caucasian,30,5,0,0,single
50976.0,4,-2.55,3,1,0,1,0,african-american,30,2,0,0,single
58764.0,8,-1.06,8,1,0,1,0,african-american,30,4,0,1,single
57474.0,1,-2.94,2,0,0,0,0,other,30,0,0,0,significant other
54421.0,10,-1.49,7,1,0,1,0,african-american,30,9,0,0,single
61104.0,9,-1.26,7,0,0,0,0,caucasian,30,2,0,1,significant other
13888.0,9,-1.06,8,1,0,0,0,african-american,30,5,0,1,single
58007.0,3,-2.86,2,0,0,0,1,caucasian,30,1,0,0,single
61194.0,3,-3.05,1,0,0,0,0,caucasian,30,0,0,0,single
45915.0,7,-1.83,5,0,0,0,0,african-american,30,1,0,0,single
59731.0,9,-0.75,9,1,0,1,0,african-american,30,7,1,0,single
53285.0,1,-3.0,1,0,0,0,0,other,30,3,2,1,significant other
53480.0,3,-2.69,2,1,0,1,0,hispanic,30,6,0,1,single
52375.0,10,-0.74,9,1,1,1,0,african-american,30,8,0,1,single
10634.0,10,-0.93,9,1,0,1,0,african-american,30,13,4,0,single
26082.0,9,-1.8,5,1,0,1,0,african-american,30,20,2,0,single
49888.0,3,-2.37,3,0,0,0,0,caucasian,30,1,1,0,single
53550.0,8,-2.19,4,1,0,1,0,african-american,30,11,0,0,single
61017.0,4,-2.09,4,1,0,1,0,african-american,30,9,1,1,single
57599.0,6,-2.37,3,1,1,1,1,african-american,30,3,0,0,single
61852.0,9,-1.74,5,1,0,1,0,caucasian,30,3,0,1,significant other
60344.0,2,-2.82,2,0,0,0,1,african-american,30,0,0,1,single
51704.0,6,-2.64,2,0,0,0,1,caucasian,30,1,0,1,single
42680.0,10,-1.42,7,1,0,1,0,african-american,30,19,1,0,single
60612.0,3,-2.64,2,0,0,0,0,caucasian,30,2,0,0,single
54703.0,1,-2.8,2,0,0,0,0,caucasian,30,0,0,1,significant other
60508.0,5,-2.72,2,0,0,0,1,caucasian,30,3,0,0,single
51499.0,5,-2.45,3,1,1,1,0,african-american,30,6,0,0,single
53233.0,6,-2.58,2,0,0,0,1,caucasian,30,0,0,1,single
53066.0,5,-2.26,3,0,0,0,0,african-american,30,0,0,0,single
56746.0,1,-2.88,2,0,0,0,0,other,30,1,0,0,significant other
52039.0,3,-2.65,2,1,0,0,0,african-american,29,7,0,0,single
58658.0,7,-1.98,4,1,0,1,1,caucasian,29,2,0,0,single
54532.0,6,-2.4,3,0,0,0,0,african-american,29,2,0,0,single
52522.0,2,-2.55,3,1,1,1,0,caucasian,29,0,0,0,single
59489.0,3,-2.68,2,0,0,0,0,caucasian,29,1,0,1,single
61627.0,1,-2.82,2,0,0,0,0,african-american,29,0,0,0,single
44921.0,7,-2.03,4,1,1,1,0,african-american,29,9,0,0,single
56426.0,5,-2.03,4,0,0,0,1,african-american,29,1,0,0,significant other
23661.0,9,-1.22,8,1,0,1,0,caucasian,29,6,0,0,single
52912.0,3,-2.47,3,1,0,1,0,caucasian,29,0,0,0,single
54672.0,10,-1.09,8,1,0,0,0,african-american,29,5,0,0,single
59198.0,4,-2.73,2,1,0,1,1,african-american,29,1,0,0,single
42656.0,9,-1.8,5,1,0,1,0,african-american,29,4,0,0,single
60713.0,1,-2.94,2,1,1,1,0,caucasian,29,0,0,1,single
43241.0,2,-2.21,4,1,0,1,0,african-american,29,12,0,0,single
56066.0,6,-1.01,8,1,0,1,0,african-american,29,6,3,0,single
15784.0,3,-2.11,4,0,0,0,0,african-american,29,7,0,0,single
6431.0,7,-1.81,5,1,0,1,0,african-american,29,5,0,0,single
53989.0,3,-2.54,3,0,0,0,1,other,29,0,0,0,single
60020.0,1,-2.94,2,0,0,0,0,caucasian,29,0,0,0,significant other
57862.0,8,-1.38,7,1,0,1,0,african-american,29,5,0,0,single
58370.0,7,-1.86,5,0,0,0,0,african-american,29,6,1,0,single
60016.0,1,-2.94,2,0,0,0,0,caucasian,29,0,0,1,single
56383.0,5,-2.17,4,0,0,0,1,african-american,29,3,0,0,single
53064.0,7,-2.45,3,1,0,0,1,african-american,29,5,0,0,single
52593.0,2,-2.31,3,1,0,1,0,african-american,29,0,0,1,single
59475.0,8,-1.21,8,1,1,1,0,african-american,29,3,1,1,single
56539.0,3,-2.58,2,0,0,0,0,african-american,29,2,0,0,single
61845.0,1,-3.02,1,0,0,0,0,african-american,29,0,0,1,single
58224.0,2,-2.64,2,0,0,0,0,african-american,29,0,0,0,single
42961.0,9,-1.57,6,1,1,1,0,african-american,29,8,0,1,single
15247.0,7,-1.89,5,1,0,1,1,african-american,29,9,0,0,single
7552.0,5,-1.89,5,0,0,0,1,caucasian,29,1,0,0,single
61784.0,1,-2.9,2,1,0,1,0,african-american,29,0,0,1,single
57414.0,4,-2.62,2,1,1,1,1,hispanic,29,0,0,0,single
61512.0,5,-2.1,4,0,0,0,1,african-american,29,0,0,0,single
53086.0,10,-0.58,10,0,0,0,0,caucasian,29,1,0,1,single
56196.0,5,-2.19,4,1,0,1,0,african-american,29,0,0,0,single
38924.0,8,-1.52,6,1,0,1,1,african-american,29,9,3,1,single
55063.0,4,-1.97,5,1,1,1,0,african-american,29,1,0,0,single
34944.0,9,-2.2,4,0,0,0,0,african-american,29,8,0,1,significant other
11116.0,10,-0.7,9,1,1,1,0,african-american,29,8,1,0,single
56001.0,3,-2.9,2,0,0,0,1,african-american,29,1,0,0,single
54196.0,8,-2.22,4,1,0,1,0,african-american,29,6,0,0,separated
59902.0,3,-2.36,3,0,0,0,0,african-american,29,0,0,0,separated
51561.0,8,-1.49,7,0,0,0,0,caucasian,29,4,0,0,single
59203.0,1,-2.76,2,0,0,0,0,hispanic,29,1,0,0,significant other
52958.0,4,-2.59,2,0,0,0,0,african-american,29,0,0,0,single
58346.0,6,-1.93,5,1,0,1,0,african-american,29,1,0,1,single
57281.0,1,-2.72,2,1,0,1,0,african-american,29,1,0,1,single
59957.0,1,-2.96,1,0,0,0,0,caucasian,29,0,0,1,single
15638.0,9,-1.09,8,1,0,1,0,african-american,29,17,1,0,single
56545.0,2,-2.36,3,0,0,0,0,caucasian,29,2,0,0,single
18644.0,10,-0.79,9,1,0,1,0,african-american,29,6,0,0,single
9358.0,7,-1.97,5,0,0,0,0,other,29,3,0,1,single
51774.0,2,-2.82,2,1,0,0,1,african-american,29,1,0,1,single
54754.0,2,-2.86,2,1,0,1,0,caucasian,29,1,0,0,single
53732.0,1,-2.86,2,0,0,0,0,caucasian,29,0,0,1,single
38682.0,9,-1.45,7,1,0,1,0,caucasian,29,8,0,1,single
51413.0,10,-0.73,9,1,0,1,0,african-american,29,7,0,1,single
62011.0,1,-3.02,1,0,0,0,0,hispanic,29,0,0,1,significant other
9544.0,10,-1.3,7,1,0,1,0,african-american,29,11,1,0,single
62012.0,1,-3.02,1,0,0,0,0,african-american,29,2,0,1,single
33757.0,7,-1.82,5,1,0,1,0,african-american,29,10,1,0,single
54634.0,2,-2.91,2,0,0,0,0,hispanic,29,1,1,1,single
57882.0,2,-2.76,2,0,0,0,1,african-american,29,0,0,1,single
51182.0,4,-2.71,2,0,0,0,0,hispanic,29,2,0,1,single
51026.0,9,-1.38,7,0,0,0,0,african-american,29,1,0,0,single
52247.0,2,-2.58,2,0,0,0,0,caucasian,29,0,0,1,single
53802.0,2,-2.74,2,0,0,0,1,caucasian,29,0,0,1,single
1636.0,7,-1.5,6,1,1,1,0,caucasian,29,7,0,1,single
57023.0,4,-1.99,4,0,0,0,0,hispanic,29,1,0,0,single
58948.0,6,-2.28,3,1,0,1,0,african-american,29,6,0,0,single
62285.0,4,-2.18,4,1,1,1,0,caucasian,29,0,0,1,other
57580.0,1,-2.84,2,0,0,0,0,caucasian,29,2,0,1,single
56549.0,3,-2.23,4,0,0,0,0,caucasian,29,1,0,0,single
54225.0,9,-1.53,6,0,0,0,0,african-american,29,7,0,0,single
58853.0,2,-2.53,3,0,0,0,0,caucasian,29,2,0,0,single
19329.0,8,-1.34,7,1,0,1,0,african-american,29,7,3,0,significant other
53855.0,1,-2.86,2,0,0,0,0,african-american,29,0,0,0,single
59273.0,4,-2.37,3,1,0,1,0,african-american,29,4,2,0,single
58964.0,4,-2.57,2,0,0,0,0,african-american,29,4,0,1,significant other
53810.0,2,-2.28,3,0,0,0,0,african-american,29,0,0,1,single
59400.0,3,-2.74,2,0,0,0,0,caucasian,29,1,0,1,single
59800.0,9,-2.33,3,0,0,0,0,hispanic,29,1,0,1,single
51120.0,2,-2.4,3,1,0,1,0,african-american,29,3,0,0,single
58871.0,2,-2.24,3,0,0,0,0,african-american,29,0,0,1,single
56337.0,4,-2.88,2,1,0,1,0,caucasian,29,3,0,0,single
29963.0,2,-2.53,3,0,0,0,0,caucasian,29,1,0,0,single
60989.0,3,-2.43,3,1,0,1,1,african-american,29,2,0,0,single
54894.0,6,-1.93,5,0,0,0,0,other,29,5,0,0,single
61118.0,3,-1.87,5,0,0,0,0,african-american,29,0,0,1,single
57727.0,2,-2.88,2,0,0,0,0,african-american,29,6,0,1,single
60240.0,2,-2.93,2,1,1,1,0,african-american,29,2,0,0,single
22489.0,10,-1.79,5,0,0,0,0,african-american,29,11,0,1,single
53996.0,1,-2.94,2,0,0,0,0,african-american,29,3,0,1,single
58124.0,2,-2.92,2,1,0,1,1,other,29,2,0,1,single
52243.0,7,-2.03,4,1,0,1,1,african-american,29,7,1,0,single
60119.0,4,-1.77,5,0,0,0,0,african-american,29,2,0,1,single
53178.0,1,-2.79,2,0,0,0,0,caucasian,29,0,0,0,single
53862.0,6,-2.31,3,1,0,1,0,african-american,29,6,0,0,single
60172.0,3,-2.92,2,0,0,0,0,caucasian,29,2,0,0,single
54764.0,8,-2.22,4,0,0,0,0,african-american,29,0,0,0,single
56632.0,3,-2.66,2,0,0,0,0,caucasian,29,1,0,0,single
56143.0,2,-2.62,2,0,0,0,0,hispanic,29,0,0,1,single
54212.0,4,-2.41,3,0,0,0,0,african-american,29,0,0,0,significant other
37324.0,10,-1.49,7,1,1,1,0,african-american,29,12,0,0,single
62077.0,6,-2.0,4,0,0,0,0,caucasian,29,1,0,1,significant other
58863.0,10,-1.02,8,1,0,1,0,african-american,29,16,1,0,single
53820.0,10,-1.28,7,0,0,0,0,african-american,29,16,1,0,single
56609.0,2,-2.9,2,1,1,1,1,hispanic,29,0,0,1,significant other
61087.0,2,-2.69,2,0,0,0,0,african-american,29,6,3,0,single
56194.0,2,-2.72,2,1,0,1,0,african-american,29,0,0,1,single
24318.0,8,-2.47,4,1,0,1,0,african-american,29,6,0,0,single
52498.0,1,-2.79,2,0,0,0,0,other,29,0,0,0,single
56322.0,7,-1.62,6,1,0,1,0,african-american,29,7,2,0,single
50975.0,6,-2.36,3,1,0,1,0,african-american,29,5,0,0,single
51687.0,4,-2.55,3,1,0,0,0,african-american,29,2,1,1,single
55110.0,1,-2.86,2,0,0,0,0,caucasian,29,1,0,0,single
50842.0,2,-2.69,2,1,0,1,0,caucasian,29,1,0,0,single
14288.0,10,-1.05,8,1,0,1,0,african-american,29,10,0,1,single
51210.0,9,-1.75,5,1,1,1,0,caucasian,29,10,5,0,single
52328.0,3,-2.07,4,1,0,1,0,african-american,29,3,0,1,single
21565.0,8,-1.8,5,0,0,0,0,african-american,29,5,0,0,single
56105.0,2,-2.65,2,0,0,0,1,african-american,29,1,0,1,single
11150.0,8,-2.25,3,1,1,1,0,african-american,29,7,0,1,single
61196.0,10,-1.81,5,1,1,1,0,african-american,29,3,1,0,single
58706.0,3,-2.84,2,0,0,0,1,caucasian,29,3,0,0,single
62071.0,10,-0.98,9,0,0,0,0,african-american,29,5,0,0,single
61218.0,10,-1.49,7,0,0,0,1,african-american,29,0,0,0,single
59795.0,1,-2.76,2,0,0,0,0,african-american,29,0,0,0,significant other
52829.0,4,-2.78,2,0,0,0,0,caucasian,29,1,0,0,separated
13747.0,7,-2.16,4,1,0,1,0,african-american,29,9,1,0,single
61764.0,4,-1.87,5,1,0,1,1,african-american,29,5,0,0,separated
54499.0,7,-1.87,5,1,0,1,0,caucasian,29,0,0,1,single
53371.0,2,-2.55,3,0,0,0,0,african-american,29,0,0,1,single
57744.0,7,-1.41,7,0,0,0,0,african-american,29,0,0,0,single
59126.0,6,-2.33,3,0,0,0,0,african-american,29,0,0,0,single
51432.0,3,-2.55,3,0,0,0,0,caucasian,29,2,0,0,single
51396.0,1,-2.83,2,0,0,0,0,african-american,29,0,0,0,single
53565.0,8,-1.37,7,1,0,1,0,caucasian,29,9,2,0,single
52069.0,5,-2.58,2,0,0,0,0,african-american,29,0,0,1,single
58674.0,8,-1.97,5,0,0,0,1,african-american,29,11,0,0,single
54595.0,8,-2.4,3,1,0,1,0,african-american,29,13,0,0,single
51938.0,9,-1.74,5,1,0,1,1,african-american,29,11,1,0,single
44871.0,9,-1.62,6,0,0,0,0,african-american,29,2,0,0,single
45766.0,8,-1.4,7,1,0,1,0,african-american,29,11,0,0,single
58885.0,2,-2.46,3,0,0,0,0,other,29,0,0,0,single
31059.0,6,-2.23,4,1,0,1,0,caucasian,29,12,0,1,single
58387.0,6,-1.9,5,0,0,0,0,african-american,29,2,0,0,single
59710.0,2,-2.9,2,0,0,0,1,african-american,29,0,0,0,single
53925.0,2,-2.55,3,0,0,0,0,caucasian,29,0,0,0,single
53898.0,6,-2.55,3,0,0,0,0,african-american,29,0,0,1,single
54320.0,3,-2.51,3,0,0,0,1,hispanic,29,0,0,0,significant other
51081.0,1,-2.67,2,0,0,0,0,african-american,29,1,0,1,single
55724.0,3,-2.98,1,0,0,0,0,caucasian,29,0,0,1,single
31249.0,5,-2.27,3,0,0,0,0,african-american,29,0,0,1,single
62333.0,4,-2.61,2,1,0,1,0,caucasian,29,6,0,0,single
51598.0,3,-2.12,4,1,1,1,0,african-american,29,2,1,1,significant other
56258.0,2,-2.77,2,0,0,0,0,african-american,29,0,0,1,single
59296.0,1,-2.74,2,0,0,0,0,african-american,29,0,0,1,single
51042.0,10,-0.31,10,0,0,0,1,african-american,29,2,0,0,single
6776.0,3,-2.13,4,1,0,1,0,african-american,29,11,0,0,single
59040.0,9,-1.57,6,0,0,0,0,african-american,29,0,0,0,significant other
55966.0,5,-2.06,4,1,0,0,0,caucasian,29,2,0,1,significant other
18604.0,4,-2.22,4,1,1,1,0,african-american,29,4,0,0,single
45573.0,5,-2.05,4,1,1,1,0,african-american,29,1,0,0,single
3574.0,5,-1.57,6,1,0,0,0,african-american,29,4,0,1,single
54505.0,8,-1.82,5,1,0,1,0,african-american,29,12,2,0,single
62408.0,3,-2.36,3,0,0,0,0,african-american,29,1,0,1,single
54223.0,2,-2.55,3,0,0,0,0,african-american,29,0,0,0,single
50968.0,6,-2.34,3,0,0,0,0,african-american,29,2,0,0,single
54096.0,9,-1.53,6,1,0,1,0,african-american,29,3,1,0,single
53999.0,4,-2.43,3,0,0,0,1,caucasian,29,0,0,0,significant other
56077.0,5,-2.51,3,0,0,0,0,african-american,29,2,0,1,single
54601.0,4,-2.78,2,0,0,0,0,african-american,29,2,0,1,single
52463.0,4,-2.31,3,0,0,0,1,hispanic,29,1,0,0,single
52352.0,4,-2.47,3,1,1,1,0,african-american,29,3,0,0,single
52281.0,1,-2.75,2,1,0,1,0,african-american,29,2,0,0,significant other
58244.0,2,-2.66,2,1,0,1,0,other,29,2,0,0,significant other
2715.0,9,-2.13,4,1,0,1,0,african-american,29,10,0,0,single
60165.0,4,-2.53,3,0,0,0,1,african-american,29,1,0,1,single
42708.0,6,-2.46,3,1,1,1,0,caucasian,29,4,0,1,single
54564.0,3,-2.66,2,0,0,0,0,hispanic,29,0,0,0,single
59031.0,5,-2.39,3,1,0,0,0,african-american,29,2,1,1,single
53736.0,4,-2.79,2,0,0,0,1,african-american,29,0,0,0,single
59461.0,8,-2.0,4,0,0,0,0,caucasian,29,8,1,1,single
23410.0,9,-1.15,8,1,0,1,0,caucasian,29,2,0,1,single
54947.0,4,-2.33,3,0,0,0,1,african-american,29,0,0,0,single
55223.0,3,-2.59,2,0,0,0,1,hispanic,29,0,0,1,single
3794.0,4,-2.35,3,1,0,0,0,african-american,29,7,0,0,single
52501.0,3,-2.33,3,0,0,0,0,caucasian,29,0,0,0,single
61660.0,7,-2.8,2,1,0,1,0,african-american,29,0,0,0,single
55008.0,3,-2.38,3,0,0,0,0,caucasian,29,0,0,1,single
37963.0,8,-1.03,8,0,0,0,0,african-american,29,1,0,0,single
50889.0,5,-1.98,4,1,0,1,0,hispanic,29,0,0,0,single
58415.0,2,-2.7,2,0,0,0,1,caucasian,29,0,0,1,single
59430.0,2,-2.7,2,1,0,1,0,african-american,29,0,0,0,significant other
50885.0,1,-2.82,2,0,0,0,0,other,29,0,0,0,single
57386.0,4,-2.37,3,1,0,1,0,african-american,29,2,0,0,single
55777.0,6,-2.35,3,0,0,0,0,caucasian,29,1,0,0,single
56334.0,8,-2.3,3,0,0,0,0,caucasian,29,0,0,0,significant other
53645.0,6,-2.43,3,0,0,0,1,caucasian,29,0,0,1,single
56531.0,6,-1.67,6,1,0,1,0,african-american,29,10,0,0,single
51981.0,5,-2.16,4,1,0,1,0,other,29,4,0,1,single
57704.0,4,-1.73,6,1,0,1,0,caucasian,29,1,0,0,single
58741.0,2,-2.58,2,0,0,0,0,other,29,1,0,0,significant other
17711.0,5,-2.64,2,1,1,1,0,caucasian,29,6,0,0,single
51962.0,10,-0.66,9,1,1,1,0,african-american,29,4,3,0,single
52664.0,7,-2.44,3,0,0,0,1,caucasian,29,0,0,1,significant other
54697.0,6,-2.56,2,0,0,0,0,other,29,3,0,0,single
54910.0,4,-2.36,3,0,0,0,0,african-american,29,1,0,1,single
58114.0,2,-2.77,2,0,0,0,0,hispanic,29,0,0,0,significant other
57998.0,2,-2.56,2,1,0,0,0,african-american,29,4,0,0,single
3438.0,10,-1.68,6,1,0,1,0,african-american,29,17,1,0,single
47826.0,3,-2.39,3,1,0,1,0,african-american,29,5,0,0,single
54492.0,2,-2.51,3,1,1,1,0,other,29,4,0,0,single
57493.0,9,-2.13,4,1,0,1,0,hispanic,29,7,0,0,single
60133.0,2,-2.82,2,0,0,0,1,african-american,29,0,0,0,separated
56613.0,1,-2.39,3,1,0,1,0,caucasian,29,2,0,0,significant other
53340.0,5,-2.46,3,0,0,0,0,african-american,29,0,0,0,single
59973.0,2,-2.66,2,0,0,0,0,african-american,29,0,0,1,significant other
53667.0,5,-1.75,5,0,0,0,0,african-american,29,2,1,0,single
52883.0,7,-2.34,3,0,0,0,1,caucasian,29,0,0,0,single
51253.0,2,-2.62,2,0,0,0,0,caucasian,29,0,0,1,single
61098.0,4,-2.09,4,1,0,1,0,caucasian,29,3,0,0,single
58412.0,2,-2.47,3,0,0,0,0,caucasian,29,5,0,0,single
35360.0,10,-0.78,9,0,0,0,0,african-american,29,8,0,0,single
7560.0,8,-0.96,9,1,1,0,0,african-american,29,4,0,0,single
4694.0,2,-2.72,2,0,0,0,0,other,29,0,0,0,significant other
33139.0,8,-2.23,4,0,0,0,0,african-american,29,5,0,0,single
56136.0,2,-2.64,2,0,0,0,1,african-american,28,1,0,0,single
16609.0,8,-1.68,6,1,0,0,0,other,28,9,0,0,single
58237.0,2,-2.48,3,0,0,0,0,african-american,28,0,0,0,single
22888.0,5,-2.08,7,1,0,1,0,african-american,28,5,0,1,single
42445.0,5,-1.91,5,0,0,0,0,african-american,28,4,0,0,single
12806.0,8,-1.1,8,1,1,1,0,hispanic,28,3,0,0,single
57840.0,2,-2.3,3,1,1,1,0,caucasian,28,2,0,0,single
59837.0,2,-2.94,2,0,0,0,1,african-american,28,0,0,1,separated
54315.0,4,-2.51,3,1,0,0,0,african-american,28,2,0,1,significant other
53868.0,5,-2.66,2,1,0,1,0,caucasian,28,3,0,1,significant other
37721.0,9,-0.83,9,0,0,0,0,african-american,28,6,4,1,single
52130.0,1,-2.74,2,0,0,0,0,caucasian,28,2,0,1,single
51870.0,2,-2.68,2,0,0,0,0,hispanic,28,1,0,0,single
57738.0,7,-2.15,4,1,0,1,0,caucasian,28,1,0,0,single
61278.0,4,-2.55,3,1,1,1,0,caucasian,28,1,0,0,single
56256.0,1,-2.75,2,0,0,0,0,african-american,28,0,0,1,single
56872.0,1,-2.7,2,0,0,0,0,caucasian,28,2,0,0,single
57655.0,5,-2.28,3,0,0,0,0,caucasian,28,1,0,0,single
56535.0,2,-2.51,3,0,0,0,0,african-american,28,1,0,1,single
56242.0,4,-2.1,4,0,0,0,0,african-american,28,5,0,0,single
56717.0,2,-2.72,2,0,0,0,0,african-american,28,3,0,0,single
17175.0,6,-1.53,6,1,1,1,0,african-american,28,6,0,1,separated
53334.0,6,-2.12,4,1,0,1,0,african-american,28,2,0,0,single
7329.0,6,-2.65,2,1,0,1,1,caucasian,28,3,0,0,single
59811.0,4,-2.26,3,0,0,0,1,caucasian,28,0,0,1,single
53279.0,2,-2.56,2,0,0,0,0,caucasian,28,1,0,1,single
57054.0,2,-2.63,2,1,0,1,0,african-american,28,1,0,0,single
61487.0,1,-2.79,2,0,0,0,0,african-american,28,6,0,0,separated
52806.0,3,-2.23,4,0,0,0,1,african-american,28,0,0,0,single
58657.0,10,-1.97,5,0,0,0,0,african-american,28,11,3,0,single
60897.0,1,-2.54,3,0,0,0,0,african-american,28,0,0,0,single
60171.0,4,-2.25,3,0,0,0,0,caucasian,28,6,0,0,single
50924.0,2,-2.52,3,0,0,0,0,hispanic,28,0,0,1,single
52380.0,2,-2.66,2,0,0,0,1,african-american,28,1,0,0,single
56309.0,7,-1.11,8,0,0,0,0,african-american,28,3,0,0,single
52957.0,4,-1.95,5,0,0,0,0,african-american,28,0,0,0,single
60397.0,3,-2.74,2,0,0,0,0,african-american,28,1,0,0,single
61634.0,3,-2.53,3,1,1,1,0,other,28,1,0,0,single
9982.0,7,-2.29,3,1,0,1,0,african-american,28,12,1,1,single
54780.0,2,-2.74,2,0,0,0,1,other,28,1,1,0,significant other
53970.0,7,-2.21,4,1,0,1,1,african-american,28,10,0,1,significant other
53843.0,5,-2.19,4,0,0,0,1,hispanic,28,2,0,1,separated
58363.0,5,-2.3,3,1,0,1,0,african-american,28,10,0,0,significant other
61616.0,1,-2.86,2,1,1,1,0,african-american,28,1,0,0,single
54964.0,3,-2.72,2,0,0,0,0,caucasian,28,3,0,0,significant other
58256.0,3,-2.51,3,0,0,0,1,african-american,28,0,0,1,single
51254.0,2,-2.38,3,1,0,1,0,caucasian,28,1,0,0,single
14432.0,8,-2.28,3,1,0,1,0,african-american,28,20,0,0,single
57192.0,4,-2.52,3,0,0,0,0,caucasian,28,4,0,0,single
28048.0,7,-2.36,3,0,0,0,1,african-american,28,4,0,0,single
58429.0,2,-2.72,2,0,0,0,1,caucasian,28,0,0,1,single
51574.0,3,-2.49,3,1,1,1,0,caucasian,28,2,0,0,single
51683.0,7,-1.47,7,1,0,1,0,caucasian,28,3,0,0,single
61984.0,3,-2.88,2,0,0,0,0,caucasian,28,0,0,1,single
44229.0,5,-1.89,5,0,0,0,0,african-american,28,12,1,0,significant other
54883.0,1,-2.84,2,0,0,0,0,caucasian,28,1,0,0,single
51174.0,2,-2.62,2,0,0,0,1,african-american,28,0,0,1,single
59886.0,8,-2.03,4,1,0,1,0,african-american,28,9,0,0,single
52273.0,3,-2.52,3,1,0,1,0,caucasian,28,3,0,1,single
33606.0,6,-1.53,6,1,0,0,0,african-american,28,8,1,0,single
1499.0,6,-1.73,6,1,0,1,0,african-american,28,8,0,0,single
6768.0,8,-1.57,6,0,0,0,0,caucasian,28,9,2,1,single
11169.0,10,-1.33,7,1,1,1,0,african-american,28,18,0,0,single
58663.0,1,-2.83,2,0,0,0,0,other,28,2,0,1,single
54130.0,1,-2.7,2,1,0,1,0,hispanic,28,0,0,1,significant other
51783.0,7,-2.36,3,1,0,0,1,caucasian,28,1,0,0,significant other
12856.0,6,-1.79,5,1,1,1,0,african-american,28,12,0,1,single
54596.0,2,-2.44,3,1,0,1,0,african-american,28,0,0,1,single
25296.0,7,-1.55,6,1,0,1,0,african-american,28,10,1,0,single
53462.0,4,-1.88,5,1,0,1,0,african-american,28,1,0,0,single
40921.0,5,-2.52,3,1,0,1,0,african-american,28,7,0,0,single
14425.0,6,-1.94,5,1,0,1,1,caucasian,28,7,0,0,single
53483.0,8,-2.29,3,1,0,1,1,african-american,28,0,0,1,single
57144.0,10,-0.5,10,0,0,0,0,african-american,28,5,0,0,single
54269.0,2,-2.7,2,0,0,0,1,caucasian,28,0,0,1,single
61291.0,3,-2.45,3,1,1,1,0,african-american,28,0,0,0,single
49366.0,8,-1.44,7,1,0,1,0,african-american,28,8,0,0,single
58659.0,5,-2.48,3,1,0,1,0,hispanic,28,3,0,0,single
9795.0,8,-1.4,7,1,1,1,0,african-american,28,8,0,0,single
61546.0,2,-2.66,2,0,0,0,0,african-american,28,1,0,0,single
59531.0,1,-2.75,2,0,0,0,0,caucasian,28,0,0,1,significant other
44965.0,9,-1.55,6,0,0,0,1,caucasian,28,7,0,0,significant other
56486.0,7,-2.07,4,0,0,0,0,caucasian,28,0,0,0,single
52291.0,5,-1.45,7,0,0,0,0,african-american,28,2,0,0,single
1923.0,10,-1.51,6,0,0,0,0,african-american,28,7,1,0,single
57582.0,2,-2.59,2,1,0,1,0,african-american,28,4,0,0,significant other
33217.0,9,-2.53,3,0,0,0,0,caucasian,28,14,0,0,single
55164.0,2,-2.1,4,1,0,1,0,hispanic,28,0,0,1,single
53151.0,2,-2.78,2,0,0,0,1,african-american,28,0,0,1,single
27433.0,6,-1.79,5,0,0,0,0,african-american,28,5,1,1,single
43536.0,9,-1.56,6,1,0,0,0,african-american,28,5,0,0,single
40810.0,9,-1.35,7,0,0,0,0,african-american,28,3,0,1,single
53911.0,2,-2.74,2,0,0,0,0,african-american,28,3,0,1,single
16964.0,6,-1.91,5,1,1,1,0,african-american,28,11,0,0,single
63579.0,3,-2.33,4,0,0,0,1,caucasian,28,0,0,1,separated
3506.0,10,-1.36,7,1,0,1,0,african-american,28,7,0,0,single
59470.0,5,-2.2,4,0,0,0,0,hispanic,28,1,0,0,single
59323.0,2,-2.63,2,0,0,0,1,caucasian,28,0,0,0,single
59055.0,2,-2.71,2,0,0,0,1,other,28,0,0,0,single
52713.0,10,-0.57,10,0,0,0,0,caucasian,28,1,0,0,single
53551.0,3,-2.5,3,0,0,0,0,african-american,28,1,0,1,significant other
8105.0,8,-1.62,6,1,0,1,0,african-american,28,11,2,0,single
58817.0,5,-2.14,4,0,0,0,1,african-american,28,3,0,0,single
53716.0,7,-2.32,3,0,0,0,0,caucasian,28,0,0,0,single
56401.0,3,-2.72,2,1,1,1,0,african-american,28,7,0,1,single
50857.0,9,-1.38,7,0,0,0,1,african-american,28,1,0,0,single
53907.0,2,-2.73,2,0,0,0,0,caucasian,28,0,0,0,single
55118.0,6,-2.32,3,0,0,0,1,caucasian,28,0,0,0,single
12229.0,10,-0.35,10,1,1,0,0,african-american,28,21,2,0,single
6505.0,9,-1.16,8,1,1,1,0,african-american,28,6,1,0,single
56677.0,1,-2.82,2,0,0,0,0,african-american,28,1,0,0,single
48304.0,3,-2.7,2,0,0,0,0,african-american,28,10,0,0,single
58846.0,4,-2.42,3,0,0,0,1,african-american,28,4,1,0,single
60029.0,2,-2.59,2,1,0,1,0,african-american,28,0,0,1,significant other
53004.0,7,-2.31,3,0,0,0,0,african-american,28,1,0,1,single
51503.0,2,-2.54,3,1,1,1,0,caucasian,28,0,0,1,single
42341.0,7,-1.88,5,1,0,1,0,african-american,28,9,0,0,single
47021.0,7,-1.19,8,1,1,1,0,african-american,28,14,0,0,single
56765.0,4,-2.17,4,0,0,0,0,hispanic,28,0,0,0,single
57745.0,4,-1.39,7,1,0,1,1,african-american,28,1,1,1,single
53488.0,5,-1.93,5,0,0,0,1,african-american,28,1,0,0,single
58582.0,5,-2.06,4,0,0,0,0,african-american,28,2,0,1,single
54117.0,4,-2.82,2,0,0,0,0,hispanic,28,0,0,0,single
53166.0,5,-2.06,3,1,0,1,1,african-american,28,6,0,1,single
57343.0,4,-1.95,5,1,0,1,0,african-american,28,2,1,0,single
59483.0,3,-2.4,3,0,0,0,1,african-american,28,3,0,0,single
15371.0,5,-2.09,4,1,0,1,0,african-american,28,2,0,1,single
37543.0,8,-1.55,6,0,0,0,0,hispanic,28,2,0,0,single
28378.0,3,-2.79,2,0,0,0,0,caucasian,28,3,0,0,single
62212.0,3,-2.34,3,1,0,1,0,hispanic,28,3,1,0,single
57863.0,3,-2.14,4,0,0,0,0,caucasian,28,1,0,1,single
60354.0,3,-2.79,2,1,0,1,0,african-american,28,3,0,1,single
47819.0,7,-1.69,6,0,0,0,0,caucasian,28,5,0,1,single
4349.0,5,-1.86,5,0,0,0,0,hispanic,28,3,0,1,single
55106.0,4,-1.75,5,1,0,0,0,african-american,28,1,0,0,significant other
51976.0,4,-2.33,3,0,0,0,0,caucasian,28,2,1,1,significant other
55448.0,5,-2.12,4,1,0,1,0,caucasian,28,5,0,0,single
38886.0,7,-1.49,7,0,0,0,0,african-american,28,1,0,0,single
57240.0,8,-2.19,4,0,0,0,1,african-american,28,5,0,0,single
39564.0,10,-1.39,7,1,0,1,0,african-american,28,12,10,0,single
52545.0,8,-1.51,6,1,0,1,0,hispanic,28,8,0,1,single
54222.0,3,-2.67,2,0,0,0,0,caucasian,28,0,0,0,single
58123.0,6,-1.58,6,0,0,0,0,caucasian,28,2,0,0,single
50252.0,2,-2.54,3,0,0,0,0,other,28,3,0,0,single
53642.0,3,-2.5,3,1,0,1,1,african-american,28,1,0,0,single
61150.0,2,-2.47,3,0,0,0,0,african-american,28,0,0,0,single
52751.0,8,-1.35,7,0,0,0,0,hispanic,28,3,0,0,single
43712.0,8,-0.83,9,1,1,1,0,african-american,28,16,9,0,single
58129.0,3,-2.58,2,0,0,0,1,caucasian,28,2,0,0,significant other
31761.0,4,-2.47,3,0,0,0,1,caucasian,28,3,1,1,single
62008.0,2,-2.67,2,1,0,1,0,african-american,28,4,0,1,significant other
51242.0,2,-2.42,3,1,0,0,0,african-american,28,2,0,0,single
54515.0,4,-2.58,2,0,0,0,0,african-american,28,2,0,1,single
53290.0,5,-2.7,2,1,0,1,0,african-american,28,5,0,0,single
50956.0,10,-0.62,10,0,0,0,0,african-american,28,5,2,0,significant other
7881.0,7,-2.11,4,0,0,0,0,african-american,28,7,0,1,single
13459.0,9,-0.95,9,1,1,1,1,african-american,28,9,0,1,single
54912.0,4,-2.69,2,0,0,0,0,caucasian,28,1,0,0,single
53441.0,4,-2.38,3,1,1,1,0,caucasian,28,0,0,1,single
54273.0,3,-2.15,4,0,0,0,0,other,28,2,0,0,significant other
2920.0,4,-1.69,6,0,0,0,0,african-american,28,1,0,0,single
43011.0,5,-1.9,5,1,1,1,0,african-american,28,5,1,0,single
44649.0,10,-0.93,9,1,0,1,1,caucasian,28,6,0,1,single
53461.0,4,-1.95,5,0,0,0,0,caucasian,28,0,0,1,single
36003.0,5,-1.99,4,0,0,0,0,caucasian,28,5,0,0,single
55715.0,3,-2.48,3,0,0,0,1,hispanic,28,2,0,0,single
51170.0,5,-2.39,3,0,0,0,1,caucasian,28,0,0,0,single
52257.0,6,-2.33,3,1,0,1,0,african-american,28,3,0,1,single
55770.0,3,-2.36,3,0,0,0,0,african-american,28,0,0,1,single
52260.0,5,-2.3,3,1,0,1,0,african-american,28,5,0,0,significant other
29728.0,7,-1.43,7,0,0,0,0,hispanic,28,11,0,1,single
58436.0,6,-2.16,4,0,0,0,0,african-american,28,1,0,0,single
8888.0,5,-1.91,5,0,0,0,0,african-american,28,1,0,1,single
56263.0,5,-2.72,2,0,0,0,1,caucasian,28,1,0,1,single
53625.0,3,-2.45,3,1,0,0,0,african-american,28,2,0,0,significant other
59651.0,8,-1.33,7,1,0,1,0,african-american,28,7,1,0,single
60886.0,6,-2.34,3,1,0,1,0,caucasian,28,4,3,1,single
58003.0,9,-1.73,6,1,0,1,1,caucasian,28,7,0,0,single
9376.0,5,-1.6,6,1,0,1,0,african-american,28,2,0,0,single
58034.0,8,-1.6,6,0,0,0,0,african-american,28,5,0,1,single
51757.0,2,-2.38,3,0,0,0,0,african-american,28,0,0,1,single
56301.0,2,-2.5,3,0,0,0,0,african-american,28,0,0,0,separated
41449.0,7,-1.93,5,1,0,1,0,african-american,28,10,0,1,single
54024.0,2,-2.62,2,0,0,0,0,hispanic,28,0,0,0,single
59986.0,3,-2.34,3,1,1,1,0,african-american,28,1,0,1,single
52673.0,3,-2.6,2,1,1,1,0,hispanic,28,2,0,0,single
61213.0,4,-2.14,4,0,0,0,1,caucasian,28,1,0,1,single
57532.0,2,-2.76,2,0,0,0,1,african-american,28,0,0,1,single
62127.0,1,-2.8,2,1,0,1,0,caucasian,28,1,0,0,single
21513.0,8,-2.34,3,1,0,1,0,african-american,28,6,0,1,significant other
53301.0,7,-0.86,9,0,0,0,0,african-american,28,4,0,0,single
53899.0,2,-2.3,3,1,0,1,0,caucasian,28,0,0,0,single
51063.0,7,-1.07,8,1,0,1,0,african-american,28,5,3,0,single
48223.0,3,-2.16,4,1,0,1,0,african-american,28,9,0,0,significant other
58733.0,7,-1.39,7,1,0,1,0,african-american,28,0,0,1,single
53023.0,4,-2.41,3,1,0,1,0,caucasian,28,6,0,1,significant other
53027.0,6,-2.59,2,0,0,0,0,african-american,28,5,0,1,single
61672.0,5,-2.44,3,0,0,0,0,caucasian,28,1,0,0,single
58252.0,3,-2.62,2,0,0,0,0,hispanic,28,1,0,0,significant other
4855.0,8,-1.32,7,1,0,0,0,african-american,28,4,0,0,single
34179.0,7,-1.95,5,1,1,1,0,caucasian,28,5,0,1,single
57046.0,6,-2.06,4,1,0,1,0,african-american,28,3,0,0,single
51942.0,3,-2.53,3,1,0,1,0,african-american,28,0,0,1,single
60306.0,4,-2.58,2,1,0,1,0,african-american,28,1,0,0,single
53661.0,2,-2.58,2,0,0,0,1,hispanic,28,0,0,0,single
53193.0,4,-2.31,3,1,0,1,0,african-american,28,0,0,1,single
54198.0,2,-2.58,2,0,0,0,0,caucasian,28,0,0,0,single
56320.0,8,-2.04,4,0,0,0,0,african-american,28,5,0,0,single
62327.0,4,-2.0,4,1,0,1,1,african-american,28,3,0,0,single
59562.0,8,-0.65,9,1,0,1,0,african-american,28,25,0,0,single
53926.0,1,-2.62,2,0,0,0,0,other,28,0,0,1,separated
58074.0,4,-2.3,3,0,0,0,0,caucasian,28,9,1,1,single
51756.0,6,-1.79,5,1,0,0,0,caucasian,28,11,0,0,single
53438.0,3,-2.66,2,0,0,0,0,caucasian,28,0,0,0,single
51653.0,7,-1.69,6,1,0,1,0,african-american,28,4,0,0,single
53037.0,3,-2.54,3,1,1,1,1,african-american,28,0,0,0,separated
57075.0,9,-1.67,6,1,0,1,0,african-american,28,6,0,0,single
34642.0,6,-1.86,5,1,1,1,0,african-american,28,4,0,0,single
56910.0,2,-2.31,3,1,0,1,0,african-american,28,2,0,0,single
53008.0,2,-2.35,3,1,0,1,0,caucasian,28,1,0,1,single
23464.0,4,-2.1,4,0,0,0,0,african-american,28,2,0,0,single
53729.0,2,-2.62,2,0,0,0,1,african-american,28,2,0,1,single
60793.0,3,-2.42,3,0,0,0,1,african-american,28,0,0,0,single
59116.0,2,-2.48,3,1,1,1,0,african-american,28,4,0,1,single
57148.0,7,-1.11,8,0,0,0,0,caucasian,28,2,0,0,single
51741.0,7,-2.45,3,0,0,0,0,hispanic,28,1,0,1,single
52255.0,8,-1.43,7,0,0,0,1,african-american,28,5,0,1,single
41373.0,3,-2.12,4,1,1,1,0,african-american,28,4,0,1,significant other
27232.0,10,0.11,10,1,1,1,0,african-american,28,6,0,0,single
56483.0,5,-2.02,4,0,0,0,0,african-american,28,9,0,1,single
52117.0,8,-2.53,3,0,0,0,1,caucasian,28,3,0,0,single
63177.0,4,-1.37,3,0,0,0,0,african-american,28,4,1,0,single
56716.0,4,-2.26,3,1,0,1,1,caucasian,28,0,0,0,single
57280.0,6,-1.42,7,1,0,1,0,caucasian,28,0,0,0,single
62425.0,6,-1.07,8,1,0,1,0,caucasian,28,8,0,0,single
58498.0,8,-1.53,6,0,0,0,1,african-american,28,0,0,0,single
57860.0,3,-2.08,4,1,1,1,0,caucasian,28,2,0,1,significant other
39483.0,2,-2.59,2,0,0,0,0,caucasian,28,1,0,1,single
11314.0,9,-0.54,10,1,0,1,0,caucasian,28,7,0,0,single
53278.0,2,-2.45,3,0,0,0,0,caucasian,27,0,0,1,single
58575.0,3,-2.25,3,0,0,0,0,african-american,27,3,0,1,single
60411.0,2,-2.44,3,0,0,0,0,african-american,27,0,0,0,single
60090.0,9,-1.44,7,0,0,0,0,caucasian,27,1,0,0,single
58232.0,4,-1.99,4,1,0,1,0,african-american,27,0,0,0,single
54509.0,5,-2.38,3,0,0,0,1,african-american,27,3,0,0,single
51062.0,3,-2.18,4,0,0,0,0,caucasian,27,0,0,0,single
57861.0,1,-2.78,2,0,0,0,0,african-american,27,1,0,0,single
58225.0,4,-2.32,3,1,0,0,0,caucasian,27,6,4,0,single
58406.0,3,-2.5,3,0,0,0,1,caucasian,27,2,0,0,single
61385.0,2,-2.86,2,0,0,0,1,caucasian,27,0,0,0,single
61432.0,3,-2.48,3,0,0,0,0,african-american,27,2,0,0,single
59978.0,2,-2.78,2,1,0,1,0,african-american,27,2,0,0,single
55795.0,5,-2.23,4,0,0,0,1,african-american,27,2,0,1,single
61941.0,3,-2.56,2,0,0,0,1,african-american,27,1,1,0,single
61741.0,6,-2.13,4,1,0,1,1,african-american,27,12,0,1,single
58208.0,1,-2.78,2,0,0,0,0,other,27,0,0,1,significant other
48922.0,8,-1.32,7,1,1,1,0,african-american,27,10,1,0,single
57971.0,2,-2.59,2,0,0,0,0,caucasian,27,1,0,1,single
2607.0,7,-2.68,2,0,0,0,0,caucasian,27,4,0,0,single
47035.0,5,-2.48,3,1,0,1,0,african-american,27,6,0,0,single
50962.0,5,-2.17,4,0,0,0,0,caucasian,27,0,0,1,single
59638.0,2,-2.16,4,0,0,0,0,african-american,27,0,0,0,single
5689.0,4,-1.78,5,1,0,1,0,african-american,27,2,1,0,single
50919.0,5,-2.37,3,1,0,1,0,african-american,27,2,0,1,single
52272.0,5,-2.32,3,1,0,1,0,african-american,27,5,1,1,single
59251.0,4,-2.12,4,0,0,0,0,caucasian,27,0,0,0,single
2223.0,4,-1.98,4,0,0,0,0,african-american,27,4,0,0,single
60450.0,2,-2.38,3,1,1,1,0,african-american,27,0,0,1,significant other
49873.0,4,-2.5,3,1,0,1,0,african-american,27,7,0,0,single
53890.0,5,-2.38,3,0,0,0,0,african-american,27,1,0,1,single
58686.0,2,-2.46,3,0,0,0,0,african-american,27,1,0,0,single
53734.0,1,-2.69,2,0,0,0,0,african-american,27,0,0,1,single
53730.0,6,-1.48,7,1,1,1,0,caucasian,27,0,0,0,single
51671.0,1,-2.65,2,0,0,0,0,other,27,0,0,0,single
60882.0,8,-1.71,6,0,0,0,0,hispanic,27,0,0,1,single
51920.0,3,-2.5,3,0,0,0,0,hispanic,27,1,0,0,single
57472.0,2,-2.54,3,1,0,1,0,hispanic,27,0,0,0,other
57492.0,3,-2.34,3,0,0,0,1,african-american,27,1,0,0,other
22345.0,2,-2.74,2,1,0,1,0,african-american,27,4,0,0,single
49377.0,2,-2.68,2,0,0,0,0,african-american,27,2,0,1,single
22759.0,7,-1.84,5,1,1,1,0,african-american,27,8,1,1,single
51173.0,7,-2.15,4,1,0,1,0,hispanic,27,1,0,0,single
23407.0,10,-0.19,10,1,0,1,0,african-american,27,7,0,0,single
52423.0,5,-2.31,3,0,0,0,0,caucasian,27,8,0,0,single
53226.0,2,-2.45,3,1,0,1,0,other,27,0,0,0,significant other
55928.0,8,-1.4,7,1,0,1,1,caucasian,27,4,0,1,single
50841.0,4,-2.33,3,0,0,0,1,african-american,27,0,0,1,single
53167.0,7,-2.18,4,1,1,1,0,african-american,27,17,2,0,single
51078.0,3,-2.41,3,1,1,1,1,african-american,27,0,0,0,single
6944.0,9,-0.54,10,0,0,0,0,african-american,27,11,3,0,single
51225.0,6,-2.18,4,1,1,1,1,african-american,27,2,0,0,single
55089.0,2,-2.51,3,0,0,0,0,hispanic,27,1,0,0,single
53995.0,5,-1.88,5,0,0,0,0,african-american,27,0,0,0,single
57536.0,5,-2.16,4,1,0,1,1,african-american,27,3,0,1,single
60182.0,3,-2.24,3,1,0,1,0,caucasian,27,0,0,1,single
57667.0,1,-2.66,2,0,0,0,0,african-american,27,0,0,1,single
42702.0,9,-1.02,8,1,0,1,0,african-american,27,9,1,0,single
61285.0,6,-2.57,2,1,0,1,1,african-american,27,4,0,0,single
61812.0,2,-2.76,2,0,0,0,0,hispanic,27,1,0,1,single
54032.0,2,-2.57,2,0,0,0,0,hispanic,27,1,0,0,single
52244.0,3,-2.3,3,0,0,0,1,caucasian,27,0,0,1,single
782.0,10,-0.91,9,0,0,0,1,caucasian,27,6,0,0,single
50338.0,3,-2.45,3,1,0,1,0,caucasian,27,1,0,1,single
29185.0,2,-1.74,5,0,0,0,0,african-american,27,1,0,0,significant other
20342.0,3,-2.13,4,1,0,1,0,african-american,27,5,0,0,single
51155.0,2,-2.44,3,0,0,0,0,african-american,27,0,0,1,significant other
16568.0,7,-2.28,3,1,1,1,0,african-american,27,13,0,0,single
54330.0,1,-2.69,2,0,0,0,0,african-american,27,0,0,1,single
58854.0,9,-2.1,4,1,0,1,0,african-american,27,5,0,0,single
59486.0,4,-2.5,3,1,1,1,0,caucasian,27,2,1,1,single
12708.0,10,-0.92,9,1,1,1,0,african-american,27,8,0,0,single
34493.0,5,-2.1,4,1,0,1,0,hispanic,27,8,2,0,single
51231.0,6,-2.5,3,0,0,0,0,caucasian,27,1,0,1,significant other
61283.0,3,-2.31,3,0,0,0,0,african-american,27,0,0,1,single
54029.0,7,-2.05,4,0,0,0,0,african-american,27,1,0,0,single
56726.0,9,-1.34,7,0,0,0,0,caucasian,27,5,0,1,single
25116.0,10,-0.84,9,1,0,1,0,african-american,27,5,0,1,single
38240.0,7,-1.64,6,0,0,0,0,african-american,27,2,0,0,single
60658.0,3,-2.54,3,0,0,0,1,african-american,27,0,0,1,single
56332.0,2,-2.42,3,1,0,1,0,african-american,27,0,0,1,single
61113.0,8,-1.97,5,1,0,1,0,caucasian,27,0,0,0,single
59246.0,1,-2.72,2,0,0,0,0,african-american,27,1,0,1,single
59953.0,9,-1.29,7,1,0,1,0,african-american,27,3,0,0,single
59686.0,2,-2.46,3,0,0,0,0,caucasian,27,2,0,0,single
57185.0,5,-2.07,4,1,0,1,0,african-american,27,2,0,1,single
34856.0,7,-2.22,4,1,0,1,0,caucasian,27,4,0,0,single
51936.0,2,-2.03,4,0,0,0,0,african-american,27,0,0,0,single
54846.0,3,-2.73,2,1,0,1,0,african-american,27,5,0,1,single
61099.0,3,-2.27,3,0,0,0,0,caucasian,27,3,0,1,significant other
51786.0,8,-0.99,9,0,0,0,0,african-american,27,1,0,0,single
24573.0,7,-1.16,8,1,0,1,0,african-american,27,6,1,0,single
52479.0,5,-2.45,3,1,0,1,1,caucasian,27,2,0,0,single
53339.0,2,-2.48,3,0,0,0,0,african-american,27,0,0,1,single
55076.0,8,-1.21,8,1,0,1,0,african-american,27,10,0,0,single
57077.0,1,-2.78,2,0,0,0,0,african-american,27,0,0,1,single
55818.0,3,-2.73,2,0,0,0,1,caucasian,27,0,0,0,single
50978.0,6,-1.76,5,1,0,1,0,african-american,27,2,0,1,single
11494.0,6,-2.2,4,0,0,0,0,african-american,27,7,0,0,single
50969.0,2,-2.56,2,0,0,0,0,african-american,27,0,0,1,single
58993.0,1,-2.66,2,0,0,0,0,caucasian,27,0,0,0,single
25699.0,8,-1.9,5,1,0,1,0,african-american,27,6,1,0,single
43501.0,9,-1.63,6,1,0,1,0,african-american,27,10,0,0,single
53796.0,6,-1.5,6,1,0,1,0,caucasian,27,5,0,0,single
54594.0,2,-2.54,3,0,0,0,0,caucasian,27,0,0,1,single
30696.0,8,-0.98,9,1,0,1,0,african-american,27,6,0,0,single
47684.0,6,-2.12,4,1,0,1,1,african-american,27,1,0,1,single
58738.0,7,-2.12,4,0,0,0,0,other,27,3,0,1,single
11743.0,6,-1.73,6,1,0,0,0,hispanic,27,6,0,0,single
20838.0,5,-2.12,4,0,0,0,0,african-american,27,2,0,0,single
51801.0,10,-0.55,10,0,0,0,0,african-american,27,6,4,1,single
56614.0,2,-2.57,2,0,0,0,0,caucasian,27,0,0,1,single
59184.0,6,-1.51,6,1,0,1,0,african-american,27,0,0,0,significant other
56572.0,5,-2.56,2,0,0,0,0,african-american,27,1,0,1,single
51897.0,10,-1.85,5,1,1,1,0,african-american,27,9,1,0,single
55786.0,6,-2.23,4,0,0,0,1,african-american,27,2,0,0,single
53006.0,3,-2.34,3,1,0,1,0,african-american,27,1,0,0,single
58087.0,4,-1.7,6,1,0,1,0,caucasian,27,4,4,1,single
53960.0,9,-1.03,8,1,0,1,0,african-american,27,2,0,0,single
60022.0,5,-2.52,3,0,0,0,1,caucasian,27,0,0,1,single
56071.0,9,-1.04,8,1,0,1,0,african-american,27,2,1,0,single
54197.0,10,-0.65,9,1,0,1,0,african-american,27,11,0,0,single
56417.0,7,-1.15,8,1,0,1,0,african-american,27,1,0,0,single
57479.0,2,-2.54,3,1,1,1,0,other,27,2,0,1,single
51688.0,7,-2.17,4,1,0,1,0,caucasian,27,1,0,1,single
43166.0,5,-1.82,5,1,0,1,0,african-american,27,7,0,0,single
27533.0,7,-2.35,3,0,0,0,0,african-american,27,3,0,1,single
60700.0,4,-2.39,3,0,0,0,0,african-american,27,1,1,0,single
57626.0,4,-2.31,3,1,0,1,0,caucasian,27,2,0,0,single
25222.0,7,-1.12,8,1,1,1,0,african-american,27,8,0,0,single
51523.0,3,-2.44,3,0,0,0,1,hispanic,27,0,0,1,single
54300.0,4,-2.27,3,0,0,0,0,african-american,27,3,0,0,single
61803.0,3,-2.74,2,0,0,0,0,caucasian,27,1,0,0,single
38763.0,8,-1.95,5,1,0,1,0,african-american,27,12,0,0,single
61883.0,2,-2.74,2,1,0,1,1,hispanic,27,0,0,1,single
52709.0,9,-1.36,7,1,1,1,0,african-american,27,4,0,0,single
53745.0,2,-2.52,3,0,0,0,1,african-american,27,0,0,1,single
7301.0,10,0.03,10,1,0,1,0,african-american,27,14,2,0,significant other
43281.0,5,-1.55,6,1,1,1,0,african-american,27,2,0,1,single
59284.0,9,-1.23,8,1,0,1,0,caucasian,27,0,0,0,single
62087.0,5,-2.46,3,0,0,0,0,african-american,27,1,0,1,single
14080.0,6,-1.82,5,1,0,1,0,caucasian,27,6,0,0,single
60024.0,4,-2.18,4,0,0,0,0,other,27,1,0,0,single
54508.0,5,-1.08,8,0,0,0,0,african-american,27,1,2,1,single
53963.0,2,-2.36,3,0,0,0,0,caucasian,27,0,0,0,single
53648.0,6,-2.15,4,1,0,0,1,african-american,27,8,0,0,single
48516.0,7,-1.5,6,1,0,1,0,african-american,27,6,0,0,single
29205.0,9,-1.87,5,1,1,1,0,african-american,27,3,0,0,single
54414.0,4,-2.26,3,0,0,0,1,caucasian,27,1,0,0,single
51252.0,7,-0.82,9,1,0,1,0,african-american,27,7,0,1,single
30172.0,6,-1.84,5,1,0,1,0,african-american,27,4,0,1,single
26591.0,8,-1.17,8,1,1,1,0,african-american,27,9,0,0,single
58497.0,4,-2.63,2,1,0,1,0,caucasian,27,0,0,1,other
25207.0,9,-0.92,9,0,0,0,0,caucasian,27,4,0,0,single
2753.0,4,-2.32,3,0,0,0,0,caucasian,27,5,0,0,single
57084.0,4,-2.37,3,0,0,0,0,african-american,27,2,0,0,single
62107.0,7,-2.32,3,1,0,1,1,caucasian,27,1,0,0,single
42734.0,2,-2.19,4,0,0,0,0,african-american,27,1,0,1,single
59550.0,2,-2.82,2,1,0,1,1,caucasian,27,0,0,1,single
58855.0,5,-2.38,3,1,0,1,1,african-american,27,3,0,0,single
8687.0,10,-0.88,9,1,1,1,0,african-american,27,27,6,1,single
58931.0,8,-1.46,7,1,1,1,0,african-american,27,0,0,0,single
59992.0,3,-2.32,3,1,0,1,0,african-american,27,3,0,1,significant other
61620.0,2,-2.19,4,0,0,0,0,african-american,27,3,0,1,single
54781.0,6,-2.17,4,0,0,0,0,african-american,27,2,0,0,single
51715.0,5,-1.57,6,0,0,0,0,african-american,27,0,0,0,single
54621.0,5,-2.19,4,0,0,0,1,african-american,27,1,1,0,single
51136.0,8,-1.28,7,1,0,0,0,african-american,27,8,0,1,single
60299.0,2,-2.78,2,0,0,0,1,caucasian,27,0,0,0,single
57772.0,3,-2.79,2,0,0,0,0,african-american,27,2,0,0,single
51420.0,2,-2.68,2,0,0,0,1,other,27,0,0,1,single
10655.0,9,-1.41,7,1,0,1,0,african-american,27,5,0,0,single
58994.0,1,-2.65,2,0,0,0,0,other,27,0,0,1,significant other
28302.0,10,-0.86,9,0,0,0,1,african-american,27,1,0,1,single
45346.0,5,-2.25,3,1,0,0,0,african-american,27,2,0,0,single
21372.0,10,-0.59,10,1,0,1,0,african-american,27,13,1,0,single
59106.0,6,-2.48,3,1,0,1,0,caucasian,27,2,0,0,single
62183.0,2,-2.48,3,0,0,0,0,hispanic,27,1,0,1,single
57886.0,2,-2.45,3,0,0,0,0,caucasian,27,0,0,1,single
62274.0,3,-2.48,3,1,0,1,1,caucasian,27,6,0,0,single
62014.0,2,-2.56,2,1,0,1,0,african-american,27,1,0,0,single
66275.0,4,-1.48,9,1,0,1,0,african-american,27,5,0,1,single
57064.0,1,-2.69,2,0,0,0,0,african-american,27,0,0,1,single
26139.0,7,-2.14,4,1,0,1,1,caucasian,27,3,0,0,single
42622.0,10,0.18,10,0,0,0,0,caucasian,27,1,0,0,single
56402.0,3,-2.61,2,0,0,0,0,hispanic,27,2,0,0,single
61115.0,4,-2.11,4,1,0,1,0,other,27,6,0,0,single
60100.0,4,-2.52,3,0,0,0,0,caucasian,27,5,0,1,single
61184.0,6,-1.32,7,0,0,0,0,african-american,27,0,0,0,single
60788.0,5,-1.98,4,0,0,0,0,african-american,27,0,0,0,single
34724.0,8,-2.18,4,1,1,1,0,african-american,27,12,0,0,single
54199.0,8,-0.45,10,1,0,1,0,african-american,27,4,2,1,single
7790.0,6,-2.38,3,0,0,0,0,african-american,27,2,0,0,single
52418.0,9,-1.07,8,1,0,1,1,african-american,27,10,1,0,single
52934.0,2,-2.32,3,1,0,0,0,african-american,27,1,0,0,single
53401.0,3,-2.2,4,0,0,0,0,african-american,27,2,0,0,single
47524.0,5,-2.16,4,0,0,0,0,african-american,27,5,0,1,single
57627.0,2,-2.69,2,0,0,0,0,african-american,27,0,0,1,single
52893.0,8,-1.76,5,0,0,0,0,african-american,27,4,0,0,single
56132.0,2,-2.53,3,0,0,0,0,african-american,27,0,0,1,single
54699.0,7,-2.36,3,0,0,0,0,african-american,27,10,0,0,single
56140.0,2,-2.49,3,0,0,0,0,caucasian,27,0,0,0,single
48838.0,5,-2.04,4,1,0,1,1,african-american,27,1,0,0,significant other
56068.0,3,-2.4,3,1,0,1,0,african-american,27,2,0,1,single
54428.0,2,-2.64,2,0,0,0,1,african-american,27,0,0,1,single
56743.0,8,-1.54,6,0,0,0,0,african-american,27,11,1,0,significant other
54530.0,3,-2.55,3,1,1,1,0,african-american,27,8,0,0,single
57914.0,4,-2.44,3,1,0,1,1,african-american,27,3,0,0,single
55730.0,6,-1.88,5,0,0,0,0,caucasian,27,0,0,0,single
58563.0,4,-2.31,3,0,0,0,0,caucasian,27,0,0,0,single
61639.0,1,-2.78,2,0,0,0,0,hispanic,27,1,0,1,single
51853.0,10,-1.9,5,1,0,1,0,caucasian,27,0,0,0,single
55142.0,3,-2.15,4,0,0,0,0,caucasian,27,1,0,1,single
52850.0,2,-2.52,3,0,0,0,0,african-american,27,0,1,0,significant other
52844.0,5,-2.06,4,0,0,0,0,caucasian,27,2,0,0,single
58891.0,1,-2.74,2,0,0,0,0,caucasian,27,1,0,0,single
10497.0,6,-2.32,3,1,0,1,0,caucasian,27,2,0,0,single
58067.0,9,-1.93,5,1,1,1,0,african-american,27,5,1,0,single
57026.0,7,-1.46,7,1,0,1,0,african-american,27,2,0,0,single
55094.0,3,-2.4,3,0,0,0,1,african-american,27,0,0,0,single
50860.0,9,-2.09,4,1,0,0,0,african-american,27,2,1,1,single
54365.0,5,-2.48,3,0,0,0,0,other,27,0,0,1,significant other
51505.0,3,-2.35,3,1,0,0,1,hispanic,27,0,0,0,single
47433.0,8,-0.64,9,1,1,1,0,african-american,27,13,0,1,single
52431.0,7,-2.03,4,1,0,1,0,african-american,27,8,1,0,single
53776.0,9,-1.73,6,1,0,1,0,african-american,27,18,3,0,single
51693.0,5,-1.97,5,0,0,0,0,african-american,27,6,0,0,significant other
44612.0,4,-2.19,4,1,0,1,0,african-american,27,6,0,1,single
52373.0,4,-2.47,3,0,0,0,0,hispanic,27,2,0,1,single
31536.0,10,-1.83,5,1,0,1,0,african-american,27,2,0,0,single
59426.0,8,-1.68,6,1,1,1,1,caucasian,27,0,0,1,significant other
54464.0,3,-2.48,3,1,1,0,1,african-american,27,0,0,1,single
54076.0,5,-1.63,6,0,0,0,0,caucasian,27,0,0,0,single
61524.0,4,-2.36,3,0,0,0,0,caucasian,27,2,0,1,single
11206.0,5,-1.97,5,1,1,1,0,caucasian,27,13,3,0,single
7197.0,6,-1.96,5,1,0,1,0,caucasian,27,1,0,1,single
58976.0,2,-2.23,4,0,0,0,1,caucasian,27,2,0,1,single
56588.0,2,-2.6,2,1,0,1,1,african-american,27,1,0,0,single
60790.0,2,-2.62,2,0,0,0,0,african-american,27,1,0,0,single
62002.0,3,-2.75,2,0,0,0,0,african-american,27,3,0,0,significant other
52209.0,9,-1.19,8,1,0,1,0,african-american,27,7,0,0,single
51227.0,3,-2.51,3,0,0,0,1,caucasian,27,3,0,0,single
52562.0,2,-2.31,3,1,0,0,0,african-american,27,1,0,0,single
56993.0,2,-2.4,3,0,0,0,0,hispanic,27,0,0,1,single
39488.0,7,-1.34,7,1,0,1,0,african-american,27,2,0,0,single
59215.0,5,-1.7,6,1,1,1,0,african-american,27,4,0,0,single
8538.0,6,-1.67,6,0,0,0,0,african-american,27,4,0,1,single
53884.0,4,-2.31,3,0,0,0,0,caucasian,27,0,0,0,single
57455.0,2,-2.72,2,0,0,0,1,african-american,27,1,0,1,single
58140.0,6,-2.46,3,0,0,0,0,caucasian,27,5,0,0,single
8187.0,9,-1.22,8,0,0,0,0,african-american,27,10,0,0,single
59456.0,5,-2.29,3,0,0,0,1,caucasian,27,0,0,0,single
51461.0,2,-2.59,2,1,0,1,0,african-american,26,0,0,1,single
53663.0,3,-2.31,3,0,0,0,0,caucasian,26,0,0,0,single
9691.0,7,-1.27,7,1,0,1,0,african-american,26,5,1,0,single
55016.0,6,-1.52,6,0,0,0,0,african-american,26,8,1,0,single
53677.0,7,-2.35,3,1,0,1,0,caucasian,26,0,0,0,single
51831.0,2,-2.35,3,0,0,0,0,caucasian,26,0,0,1,single
4721.0,6,-1.54,6,0,0,0,0,african-american,26,1,0,0,single
57460.0,7,-1.19,8,1,0,1,0,african-american,26,5,0,0,single
28536.0,6,-1.88,5,1,1,1,1,african-american,26,6,0,0,single
54899.0,2,-2.46,3,0,0,0,0,caucasian,26,0,0,1,single
51275.0,6,-1.68,6,0,0,0,1,caucasian,26,0,0,0,single
55712.0,2,-2.72,2,0,0,0,1,caucasian,26,0,0,1,single
52474.0,10,-1.53,6,1,0,1,0,african-american,26,9,3,0,single
2609.0,4,-2.18,4,0,0,0,0,hispanic,26,7,1,1,single
55117.0,2,-2.64,2,0,0,0,0,hispanic,26,0,1,0,single
53227.0,4,-2.26,3,0,0,0,0,caucasian,26,1,0,0,single
52308.0,6,-2.1,4,0,0,0,1,caucasian,26,1,0,0,single
60492.0,3,-2.44,3,0,0,0,1,african-american,26,4,1,0,single
57063.0,5,-2.03,4,0,0,0,1,african-american,26,1,0,0,single
53492.0,2,-2.51,3,0,0,0,0,caucasian,26,2,0,0,single
53300.0,3,-2.32,3,0,0,0,0,hispanic,26,0,0,0,single
60710.0,6,-2.67,2,0,0,0,0,caucasian,26,0,0,1,significant other
51139.0,8,-2.15,4,1,0,1,0,caucasian,26,7,0,0,single
57670.0,2,-2.58,2,0,0,0,0,caucasian,26,0,0,1,single
7549.0,10,-0.5,10,1,0,1,0,african-american,26,10,1,0,single
3580.0,10,-1.44,7,1,1,1,0,caucasian,26,8,3,0,single
58066.0,4,-2.31,3,0,0,0,0,african-american,26,1,0,0,single
60283.0,5,-1.75,5,0,0,0,1,african-american,26,3,1,1,single
47770.0,10,-0.4,10,1,0,1,0,african-american,26,13,0,1,separated
53930.0,4,-2.23,4,1,0,0,0,caucasian,26,3,1,1,single
51652.0,4,-2.17,4,1,1,1,0,african-american,26,9,0,1,single
53108.0,8,-1.61,6,0,0,0,0,african-american,26,7,0,1,single
57255.0,7,-1.92,5,1,0,1,1,african-american,26,4,0,0,single
55229.0,4,-2.26,3,1,0,0,1,caucasian,26,1,0,1,significant other
56574.0,4,-2.14,4,0,0,0,0,caucasian,26,8,0,0,single
61754.0,8,-1.44,7,1,1,1,0,african-american,26,9,0,0,single
53299.0,7,-1.93,5,1,1,1,0,caucasian,26,9,0,1,single
1172.0,9,-1.45,7,1,0,1,0,african-american,26,1,0,0,single
52472.0,3,-2.35,3,0,0,0,0,african-american,26,0,0,1,single
44850.0,8,-1.53,6,0,0,0,0,african-american,26,6,0,1,single
56516.0,2,-2.28,3,1,0,0,0,caucasian,26,0,0,0,significant other
60815.0,7,-2.09,4,1,0,1,0,caucasian,26,4,0,1,single
62214.0,2,-2.47,3,0,0,0,0,caucasian,26,0,0,0,separated
52867.0,3,-2.23,4,1,0,1,0,caucasian,26,1,0,0,significant other
48197.0,3,-2.59,2,0,0,0,0,hispanic,26,5,0,0,single
54693.0,3,-2.31,3,0,0,0,0,african-american,26,2,1,0,single
60345.0,3,-2.42,3,0,0,0,1,caucasian,26,3,0,1,single
51782.0,4,-2.39,3,1,1,1,0,african-american,26,0,0,1,single
56912.0,7,-1.96,5,1,0,1,0,african-american,26,8,0,0,single
59490.0,2,-2.72,2,0,0,0,1,african-american,26,0,0,1,single
54169.0,8,-2.3,3,1,0,1,0,african-american,26,6,2,0,single
47687.0,7,-1.65,6,0,0,0,0,african-american,26,5,0,1,single
60888.0,5,-2.04,4,0,0,0,0,caucasian,26,0,0,1,single
51526.0,3,-2.23,4,0,0,0,0,caucasian,26,1,0,1,single
14870.0,10,-0.75,9,0,0,0,0,caucasian,26,3,0,1,single
52735.0,2,-2.35,3,0,0,0,0,african-american,26,0,0,0,single
53369.0,4,-2.32,3,0,0,0,0,african-american,26,5,0,0,single
51931.0,8,-2.18,4,0,0,0,0,african-american,26,0,0,0,single
31916.0,9,-1.67,6,1,1,1,0,african-american,26,10,2,0,single
60743.0,6,-2.46,3,0,0,0,1,caucasian,26,0,0,1,single
51937.0,8,-2.2,4,0,0,0,1,african-american,26,0,0,1,single
34087.0,9,-1.56,6,0,0,0,0,african-american,26,15,0,0,single
55686.0,4,-2.11,4,1,1,0,0,caucasian,26,4,0,1,single
53860.0,10,-1.73,6,1,0,1,0,african-american,26,1,1,0,single
20922.0,8,-0.83,9,1,1,1,0,african-american,26,4,1,1,single
54264.0,2,-2.55,3,0,0,0,0,other,26,0,0,1,single
60581.0,5,-2.0,4,0,0,0,1,african-american,26,1,0,0,single
56522.0,2,-2.56,2,0,0,0,1,african-american,26,0,0,1,single
56827.0,7,-1.63,6,1,0,1,0,african-american,26,4,0,0,single
60683.0,8,-1.93,5,1,0,1,0,african-american,26,4,0,0,single
60546.0,1,-2.64,2,0,0,0,0,african-american,26,1,0,1,single
30613.0,3,-2.19,4,1,0,1,0,african-american,26,2,0,0,single
54270.0,2,-2.31,3,1,0,0,0,hispanic,26,0,0,1,single
1356.0,6,-2.0,4,0,0,0,1,other,26,1,0,1,single
52734.0,2,-2.47,3,0,0,0,0,caucasian,26,0,0,1,single
51066.0,4,-1.31,7,0,0,0,0,caucasian,26,2,0,0,single
60871.0,6,-1.46,7,0,0,0,0,african-american,26,3,1,1,single
51517.0,8,-2.25,3,1,0,1,1,caucasian,26,1,0,0,single
3818.0,8,-1.59,6,0,0,0,0,african-american,26,4,1,1,single
61276.0,4,-2.24,3,0,0,0,1,african-american,26,0,0,1,single
52265.0,5,-2.13,4,1,0,0,0,african-american,26,0,0,1,single
17967.0,10,-0.53,10,1,1,1,0,african-american,26,24,4,1,single
8639.0,7,-0.65,9,1,1,1,0,african-american,26,3,0,0,single
21705.0,10,-0.8,9,1,1,1,0,african-american,26,3,1,0,single
54882.0,5,-2.38,3,0,0,0,1,african-american,26,3,0,0,single
51292.0,7,-1.35,7,0,0,0,0,african-american,26,2,0,1,single
61013.0,4,-2.25,3,0,0,0,0,caucasian,26,11,0,0,single
3251.0,9,-0.83,9,1,0,1,0,african-american,26,6,0,0,single
53081.0,6,-2.22,4,1,1,1,0,caucasian,26,7,0,0,significant other
54325.0,3,-2.11,4,1,0,1,0,african-american,26,2,0,0,separated
58828.0,4,-2.32,3,1,1,1,1,african-american,26,1,0,0,single
59679.0,2,-2.42,3,1,0,0,0,african-american,26,2,0,0,single
57689.0,4,-2.5,3,0,0,0,0,caucasian,26,1,0,1,single
57082.0,2,-2.67,2,0,0,0,1,african-american,26,1,0,1,single
56080.0,2,-2.59,2,0,0,0,1,african-american,26,0,0,1,single
51028.0,4,-1.96,5,1,0,1,0,other,26,1,0,0,single
33556.0,8,-2.09,4,1,0,1,0,caucasian,26,2,0,0,single
52037.0,7,-1.72,6,0,0,0,1,african-american,26,1,0,0,single
57996.0,5,-2.09,4,1,0,0,0,african-american,26,1,0,0,single
42731.0,5,-2.05,4,0,0,0,1,caucasian,26,2,0,1,single
52508.0,5,-2.13,4,0,0,0,1,caucasian,26,0,0,0,single
19187.0,8,-1.81,5,1,0,0,0,african-american,26,13,0,1,single
61720.0,2,-2.36,3,0,0,0,0,caucasian,26,0,0,1,single
29822.0,6,-1.42,7,0,0,0,0,african-american,26,5,1,0,single
58416.0,2,-2.56,2,0,0,0,1,african-american,26,0,0,1,significant other
53398.0,3,-2.33,3,0,0,0,0,african-american,26,0,0,0,single
48433.0,7,-1.52,6,1,1,1,0,african-american,26,5,0,0,single
51415.0,1,-2.53,3,1,0,1,0,hispanic,26,0,0,1,single
48272.0,9,-1.69,6,0,0,0,0,african-american,26,2,0,1,single
61438.0,7,-2.22,4,1,0,1,0,african-american,26,11,2,0,single
54960.0,6,-1.9,5,0,0,0,0,caucasian,26,7,0,1,single
59032.0,2,-2.28,3,0,0,0,0,african-american,26,0,0,0,single
52672.0,6,-1.76,5,1,0,1,0,african-american,26,1,0,1,single
52685.0,4,-2.26,3,1,0,1,0,african-american,26,0,0,0,single
8812.0,10,-0.73,9,1,0,1,0,african-american,26,9,2,1,significant other
54026.0,2,-2.47,3,0,0,0,0,caucasian,26,1,0,1,single
44584.0,4,-1.99,4,0,0,0,0,caucasian,26,5,0,1,single
7034.0,3,-2.12,4,0,0,0,0,african-american,26,2,0,1,single
54332.0,5,-2.12,4,1,0,0,1,african-american,26,3,0,0,significant other
56913.0,5,-2.32,3,0,0,0,0,hispanic,26,1,0,0,single
52839.0,5,-2.28,3,1,0,1,0,caucasian,26,3,0,0,single
54334.0,3,-2.36,3,0,0,0,0,african-american,26,2,0,1,single
8012.0,8,-1.37,7,1,0,1,0,african-american,26,10,0,0,single
61230.0,2,-2.36,3,1,1,1,0,caucasian,26,1,0,0,single
51422.0,9,-1.4,7,1,0,0,0,african-american,26,4,0,0,single
52886.0,2,-2.49,3,1,0,1,0,hispanic,26,1,0,1,single
52521.0,5,-2.36,3,0,0,0,0,african-american,26,0,0,1,single
58150.0,6,-2.32,3,1,0,1,0,african-american,26,1,0,1,single
62228.0,3,-2.44,3,0,0,0,1,hispanic,26,0,0,1,other
7483.0,7,-2.12,4,0,0,0,0,african-american,26,1,0,0,single
11454.0,9,-1.06,8,0,0,0,1,african-american,26,2,0,0,single
61189.0,4,-2.64,2,0,0,0,0,caucasian,26,0,0,0,single
18698.0,8,-1.26,7,1,0,1,0,african-american,26,8,2,0,single
57398.0,9,-1.42,7,0,0,0,1,african-american,26,0,0,1,single
60525.0,2,-2.48,3,0,0,0,0,caucasian,26,2,0,0,single
61537.0,5,-2.44,3,0,0,0,0,caucasian,26,7,0,0,single
51868.0,10,0.04,10,0,0,0,1,african-american,26,0,0,1,single
50864.0,2,-2.33,3,0,0,0,0,caucasian,26,0,0,1,single
51232.0,5,-2.2,4,0,0,0,0,african-american,26,1,0,1,single
57512.0,4,-2.23,4,0,0,0,0,african-american,26,0,0,1,single
8021.0,5,-2.04,4,0,0,0,0,caucasian,26,2,0,0,single
59511.0,5,-2.38,3,0,0,0,0,caucasian,26,0,0,1,single
55964.0,4,-2.14,4,0,0,0,0,african-american,26,2,0,0,single
56720.0,1,-2.71,2,0,0,0,0,hispanic,26,1,0,1,single
26020.0,8,-1.75,5,1,0,1,0,african-american,26,8,0,0,single
51682.0,6,-1.22,8,1,0,0,0,caucasian,26,2,1,0,single
52128.0,2,-2.37,3,0,0,0,0,african-american,26,1,0,0,single
50014.0,4,-2.55,3,0,0,0,0,caucasian,26,1,0,1,single
16248.0,3,-2.27,3,1,0,1,0,caucasian,26,2,1,0,single
59536.0,4,-2.24,3,0,0,0,0,caucasian,26,0,0,1,single
34467.0,5,-2.22,4,1,0,1,0,african-american,26,6,0,1,single
10282.0,7,-1.55,6,1,0,1,0,caucasian,26,1,0,0,single
9377.0,7,-1.34,7,1,1,1,0,african-american,26,5,3,0,single
54797.0,2,-2.61,2,1,0,1,0,caucasian,26,3,0,1,single
54620.0,5,-2.07,4,1,0,1,0,hispanic,26,1,1,0,single
6136.0,7,-1.47,7,0,0,0,0,african-american,26,7,0,0,single
52210.0,7,-1.85,5,0,0,0,0,other,26,0,0,0,single
57241.0,3,-2.16,4,1,0,1,0,african-american,26,0,0,1,single
51911.0,9,-1.42,7,1,0,1,0,caucasian,26,7,0,1,single
38528.0,9,-0.79,9,1,0,1,0,caucasian,26,9,1,0,single
8041.0,9,-1.24,8,1,0,1,0,african-american,26,14,4,0,single
56327.0,6,-2.18,4,1,0,1,1,caucasian,26,3,0,0,single
59267.0,7,-1.67,6,0,0,0,0,african-american,26,7,0,0,single
60985.0,2,-2.64,2,0,0,0,0,african-american,26,0,0,1,single
54100.0,4,-2.19,4,0,0,0,0,caucasian,26,0,0,1,significant other
54195.0,9,-0.8,9,1,0,1,0,african-american,26,3,3,1,single
55085.0,2,-2.33,3,0,0,0,0,african-american,26,0,0,0,significant other
57893.0,1,-2.63,2,0,0,0,0,hispanic,26,0,0,1,single
53692.0,6,-2.08,4,0,0,0,0,african-american,26,2,0,0,single
45938.0,4,-1.53,6,0,0,0,0,african-american,26,4,0,1,single
59604.0,2,-2.4,3,0,0,0,0,caucasian,26,0,0,0,single
52397.0,7,-1.59,7,0,0,0,0,african-american,26,6,2,0,single
4619.0,6,-2.12,4,1,1,1,1,african-american,26,9,0,1,single
59404.0,3,-2.44,3,0,0,0,1,caucasian,26,0,0,0,single
60198.0,2,-2.48,3,1,0,1,0,caucasian,26,1,0,0,single
52849.0,4,-2.17,4,1,0,1,1,african-american,26,2,0,1,single
53223.0,7,-2.01,4,1,0,1,0,caucasian,26,3,0,0,single
53792.0,5,-2.44,6,0,0,0,0,caucasian,26,5,0,1,significant other
62006.0,4,-2.32,3,0,0,0,0,caucasian,26,0,0,0,single
52701.0,5,-2.29,3,0,0,0,0,hispanic,26,1,0,1,single
54774.0,5,-1.99,4,1,1,1,0,caucasian,26,2,0,0,single
54311.0,4,-2.17,4,0,0,0,0,caucasian,26,0,0,0,single
19078.0,6,-1.27,7,0,0,0,0,african-american,26,1,0,0,single
57069.0,6,-1.88,5,0,0,0,1,caucasian,26,1,0,1,significant other
58239.0,1,-2.67,2,1,0,1,0,other,26,0,0,0,single
61986.0,4,-2.59,2,0,0,0,0,other,26,0,0,1,single
27487.0,10,-1.39,7,1,1,1,0,african-american,26,24,1,0,single
3037.0,10,-0.92,9,1,0,0,0,african-american,26,3,0,1,single
57619.0,5,-1.97,5,0,0,0,0,african-american,26,2,0,1,single
61156.0,1,-2.6,2,0,0,0,0,hispanic,26,2,1,1,single
4164.0,7,-2.28,3,1,0,1,0,caucasian,26,4,0,0,single
18532.0,10,-1.37,7,1,0,1,0,african-american,26,18,2,0,single
58326.0,2,-2.45,3,1,0,1,0,caucasian,26,2,0,0,single
33422.0,7,-1.45,7,1,1,1,0,african-american,26,9,0,0,single
19384.0,7,-1.82,5,1,0,1,1,african-american,26,5,0,0,single
41847.0,9,-0.85,9,1,0,1,0,hispanic,26,5,0,0,single
59888.0,4,-2.23,4,0,0,0,1,african-american,26,0,0,0,single
60595.0,3,-2.61,2,1,0,1,0,african-american,26,4,0,0,single
7845.0,10,-0.71,9,1,0,1,0,african-american,26,7,0,0,single
2300.0,4,-2.06,4,0,0,0,0,african-american,26,2,0,0,single
42676.0,7,-1.61,6,1,1,1,0,african-american,26,6,0,0,single
53502.0,2,-2.41,3,0,0,0,0,african-american,26,2,0,0,single
56659.0,2,-2.39,3,0,0,0,0,african-american,26,0,0,1,single
56812.0,2,-2.31,3,0,0,0,0,other,26,3,0,0,significant other
56795.0,4,-2.17,4,0,0,0,0,african-american,26,0,0,0,single
42846.0,9,-1.66,6,1,0,1,0,african-american,26,8,0,0,single
52029.0,5,-1.62,6,0,0,0,0,caucasian,26,2,0,0,single
61378.0,5,-2.58,2,0,0,0,0,african-american,26,0,2,0,single
7805.0,10,-1.08,8,1,0,1,0,african-american,26,7,0,0,single
54274.0,8,-1.12,8,1,0,1,0,african-american,26,2,0,0,single
57762.0,3,-2.61,2,0,0,0,1,african-american,26,1,0,0,single
54336.0,5,-2.29,3,0,0,0,0,caucasian,26,2,0,0,single
52743.0,6,-1.65,6,0,0,0,0,hispanic,26,4,0,0,significant other
57012.0,2,-2.54,3,0,0,0,0,caucasian,26,3,0,1,single
53154.0,6,-1.33,7,1,0,1,0,african-american,26,1,0,0,single
53134.0,9,-1.15,8,0,0,0,0,african-american,26,1,0,0,single
57443.0,4,-2.26,3,1,0,1,0,african-american,26,0,0,0,single
57943.0,10,-0.45,10,1,0,1,0,african-american,26,6,1,1,single
52755.0,3,-2.35,3,1,0,1,0,african-american,26,1,0,1,single
53465.0,2,-2.37,3,0,0,0,0,hispanic,26,0,0,0,single
5705.0,7,-1.57,6,1,0,1,0,african-american,26,5,0,0,single
53106.0,8,-1.53,8,0,0,0,0,caucasian,26,6,2,1,single
51551.0,6,-2.1,4,1,0,0,0,african-american,26,3,1,0,single
18290.0,2,-2.4,3,1,1,1,0,african-american,26,2,0,0,single
47062.0,6,-2.08,4,1,0,1,0,african-american,26,3,0,0,single
55751.0,4,-2.23,4,0,0,0,0,caucasian,26,2,0,0,single
53882.0,4,-2.29,3,0,0,0,0,african-american,26,3,0,0,single
56341.0,10,-0.43,10,1,0,1,0,african-american,26,1,0,0,single
42066.0,7,-1.47,7,1,0,1,0,african-american,26,4,0,0,single
45429.0,4,-1.84,5,0,0,0,0,african-american,26,5,0,0,single
57233.0,6,-2.19,4,1,0,1,1,african-american,26,1,0,0,single
15576.0,10,-0.59,10,1,0,1,0,african-american,26,3,0,0,single
57087.0,1,-2.67,2,0,0,0,0,african-american,26,1,0,1,single
48079.0,10,-2.0,4,1,0,1,0,african-american,26,6,0,1,single
51954.0,6,-2.2,4,1,0,1,1,caucasian,26,2,0,0,single
51089.0,5,-1.76,5,1,0,1,0,african-american,26,1,0,0,single
54302.0,3,-2.3,3,1,0,1,0,african-american,26,0,0,0,single
51084.0,2,-2.52,3,0,0,0,0,african-american,26,0,0,0,single
56620.0,5,-1.73,6,1,1,1,0,african-american,26,2,0,0,single
60195.0,4,-1.78,5,0,0,0,1,african-american,26,1,0,1,single
38968.0,5,-2.02,4,0,0,0,0,african-american,26,6,1,1,single
56189.0,9,-1.44,7,1,0,1,0,african-american,26,6,0,0,significant other
54627.0,2,-2.41,3,0,0,0,0,african-american,26,0,0,1,single
53342.0,7,-2.12,4,1,0,0,0,african-american,26,3,0,0,single
52320.0,3,-2.45,3,1,0,1,1,caucasian,26,4,0,0,single
55617.0,4,-2.16,4,0,0,0,0,african-american,26,2,0,1,single
56745.0,9,-0.45,10,0,0,0,0,african-american,26,0,0,0,single
22577.0,6,-1.63,6,0,0,0,0,african-american,26,6,0,0,single
65542.0,4,-2.4,3,0,0,0,1,hispanic,26,1,0,1,single
51665.0,2,-2.32,3,0,0,0,0,hispanic,26,1,0,0,single
34398.0,8,-2.06,4,1,0,1,0,african-american,26,13,2,0,single
54489.0,5,-2.11,4,0,0,0,0,african-american,26,5,1,1,single
53173.0,6,-1.73,6,0,0,0,0,african-american,26,7,0,0,single
60173.0,7,-1.78,5,1,0,1,0,hispanic,26,9,1,0,single
56784.0,4,-2.48,3,1,0,1,0,african-american,26,2,0,0,single
56767.0,6,-2.21,4,0,0,0,0,hispanic,26,0,0,0,significant other
53964.0,2,-2.32,3,0,0,0,0,african-american,26,2,0,1,single
51686.0,3,-2.09,4,0,0,0,0,african-american,26,2,0,0,single
54677.0,5,-2.18,4,1,0,1,0,other,26,0,0,0,single
54526.0,9,-1.4,7,0,0,0,1,caucasian,26,1,0,0,single
57528.0,4,-2.39,3,1,1,1,0,caucasian,26,4,0,0,significant other
52467.0,6,-1.89,5,1,0,1,0,african-american,26,3,1,1,single
27573.0,8,-1.24,8,0,0,0,0,african-american,26,6,0,1,single
54122.0,6,-1.55,6,1,0,1,0,caucasian,26,0,0,1,single
53040.0,3,-2.09,4,1,0,0,0,african-american,26,1,0,1,single
51504.0,3,-2.37,3,0,0,0,0,caucasian,26,1,0,0,single
53395.0,8,-0.76,9,1,0,1,0,african-american,26,5,0,0,single
51679.0,3,-1.93,5,1,1,1,0,other,26,2,0,0,single
4750.0,4,-1.49,7,0,0,0,0,other,26,1,0,1,single
55810.0,5,-1.87,5,0,0,0,0,caucasian,26,1,0,0,single
54027.0,10,-1.14,8,1,0,1,0,african-american,26,2,0,0,single
60206.0,8,-0.96,9,0,0,0,1,african-american,26,1,0,0,single
61504.0,6,-2.16,4,1,0,1,0,african-american,26,10,0,1,single
45420.0,5,-2.13,4,1,1,1,0,african-american,25,4,0,0,single
51642.0,7,-2.1,4,0,0,0,1,caucasian,25,5,0,0,single
61182.0,5,-1.82,5,1,0,1,0,caucasian,25,2,0,0,single
19580.0,8,-1.42,7,1,0,1,0,african-american,25,11,0,1,single
54975.0,4,-2.17,4,0,0,0,1,caucasian,25,0,0,1,single
52027.0,2,-2.52,3,1,0,1,0,african-american,25,1,0,0,single
56255.0,3,-2.21,4,0,0,0,0,african-american,25,1,0,0,single
34115.0,9,-0.18,10,1,0,1,1,african-american,25,7,0,0,single
51061.0,10,-1.23,8,1,0,1,0,caucasian,25,7,0,0,single
52437.0,4,-2.05,4,0,0,0,0,caucasian,25,2,0,0,single
61900.0,2,-2.47,3,1,0,1,0,african-american,25,2,0,1,single
27249.0,9,-1.42,7,1,0,1,0,african-american,25,11,0,1,single
1186.0,5,-2.17,4,1,0,1,0,african-american,25,4,1,0,single
21308.0,6,-2.25,3,0,0,0,0,caucasian,25,4,0,0,single
56658.0,7,-1.86,5,0,0,0,1,african-american,25,0,0,0,single
56290.0,6,-1.89,5,1,0,1,1,hispanic,25,4,0,0,single
59373.0,3,-2.19,4,0,0,0,0,african-american,25,0,0,0,single
57334.0,2,-2.21,4,0,0,0,0,african-american,25,0,0,1,single
34002.0,9,-1.17,8,1,0,1,0,african-american,25,9,0,0,single
59293.0,4,-2.01,4,0,0,0,0,african-american,25,0,0,0,single
56005.0,4,-2.13,4,1,0,1,1,caucasian,25,1,0,1,single
61732.0,3,-2.19,4,0,0,0,0,african-american,25,0,0,0,single
56130.0,3,-2.21,4,0,0,0,1,african-american,25,1,0,0,single
33404.0,5,-2.32,3,0,0,0,0,caucasian,25,2,0,0,single
57056.0,3,-2.09,4,1,0,1,0,african-american,25,0,0,1,single
54602.0,4,-2.34,3,1,0,1,0,african-american,25,0,0,0,single
56182.0,9,-1.39,7,1,0,1,0,caucasian,25,3,0,1,single
59492.0,7,-2.31,3,0,0,0,1,african-american,25,5,0,0,single
51119.0,6,-2.25,4,0,0,0,1,hispanic,25,14,3,0,single
46634.0,8,-2.32,3,1,0,1,0,african-american,25,4,0,0,single
53924.0,8,-1.35,7,1,1,0,0,caucasian,25,5,4,1,single
53125.0,6,-1.77,5,0,0,0,0,african-american,25,1,0,1,single
53920.0,3,-2.17,4,0,0,0,0,caucasian,25,0,0,1,single
57270.0,2,-2.49,3,0,0,0,1,african-american,25,0,0,1,single
60623.0,4,-2.55,3,1,0,1,0,caucasian,25,2,0,0,single
62329.0,10,-0.77,9,1,1,1,0,caucasian,25,9,0,1,single
55119.0,3,-2.32,3,0,0,0,1,african-american,25,0,0,1,single
58267.0,5,-1.48,7,1,0,1,0,caucasian,25,2,0,1,single
53380.0,2,-2.4,3,0,0,0,0,caucasian,25,0,0,0,single
59491.0,3,-1.98,4,0,0,0,0,caucasian,25,0,0,0,single
54468.0,9,-1.06,8,1,1,1,0,other,25,0,0,0,single
51611.0,6,-1.56,6,0,0,0,0,african-american,25,1,0,0,single
62426.0,9,-1.52,6,0,0,0,0,caucasian,25,0,0,1,single
60128.0,9,-1.92,5,0,0,0,1,african-american,25,1,0,1,single
50897.0,3,-2.15,4,0,0,0,0,african-american,25,1,0,0,single
60445.0,3,-2.31,3,0,0,0,1,caucasian,25,0,0,1,single
62197.0,2,-2.39,3,1,1,1,0,african-american,25,0,0,0,single
55126.0,2,-2.4,3,0,0,0,0,caucasian,25,0,0,1,single
58584.0,7,-1.47,7,0,0,0,0,african-american,25,5,0,0,single
59736.0,3,-2.37,3,0,0,0,1,caucasian,25,0,0,1,single
11417.0,10,-0.84,9,0,0,0,0,african-american,25,3,0,0,single
56630.0,3,-2.42,3,0,0,0,0,caucasian,25,1,0,0,single
55574.0,9,-0.77,9,1,1,1,0,african-american,25,9,3,0,single
53028.0,3,-2.08,4,0,0,0,0,african-american,25,0,0,0,single
8157.0,9,-0.94,9,1,0,1,0,african-american,25,7,0,0,single
51521.0,7,-1.78,5,0,0,0,0,caucasian,25,0,0,1,single
54105.0,5,-2.16,4,0,0,0,0,african-american,25,0,0,0,single
58675.0,4,-2.2,4,0,0,0,0,hispanic,25,4,0,0,single
6225.0,6,-1.93,5,1,0,0,0,african-american,25,6,0,0,single
3579.0,10,-0.9,9,0,0,0,1,african-american,25,5,0,1,single
30211.0,8,-1.26,7,0,0,0,0,hispanic,25,5,4,0,single
50923.0,4,-1.8,5,1,1,1,0,african-american,25,1,0,0,single
57682.0,3,-1.97,5,0,0,0,0,caucasian,25,1,0,0,single
13274.0,8,-1.12,8,1,0,1,0,african-american,25,1,0,0,single
10413.0,4,-2.31,3,0,0,0,0,african-american,25,1,0,1,single
56526.0,7,-1.95,5,0,0,0,0,african-american,25,6,1,1,single
56799.0,7,-1.97,5,1,1,1,0,caucasian,25,6,0,1,single
7564.0,4,-2.32,3,1,0,1,0,caucasian,25,13,5,0,single
869.0,2,-2.37,3,0,0,0,0,other,25,2,0,0,single
59586.0,2,-2.25,3,0,0,0,0,hispanic,25,1,0,0,single
56247.0,9,-1.27,7,0,0,0,0,caucasian,25,4,0,0,single
61884.0,2,-2.55,3,0,0,0,0,african-american,25,1,0,0,single
52053.0,5,-1.95,5,1,1,1,0,african-american,25,2,0,0,single
59051.0,4,-2.33,3,0,0,0,1,caucasian,25,0,0,1,single
54119.0,5,-2.14,4,0,0,0,0,caucasian,25,0,0,0,single
58869.0,10,-0.72,9,1,0,1,0,african-american,25,3,1,1,single
60721.0,10,-1.21,8,0,0,0,1,african-american,25,3,0,1,single
62090.0,4,-2.16,4,0,0,0,1,african-american,25,2,0,1,significant other
54310.0,2,-2.29,3,1,1,1,0,african-american,25,1,0,1,single
5748.0,2,-2.3,3,1,0,1,0,other,25,2,0,1,single
51918.0,5,-2.28,3,0,0,0,0,african-american,25,0,0,0,single
53099.0,6,-1.55,6,0,0,0,0,caucasian,25,2,0,1,single
52896.0,7,-1.7,6,0,0,0,0,african-american,25,3,1,0,single
20792.0,9,-1.39,7,1,0,1,0,caucasian,25,5,0,0,single
59809.0,9,-1.43,7,1,1,1,1,caucasian,25,2,0,0,single
53750.0,4,-2.32,3,0,0,0,1,hispanic,25,0,0,0,single
57465.0,10,-1.37,7,1,0,1,0,african-american,25,14,8,0,single
53218.0,3,-2.42,3,0,0,0,0,other,25,1,0,0,single
32442.0,9,-1.46,7,0,0,0,0,african-american,25,4,1,1,single
59804.0,6,-1.77,5,0,0,0,1,african-american,25,2,0,0,single
59194.0,4,-2.08,4,0,0,0,0,african-american,25,2,0,0,single
43099.0,6,-1.78,5,1,0,1,0,african-american,25,3,0,1,single
52569.0,4,-1.96,5,1,0,1,0,african-american,25,1,0,0,single
56985.0,3,-2.03,4,0,0,0,1,african-american,25,1,0,0,single
51966.0,6,-2.29,3,0,0,0,0,african-american,25,3,2,1,single
38460.0,4,-1.57,6,0,0,0,0,caucasian,25,1,1,0,single
60941.0,4,-2.01,4,0,0,0,0,african-american,25,0,0,1,single
7683.0,6,-1.31,7,1,0,0,0,caucasian,25,2,0,0,single
25072.0,5,-1.44,7,0,0,0,0,african-american,25,5,0,0,single
29099.0,9,-0.81,9,1,0,1,0,african-american,25,21,14,0,single
54704.0,2,-2.24,3,0,0,0,0,caucasian,25,0,0,0,single
54849.0,3,-2.36,3,1,0,1,0,caucasian,25,1,0,1,single
62356.0,2,-2.51,3,0,0,0,0,african-american,25,1,0,0,single
8156.0,8,-2.03,4,1,0,1,0,african-american,25,3,2,1,single
21491.0,10,-1.91,5,1,1,1,0,caucasian,25,5,0,0,single
53724.0,2,-2.4,3,0,0,0,0,african-american,25,1,0,0,single
46588.0,8,-1.8,5,1,0,1,0,african-american,25,8,4,1,single
2305.0,9,-0.91,9,0,0,0,0,african-american,25,5,0,1,single
59500.0,3,-2.11,4,1,0,1,0,african-american,25,3,0,0,single
60807.0,6,-1.91,5,1,0,1,0,african-american,25,8,0,0,other
53478.0,3,-2.34,3,0,0,0,0,african-american,25,1,0,1,single
46713.0,6,-1.91,5,1,0,1,0,african-american,25,4,0,0,single
50891.0,5,-2.24,3,0,0,0,0,african-american,25,2,0,0,single
59478.0,7,-1.77,5,0,0,0,0,hispanic,25,0,0,0,single
51353.0,7,-1.52,6,1,0,1,1,african-american,25,6,0,0,single
5754.0,9,-1.08,8,0,0,0,0,african-american,25,2,1,0,single
58702.0,7,-2.17,4,1,0,1,1,african-american,25,4,0,0,single
50996.0,5,-2.33,3,0,0,0,0,other,25,1,0,0,single
57028.0,3,-2.12,4,0,0,0,0,african-american,25,0,0,0,single
55143.0,9,-1.35,7,1,0,0,0,african-american,25,2,1,0,single
52946.0,3,-2.24,3,0,0,0,0,hispanic,25,1,0,0,significant other
7574.0,8,-0.79,9,0,0,0,0,african-american,25,7,1,0,single
54701.0,2,-2.6,2,0,0,0,1,african-american,25,0,1,1,significant other
57945.0,3,-1.59,6,0,0,0,0,hispanic,25,0,0,0,single
56381.0,4,-1.69,6,1,1,1,0,other,25,1,0,1,single
60795.0,2,-2.49,3,0,0,0,1,other,25,0,0,0,single
51680.0,5,-2.25,3,0,0,0,0,caucasian,25,2,0,0,single
56876.0,7,-2.13,4,1,1,1,0,african-american,25,6,0,0,single
51893.0,6,-1.87,5,1,0,1,0,african-american,25,1,0,0,single
52905.0,5,-2.25,3,1,1,1,0,hispanic,25,2,0,0,significant other
57339.0,2,-2.28,3,1,0,1,0,african-american,25,1,0,1,single
60533.0,4,-2.35,3,0,0,0,1,caucasian,25,0,0,0,single
30176.0,8,-1.75,5,1,0,1,0,other,25,3,0,0,single
7481.0,9,-1.14,8,1,1,1,0,caucasian,25,5,1,1,separated
58386.0,7,-1.96,5,1,0,1,0,african-american,25,6,2,1,single
52654.0,5,-1.93,5,0,0,0,0,african-american,25,0,0,0,single
51180.0,8,-1.42,7,1,0,1,1,african-american,25,2,0,0,single
57413.0,8,-1.64,6,0,0,0,0,african-american,25,0,0,0,single
52054.0,5,-1.64,6,0,0,0,0,caucasian,25,2,0,0,single
12180.0,9,-0.74,9,1,0,1,0,caucasian,25,9,1,0,single
57015.0,2,-2.4,3,0,0,0,0,african-american,25,1,0,0,single
51381.0,9,-1.73,6,1,1,0,0,other,25,7,0,0,single
52254.0,3,-1.97,5,0,0,0,0,african-american,25,0,0,1,single
51809.0,2,-2.29,3,0,0,0,0,caucasian,25,0,0,1,significant other
58152.0,3,-2.56,2,0,0,0,0,caucasian,25,1,0,0,single
61808.0,5,-2.25,3,1,0,1,0,african-american,25,0,0,1,single
59448.0,2,-2.49,3,0,0,0,0,african-american,25,1,0,0,single
52103.0,7,-1.81,5,0,0,0,0,african-american,25,0,0,0,single
54141.0,6,-2.35,3,0,0,0,1,african-american,25,1,0,1,single
54308.0,3,-2.2,4,1,0,1,0,african-american,25,0,0,1,single
30618.0,4,-1.98,4,0,0,0,0,african-american,25,2,0,0,single
59935.0,3,-2.09,4,1,0,1,0,african-american,25,0,0,1,single
54276.0,3,-1.97,5,0,0,0,0,african-american,25,0,0,1,single
61482.0,8,-1.31,7,1,0,1,0,african-american,25,7,0,0,single
61097.0,1,-2.57,2,1,0,1,0,african-american,25,0,0,1,single
66131.0,7,-2.5,3,1,1,1,1,african-american,25,4,0,1,single
57186.0,8,-1.57,6,1,1,1,0,african-american,25,5,0,1,significant other
52950.0,4,-2.13,4,1,0,1,1,caucasian,25,0,0,0,single
15644.0,10,-0.35,10,1,0,0,0,african-american,25,7,0,0,single
27121.0,3,-1.76,5,1,1,1,0,hispanic,25,2,0,1,single
54759.0,2,-2.24,3,0,0,0,0,african-american,25,0,2,1,single
50045.0,7,-1.41,7,1,0,1,1,african-american,25,5,0,1,single
39729.0,10,-0.4,10,1,1,1,0,african-american,25,8,0,1,single
59967.0,5,-2.25,3,0,0,0,0,caucasian,25,1,0,0,single
51056.0,4,-2.01,4,0,0,0,0,caucasian,25,4,0,0,single
36630.0,8,-1.48,7,1,0,1,0,african-american,25,5,0,0,single
57574.0,8,-1.84,5,1,0,1,0,caucasian,25,6,0,0,single
31396.0,8,-1.14,8,1,0,1,1,african-american,25,2,0,0,single
45869.0,10,-0.94,9,0,0,0,0,african-american,25,8,5,0,single
61721.0,5,-2.41,3,0,0,0,0,caucasian,25,1,0,0,single
2160.0,9,-0.63,9,1,0,1,0,african-american,25,5,1,0,single
62270.0,2,-2.41,3,0,0,0,0,african-american,25,0,0,0,single
59864.0,4,-2.34,3,0,0,0,0,other,25,0,0,0,single
10247.0,9,-1.7,6,1,0,1,0,african-american,25,10,1,0,single
52496.0,4,-2.3,3,1,0,1,0,african-american,25,2,0,0,significant other
39783.0,3,-2.08,4,0,0,0,0,caucasian,25,1,0,1,single
59924.0,2,-2.25,3,0,0,0,0,caucasian,25,0,0,1,single
52250.0,5,-1.68,6,0,0,0,0,african-american,25,2,0,0,single
16722.0,9,-1.35,7,1,0,1,0,african-american,25,10,0,0,single
51985.0,6,-1.44,7,1,0,1,0,african-american,25,0,0,1,single
57783.0,5,-1.54,6,0,0,0,1,african-american,25,1,0,0,single
56139.0,5,-2.2,4,0,0,0,1,african-american,25,0,0,1,significant other
8772.0,10,-0.53,10,1,1,1,0,african-american,25,7,1,0,single
52102.0,7,-2.28,3,1,0,1,0,african-american,25,2,1,0,single
9014.0,8,-1.58,6,0,0,0,0,african-american,25,5,0,0,single
58561.0,5,-1.56,6,0,0,0,0,african-american,25,1,0,0,single
56387.0,2,-2.36,3,0,0,0,0,other,25,0,0,0,significant other
33391.0,6,-1.98,4,0,0,0,0,african-american,25,2,0,0,single
51977.0,5,-2.13,4,0,0,0,1,african-american,25,4,0,0,significant other
39888.0,7,-1.2,8,1,0,1,0,hispanic,25,6,0,1,single
58279.0,4,-1.74,5,0,0,0,0,african-american,25,1,0,0,single
50212.0,7,-2.15,4,0,0,0,0,african-american,25,9,1,0,single
42327.0,8,-1.18,8,1,0,0,0,african-american,25,1,1,1,single
59869.0,5,-2.47,3,1,0,1,1,caucasian,25,2,0,0,single
58441.0,5,-2.3,3,0,0,0,1,caucasian,25,0,0,0,single
26662.0,7,-1.45,7,1,0,1,0,african-american,25,7,0,0,single
8293.0,6,-2.04,4,0,0,0,0,african-american,25,7,0,0,single
52077.0,2,-2.37,3,1,1,1,0,hispanic,25,0,0,0,single
52356.0,7,-2.29,3,1,0,1,0,caucasian,25,3,0,0,single
14073.0,9,-0.69,9,1,0,1,0,african-american,25,5,3,0,significant other
53127.0,10,-1.24,8,1,0,1,0,african-american,25,5,1,0,single
56232.0,6,-2.01,4,1,0,1,0,african-american,25,3,0,0,single
52597.0,10,-1.05,8,0,0,0,0,african-american,25,8,2,0,separated
56138.0,10,-1.29,7,1,0,1,0,african-american,25,4,2,0,single
49551.0,10,-1.2,8,0,0,0,1,caucasian,25,2,0,0,single
52527.0,5,-1.9,5,1,1,1,1,african-american,25,0,0,0,single
51792.0,5,-1.94,5,1,0,1,0,african-american,25,7,2,1,single
57884.0,3,-2.51,3,0,0,0,0,hispanic,25,1,1,0,single
60010.0,2,-2.21,4,1,0,1,0,caucasian,25,0,0,1,single
40919.0,6,-1.47,7,0,0,0,0,african-american,25,6,4,1,single
50906.0,3,-2.01,4,0,0,0,0,african-american,25,1,0,0,single
68358.0,9,-2.04,5,1,0,1,0,african-american,25,3,0,1,single
57877.0,5,-2.28,3,0,0,0,0,caucasian,25,0,0,0,single
55136.0,6,-1.88,5,0,0,0,0,african-american,25,0,0,1,single
53172.0,2,-2.17,4,1,1,1,0,other,25,0,0,0,single
61646.0,8,-1.54,6,0,0,0,0,african-american,25,2,0,0,single
61103.0,4,-1.79,5,1,0,1,1,african-american,25,0,0,1,single
36720.0,4,-1.95,5,1,0,1,0,african-american,25,2,0,1,single
25291.0,7,-2.1,4,0,0,0,0,african-american,25,9,1,0,single
59882.0,1,-2.56,2,0,0,0,0,other,25,0,0,1,single
61580.0,3,-2.4,3,0,0,0,0,caucasian,25,3,0,0,single
35758.0,6,-2.28,3,0,0,0,0,caucasian,25,1,0,0,single
54316.0,3,-1.72,6,0,0,0,0,african-american,25,1,0,0,single
6719.0,5,-1.17,8,0,0,0,0,african-american,25,4,0,1,single
58065.0,6,-2.1,4,0,0,0,0,caucasian,25,0,0,0,single
59906.0,4,-1.83,5,0,0,0,1,caucasian,25,2,0,0,single
52975.0,9,-1.35,7,1,1,1,0,african-american,25,15,4,0,single
15195.0,9,-0.85,9,0,0,0,0,caucasian,25,9,3,0,single
54925.0,7,-2.17,4,0,0,0,1,caucasian,25,6,0,0,single
51712.0,5,-2.06,4,1,0,1,1,caucasian,25,1,0,1,single
44153.0,6,-1.96,5,1,1,0,0,african-american,25,2,0,1,single
55640.0,3,-2.09,4,1,0,1,0,african-american,25,1,0,0,single
54928.0,9,-1.0,8,1,1,1,0,african-american,25,11,1,0,single
51110.0,4,-2.2,4,1,0,1,1,caucasian,25,2,0,1,single
51958.0,8,-2.0,4,0,0,0,0,caucasian,25,2,0,1,single
55962.0,3,-2.08,4,1,0,1,0,hispanic,25,1,0,0,single
29986.0,10,-0.25,10,1,1,1,0,african-american,25,14,8,0,single
60998.0,2,-2.49,3,0,0,0,0,caucasian,25,0,0,1,single
55027.0,3,-2.32,3,0,0,0,0,african-american,25,3,0,0,single
60009.0,5,-2.31,3,1,0,1,0,caucasian,25,0,0,1,single
41486.0,4,-1.87,5,1,0,1,0,caucasian,25,5,0,0,single
54924.0,2,-2.13,4,0,0,0,0,hispanic,25,0,0,1,separated
51105.0,6,-1.56,6,0,0,0,0,african-american,25,1,0,0,single
60018.0,8,-1.26,7,1,0,1,0,african-american,25,8,2,0,single
52499.0,3,-2.29,3,0,0,0,1,african-american,25,1,0,0,single
54923.0,10,-0.68,9,1,0,1,0,caucasian,25,4,0,0,single
56791.0,6,-1.76,5,0,0,0,0,caucasian,25,2,0,0,single
41454.0,6,-1.55,6,0,0,0,0,other,25,2,0,1,single
54337.0,3,-2.25,3,0,0,0,1,hispanic,25,0,0,1,single
10580.0,5,-1.91,5,1,0,1,0,african-american,25,3,0,0,single
51221.0,2,-2.36,3,0,0,0,0,other,25,1,0,0,single
56340.0,4,-2.09,4,0,0,0,1,caucasian,25,0,0,1,significant other
59460.0,2,-2.14,4,0,0,0,0,african-american,25,0,0,1,single
19347.0,10,-1.44,7,0,0,0,0,caucasian,25,4,2,1,single
55882.0,2,-2.37,3,1,0,1,0,caucasian,25,1,0,1,single
52277.0,9,-0.87,9,1,0,1,0,hispanic,25,10,5,0,single
59802.0,2,-2.37,3,0,0,0,0,african-american,25,1,0,1,single
61543.0,9,-1.14,8,1,1,1,0,african-american,25,4,1,0,single
61243.0,2,-2.24,3,0,0,0,0,african-american,25,0,0,1,single
52309.0,4,-2.24,3,1,0,1,0,caucasian,25,2,0,1,single
52237.0,5,-2.0,4,1,0,1,0,african-american,25,5,0,0,single
48897.0,9,-0.89,9,0,0,0,0,caucasian,25,1,0,0,single
53220.0,4,-1.92,5,1,0,1,0,african-american,25,0,0,0,single
39363.0,7,-1.88,5,0,0,0,0,african-american,25,5,0,0,single
52636.0,2,-2.4,3,0,0,0,0,african-american,25,0,0,0,single
52033.0,9,-1.12,8,1,1,1,0,african-american,25,0,0,0,significant other
61484.0,2,-2.17,4,0,0,0,0,caucasian,25,0,0,0,significant other
53119.0,3,-2.08,4,0,0,0,0,caucasian,25,0,0,0,single
53482.0,4,-2.01,4,0,0,0,1,african-american,25,1,0,0,single
53788.0,6,-2.07,4,0,0,0,1,caucasian,25,0,0,0,single
59891.0,5,-1.86,5,1,0,1,0,african-american,25,0,0,1,single
8374.0,9,-1.08,8,1,0,1,0,african-american,25,4,0,0,single
56450.0,8,-0.96,9,1,1,1,0,african-american,25,3,2,0,significant other
11339.0,9,-1.12,8,1,0,1,0,african-american,25,11,2,0,single
51797.0,8,-1.6,6,1,0,1,0,african-american,25,0,0,0,single
52043.0,6,-2.16,4,1,1,1,0,hispanic,25,3,0,0,single
54189.0,9,-1.81,5,1,0,1,1,african-american,25,5,0,0,single
57361.0,2,-2.13,4,0,0,0,0,african-american,25,0,0,0,single
60178.0,4,-2.2,4,0,0,0,0,african-american,25,1,0,0,single
53316.0,7,-2.0,4,1,0,1,0,caucasian,25,5,2,1,single
53029.0,3,-2.12,4,1,1,0,0,african-american,25,0,0,1,single
6761.0,9,-1.65,6,1,0,1,0,african-american,25,7,1,1,single
40847.0,4,-2.28,3,0,0,0,0,caucasian,25,6,1,0,single
34054.0,5,-2.18,4,0,0,0,0,caucasian,25,2,1,0,single
59976.0,3,-2.4,3,0,0,0,1,caucasian,25,0,0,1,single
56199.0,4,-2.04,4,1,0,1,0,african-american,25,1,0,0,single
60200.0,3,-2.13,4,0,0,0,0,caucasian,24,0,0,0,single
25778.0,7,-1.75,5,0,0,0,0,african-american,24,2,0,0,single
51214.0,4,-1.86,5,0,0,0,0,caucasian,24,0,0,0,single
58318.0,6,-2.05,4,1,0,1,0,caucasian,24,1,0,0,single
58210.0,2,-2.33,3,1,0,0,0,caucasian,24,1,0,1,single
53895.0,5,-2.0,4,0,0,0,1,african-american,24,0,0,0,significant other
16779.0,6,-1.35,7,0,0,0,1,african-american,24,6,0,1,single
58071.0,2,-2.13,4,1,0,1,0,african-american,24,0,0,0,single
57902.0,4,-2.29,3,0,0,0,1,caucasian,24,2,0,0,single
53078.0,3,-2.28,3,1,0,1,0,african-american,24,1,0,0,single
53804.0,2,-2.28,3,0,0,0,0,caucasian,24,0,0,0,single
57485.0,4,-1.64,6,1,0,1,0,caucasian,24,3,2,0,single
52045.0,5,-1.96,5,1,1,1,0,african-american,24,0,0,1,single
51615.0,8,-1.6,6,0,0,0,0,african-american,24,0,0,0,single
62121.0,3,-2.4,3,1,0,1,1,african-american,24,4,0,0,single
57899.0,7,-1.96,5,0,0,0,1,african-american,24,0,0,0,single
57294.0,2,-2.49,3,1,0,1,0,caucasian,24,1,0,1,significant other
59359.0,4,-1.27,3,1,0,1,0,african-american,24,4,1,0,single
55854.0,3,-2.09,4,0,0,0,0,african-american,24,0,0,0,single
55978.0,3,-2.41,3,0,0,0,1,african-american,24,0,0,0,single
57723.0,7,-1.76,5,1,1,1,1,caucasian,24,1,0,1,single
13268.0,3,-2.14,4,0,0,0,0,caucasian,24,2,0,1,single
20581.0,9,-1.74,5,0,0,0,0,african-american,24,10,3,1,single
54102.0,4,-1.96,5,0,0,0,0,african-american,24,0,0,1,single
61033.0,2,-2.36,3,0,0,0,0,caucasian,24,0,0,0,single
54255.0,8,-2.04,4,0,0,0,0,hispanic,24,8,0,0,single
51029.0,3,-1.96,5,1,0,1,0,african-american,24,1,0,0,significant other
62190.0,3,-2.42,3,0,0,0,0,african-american,24,0,1,0,single
51130.0,3,-1.76,5,0,0,0,0,african-american,24,0,1,0,single
54312.0,10,-1.27,7,0,0,0,0,hispanic,24,0,0,0,single
54114.0,7,-2.06,4,0,0,0,1,african-american,24,0,0,0,single
44428.0,10,-0.88,9,1,0,1,0,african-american,24,2,1,1,single
58857.0,3,-2.05,4,1,0,1,0,african-american,24,3,0,0,single
59634.0,1,-2.56,2,0,0,0,0,caucasian,24,0,0,1,significant other
57388.0,6,-1.84,5,1,0,1,0,african-american,24,3,1,0,single
49929.0,6,-1.72,6,0,0,0,0,african-american,24,1,0,1,significant other
60138.0,2,-2.24,3,1,0,1,0,caucasian,24,0,0,0,single
61992.0,7,-2.09,4,1,0,1,0,african-american,24,2,0,0,single
53775.0,3,-1.96,5,0,0,0,0,other,24,0,0,0,single
52873.0,3,-2.32,3,0,0,0,1,hispanic,24,1,0,1,single
53697.0,4,-2.2,4,1,0,1,0,caucasian,24,3,2,0,single
55200.0,5,-2.21,4,1,0,1,0,caucasian,24,3,0,0,single
50888.0,2,-2.32,3,0,0,0,0,african-american,24,0,0,0,single
51772.0,5,-1.96,5,1,0,0,0,african-american,24,1,0,0,single
48595.0,10,-0.96,9,1,0,1,1,african-american,24,3,0,0,single
60030.0,3,-2.2,4,0,0,0,0,african-american,24,0,0,0,single
42967.0,7,-1.16,8,1,0,1,1,african-american,24,2,0,1,single
61724.0,4,-1.93,5,0,0,0,0,caucasian,24,3,3,1,significant other
59624.0,2,-2.41,3,0,0,0,0,african-american,24,0,0,0,single
51848.0,4,-2.1,4,0,0,0,0,african-american,24,1,0,1,single
13400.0,4,-2.08,4,1,0,1,0,african-american,24,4,0,0,single
60608.0,2,-2.24,3,0,0,0,0,african-american,24,0,0,1,single
60336.0,7,-1.49,7,0,0,0,0,african-american,24,1,0,0,single
61545.0,3,-2.12,4,0,0,0,0,other,24,0,0,1,single
60391.0,2,-2.24,3,1,1,1,0,african-american,24,1,0,0,single
41419.0,9,-0.47,10,1,1,1,0,african-american,24,8,2,0,single
8641.0,9,-1.45,7,0,0,0,0,african-american,24,7,2,1,single
19512.0,8,-1.46,7,1,0,1,0,african-american,24,7,2,1,single
57507.0,6,-1.8,5,0,0,0,0,caucasian,24,2,0,0,single
55454.0,9,-1.04,8,1,0,1,1,african-american,24,11,1,1,single
40689.0,10,-0.98,9,1,1,1,0,african-american,24,10,6,0,single
58961.0,5,-1.77,5,1,1,1,0,african-american,24,0,0,1,single
51099.0,3,-2.19,4,1,1,1,0,african-american,24,2,0,1,single
57471.0,7,-1.68,6,0,0,0,0,african-american,24,3,0,0,significant other
57539.0,2,-2.04,4,1,1,1,0,african-american,24,1,0,1,significant other
59356.0,6,-2.05,4,0,0,0,0,caucasian,24,1,0,0,single
52620.0,8,-1.76,5,1,0,1,0,caucasian,24,1,0,0,single
9274.0,10,-0.83,9,1,0,1,0,hispanic,24,6,1,0,single
53456.0,4,-1.96,5,1,0,1,0,caucasian,24,0,0,1,single
59384.0,4,-2.32,3,0,0,0,0,african-american,24,2,0,0,significant other
50862.0,2,-2.28,3,0,0,0,0,caucasian,24,0,0,0,single
33818.0,10,-1.2,8,1,1,1,0,caucasian,24,9,1,1,single
27194.0,10,-0.43,10,1,1,1,0,other,24,9,1,0,single
56960.0,4,-2.13,4,0,0,0,1,hispanic,24,0,0,1,significant other
62376.0,4,-2.07,4,1,0,1,0,african-american,24,2,0,1,single
57985.0,10,-0.86,9,1,1,1,0,african-american,24,4,0,0,single
60118.0,2,-2.13,4,0,0,0,0,african-american,24,1,1,0,single
55924.0,8,-1.43,7,1,0,1,1,caucasian,24,7,1,1,single
55815.0,4,-2.02,4,0,0,0,0,african-american,24,1,0,0,single
17505.0,10,-0.68,9,1,1,1,0,african-american,24,15,6,0,single
61942.0,4,-2.2,4,0,0,0,1,other,24,0,0,0,single
57473.0,5,-1.93,5,0,0,0,1,caucasian,24,0,1,0,single
59738.0,4,-1.89,5,0,0,0,0,caucasian,24,0,0,0,single
54927.0,5,-1.96,5,0,0,0,1,caucasian,24,0,0,1,single
53404.0,9,-1.51,6,1,0,1,0,african-american,24,0,0,1,single
23508.0,8,-1.64,6,1,0,1,0,african-american,24,3,1,0,single
51412.0,4,-2.04,4,0,0,0,0,hispanic,24,1,0,0,single
56362.0,5,-2.06,4,1,1,1,1,african-american,24,1,0,1,single
60817.0,3,-1.97,5,0,0,0,0,hispanic,24,0,0,1,single
59828.0,4,-2.21,4,0,0,0,0,caucasian,24,1,1,0,single
59677.0,5,-2.06,4,0,0,0,1,caucasian,24,0,0,0,single
56738.0,5,-2.04,4,1,0,1,1,african-american,24,2,0,0,single
56409.0,4,-1.66,6,1,0,1,0,caucasian,24,1,0,1,significant other
53922.0,4,-2.04,4,0,0,0,1,african-american,24,2,0,0,single
54579.0,2,-2.4,3,0,0,0,0,caucasian,24,0,0,1,single
62196.0,6,-2.03,4,0,0,0,0,other,24,0,0,0,single
51729.0,4,-2.03,4,1,0,1,0,african-american,24,1,0,0,single
53719.0,9,-0.83,9,1,0,0,0,caucasian,24,8,0,0,single
54628.0,5,-2.1,4,0,0,0,0,caucasian,24,3,2,0,single
60813.0,3,-2.29,3,0,0,0,1,caucasian,24,0,0,1,single
42501.0,3,-1.9,5,0,0,0,0,african-american,24,1,0,1,single
51409.0,10,-1.63,6,0,0,0,0,african-american,24,0,0,0,single
57973.0,8,-1.83,5,0,0,0,1,caucasian,24,0,0,0,single
48274.0,9,-0.83,9,1,0,1,0,african-american,24,1,0,1,single
39898.0,6,-1.82,5,0,0,0,0,other,24,5,0,0,single
62062.0,4,-2.24,3,1,1,1,1,african-american,24,0,0,0,single
55064.0,3,-2.17,4,1,0,1,0,african-american,24,0,0,0,single
59683.0,3,-2.13,4,1,1,1,0,caucasian,24,1,0,0,significant other
61993.0,2,-2.33,3,0,0,0,0,african-american,24,0,0,1,single
60479.0,2,-2.45,3,0,0,0,1,african-american,24,0,0,1,single
51128.0,7,-1.98,4,0,0,0,0,caucasian,24,0,0,1,single
42166.0,3,-2.1,4,1,0,1,0,other,24,3,0,0,single
52679.0,5,-2.03,4,0,0,0,0,caucasian,24,0,0,0,significant other
51189.0,6,-1.9,5,1,0,1,0,african-american,24,2,0,1,single
59626.0,6,-1.3,7,1,0,1,0,african-american,24,1,2,0,single
54430.0,3,-2.0,4,1,0,1,0,african-american,24,2,1,0,single
12087.0,10,-1.23,8,1,1,1,0,hispanic,24,11,0,0,single
60362.0,3,-2.37,3,0,0,0,0,caucasian,24,1,0,0,single
18294.0,6,-1.69,6,1,0,1,0,african-american,24,6,0,0,single
57989.0,6,-1.93,5,1,1,1,1,african-american,24,1,0,0,single
57906.0,5,-1.89,5,0,0,0,0,african-american,24,0,0,1,single
47650.0,6,-1.67,6,1,0,1,0,african-american,24,3,0,0,single
62357.0,5,-2.21,4,1,0,1,0,african-american,24,5,1,0,single
62194.0,2,-2.36,3,0,0,0,0,hispanic,24,0,0,1,single
54493.0,9,-0.69,7,1,1,1,0,african-american,24,9,2,1,single
53312.0,3,-2.12,4,0,0,0,0,hispanic,24,2,0,0,single
57193.0,2,-2.13,4,0,0,0,0,caucasian,24,2,0,0,single
50308.0,5,-1.7,6,1,0,1,0,african-american,24,4,3,0,single
52656.0,10,-0.98,9,1,0,1,0,african-american,24,0,0,0,single
54101.0,3,-2.12,4,0,0,0,0,african-american,24,0,0,1,single
60855.0,5,-1.98,4,1,0,1,0,caucasian,24,3,0,0,single
58795.0,10,-0.87,9,1,1,1,0,african-american,24,3,3,0,single
50974.0,4,-1.84,5,1,0,0,0,african-american,24,0,0,0,significant other
51102.0,3,-2.0,4,0,0,0,0,african-american,24,1,0,0,single
61070.0,2,-2.49,3,0,0,0,1,african-american,24,0,0,1,single
43265.0,4,-1.9,5,0,0,0,0,african-american,24,1,0,0,single
52286.0,7,-1.78,5,0,0,0,0,african-american,24,1,0,1,single
21361.0,10,-0.72,9,0,0,0,0,african-american,24,12,3,1,single
50964.0,6,-1.65,6,0,0,0,1,caucasian,24,1,0,0,single
57732.0,2,-2.24,3,0,0,0,0,african-american,24,1,0,0,significant other
14331.0,6,-1.52,6,1,0,1,0,caucasian,24,8,3,0,single
62252.0,9,-1.03,8,0,0,0,0,caucasian,24,1,0,0,single
53914.0,7,-2.1,4,0,0,0,0,african-american,24,0,0,1,single
54829.0,9,-0.89,9,1,1,1,0,african-american,24,8,3,0,single
53259.0,6,-2.06,4,0,0,0,0,other,24,5,0,1,single
21126.0,9,-1.44,7,1,0,1,0,african-american,24,5,0,0,single
57362.0,4,-2.04,4,1,0,1,0,african-american,24,2,0,0,single
51488.0,2,-2.28,3,0,0,0,0,caucasian,24,0,0,0,single
52865.0,7,-1.78,5,1,0,0,1,african-american,24,0,0,1,single
56277.0,10,-1.77,5,0,0,0,0,hispanic,24,1,0,0,single
62262.0,6,-1.9,5,1,0,1,0,african-american,24,2,0,0,single
59579.0,9,-0.96,9,1,0,1,0,african-american,24,0,2,0,single
59140.0,5,-2.02,4,0,0,0,1,caucasian,24,0,0,1,single
43482.0,7,-1.92,5,1,1,1,1,african-american,24,2,0,1,single
51698.0,3,-2.2,4,1,0,0,1,african-american,24,1,0,0,single
59671.0,4,-2.09,4,0,0,0,1,african-american,24,0,0,0,single
58942.0,8,-1.76,5,1,0,1,0,caucasian,24,3,2,0,single
59072.0,3,-2.26,3,1,0,1,0,african-american,24,0,3,0,single
56520.0,3,-2.0,4,1,0,1,0,african-american,24,1,0,0,single
55575.0,2,-2.2,4,0,0,0,0,hispanic,24,1,0,0,single
12528.0,9,-1.77,5,1,0,1,0,african-american,24,9,1,1,single
61868.0,9,-0.93,9,0,0,0,0,african-american,24,0,0,0,single
58611.0,5,-1.7,6,1,0,1,1,african-american,24,0,0,1,single
51925.0,2,-2.13,4,0,0,0,0,african-american,24,1,0,1,single
53722.0,8,-1.29,7,0,0,0,0,african-american,24,0,0,0,single
57792.0,4,-1.96,5,0,0,0,1,caucasian,24,0,0,0,single
52700.0,3,-1.84,5,0,0,0,0,caucasian,24,2,0,1,single
62311.0,2,-2.24,3,0,0,0,0,caucasian,24,2,0,1,single
60091.0,7,-1.98,4,0,0,0,1,caucasian,24,7,2,1,single
12045.0,9,-1.37,7,0,0,0,0,caucasian,24,6,2,0,single
56575.0,5,-2.08,4,0,0,0,1,caucasian,24,1,0,0,single
61687.0,6,-2.21,4,0,0,0,0,african-american,24,5,0,0,significant other
53231.0,3,-2.0,4,0,0,0,0,african-american,24,0,0,0,single
54351.0,8,-0.96,9,1,0,1,0,african-american,24,7,1,1,single
56579.0,3,-2.24,3,0,0,0,1,african-american,24,0,0,0,single
64409.0,5,-1.63,4,1,0,1,0,african-american,24,0,0,0,single
60051.0,2,-2.29,3,0,0,0,0,caucasian,24,0,0,0,single
54438.0,5,-1.64,6,0,0,0,0,caucasian,24,3,3,1,single
12698.0,9,-1.43,7,0,0,0,1,african-american,24,7,0,0,single
58856.0,3,-2.12,4,0,0,0,0,african-american,24,0,0,0,single
51323.0,8,-1.23,8,1,1,1,0,african-american,24,0,0,1,single
60222.0,2,-2.16,4,0,0,0,0,hispanic,24,1,0,1,single
30377.0,8,-1.3,7,1,0,1,0,caucasian,24,3,0,1,single
58238.0,6,-1.89,5,0,0,0,1,african-american,24,0,0,1,single
51935.0,9,-1.88,5,0,0,0,1,african-american,24,1,0,0,single
54911.0,6,-1.98,4,0,0,0,1,caucasian,24,0,0,1,single
44969.0,10,-1.13,8,1,0,1,1,caucasian,24,9,0,1,single
50895.0,6,-1.42,7,0,0,0,0,african-american,24,2,3,1,single
36468.0,7,-1.4,7,0,0,0,0,african-american,24,3,0,1,single
13771.0,4,-1.5,6,1,1,1,0,other,24,1,0,0,single
53326.0,6,-1.84,5,1,0,1,0,hispanic,24,0,0,0,significant other
43195.0,10,-1.75,5,0,0,0,0,caucasian,24,6,2,0,single
57442.0,6,-1.98,4,0,0,0,0,african-american,24,1,0,1,single
52523.0,3,-1.88,5,1,0,1,0,caucasian,24,2,0,0,single
24652.0,9,-1.74,5,1,0,1,0,african-american,24,11,0,0,single
61581.0,2,-2.25,3,0,0,0,0,african-american,24,1,0,0,single
51075.0,2,-2.32,3,0,0,0,0,other,24,0,0,1,single
52025.0,5,-1.88,5,1,0,1,0,african-american,24,2,2,0,significant other
53454.0,2,-2.36,3,0,0,0,0,caucasian,24,0,0,0,single
47194.0,7,-1.26,7,1,0,1,0,african-american,24,8,0,0,single
62284.0,5,-1.75,5,1,1,1,0,caucasian,24,0,0,0,single
18689.0,4,-1.37,7,0,0,0,0,african-american,24,2,0,1,single
52927.0,4,-2.12,4,0,0,0,1,african-american,24,2,0,0,single
56704.0,5,-1.06,5,1,0,1,1,caucasian,24,3,1,1,single
54284.0,5,-1.84,5,0,0,0,1,other,24,0,0,0,significant other
35407.0,8,-1.57,6,1,1,0,0,hispanic,24,2,0,0,single
56988.0,5,-1.96,5,0,0,0,0,african-american,24,0,0,0,single
47225.0,7,-2.11,4,0,0,0,0,african-american,24,4,1,0,single
48820.0,8,-1.51,6,1,0,1,0,african-american,24,1,0,1,single
51733.0,5,-2.34,3,1,0,1,0,caucasian,24,2,0,0,single
57947.0,2,-2.36,3,0,0,0,0,african-american,24,1,0,0,single
24763.0,8,-1.32,7,1,0,1,0,african-american,24,3,1,0,single
55830.0,5,-1.45,7,1,0,0,0,other,24,4,0,0,significant other
54294.0,5,-1.96,5,0,0,0,1,caucasian,24,0,0,0,single
30936.0,6,-2.04,4,1,0,1,0,african-american,24,5,0,0,single
49240.0,5,-1.88,5,0,0,0,1,african-american,24,1,0,0,single
38881.0,8,-1.74,5,1,0,1,0,african-american,24,4,0,1,single
19282.0,6,-1.9,5,1,0,1,0,hispanic,24,4,1,0,single
53445.0,5,-2.02,4,0,0,0,0,hispanic,24,0,0,0,single
37453.0,7,-1.44,7,1,1,1,0,african-american,24,2,0,1,single
51194.0,3,-2.08,4,0,0,0,0,other,24,0,0,1,single
31727.0,9,-1.07,8,1,0,1,0,african-american,24,6,1,0,single
58022.0,6,-1.98,4,1,0,1,0,caucasian,24,5,0,0,single
54494.0,10,-0.79,9,1,0,1,0,other,24,2,10,0,single
51898.0,4,-1.78,5,1,0,1,0,caucasian,24,8,0,0,single
56084.0,5,-2.16,4,0,0,0,0,caucasian,24,3,0,0,single
60393.0,2,-2.21,4,0,0,0,0,other,24,0,0,0,significant other
40605.0,6,-1.82,5,0,0,0,1,african-american,24,2,0,1,single
17083.0,9,-0.4,10,1,0,1,0,caucasian,24,8,2,0,single
52133.0,5,-1.96,5,0,0,0,1,african-american,24,0,0,1,single
51735.0,9,-0.79,9,1,1,1,0,african-american,24,12,5,1,single
58418.0,2,-2.24,3,0,0,0,0,hispanic,24,0,0,0,single
58998.0,5,-2.0,4,0,0,0,1,african-american,24,1,0,0,single
53886.0,2,-2.32,3,0,0,0,0,caucasian,24,0,0,0,single
46682.0,4,-1.66,6,0,0,0,0,caucasian,24,1,0,0,single
56262.0,2,-2.2,4,1,0,1,0,hispanic,24,1,0,0,single
50893.0,3,-2.18,4,0,0,0,1,caucasian,24,1,0,0,single
53457.0,10,-1.46,7,0,0,0,0,caucasian,24,0,0,0,separated
52012.0,4,-1.8,5,1,0,1,0,hispanic,24,1,0,0,single
53320.0,6,-1.92,5,0,0,0,1,caucasian,24,0,0,1,single
52997.0,6,-1.96,5,0,0,0,0,african-american,24,0,0,0,single
22959.0,3,-2.14,4,1,0,1,0,african-american,24,5,0,0,single
58258.0,4,-2.08,4,0,0,0,1,african-american,24,0,0,0,single
57656.0,4,-2.24,3,0,0,0,0,caucasian,24,1,0,0,single
51941.0,7,-1.74,5,0,0,0,1,caucasian,24,2,0,0,single
58403.0,10,-1.6,6,0,0,0,1,caucasian,24,0,0,1,single
37668.0,5,-1.37,7,1,0,1,0,african-american,24,1,0,0,single
57509.0,2,-2.28,3,0,0,0,0,caucasian,24,1,0,1,single
61815.0,8,-1.97,5,1,0,1,0,caucasian,24,3,0,1,single
15663.0,6,-1.74,6,1,0,1,0,hispanic,24,3,0,0,single
62161.0,8,-0.88,9,1,0,1,0,african-american,24,5,5,0,single
51447.0,5,-2.02,4,0,0,0,1,caucasian,24,1,0,0,separated
61264.0,2,-2.13,4,0,0,0,0,african-american,24,0,1,0,single
54233.0,4,-1.8,5,0,0,0,0,african-american,24,0,0,0,single
24047.0,5,-1.69,6,1,1,1,0,caucasian,24,5,1,0,single
51822.0,8,-1.45,7,0,0,0,0,hispanic,24,0,0,1,single
52389.0,8,-1.45,7,0,0,0,0,hispanic,24,1,0,0,single
56688.0,7,-1.93,5,0,0,0,1,african-american,24,0,0,0,single
26419.0,7,-1.58,6,1,0,1,0,african-american,24,7,0,0,single
21268.0,7,-1.86,5,0,0,0,0,caucasian,24,1,0,0,single
62018.0,3,-2.03,4,0,0,0,0,african-american,24,0,0,1,single
54506.0,5,-1.82,5,1,0,1,0,african-american,24,2,0,1,single
60384.0,4,-2.04,4,0,0,0,1,caucasian,24,1,0,0,single
16814.0,8,-1.6,6,1,0,1,0,caucasian,24,3,0,0,single
61334.0,2,-2.48,3,1,0,1,0,caucasian,24,0,0,0,single
52848.0,8,-1.98,4,0,0,0,0,caucasian,24,4,0,1,single
53885.0,5,-2.2,4,1,0,1,0,caucasian,24,1,1,0,single
51246.0,3,-1.6,6,0,0,0,0,african-american,24,1,0,0,single
15910.0,7,-1.23,8,1,1,1,0,hispanic,24,3,0,1,single
58249.0,9,-1.32,7,0,0,0,0,caucasian,24,0,0,0,single
52591.0,4,-2.04,4,1,0,1,0,other,24,0,0,1,single
59741.0,3,-2.32,3,0,0,0,1,other,24,0,0,0,single
61332.0,4,-2.12,4,1,0,1,0,african-american,24,3,0,0,single
21732.0,8,-1.41,7,1,0,0,0,african-american,24,3,0,0,single
60863.0,4,-1.55,6,1,1,1,0,african-american,24,1,0,1,single
16300.0,10,-0.58,10,1,0,1,0,african-american,24,3,1,0,single
50945.0,7,-1.34,7,0,0,0,0,african-american,24,1,1,0,single
56886.0,8,-1.76,5,1,0,1,0,african-american,24,4,1,0,single
53010.0,7,-1.28,7,0,0,0,0,african-american,24,0,0,1,single
56631.0,3,-2.14,4,1,0,1,0,african-american,24,2,0,0,single
59344.0,6,-1.93,5,1,0,1,0,african-american,24,1,0,0,single
45426.0,7,-0.77,9,0,0,0,0,african-american,24,1,0,0,single
61598.0,4,-1.98,4,0,0,0,0,caucasian,24,1,0,1,single
58085.0,5,-1.42,7,0,0,0,0,african-american,24,0,0,0,single
59480.0,3,-2.24,3,0,0,0,0,other,24,1,0,0,single
53335.0,9,-0.77,9,1,1,1,0,african-american,24,2,1,0,single
54501.0,6,-1.96,5,0,0,0,0,caucasian,24,2,2,0,single
32226.0,9,-0.86,9,1,0,1,0,african-american,24,1,2,1,single
56268.0,3,-2.0,4,1,0,1,0,african-american,24,0,0,0,single
51554.0,8,-0.48,10,0,0,0,1,african-american,24,3,0,0,single
60352.0,6,-2.07,4,1,0,1,1,african-american,24,2,0,0,single
53258.0,7,-1.8,5,1,0,1,0,caucasian,24,2,0,0,single
51249.0,5,-2.18,4,1,0,1,0,caucasian,24,0,0,1,single
53655.0,9,-1.54,6,1,0,1,0,african-american,24,7,0,0,single
59922.0,5,-2.12,4,1,1,1,0,caucasian,24,3,3,1,single
57665.0,7,-1.4,7,1,0,1,0,african-american,24,0,0,0,single
57773.0,4,-2.21,4,0,0,0,0,african-american,24,1,0,1,single
54467.0,5,-1.46,7,1,0,1,0,african-american,24,1,0,1,single
60467.0,4,-2.42,3,0,0,0,0,african-american,24,0,0,0,single
60893.0,3,-2.12,4,0,0,0,0,african-american,24,0,0,1,single
59881.0,6,-2.32,3,1,1,1,1,hispanic,24,2,0,0,single
54731.0,8,-1.67,6,1,0,1,0,african-american,24,2,0,1,single
61940.0,3,-2.04,4,0,0,0,0,african-american,24,0,0,0,single
54638.0,4,-2.0,4,0,0,0,1,african-american,24,1,0,0,single
51429.0,2,-2.1,4,1,1,1,0,african-american,24,1,2,1,single
61518.0,3,-2.2,4,0,0,0,1,african-american,24,0,0,0,single
45823.0,9,-0.63,9,1,0,1,0,african-american,24,4,0,0,single
54345.0,4,-2.0,4,0,0,0,1,caucasian,24,1,4,1,single
59945.0,6,-2.22,4,1,1,1,0,other,24,4,0,0,single
53638.0,3,-2.1,4,0,0,0,0,caucasian,24,1,2,0,single
53304.0,3,-1.98,4,0,0,0,0,other,24,0,0,0,single
56635.0,4,-2.04,4,0,0,0,1,african-american,23,1,0,1,single
37973.0,8,-1.0,8,1,1,1,0,african-american,23,3,2,0,single
23292.0,5,-1.56,6,0,0,0,0,caucasian,23,3,0,0,single
32788.0,7,-1.91,5,0,0,0,1,african-american,23,6,0,1,single
58402.0,5,-1.6,6,0,0,0,0,african-american,23,1,0,0,single
57298.0,3,-2.04,4,0,0,0,0,other,23,0,0,1,single
52718.0,2,-2.22,4,0,0,0,0,african-american,23,0,0,0,single
51850.0,5,-1.99,4,1,0,1,0,african-american,23,0,0,0,single
53784.0,10,-0.27,9,1,1,1,0,caucasian,23,5,3,1,single
56335.0,6,-1.92,5,0,0,0,1,caucasian,23,0,0,0,single
54956.0,9,-1.2,8,0,0,0,0,african-american,23,0,0,1,single
61553.0,5,-1.94,5,1,0,1,0,caucasian,23,0,0,0,single
56925.0,4,-2.32,3,0,0,0,0,caucasian,23,0,3,1,single
57776.0,2,-2.2,4,0,0,0,0,caucasian,23,0,0,0,single
18516.0,10,-0.43,10,0,0,0,0,african-american,23,4,4,0,single
56729.0,6,-1.9,5,1,0,1,0,african-american,23,2,0,0,single
53900.0,4,-2.02,4,0,0,0,1,african-american,23,0,0,1,single
58544.0,5,-1.54,6,0,0,0,0,african-american,23,0,0,0,single
23645.0,9,-0.7,9,1,0,1,0,african-american,23,5,0,0,single
44458.0,9,-1.61,6,1,0,1,0,african-american,23,8,2,0,single
19184.0,5,-1.37,7,1,0,1,1,caucasian,23,5,4,0,single
24649.0,6,-1.12,8,1,1,1,0,other,23,7,2,0,single
30818.0,9,-1.4,7,1,0,1,0,african-american,23,2,0,0,single
52777.0,2,-2.26,3,1,0,1,0,african-american,23,3,0,1,single
49884.0,7,-1.19,8,1,1,1,0,hispanic,23,3,0,1,single
52175.0,10,-0.77,9,1,1,1,1,african-american,23,2,0,0,single
29546.0,10,-0.82,9,1,0,1,0,caucasian,23,11,10,0,separated
35141.0,8,-1.26,7,1,0,0,1,african-american,23,3,0,0,single
59975.0,2,-2.16,4,0,0,0,0,caucasian,23,0,0,1,single
45590.0,4,-1.54,6,0,0,0,0,other,23,2,0,1,single
61619.0,2,-2.48,3,0,0,0,1,african-american,23,0,0,1,significant other
62300.0,8,-1.94,5,1,0,1,0,african-american,23,4,2,0,single
54228.0,7,-1.72,6,1,1,1,0,african-american,23,2,0,0,single
56461.0,5,-1.5,6,0,0,0,0,african-american,23,3,0,1,significant other
57979.0,2,-2.28,3,1,0,0,0,caucasian,23,0,0,0,single
46497.0,8,-1.9,5,0,0,0,0,african-american,23,1,0,0,single
51707.0,6,-2.0,4,1,0,1,0,hispanic,23,1,1,0,single
29581.0,7,-1.36,7,1,0,1,0,hispanic,23,6,0,1,single
31994.0,7,-0.81,9,0,0,0,0,other,23,2,0,1,single
54192.0,5,-1.96,5,1,0,1,1,african-american,23,0,0,0,single
56133.0,6,-1.45,7,0,0,0,0,caucasian,23,0,0,1,single
51902.0,4,-1.91,5,1,0,0,0,other,23,2,0,0,single
59127.0,2,-2.08,4,0,0,0,0,african-american,23,1,0,1,single
18326.0,6,-1.59,6,1,1,0,0,african-american,23,6,5,0,single
51811.0,7,-1.68,6,0,0,0,0,african-american,23,2,0,1,single
53639.0,3,-2.1,4,1,0,0,1,hispanic,23,1,0,1,single
59275.0,9,-0.75,9,1,0,1,0,african-american,23,3,1,0,single
65018.0,4,-1.63,4,1,0,1,0,caucasian,23,3,1,0,single
54116.0,3,-2.26,3,0,0,0,0,african-american,23,0,0,0,single
22510.0,10,-1.59,6,1,0,1,0,african-american,23,8,0,0,single
60864.0,6,-1.88,5,0,0,0,0,african-american,23,1,1,0,single
56903.0,4,-2.18,4,1,0,1,0,african-american,23,2,3,0,single
60390.0,2,-2.16,4,0,0,0,0,caucasian,23,0,0,0,single
54479.0,4,-1.59,6,0,0,0,0,african-american,23,0,0,1,single
54352.0,3,-2.18,4,0,0,0,0,hispanic,23,1,0,1,single
20491.0,7,-1.72,6,1,0,0,0,caucasian,23,10,1,0,single
51716.0,4,-2.1,4,1,1,0,1,african-american,23,0,0,1,single
61214.0,5,-1.96,5,1,0,1,0,african-american,23,3,0,0,single
55360.0,6,-1.9,5,1,0,1,1,hispanic,23,0,0,0,single
34873.0,7,-1.86,5,0,0,0,0,african-american,23,3,0,0,single
51319.0,2,-2.18,4,1,1,0,0,african-american,23,1,2,0,single
60636.0,7,-2.02,4,0,0,0,1,african-american,23,0,0,0,single
55976.0,5,-1.94,5,0,0,0,0,caucasian,23,1,0,0,single
52742.0,5,-1.94,5,0,0,0,0,african-american,23,1,1,0,single
53711.0,5,-1.23,8,0,0,0,0,african-american,23,0,0,0,single
51433.0,3,-2.14,4,1,0,0,0,other,23,0,0,1,single
52769.0,6,-2.02,4,0,0,0,1,caucasian,23,2,0,1,single
53083.0,5,-1.3,7,0,0,0,0,african-american,23,0,0,0,single
57741.0,8,-1.72,6,0,0,0,0,caucasian,23,0,0,0,single
20833.0,7,-1.88,5,0,0,0,0,african-american,23,2,1,0,single
52980.0,7,-1.74,5,1,0,1,0,african-american,23,0,0,0,single
27494.0,10,-1.56,6,1,0,1,0,african-american,23,6,4,0,single
59190.0,7,-1.86,5,0,0,0,0,african-american,23,0,0,0,single
59179.0,3,-2.24,3,0,0,0,1,caucasian,23,0,0,0,single
39444.0,9,-0.8,9,1,0,1,0,african-american,23,2,0,1,single
32468.0,9,-1.92,5,1,0,1,1,caucasian,23,4,0,1,single
55149.0,2,-2.18,4,0,0,0,0,african-american,23,2,1,0,single
56514.0,4,-1.8,5,0,0,0,0,caucasian,23,0,0,0,single
59261.0,7,-1.96,5,0,0,0,1,african-american,23,0,0,1,significant other
54868.0,3,-2.26,3,0,0,0,1,african-american,23,1,0,0,single
53283.0,3,-2.3,3,0,0,0,1,caucasian,23,0,0,1,significant other
45351.0,6,-1.76,5,0,0,0,1,caucasian,23,0,0,1,single
52259.0,7,-1.46,7,1,0,1,0,african-american,23,2,0,1,single
30040.0,8,-1.3,7,0,0,0,0,other,23,2,0,1,single
57828.0,3,-2.22,4,1,0,1,0,african-american,23,1,0,1,single
35899.0,6,-1.5,7,1,1,1,0,african-american,23,6,0,0,single
41024.0,9,-1.64,6,1,1,1,0,caucasian,23,6,0,0,single
32316.0,7,-0.98,9,0,0,0,0,african-american,23,4,0,0,single
56774.0,4,-2.14,4,0,0,0,0,other,23,0,0,0,single
52427.0,3,-2.14,4,1,0,1,0,caucasian,23,1,0,0,single
57480.0,4,-1.53,6,0,0,0,1,hispanic,23,2,1,1,significant other
51057.0,3,-2.04,4,0,0,0,0,african-american,23,0,0,0,single
57824.0,6,-2.06,4,1,0,1,0,african-american,23,3,0,1,single
61222.0,2,-2.32,3,0,0,0,1,caucasian,23,1,2,1,single
51945.0,4,-1.62,6,0,0,0,0,african-american,23,1,0,1,single
56685.0,7,-1.97,5,0,0,0,0,hispanic,23,0,0,1,single
61248.0,4,-1.86,5,1,0,1,0,african-american,23,1,0,0,single
46315.0,9,-1.8,5,0,0,0,0,african-american,23,2,0,0,single
52048.0,7,-1.79,5,0,0,0,0,african-american,23,0,0,0,single
56957.0,7,-1.8,5,1,0,1,0,african-american,23,3,0,0,single
58709.0,4,-1.96,5,0,0,0,0,african-american,23,1,0,0,single
50892.0,9,-0.89,9,1,1,1,0,caucasian,23,0,1,0,single
60163.0,2,-2.16,4,1,0,1,0,african-american,23,0,0,1,single
61444.0,4,-2.16,4,0,0,0,0,caucasian,23,0,0,1,single
60948.0,2,-2.08,4,1,0,1,0,african-american,23,1,3,1,single
51265.0,3,-1.84,5,0,0,0,0,caucasian,23,0,0,1,single
54531.0,4,-2.02,4,1,0,1,0,caucasian,23,4,1,0,single
61022.0,6,-1.96,5,1,0,1,0,african-american,23,2,1,0,single
41603.0,9,-0.93,9,0,0,0,0,african-american,23,1,1,1,single
52840.0,7,-1.88,5,1,0,1,1,african-american,23,2,0,1,single
28599.0,9,-0.26,10,0,0,0,0,african-american,23,3,2,0,single
54420.0,9,-0.86,9,1,0,1,0,caucasian,23,2,2,0,single
57103.0,3,-1.74,5,0,0,0,0,hispanic,23,0,0,0,single
54030.0,9,-1.1,8,0,0,0,1,african-american,23,1,0,0,single
52030.0,4,-1.72,6,0,0,0,0,african-american,23,0,0,0,single
59704.0,6,-1.15,8,1,1,1,0,african-american,23,1,0,0,single
25191.0,9,-1.12,8,1,1,1,0,african-american,23,3,0,0,single
49180.0,6,-1.68,6,1,1,1,0,african-american,23,1,0,0,single
59375.0,3,-2.0,4,0,0,0,0,caucasian,23,1,0,0,single
53041.0,6,-1.7,6,0,0,0,1,other,23,0,0,1,single
60056.0,3,-1.96,5,0,0,0,0,hispanic,23,0,0,0,single
60494.0,5,-1.8,5,0,0,0,0,african-american,23,0,0,1,single
61350.0,2,-2.24,3,0,0,0,0,african-american,23,0,1,0,single
52162.0,7,-1.53,6,1,0,1,0,african-american,23,2,1,0,single
60768.0,3,-2.24,3,0,0,0,1,african-american,23,0,0,1,significant other
58072.0,3,-1.88,5,0,0,0,0,african-american,23,0,0,1,single
56188.0,2,-2.22,4,1,0,1,0,african-american,23,0,0,1,single
51100.0,5,-1.8,5,1,0,1,1,african-american,23,0,0,0,single
61032.0,2,-2.2,4,0,0,0,0,african-american,23,0,0,0,single
58494.0,6,-2.06,4,1,0,1,0,hispanic,23,2,0,1,single
56331.0,7,-1.15,8,0,0,0,0,african-american,23,0,0,0,single
60112.0,6,-0.89,9,0,0,0,0,african-american,23,3,2,0,significant other
59208.0,8,-1.43,7,0,0,0,0,african-american,23,0,0,1,single
54510.0,7,-1.3,7,1,0,0,1,african-american,23,0,0,0,single
62141.0,3,-2.08,4,0,0,0,0,caucasian,23,0,0,0,single
25340.0,9,-1.03,8,1,1,1,0,african-american,23,6,1,0,single
43864.0,10,-0.67,9,1,1,1,0,african-american,23,1,0,0,single
61396.0,8,-1.27,7,1,0,1,1,african-american,23,4,0,1,single
57841.0,4,-2.08,4,1,0,1,0,caucasian,23,4,1,1,single
29247.0,7,-1.66,6,1,0,1,0,african-american,23,1,0,1,single
60250.0,2,-2.36,3,0,0,0,0,african-american,23,1,0,0,single
61789.0,2,-2.32,3,0,0,0,1,african-american,23,0,0,0,single
52466.0,8,-1.03,8,0,0,0,0,african-american,23,0,0,1,single
54676.0,7,-1.84,5,0,0,0,0,african-american,23,0,0,0,single
53715.0,9,-0.96,9,0,0,0,0,caucasian,23,0,0,0,significant other
49253.0,10,-0.47,10,1,0,1,0,african-american,23,1,0,0,single
52485.0,10,-0.7,9,0,0,0,1,caucasian,23,3,0,0,single
49848.0,9,-0.72,9,1,1,1,0,african-american,23,5,1,0,single
49457.0,6,-1.77,5,0,0,0,0,african-american,23,1,0,0,single
59694.0,8,-0.91,9,1,1,1,0,caucasian,23,0,0,1,single
58477.0,7,-1.6,6,0,0,0,1,african-american,23,0,0,0,single
37774.0,7,-1.33,7,1,0,1,0,caucasian,23,2,0,0,single
52173.0,4,-1.97,5,1,0,0,0,african-american,23,0,0,1,separated
29781.0,9,-0.55,10,1,0,1,0,african-american,23,2,1,0,single
28478.0,7,-0.88,9,0,0,0,0,caucasian,23,3,7,1,single
51215.0,3,-1.76,5,1,0,1,0,caucasian,23,0,0,1,single
61430.0,4,-1.96,5,0,0,0,1,other,23,0,0,1,significant other
33064.0,10,-0.63,9,1,1,1,0,other,23,5,0,1,single
54232.0,5,-1.83,5,1,0,1,0,caucasian,23,3,2,0,single
59721.0,2,-2.16,4,0,0,0,0,african-american,23,1,0,0,single
52561.0,7,-1.06,8,0,0,0,0,hispanic,23,0,0,1,single
61681.0,9,-1.71,6,1,0,1,0,african-american,23,4,1,0,single
60692.0,7,-1.01,8,1,0,1,0,african-american,23,2,1,1,single
59379.0,7,-1.17,8,1,0,1,0,african-american,23,4,4,0,single
52846.0,2,-1.96,5,0,0,0,0,caucasian,23,0,0,0,single
61373.0,2,-2.24,3,0,0,0,0,hispanic,23,0,0,0,single
61682.0,2,-2.16,4,1,1,1,0,hispanic,23,0,0,1,significant other
53695.0,4,-1.68,6,0,0,0,0,african-american,23,0,0,0,single
61018.0,9,-1.33,7,0,0,0,0,hispanic,23,2,1,0,single
51077.0,8,-1.54,6,1,1,1,1,african-american,23,2,0,1,single
52932.0,10,-1.77,5,1,0,1,0,african-american,23,0,0,1,single
57534.0,2,-2.1,4,0,0,0,0,african-american,23,0,0,0,single
29456.0,9,-0.72,9,1,1,1,0,african-american,23,4,1,0,single
61274.0,5,-1.88,5,0,0,0,1,other,23,0,0,1,significant other
53772.0,8,-1.75,5,1,0,1,0,caucasian,23,3,0,1,single
61186.0,6,-1.82,5,1,0,1,0,african-american,23,1,0,0,single
60303.0,10,-0.59,10,0,0,0,1,other,23,0,0,1,single
60155.0,7,-2.14,4,0,0,0,0,african-american,23,1,1,0,single
61329.0,8,-1.25,8,1,0,1,0,caucasian,23,2,1,0,single
56998.0,5,-1.82,5,1,1,1,1,african-american,23,2,0,0,single
31931.0,9,-0.74,9,1,1,1,0,caucasian,23,4,1,1,single
25420.0,8,-1.16,8,0,0,0,0,african-american,23,1,0,1,single
61383.0,2,-2.28,3,1,0,1,0,african-american,23,2,0,0,single
56653.0,8,-1.27,7,1,1,1,0,african-american,23,7,1,0,single
61842.0,7,-1.84,5,0,0,0,0,african-american,23,3,0,0,single
59170.0,2,-2.26,3,0,0,0,0,caucasian,23,1,1,1,single
56778.0,5,-1.65,6,0,0,0,0,african-american,23,0,0,0,single
47851.0,5,-1.4,7,1,0,1,0,african-american,23,3,1,0,single
46835.0,9,-0.68,9,0,0,0,0,african-american,23,4,1,0,single
53555.0,6,-1.66,6,1,0,1,1,african-american,23,0,0,0,single
30243.0,10,-1.26,7,1,0,1,1,african-american,23,2,0,0,single
55619.0,10,-0.83,9,0,0,0,0,hispanic,23,1,0,0,single
51593.0,6,-1.68,6,0,0,0,0,african-american,23,1,0,1,single
51673.0,9,-1.21,8,1,0,1,0,african-american,23,2,0,1,single
51802.0,8,-1.05,8,1,0,1,0,african-american,23,2,0,1,single
51172.0,7,-1.91,5,0,0,0,1,caucasian,23,0,0,1,single
51277.0,6,-1.93,5,1,0,1,0,african-american,23,2,1,0,single
37097.0,10,-0.74,9,1,0,1,0,african-american,23,10,1,0,significant other
51158.0,8,-1.59,6,0,0,0,0,african-american,23,1,1,0,single
46409.0,6,-1.95,5,0,0,0,0,african-american,23,2,0,0,single
53621.0,4,-1.97,5,0,0,0,0,african-american,23,0,0,0,other
61935.0,3,-2.0,4,0,0,0,0,caucasian,23,0,0,0,single
56168.0,3,-2.06,4,1,0,1,0,african-american,23,1,3,0,single
52933.0,6,-1.68,6,0,0,0,1,african-american,23,0,0,1,single
61478.0,8,-1.78,5,1,0,1,0,other,23,0,0,1,single
58928.0,7,-1.96,5,0,0,0,0,african-american,23,1,2,1,single
54214.0,5,-1.42,7,0,0,0,0,african-american,23,1,0,0,single
34859.0,7,-0.81,9,1,1,1,0,african-american,23,3,3,1,single
61519.0,3,-2.0,4,1,0,1,0,african-american,23,1,0,0,single
54194.0,8,-1.16,8,1,1,1,0,african-american,23,0,0,0,single
56447.0,5,-2.0,4,0,0,0,0,hispanic,23,2,0,0,single
37356.0,7,-1.98,4,1,1,1,0,african-american,23,5,1,0,single
59322.0,9,-1.76,5,1,0,1,0,caucasian,23,0,0,0,single
62283.0,6,-2.18,4,0,0,0,1,caucasian,23,1,0,1,single
54303.0,4,-1.8,5,0,0,0,0,african-american,23,0,0,0,single
51599.0,8,-1.55,6,1,1,1,0,caucasian,23,3,0,1,single
32615.0,8,-1.58,6,1,1,1,0,african-american,23,5,1,0,single
51684.0,3,-1.79,5,0,0,0,0,african-american,23,0,0,0,single
58054.0,10,-1.17,8,1,1,1,0,african-american,23,5,0,0,single
52153.0,7,-1.77,5,1,0,1,0,hispanic,23,3,0,0,single
62313.0,7,-1.96,5,1,0,1,1,african-american,23,2,0,0,single
60359.0,4,-1.98,4,1,0,1,0,african-american,23,0,0,1,single
47553.0,9,-0.78,9,0,0,0,0,african-american,23,2,1,0,single
52720.0,3,-2.12,4,0,0,0,1,african-american,23,1,0,0,single
60097.0,6,-1.44,7,0,0,0,0,caucasian,23,2,0,0,single
61987.0,2,-2.36,3,0,0,0,0,african-american,23,0,0,0,single
36582.0,7,-1.3,7,0,0,0,0,african-american,23,1,0,0,single
51191.0,10,-0.74,9,1,1,1,0,african-american,23,2,1,1,single
39707.0,10,-0.78,9,1,0,1,0,african-american,23,4,0,0,single
54830.0,3,-1.92,5,1,0,1,0,african-american,23,0,0,0,single
50993.0,3,-1.95,5,0,0,0,0,hispanic,23,0,0,1,single
54022.0,6,-1.91,5,1,0,1,0,african-american,23,1,0,0,single
53000.0,2,-1.96,5,0,0,0,0,caucasian,23,0,0,0,single
53505.0,7,-1.55,6,1,0,0,0,caucasian,23,2,1,0,single
54267.0,7,-1.77,5,0,0,0,0,hispanic,23,2,1,0,single
60811.0,5,-1.86,5,0,0,0,1,african-american,23,1,1,1,other
53694.0,8,-1.77,5,0,0,0,0,hispanic,23,6,0,1,significant other
62360.0,2,-2.2,4,0,0,0,0,caucasian,23,1,1,1,single
59453.0,8,-1.8,5,1,0,1,0,african-american,23,4,1,1,single
61131.0,4,-1.86,5,0,0,0,0,hispanic,23,0,0,1,single
55839.0,6,-1.75,5,1,0,1,0,african-american,23,2,3,0,single
61265.0,4,-1.94,5,0,0,0,1,african-american,23,0,0,1,single
32763.0,10,-1.17,8,0,0,0,0,african-american,23,1,1,1,single
49485.0,7,-1.46,7,1,0,1,1,african-american,23,2,0,0,single
54415.0,5,-1.56,6,1,0,1,0,caucasian,23,1,2,0,single
56264.0,4,-1.88,5,0,0,0,1,hispanic,23,0,0,1,single
42220.0,5,-1.87,5,0,0,0,0,hispanic,23,2,0,0,single
61871.0,5,-1.71,6,0,0,0,0,caucasian,23,0,0,1,single
38031.0,8,-0.88,9,1,0,1,0,african-american,23,2,0,0,single
55855.0,5,-1.93,5,0,0,0,0,african-american,23,1,0,0,single
51386.0,9,-1.53,6,0,0,0,0,caucasian,23,0,0,1,single
54867.0,4,-1.8,5,1,0,1,1,african-american,23,0,0,1,single
55041.0,2,-2.0,4,1,0,1,0,hispanic,23,0,0,0,single
33269.0,10,-0.38,10,0,0,0,0,other,23,4,0,0,single
60884.0,3,-1.9,5,0,0,0,0,african-american,23,0,0,0,single
50929.0,6,-1.52,6,1,0,1,0,caucasian,23,3,1,0,single
59644.0,2,-2.3,3,0,0,0,0,caucasian,23,2,0,0,single
54536.0,10,-0.39,10,1,0,1,0,african-american,23,3,2,0,single
34175.0,8,-0.97,9,0,0,0,0,african-american,23,1,0,0,single
57561.0,4,-1.92,5,0,0,0,1,african-american,23,0,0,1,single
56530.0,3,-2.0,4,0,0,0,1,african-american,23,0,0,0,single
52127.0,9,-1.56,6,1,1,1,0,african-american,23,0,0,0,single
40687.0,9,-0.75,9,1,0,1,0,african-american,23,5,3,0,single
53284.0,4,-1.59,6,0,0,0,0,caucasian,23,1,0,1,single
41986.0,8,-0.99,9,1,0,1,0,african-american,23,1,0,1,single
56741.0,4,-1.64,6,0,0,0,0,african-american,23,1,0,0,single
57435.0,9,-1.2,8,0,0,0,0,hispanic,23,4,0,0,single
58791.0,3,-2.14,4,0,0,0,1,african-american,23,1,0,0,single
57385.0,7,-1.68,6,1,1,1,0,caucasian,23,2,0,0,single
59913.0,4,-2.02,4,0,0,0,1,african-american,23,1,0,0,single
51359.0,3,-2.01,4,1,1,1,0,african-american,23,2,0,1,single
58929.0,6,-1.8,5,1,0,1,0,african-american,23,0,0,0,single
54675.0,7,-1.72,6,0,0,0,0,african-american,23,0,0,1,single
52476.0,7,-1.22,8,1,0,1,0,african-american,22,0,1,0,significant other
51751.0,4,-1.91,5,0,0,0,1,other,22,0,0,0,single
54107.0,4,-1.75,5,1,1,1,0,african-american,22,0,0,0,single
51090.0,3,-1.87,5,1,0,1,0,african-american,22,0,0,0,single
54962.0,4,-1.8,5,0,0,0,0,african-american,22,0,0,0,single
43819.0,7,-1.01,8,1,0,1,0,african-american,22,2,1,0,single
51385.0,5,-1.71,6,0,0,0,1,african-american,22,0,0,1,single
51134.0,8,-1.29,7,1,0,1,0,caucasian,22,2,2,0,single
52901.0,4,-1.3,7,1,0,1,0,african-american,22,0,0,1,single
59667.0,5,-1.94,5,1,0,1,0,caucasian,22,0,0,0,single
60662.0,5,-2.1,4,1,0,1,0,caucasian,22,5,0,1,single
61014.0,8,-1.76,5,1,1,1,0,african-american,22,3,0,0,single
52238.0,3,-1.79,5,1,0,1,0,caucasian,22,1,0,0,single
58606.0,3,-2.12,4,0,0,0,1,caucasian,22,1,1,1,single
56718.0,3,-2.04,4,0,0,0,1,african-american,22,0,0,1,single
52703.0,6,-1.83,5,0,0,0,0,caucasian,22,0,0,0,single
52094.0,3,-1.89,5,1,0,1,0,african-american,22,0,0,0,single
60833.0,4,-2.02,4,1,0,1,1,african-american,22,0,1,0,single
57454.0,7,-1.05,8,1,0,1,0,african-american,22,0,0,0,single
38456.0,7,-1.92,5,1,0,1,0,caucasian,22,3,0,0,significant other
55600.0,4,-1.84,5,0,0,0,1,african-american,22,0,0,0,single
60065.0,3,-2.22,4,0,0,0,1,caucasian,22,1,0,0,single
56346.0,8,-0.97,9,0,0,0,1,caucasian,22,1,0,1,single
57932.0,3,-1.76,5,0,0,0,0,african-american,22,1,0,0,significant other
55707.0,4,-1.93,5,1,0,0,0,caucasian,22,1,0,0,single
50998.0,3,-1.91,5,1,0,1,0,hispanic,22,2,0,0,single
54824.0,2,-2.07,4,0,0,0,0,african-american,22,1,0,0,single
61403.0,5,-1.46,7,0,0,0,1,african-american,22,2,0,0,single
57098.0,3,-1.92,5,1,0,1,0,african-american,22,0,0,1,single
57765.0,3,-2.12,4,0,0,0,1,caucasian,22,0,0,1,single
51559.0,4,-1.8,5,1,0,0,0,caucasian,22,1,0,0,single
62330.0,5,-1.62,6,1,0,1,0,caucasian,22,2,1,1,single
67551.0,9,-1.37,8,1,0,1,0,african-american,22,1,0,1,single
61035.0,4,-1.86,5,0,0,0,0,african-american,22,0,0,0,single
58096.0,5,-1.76,5,0,0,0,1,caucasian,22,2,0,1,single
35825.0,8,-1.32,7,1,0,1,0,african-american,22,3,0,0,single
60987.0,4,-1.78,5,1,0,1,0,other,22,1,0,0,single
38194.0,4,-1.61,6,1,0,1,0,african-american,22,1,1,0,single
55906.0,8,-1.2,8,0,0,0,1,african-american,22,0,0,0,single
58153.0,3,-1.74,5,0,0,0,0,other,22,3,1,0,single
60348.0,5,-1.92,5,1,0,0,1,hispanic,22,1,0,0,single
56929.0,6,-1.62,6,0,0,0,1,african-american,22,1,1,1,single
53131.0,7,-1.31,7,1,0,1,0,african-american,22,1,1,0,single
59766.0,5,-1.23,8,1,1,1,0,african-american,22,3,0,0,single
61370.0,4,-2.1,4,0,0,0,0,african-american,22,0,0,0,single
58890.0,8,-1.8,5,0,0,0,0,african-american,22,0,0,0,single
58927.0,4,-1.49,7,1,0,1,0,african-american,22,0,0,0,single
59816.0,9,-0.81,9,0,0,0,0,african-american,22,6,0,0,single
52218.0,4,-1.87,5,0,0,0,0,caucasian,22,0,0,1,single
58637.0,3,-1.88,5,1,0,1,0,hispanic,22,0,0,1,single
32493.0,7,-1.59,6,0,0,0,0,caucasian,22,1,0,1,single
42530.0,9,-1.11,8,0,0,0,0,other,22,1,0,0,single
60305.0,6,-1.0,8,0,0,0,0,african-american,22,0,0,1,single
42243.0,6,-2.06,4,1,0,1,0,african-american,22,1,0,0,single
61215.0,2,-2.1,4,1,0,1,0,caucasian,22,0,1,1,single
58012.0,3,-1.76,5,0,0,0,0,caucasian,22,0,0,1,single
54668.0,4,-1.75,5,1,0,1,0,hispanic,22,0,0,0,single
56484.0,2,-2.04,4,1,0,1,0,other,22,0,0,0,single
62162.0,3,-1.94,5,0,0,0,0,african-american,22,0,0,0,single
61533.0,2,-2.14,4,1,0,1,0,caucasian,22,0,0,1,single
56460.0,6,-2.04,4,0,0,0,0,caucasian,22,1,0,0,single
54226.0,9,-1.39,7,0,0,0,0,african-american,22,0,0,1,single
57898.0,6,-1.83,5,1,0,1,0,african-american,22,3,0,0,single
52739.0,6,-1.21,8,0,0,0,0,african-american,22,1,0,0,single
50853.0,9,-1.44,7,1,0,1,0,african-american,22,0,1,1,single
60062.0,5,-1.67,6,1,0,1,0,caucasian,22,0,0,0,single
51755.0,4,-1.67,6,0,0,0,0,african-american,22,0,0,0,single
60988.0,3,-1.98,4,0,0,0,0,african-american,22,0,0,0,single
33823.0,9,-1.33,7,0,0,0,0,african-american,22,2,1,0,single
59082.0,9,-1.26,7,0,0,0,0,african-american,22,1,0,0,single
52067.0,6,-1.85,5,0,0,0,0,caucasian,22,0,0,1,single
58556.0,4,-1.76,5,0,0,0,0,african-american,22,0,0,0,single
60185.0,3,-2.08,4,0,0,0,1,african-american,22,0,0,1,single
54209.0,6,-1.55,6,0,0,0,1,hispanic,22,0,0,0,single
51223.0,3,-1.62,6,1,0,0,0,african-american,22,0,1,0,single
59036.0,6,-1.39,7,1,0,1,0,african-american,22,3,1,0,single
43205.0,6,-1.37,7,0,0,0,1,african-american,22,1,0,1,single
36165.0,6,-1.32,7,0,0,0,0,african-american,22,1,1,0,single
40675.0,6,-1.75,5,1,1,0,0,african-american,22,3,0,0,single
58108.0,4,-1.88,5,0,0,0,0,caucasian,22,0,0,1,single
46011.0,9,-0.98,9,0,0,0,0,african-american,22,3,0,0,single
52903.0,5,-1.75,5,1,1,1,0,african-american,22,0,0,0,single
55652.0,6,-1.42,7,0,0,0,1,caucasian,22,1,0,0,single
56350.0,4,-1.71,6,1,0,1,0,caucasian,22,0,0,0,single
57400.0,9,-1.65,6,1,0,1,1,african-american,22,5,0,0,single
43236.0,4,-1.57,6,0,0,0,0,caucasian,22,2,1,0,single
36939.0,7,-1.73,6,0,0,0,0,african-american,22,1,1,1,single
57944.0,6,-1.97,5,0,0,0,1,african-american,22,0,0,1,single
61007.0,4,-2.13,4,1,0,1,1,african-american,22,0,0,0,single
51280.0,3,-1.7,6,1,0,1,0,african-american,22,1,0,0,single
54832.0,7,-1.75,5,0,0,0,0,caucasian,22,1,1,0,single
56823.0,2,-1.99,4,0,0,0,0,african-american,22,0,0,0,single
53427.0,4,-1.85,5,0,0,0,0,caucasian,22,0,1,0,single
62204.0,6,-1.8,5,0,0,0,0,african-american,22,2,4,0,single
37303.0,3,-1.57,3,1,0,1,0,african-american,22,1,0,1,single
51894.0,9,-1.48,7,0,0,0,0,other,22,0,0,0,single
58243.0,3,-1.84,5,1,0,1,0,caucasian,22,0,0,1,single
62181.0,7,-1.96,5,1,0,1,0,african-american,22,1,0,0,single
51752.0,7,-1.58,6,1,1,1,0,caucasian,22,0,2,0,single
57363.0,3,-1.95,5,0,0,0,0,caucasian,22,0,0,0,single
57253.0,2,-2.0,4,0,0,0,0,other,22,1,0,1,single
52421.0,4,-1.7,6,0,0,0,0,african-american,22,0,0,0,single
58374.0,6,-1.67,6,0,0,0,1,african-american,22,1,0,0,single
54669.0,10,-0.62,10,0,0,0,0,african-american,22,0,0,1,single
43642.0,10,-0.31,10,1,0,1,0,african-american,22,1,1,0,single
61106.0,3,-1.92,5,0,0,0,0,caucasian,22,0,0,0,single
57553.0,7,-1.73,6,1,0,0,0,african-american,22,2,0,0,single
55525.0,5,-1.59,6,0,0,0,0,caucasian,22,0,2,0,single
51195.0,9,-1.5,6,0,0,0,1,african-american,22,2,0,0,single
52908.0,6,-1.42,7,0,0,0,1,african-american,22,0,0,0,single
61824.0,3,-1.93,5,0,0,0,0,hispanic,22,0,0,1,single
59636.0,6,-1.48,7,1,1,1,0,african-american,22,1,0,1,single
42782.0,7,-1.23,5,0,0,0,1,caucasian,22,2,2,0,single
54328.0,6,-1.56,6,1,1,1,0,african-american,22,2,0,1,single
52295.0,8,-1.56,6,0,0,0,0,caucasian,22,0,0,0,single
55222.0,4,-1.99,4,0,0,0,1,hispanic,22,0,0,1,single
56318.0,4,-1.75,5,1,0,1,0,hispanic,22,0,0,0,single
58384.0,5,-1.76,5,0,0,0,1,caucasian,22,0,0,1,single
39175.0,3,-1.57,6,1,0,1,0,african-american,22,2,1,0,single
52652.0,7,-1.78,5,1,0,1,0,hispanic,22,1,0,1,single
55069.0,4,-1.59,6,0,0,0,0,hispanic,22,1,0,0,single
54370.0,3,-1.87,5,0,0,0,0,hispanic,22,0,1,1,single
59571.0,4,-1.7,6,1,1,1,0,caucasian,22,2,0,0,single
40374.0,9,-1.44,7,1,0,1,0,caucasian,22,6,0,0,single
56854.0,5,-1.67,6,1,1,1,0,caucasian,22,2,0,1,single
60583.0,6,-1.87,5,0,0,0,0,african-american,22,4,0,1,single
52937.0,6,-1.5,6,0,0,0,0,african-american,22,0,0,1,single
52557.0,9,-1.48,7,0,0,0,1,caucasian,22,0,0,1,single
54635.0,7,-1.96,5,0,0,0,1,african-american,22,0,0,0,single
59852.0,7,-1.29,7,1,1,1,0,african-american,22,0,0,0,single
56928.0,3,-1.87,5,0,0,0,0,african-american,22,1,0,0,single
54819.0,10,-1.52,6,1,1,1,0,african-american,22,5,0,1,single
60593.0,3,-2.16,4,0,0,0,1,caucasian,22,0,0,1,single
57630.0,8,-1.85,5,1,0,1,0,african-american,22,5,0,0,single
59068.0,7,-1.41,7,1,1,1,0,african-american,22,3,1,0,single
52478.0,9,-0.58,10,1,0,1,0,african-american,22,1,0,0,single
50843.0,7,-0.92,9,1,1,1,0,african-american,22,1,1,1,single
53861.0,3,-1.66,6,1,1,1,0,african-american,22,0,0,0,single
61577.0,5,-1.31,7,0,0,0,0,african-american,22,1,0,0,single
54683.0,3,-1.86,5,0,0,0,0,hispanic,22,0,0,0,single
51064.0,3,-1.7,6,0,0,0,0,african-american,22,0,0,0,single
55963.0,8,-0.78,9,1,0,1,0,african-american,22,7,4,0,single
37722.0,9,-1.66,6,1,1,1,1,african-american,22,4,0,0,single
62265.0,2,-2.12,4,0,0,0,0,african-american,22,0,0,0,single
53897.0,7,-1.64,6,0,0,0,0,african-american,22,0,0,0,single
55685.0,5,-1.83,5,0,0,0,1,african-american,22,1,0,0,single
55209.0,7,-1.69,6,0,0,0,0,african-american,22,3,0,0,single
59934.0,4,-1.92,5,0,0,0,1,african-american,22,2,0,0,single
51400.0,10,-0.2,10,1,1,1,0,african-american,22,3,2,0,single
50928.0,6,-0.78,9,0,0,0,0,african-american,22,1,1,1,single
56128.0,10,-1.75,6,1,0,1,0,caucasian,22,3,0,1,single
56067.0,9,-0.84,9,0,0,0,0,caucasian,22,1,0,0,single
52836.0,6,-1.02,8,1,0,1,0,african-american,22,1,0,0,single
60502.0,6,-1.47,7,1,1,1,1,caucasian,22,2,0,0,single
53714.0,8,-1.12,8,0,0,0,0,caucasian,22,0,0,0,single
58128.0,9,-1.16,8,0,0,0,1,african-american,22,2,1,0,single
57173.0,5,-2.07,4,1,0,1,1,hispanic,22,2,0,0,single
59427.0,5,-1.93,5,0,0,0,0,caucasian,22,1,0,1,single
56724.0,7,-1.25,8,0,0,0,1,african-american,22,0,0,0,single
57380.0,4,-1.71,6,0,0,0,0,african-american,22,0,0,1,single
56420.0,8,-1.32,7,0,0,0,0,african-american,22,1,0,0,single
56246.0,6,-1.31,7,0,0,0,0,african-american,22,2,0,0,single
52767.0,3,-1.78,5,0,0,0,0,african-american,22,0,0,0,single
51025.0,7,-1.4,7,0,0,0,0,african-american,22,0,0,0,single
61937.0,3,-1.76,5,1,0,1,0,african-american,22,0,2,0,single
54670.0,4,-1.74,5,1,0,1,0,african-american,22,1,1,1,single
54132.0,8,-0.8,9,1,0,1,0,african-american,22,0,0,0,single
59482.0,7,-1.64,6,1,0,1,0,african-american,22,1,0,0,single
53390.0,6,-1.36,7,0,0,0,0,hispanic,22,0,0,0,single
57149.0,7,-1.59,6,0,0,0,1,caucasian,22,1,0,0,single
46399.0,9,-1.0,9,1,1,1,0,african-american,22,3,0,1,single
57342.0,5,-1.95,5,1,0,1,0,caucasian,22,1,3,0,single
52736.0,3,-1.66,6,0,0,0,0,caucasian,22,0,0,0,single
53400.0,8,-1.15,8,1,0,1,1,african-american,22,2,1,1,single
59278.0,5,-1.4,7,0,0,0,0,african-american,22,0,0,0,single
51087.0,10,-1.27,7,1,0,1,0,african-american,22,3,2,1,single
57683.0,9,-0.55,10,0,0,0,0,african-american,22,3,3,0,single
18509.0,10,0.11,10,1,1,1,0,african-american,22,6,4,0,single
58434.0,6,-1.68,6,1,0,1,0,african-american,22,0,0,0,single
55884.0,4,-1.81,5,1,0,1,0,caucasian,22,1,0,0,single
59716.0,6,-1.81,5,0,0,0,0,african-american,22,0,0,1,single
51226.0,7,-1.6,6,0,0,0,1,african-american,22,0,0,0,single
53659.0,9,-1.01,8,0,0,0,0,african-american,22,3,1,0,single
58626.0,4,-1.75,5,1,0,1,0,african-american,22,1,0,0,single
53327.0,4,-1.9,5,0,0,0,1,hispanic,22,1,0,0,single
56657.0,3,-1.79,5,0,0,0,0,african-american,22,0,1,0,single
52245.0,4,-1.82,5,1,0,1,0,african-american,22,1,0,0,single
53705.0,9,-1.44,7,1,0,1,0,african-american,22,1,0,0,significant other
55113.0,8,-0.7,9,1,0,1,1,african-american,22,0,0,1,single
54263.0,4,-1.58,6,1,0,1,0,caucasian,22,1,2,0,single
57894.0,4,-1.91,5,0,0,0,1,african-american,22,0,0,1,single
44206.0,9,-0.9,9,1,1,1,0,african-american,22,1,0,0,single
60906.0,4,-1.64,6,1,0,1,0,african-american,22,1,0,0,single
57977.0,10,-0.73,9,1,0,1,0,african-american,22,13,1,0,single
60233.0,4,-1.99,4,0,0,0,1,african-american,22,1,0,1,single
61481.0,7,-1.01,8,1,0,1,0,hispanic,22,0,0,0,single
59507.0,4,-1.83,5,0,0,0,0,caucasian,22,0,0,0,single
54363.0,8,-1.06,8,1,1,0,0,african-american,22,2,0,0,single
40666.0,9,-0.57,10,1,0,1,0,african-american,22,2,1,0,single
56343.0,8,-1.34,7,0,0,0,1,caucasian,22,1,1,1,single
41390.0,7,-1.11,8,1,0,1,0,african-american,22,2,0,0,single
53219.0,4,-1.7,6,1,0,1,0,african-american,22,3,1,0,single
59101.0,8,-0.59,10,1,0,1,0,african-american,22,1,1,0,single
53455.0,7,-0.61,10,0,0,0,0,caucasian,22,0,3,1,single
54067.0,8,-0.64,9,1,0,1,0,african-american,22,0,1,0,single
56707.0,4,-1.5,6,1,0,1,0,caucasian,22,2,0,1,single
55055.0,3,-1.82,5,0,0,0,0,caucasian,22,0,0,0,single
51759.0,5,-1.56,6,1,0,1,0,african-american,22,0,0,0,single
61405.0,2,-2.03,4,1,0,1,0,hispanic,22,1,0,0,single
50938.0,5,-1.6,6,0,0,0,1,caucasian,22,0,0,1,single
52220.0,7,-1.54,6,1,0,1,0,african-american,22,0,0,0,single
54555.0,2,-1.86,5,0,0,0,0,hispanic,22,0,0,1,single
43018.0,9,-0.94,9,1,1,1,0,african-american,22,4,0,0,single
62272.0,6,-1.69,6,1,1,1,0,african-american,22,1,0,1,single
48355.0,9,-1.14,8,1,1,1,0,african-american,22,2,0,1,single
61153.0,2,-2.2,4,0,0,0,1,hispanic,22,0,0,1,single
53150.0,6,-1.5,6,1,0,1,0,caucasian,22,0,1,1,single
51217.0,9,-0.89,9,0,0,0,0,african-american,22,0,0,0,single
54111.0,3,-1.82,5,1,1,1,0,african-american,22,0,0,1,single
51404.0,5,-1.4,7,1,0,0,0,african-american,22,0,0,1,single
53826.0,3,-1.74,5,0,0,0,0,caucasian,22,0,0,0,single
52799.0,2,-1.86,5,0,0,0,0,caucasian,22,1,0,0,single
49164.0,9,-0.62,10,1,0,1,0,african-american,22,2,0,0,single
56619.0,4,-1.62,6,1,1,1,0,african-american,22,2,0,0,single
57086.0,6,-1.83,5,1,0,1,0,caucasian,22,2,0,1,single
46767.0,7,-1.6,6,1,0,1,0,caucasian,22,3,0,0,single
53447.0,5,-1.36,7,0,0,0,0,african-american,22,1,3,0,single
41633.0,9,-1.46,7,1,1,1,0,caucasian,22,2,1,0,single
57535.0,5,-1.77,5,0,0,0,0,caucasian,22,2,0,0,single
46276.0,3,-1.64,6,0,0,0,0,hispanic,22,2,0,0,significant other
59863.0,3,-2.03,4,0,0,0,1,caucasian,22,2,0,0,single
59407.0,8,-1.73,6,0,0,0,1,african-american,22,0,0,0,single
50698.0,6,-1.66,6,1,0,1,0,african-american,22,1,0,0,single
53348.0,7,-0.64,9,1,1,1,0,african-american,22,3,0,0,single
52253.0,8,-1.61,6,0,0,0,0,african-american,22,0,0,1,single
53174.0,7,-1.52,6,1,0,1,0,african-american,22,1,0,0,single
56615.0,3,-1.62,6,0,0,0,0,other,22,0,1,0,single
53392.0,7,-1.48,7,1,0,1,0,african-american,22,1,0,1,single
52311.0,5,-1.7,6,1,1,0,0,caucasian,22,0,0,0,single
56131.0,7,-1.14,8,1,0,1,0,african-american,22,2,1,0,single
56175.0,6,-1.17,8,1,0,1,0,african-american,22,0,0,1,single
54108.0,4,-1.7,6,0,0,0,0,african-american,22,1,0,0,single
54592.0,8,-1.65,6,1,0,1,0,caucasian,22,3,2,0,single
56828.0,8,-1.66,6,1,0,1,0,caucasian,22,1,1,0,single
62086.0,4,-1.75,5,1,0,1,0,other,22,5,0,0,single
49532.0,7,-1.41,7,0,0,0,0,african-american,22,3,1,0,single
59111.0,7,-1.56,6,0,0,0,0,african-american,22,1,0,0,single
55587.0,5,-1.76,5,1,0,1,0,caucasian,22,1,0,0,single
59890.0,3,-1.79,5,1,0,1,0,african-american,22,0,0,0,single
54231.0,3,-1.82,5,1,0,1,0,african-american,22,0,0,0,single
49437.0,10,-0.65,9,1,0,1,0,african-american,22,2,3,0,single
58505.0,9,-1.61,6,0,0,0,1,african-american,22,3,1,1,single
59091.0,4,-1.71,6,1,0,1,0,african-american,22,0,0,0,single
57145.0,7,-1.42,7,0,0,0,0,african-american,22,0,0,0,single
48235.0,6,-1.32,7,0,0,0,0,caucasian,22,1,1,0,single
53434.0,3,-1.8,5,0,0,0,0,african-american,22,0,0,0,single
51720.0,8,-1.45,7,1,0,1,0,caucasian,22,1,1,1,single
54115.0,7,-1.56,6,0,0,0,0,hispanic,22,0,1,0,single
53024.0,4,-1.76,5,1,0,1,0,caucasian,22,0,0,1,single
51951.0,7,-1.56,6,1,0,1,1,caucasian,22,0,0,0,single
52233.0,5,-1.84,5,1,1,1,0,hispanic,21,1,0,1,single
52771.0,4,-1.64,6,1,0,0,0,african-american,21,0,0,1,single
47312.0,10,-0.44,10,1,0,1,0,african-american,21,7,1,0,single
54248.0,7,-1.6,6,0,0,0,1,caucasian,21,1,0,1,single
52214.0,7,-1.02,8,1,0,1,0,african-american,21,1,0,0,single
60899.0,3,-1.79,5,0,0,0,0,african-american,21,0,0,0,single
58892.0,5,-1.73,6,0,0,0,0,african-american,21,1,0,1,single
52775.0,8,-1.4,7,1,0,1,1,african-american,21,0,0,0,single
57993.0,4,-1.54,6,0,0,0,0,african-american,21,1,0,1,single
55042.0,5,-1.58,6,1,0,1,0,caucasian,21,1,0,0,single
59968.0,4,-1.71,6,0,0,0,0,caucasian,21,1,0,0,single
55822.0,4,-1.42,7,0,0,0,0,african-american,21,0,0,0,single
58348.0,7,-1.36,7,1,0,1,0,african-american,21,0,0,0,single
52293.0,9,-0.27,10,0,0,0,0,african-american,21,1,0,0,single
60914.0,6,-1.89,5,0,0,0,0,caucasian,21,2,0,0,single
61507.0,4,-1.81,5,0,0,0,0,caucasian,21,1,0,0,single
57258.0,10,-0.52,10,1,1,1,0,african-american,21,2,0,0,single
54436.0,5,-1.4,7,0,0,0,0,african-american,21,0,0,0,single
61875.0,8,-1.68,6,0,0,0,0,hispanic,21,1,3,0,single
52329.0,10,-1.56,6,1,0,1,0,caucasian,21,3,3,0,single
51273.0,9,-1.08,8,1,1,1,0,african-american,21,1,0,0,single
49853.0,8,-1.0,8,1,0,0,0,african-american,21,1,0,0,single
53121.0,8,-1.02,8,0,0,0,0,african-american,21,0,0,0,single
58687.0,3,-1.84,5,1,1,1,0,caucasian,21,1,0,0,single
52663.0,9,-1.34,7,1,0,1,0,african-american,21,0,0,1,single
61531.0,9,-1.66,6,1,0,1,0,african-american,21,0,0,1,single
46822.0,4,-1.64,6,0,0,0,0,african-american,21,1,0,0,single
59028.0,7,-1.48,7,1,0,1,0,african-american,21,0,0,0,single
54435.0,4,-1.6,6,0,0,0,0,other,21,0,0,0,single
52646.0,9,-1.56,6,1,0,1,0,african-american,21,3,0,0,single
50920.0,4,-1.56,6,0,0,0,0,other,21,0,0,1,single
58472.0,7,-1.42,7,1,0,0,0,african-american,21,0,0,0,single
50834.0,8,-1.58,6,0,0,0,0,caucasian,21,1,0,0,single
62269.0,3,-1.84,5,1,1,1,0,caucasian,21,0,0,0,single
58001.0,6,-1.42,7,0,0,0,1,african-american,21,0,0,0,single
57274.0,8,-1.74,5,1,0,1,0,caucasian,21,0,0,0,single
52415.0,4,-1.64,6,1,0,1,0,african-american,21,0,0,1,single
54712.0,4,-1.64,6,0,0,0,0,hispanic,21,0,0,0,single
52334.0,6,-1.42,7,0,0,0,0,african-american,21,1,0,0,single
52344.0,8,-1.06,8,0,0,0,0,african-american,21,1,0,0,single
54977.0,4,-1.52,6,1,0,1,0,african-american,21,0,0,0,single
60891.0,7,-1.71,6,0,0,0,0,african-american,21,0,0,0,single
58794.0,6,-1.52,6,0,0,0,0,caucasian,21,2,0,0,single
59930.0,4,-1.66,6,1,0,1,0,other,21,0,0,0,single
57942.0,8,-1.22,8,1,0,1,0,african-american,21,3,2,1,single
51481.0,7,-1.06,8,1,1,0,1,african-american,21,3,5,0,single
51836.0,5,-1.56,6,1,0,1,1,african-american,21,0,0,0,single
57073.0,5,-1.74,5,0,0,0,0,hispanic,21,0,0,0,single
46563.0,8,-0.96,9,0,0,0,0,african-american,21,1,0,0,single
54671.0,6,-1.32,7,1,0,1,0,caucasian,21,0,0,1,single
54166.0,9,-1.56,6,1,0,1,0,african-american,21,1,2,0,single
53779.0,5,-1.4,7,0,0,0,0,caucasian,21,0,1,1,single
59900.0,8,-1.1,8,1,0,1,1,african-american,21,4,4,1,single
54747.0,7,-1.36,7,1,1,1,0,african-american,21,0,0,0,significant other
59990.0,4,-1.82,5,0,0,0,1,african-american,21,0,0,1,single
59997.0,5,-1.7,6,0,0,0,1,african-american,21,0,0,1,single
60927.0,5,-1.73,6,0,0,0,0,african-american,21,0,0,0,single
56989.0,8,-0.79,9,0,0,0,0,caucasian,21,1,3,0,single
53892.0,8,-1.44,7,1,0,1,0,african-american,21,0,0,0,single
57088.0,4,-1.5,6,0,0,0,0,caucasian,21,1,0,0,single
53217.0,7,-1.44,7,0,0,0,0,african-american,21,1,0,0,single
60910.0,5,-1.6,6,0,0,0,0,african-american,21,0,0,0,single
55820.0,5,-1.68,6,0,0,0,0,hispanic,21,0,0,0,single
56356.0,7,-1.12,8,0,0,0,0,caucasian,21,3,0,1,single
52261.0,4,-1.56,6,0,0,0,0,other,21,1,0,0,single
51468.0,3,-1.53,6,1,0,0,0,caucasian,21,1,2,1,single
56311.0,5,-1.4,7,1,0,0,0,african-american,21,1,0,0,single
60491.0,7,-1.38,7,1,0,1,0,caucasian,21,0,0,0,single
56822.0,9,-0.7,9,1,0,1,0,african-american,21,2,0,0,single
46899.0,7,-1.36,7,0,0,0,0,african-american,21,1,0,0,single
60085.0,4,-1.62,6,1,0,1,0,african-american,21,1,0,0,single
53894.0,10,-0.85,9,1,0,1,1,african-american,21,0,0,0,single
49449.0,8,-1.16,8,0,0,0,1,african-american,21,2,0,0,single
55039.0,6,-1.68,6,1,1,1,0,other,21,0,1,0,single
51891.0,4,-1.41,7,0,0,0,0,caucasian,21,0,0,0,single
51636.0,5,-1.41,7,0,0,0,1,african-american,21,0,0,1,single
56218.0,4,-1.52,6,0,0,0,0,african-american,21,0,0,1,single
53077.0,6,-1.84,5,0,0,0,0,african-american,21,1,0,0,single
53859.0,6,-1.52,6,1,0,1,0,caucasian,21,1,0,0,single
50855.0,8,-1.2,8,1,1,0,0,african-american,21,1,1,1,single
52807.0,9,-1.6,6,1,1,1,0,african-american,21,3,3,0,single
52168.0,10,-0.67,9,1,0,1,0,african-american,21,0,0,0,single
52715.0,4,-1.86,5,0,0,0,0,caucasian,21,0,0,0,single
55775.0,9,-1.44,7,1,0,1,0,african-american,21,2,1,1,single
53904.0,4,-1.56,6,1,1,1,0,hispanic,21,0,0,1,single
59484.0,4,-1.54,6,0,0,0,0,african-american,21,0,0,0,single
51314.0,7,-1.36,7,1,0,1,0,african-american,21,0,0,0,single
56776.0,6,-1.48,7,0,0,0,1,caucasian,21,0,0,0,single
60428.0,3,-1.9,5,0,0,0,1,african-american,21,2,0,1,single
54104.0,4,-1.8,5,0,0,0,0,other,21,0,0,0,single
51739.0,10,-0.77,9,0,0,0,1,african-american,21,0,0,0,single
51175.0,2,-1.77,5,0,0,0,0,caucasian,21,0,0,1,single
60635.0,8,-1.32,7,1,0,1,0,african-american,21,0,1,0,single
57669.0,10,-0.57,10,1,0,1,0,hispanic,21,4,1,0,single
61279.0,3,-1.74,5,1,0,1,0,african-american,21,0,0,1,single
54113.0,6,-1.5,6,1,0,1,0,other,21,1,0,0,single
56008.0,9,-1.53,6,1,1,1,0,caucasian,21,0,0,0,single
61617.0,5,-1.98,4,0,0,0,0,caucasian,21,1,0,0,single
41644.0,8,-0.81,9,1,1,1,0,hispanic,21,1,1,0,single
60060.0,9,-0.68,9,1,1,1,0,african-american,21,0,0,0,single
54020.0,3,-1.76,5,0,0,0,0,caucasian,21,1,0,0,single
65395.0,5,-1.38,7,1,0,1,0,other,21,0,0,0,single
52891.0,3,-1.57,6,0,0,0,0,caucasian,21,1,0,0,single
55817.0,5,-1.64,6,1,0,1,1,african-american,21,0,0,0,single
57083.0,4,-1.6,6,1,0,1,0,african-american,21,1,0,0,single
60238.0,6,-1.58,6,1,0,1,0,african-american,21,1,0,0,single
58070.0,4,-1.62,6,1,0,1,0,other,21,1,0,0,single
53424.0,4,-1.64,6,1,0,1,0,african-american,21,0,0,0,single
56855.0,6,-1.7,6,1,1,1,0,african-american,21,1,0,0,single
55336.0,10,-1.25,8,1,0,1,1,african-american,21,2,0,0,single
55493.0,6,-1.56,6,0,0,0,0,african-american,21,0,0,0,single
60366.0,3,-1.66,6,0,0,0,0,hispanic,21,0,0,1,single
54237.0,5,-1.6,6,0,0,0,1,african-american,21,0,0,0,single
60147.0,9,-0.83,9,1,0,1,0,caucasian,21,0,0,0,single
56672.0,10,-1.53,6,1,0,1,0,african-american,21,2,0,0,single
51370.0,6,-0.67,9,1,0,1,0,african-american,21,0,0,0,single
60715.0,3,-1.82,5,0,0,0,0,african-american,21,0,0,0,single
49739.0,8,-1.64,6,0,0,0,0,african-american,21,4,0,0,single
59640.0,4,-1.38,7,1,1,1,0,caucasian,21,1,0,1,single
60011.0,3,-1.74,5,0,0,0,0,african-american,21,0,0,1,single
56446.0,10,-0.74,9,1,0,1,0,hispanic,21,0,0,1,single
53800.0,8,-0.93,9,0,0,0,0,african-american,21,0,0,0,significant other
52407.0,6,-1.25,8,0,0,0,1,caucasian,21,0,2,0,significant other
57202.0,3,-1.8,5,0,0,0,0,african-american,21,1,0,0,single
61266.0,4,-1.58,6,0,0,0,0,african-american,21,0,0,1,single
55828.0,9,-0.89,9,1,1,1,0,african-american,21,1,0,0,single
50850.0,6,-1.29,7,0,0,0,1,african-american,21,0,0,1,significant other
61633.0,7,-1.09,8,0,0,0,0,african-american,21,0,0,0,single
61786.0,9,-1.24,8,1,0,1,0,african-american,21,1,0,0,single
55066.0,5,-1.6,6,0,0,0,1,caucasian,21,0,0,0,single
55073.0,6,-1.6,6,0,0,0,0,african-american,21,1,0,0,single
57688.0,4,-1.6,6,0,0,0,0,african-american,21,0,0,0,single
56888.0,4,-1.76,5,0,0,0,1,other,21,0,0,1,single
50997.0,8,-1.18,8,0,0,0,0,african-american,21,0,0,0,single
59272.0,6,-1.1,8,0,0,0,0,caucasian,21,1,1,1,single
59819.0,8,-1.32,7,1,1,1,0,african-american,21,0,0,0,single
52999.0,9,-0.81,9,1,0,1,0,african-american,21,0,1,0,single
53199.0,4,-1.69,6,1,0,1,1,other,21,2,0,0,single
65326.0,8,-1.76,9,1,0,1,0,african-american,21,0,1,0,single
58183.0,7,-1.02,8,1,0,1,0,african-american,21,1,0,0,single
53225.0,8,-1.32,7,1,1,1,0,caucasian,21,0,0,0,single
50037.0,10,-0.73,9,1,0,1,0,african-american,21,2,3,0,single
52304.0,10,-0.64,9,1,1,1,0,african-american,21,0,0,0,single
58236.0,9,-1.53,6,0,0,0,1,african-american,21,2,1,0,single
51212.0,7,-1.31,7,0,0,0,0,african-american,21,0,0,0,single
54339.0,6,-0.96,9,0,0,0,0,caucasian,21,1,0,0,single
60712.0,7,-1.56,6,1,0,1,0,african-american,21,3,0,0,single
56527.0,9,-0.79,9,0,0,0,0,african-american,21,0,0,1,single
52242.0,10,-1.14,8,1,0,0,0,caucasian,21,2,4,1,significant other
52341.0,7,-1.43,7,1,0,1,0,african-american,21,0,0,0,single
59985.0,5,-1.54,6,1,0,1,1,caucasian,21,0,0,1,single
60063.0,3,-1.78,5,0,0,0,0,caucasian,21,0,1,1,single
60796.0,4,-1.6,6,1,0,1,0,african-american,21,1,2,0,single
59027.0,3,-1.62,6,1,0,1,0,african-american,21,0,0,0,single
54522.0,4,-1.61,6,1,0,1,1,hispanic,21,0,1,1,single
52995.0,10,-0.72,9,1,1,1,0,african-american,21,0,3,0,single
58678.0,7,-1.76,5,0,0,0,1,caucasian,21,0,0,0,single
58121.0,9,-1.14,8,1,1,1,0,african-american,21,1,1,0,single
62017.0,5,-1.5,6,0,0,0,1,african-american,21,0,0,1,single
56125.0,6,-1.68,6,1,1,1,0,african-american,21,3,0,0,single
54220.0,3,-1.53,6,1,0,1,0,caucasian,21,1,1,0,single
53806.0,9,-1.16,8,1,0,1,0,african-american,21,0,0,1,single
62186.0,8,-1.36,7,0,0,0,0,african-american,21,1,1,0,single
50428.0,6,-1.32,7,1,0,1,0,caucasian,21,1,1,0,single
55105.0,4,-1.48,7,1,0,1,0,caucasian,21,0,0,1,single
57452.0,8,-1.44,7,0,0,0,0,african-american,21,1,1,0,single
62226.0,5,-1.4,8,1,1,1,0,african-american,21,1,0,0,single
56722.0,6,-0.97,9,1,0,1,0,hispanic,21,0,0,0,single
61516.0,8,-1.08,8,1,0,1,0,african-american,21,2,0,1,single
52647.0,3,-1.61,6,0,0,0,0,caucasian,21,1,0,0,single
58424.0,4,-1.64,6,1,0,1,0,hispanic,21,0,0,0,single
53851.0,10,-0.65,9,1,0,1,0,african-american,21,1,0,0,single
56521.0,5,-1.36,7,1,1,1,0,african-american,21,0,0,0,single
54021.0,9,-0.63,9,1,0,1,0,african-american,21,1,0,0,single
54307.0,9,-0.86,9,0,0,0,1,african-american,21,1,0,0,single
58425.0,7,-1.5,6,0,0,0,0,hispanic,21,0,0,0,single
54768.0,9,-0.42,10,0,0,0,0,african-american,21,0,0,0,single
53288.0,7,-1.49,7,0,0,0,0,caucasian,21,0,0,1,single
53221.0,9,-0.68,9,0,0,0,0,african-american,21,0,1,0,single
53440.0,4,-1.37,7,1,0,1,0,african-american,21,1,1,1,single
58870.0,7,-1.54,6,1,0,1,0,african-american,21,3,0,0,single
59971.0,10,-0.61,10,1,0,1,0,african-american,21,1,3,0,single
52622.0,5,-1.42,7,0,0,0,0,caucasian,21,0,0,0,single
52371.0,10,-0.37,10,1,0,1,0,african-american,21,1,0,0,single
51497.0,6,-1.67,6,1,1,1,1,african-american,21,1,1,0,single
56244.0,5,-1.68,6,1,0,1,1,african-american,21,1,0,1,single
56278.0,4,-1.6,6,0,0,0,0,african-american,21,2,0,0,single
52278.0,9,-1.16,8,1,0,1,0,african-american,21,0,0,0,single
52132.0,9,-0.56,10,1,0,1,0,african-american,21,0,0,0,single
53019.0,3,-1.65,6,1,0,1,0,hispanic,21,0,0,0,single
61793.0,2,-1.9,5,1,0,1,0,african-american,21,0,0,1,single
61723.0,4,-1.8,5,0,0,0,0,caucasian,21,1,0,0,single
52301.0,3,-1.53,6,0,0,0,0,hispanic,21,0,0,0,single
56991.0,6,-1.44,7,1,0,1,0,other,21,0,1,1,single
59740.0,7,-1.68,6,1,1,1,0,caucasian,21,4,1,1,single
53458.0,5,-1.25,8,0,0,0,0,african-american,21,0,0,1,single
57367.0,8,-0.99,9,1,0,0,1,caucasian,21,1,0,0,single
55727.0,3,-1.4,7,1,0,1,0,african-american,21,0,1,0,single
53449.0,3,-1.49,7,1,1,1,0,other,21,0,0,0,single
60270.0,4,-1.58,6,0,0,0,0,caucasian,21,0,0,1,single
51594.0,3,-1.61,6,0,0,0,0,caucasian,21,0,0,0,single
58305.0,6,-1.09,8,0,0,0,0,african-american,21,2,2,0,single
58992.0,9,-1.02,8,1,0,1,0,african-american,21,1,1,0,single
61636.0,5,-1.42,7,0,0,0,0,african-american,21,1,0,1,single
57117.0,10,-0.98,9,1,0,1,0,african-american,21,0,1,1,single
54361.0,5,-1.49,7,0,0,0,1,caucasian,21,0,0,1,single
55090.0,9,-0.57,10,1,0,1,0,hispanic,21,0,2,0,single
54215.0,10,-1.18,8,0,0,0,0,hispanic,21,0,0,0,single
52529.0,7,-1.04,8,1,0,1,0,african-american,21,4,4,0,single
60419.0,10,-0.76,9,0,0,0,0,african-american,21,2,1,0,single
56129.0,5,-1.64,6,1,0,0,0,hispanic,21,3,1,0,single
52617.0,6,-1.22,8,0,0,0,0,other,21,0,0,0,single
59670.0,2,-1.96,5,0,0,0,0,african-american,21,1,0,0,single
54208.0,6,-1.26,7,1,0,0,1,african-american,21,2,1,0,single
51706.0,9,-1.2,8,1,0,0,0,african-american,21,1,1,0,single
51678.0,9,-0.65,9,1,1,1,0,caucasian,21,2,4,1,single
62244.0,4,-1.54,6,0,0,0,0,african-american,21,0,0,0,single
51714.0,6,-1.5,6,0,0,0,0,other,21,0,0,0,single
55425.0,3,-1.53,6,1,0,0,0,african-american,21,1,1,0,single
59824.0,4,-1.3,7,0,0,0,0,caucasian,21,1,0,0,single
52230.0,5,-1.21,8,1,0,0,0,african-american,21,0,0,0,single
59639.0,5,-0.91,9,0,0,0,0,hispanic,21,1,0,0,single
61544.0,3,-1.78,5,0,0,0,0,african-american,21,0,1,0,single
66976.0,5,-1.24,5,1,1,1,0,hispanic,21,2,1,0,single
61862.0,4,-1.22,8,0,0,0,0,african-american,21,0,0,0,single
59231.0,9,-1.36,7,0,0,0,0,african-american,21,2,1,0,single
53180.0,7,-1.16,8,1,0,1,0,caucasian,21,1,2,0,single
54230.0,8,-1.28,7,1,0,1,1,african-american,21,0,0,0,single
54770.0,6,-1.32,7,0,0,0,0,other,21,0,0,1,single
60309.0,8,-0.96,9,1,1,1,0,caucasian,21,0,0,1,significant other
57242.0,10,-1.35,7,1,0,1,0,african-american,21,2,4,0,single
60829.0,6,-1.56,6,0,0,0,1,caucasian,21,1,0,0,single
56916.0,9,-1.12,8,0,0,0,0,hispanic,21,1,2,0,single
60883.0,6,-1.56,6,1,0,1,0,african-american,21,2,1,0,single
60425.0,7,-1.2,8,1,0,1,0,african-american,21,2,0,0,single
54836.0,7,-1.3,7,1,1,1,1,caucasian,21,3,4,1,single
58728.0,4,-1.48,7,1,0,1,0,african-american,21,0,0,0,single
52824.0,7,-1.16,8,0,0,0,0,other,21,1,1,0,single
58285.0,9,-0.7,9,1,1,1,0,caucasian,21,2,9,0,single
59187.0,8,-1.32,7,0,0,0,0,african-american,21,1,0,0,single
61821.0,5,-1.74,5,1,0,1,1,caucasian,21,0,1,1,single
56995.0,9,-1.37,8,1,1,1,0,african-american,21,2,2,1,single
52776.0,10,-0.19,10,1,0,1,0,african-american,21,1,1,0,single
59440.0,6,-1.5,6,0,0,0,0,african-american,21,0,0,1,single
54772.0,5,-1.29,7,0,0,0,0,african-american,21,0,0,0,single
62064.0,9,-1.25,8,0,0,0,0,caucasian,21,0,0,0,single
53215.0,9,-0.72,9,1,0,1,0,african-american,21,0,0,0,single
56824.0,9,-0.96,9,0,0,0,0,african-american,21,2,2,0,single
54690.0,8,-0.38,10,1,1,1,0,caucasian,21,0,0,0,single
61249.0,8,-0.77,9,1,0,1,0,african-american,21,0,0,0,single
61284.0,10,-1.37,7,0,0,0,0,african-american,21,0,0,1,single
59173.0,4,-1.88,5,0,0,0,1,caucasian,21,0,0,0,single
53184.0,5,-1.37,7,0,0,0,0,african-american,21,1,1,0,single
54131.0,8,-1.47,7,1,0,1,1,african-american,21,0,0,0,single
58665.0,7,-1.5,6,1,1,1,0,african-american,21,1,0,1,single
57467.0,8,-1.52,6,1,1,1,0,hispanic,21,1,1,0,significant other
59622.0,5,-1.46,7,0,0,0,0,african-american,21,0,0,0,single
54798.0,5,-1.54,6,1,1,1,0,african-american,21,3,2,0,single
54068.0,10,-0.38,10,1,0,1,0,african-american,21,3,5,0,single
59320.0,6,-1.26,7,1,0,1,0,african-american,21,0,0,0,single
58444.0,3,-1.72,6,0,0,0,0,hispanic,21,0,0,1,single
59067.0,5,-1.72,6,1,0,1,0,hispanic,21,1,1,0,single
54783.0,4,-1.45,7,1,0,1,0,caucasian,21,0,0,1,single
56731.0,6,-1.04,8,0,0,0,1,african-american,21,0,0,0,single
61428.0,5,-1.08,8,1,1,1,0,other,21,0,0,0,single
58286.0,9,-1.62,6,1,0,1,0,african-american,21,4,0,0,single
58576.0,4,-1.68,6,1,0,1,0,other,21,0,0,0,single
60537.0,6,-1.52,6,1,0,1,0,hispanic,21,0,0,0,single
60753.0,7,-0.85,9,0,0,0,0,african-american,21,1,3,0,single
56834.0,3,-1.53,6,0,0,0,0,african-american,21,1,0,0,single
61336.0,8,-1.5,6,0,0,0,0,african-american,20,0,0,0,single
57269.0,10,-0.63,9,1,1,1,0,caucasian,20,0,0,1,single
56513.0,4,-1.41,7,0,0,0,0,caucasian,20,0,0,0,single
55514.0,3,-1.39,7,1,1,1,0,african-american,20,1,1,0,single
65392.0,9,-0.82,10,1,0,1,0,caucasian,20,1,1,0,single
59951.0,3,-1.72,6,0,0,0,0,african-american,20,0,0,0,single
54465.0,10,-1.22,8,1,0,1,0,african-american,20,1,2,0,single
56457.0,5,-1.37,7,1,0,0,1,african-american,20,3,3,1,single
56021.0,8,-1.41,7,1,0,1,0,caucasian,20,1,3,0,single
56772.0,5,-0.88,9,1,0,1,0,caucasian,20,0,0,0,single
56200.0,10,-0.67,9,1,0,1,0,caucasian,20,0,0,1,single
57806.0,5,-1.21,8,1,1,1,0,other,20,0,0,0,single
61185.0,4,-1.6,6,0,0,0,0,caucasian,20,1,0,0,single
62304.0,3,-1.92,5,0,0,0,0,african-american,20,1,0,0,single
58388.0,8,-1.44,7,1,0,1,0,african-american,20,2,0,0,single
57268.0,6,-0.92,9,1,0,1,0,caucasian,20,0,1,0,single
58677.0,10,-1.22,8,1,1,1,0,other,20,8,9,0,single
57511.0,4,-1.57,6,0,0,0,1,caucasian,20,1,0,0,single
58825.0,4,-1.37,7,1,1,1,0,african-american,20,1,0,1,single
58355.0,4,-1.45,7,1,0,1,0,african-american,20,1,1,0,single
60955.0,3,-1.72,6,0,0,0,0,african-american,20,0,0,0,single
61628.0,4,-1.72,6,0,0,0,1,other,20,1,0,1,significant other
59541.0,3,-1.84,5,0,0,0,0,african-american,20,0,0,0,single
58729.0,7,-1.46,7,1,0,1,1,african-american,20,0,0,1,single
61079.0,10,-1.04,8,1,0,1,0,hispanic,20,1,0,0,single
60568.0,4,-1.64,6,1,0,1,0,african-american,20,0,0,0,single
56330.0,7,-0.96,9,1,1,1,0,african-american,20,0,0,0,single
60896.0,6,-1.6,6,0,0,0,0,african-american,20,0,0,0,single
56229.0,10,-0.42,10,0,0,0,0,caucasian,20,4,4,0,single
56207.0,3,-1.53,6,0,0,0,0,african-american,20,0,0,0,single
56589.0,8,-0.61,10,1,1,1,0,african-american,20,1,1,0,single
60243.0,2,-1.92,5,1,0,1,0,caucasian,20,1,2,0,single
59201.0,4,-1.65,6,0,0,0,1,caucasian,20,0,0,0,single
62271.0,10,-1.06,8,1,1,1,1,caucasian,20,3,3,1,single
57116.0,5,-1.49,7,0,0,0,1,african-american,20,0,0,1,single
58242.0,9,-0.76,9,0,0,0,0,african-american,20,0,0,0,single
57769.0,4,-1.41,7,1,1,0,0,african-american,20,0,0,1,single
60347.0,2,-2.0,4,1,0,1,0,other,20,3,3,1,single
59535.0,5,-1.49,7,1,0,1,1,other,20,0,0,1,single
60304.0,5,-1.52,6,1,0,1,0,african-american,20,0,0,0,single
59424.0,10,-1.32,7,1,1,1,0,african-american,20,4,3,0,single
60711.0,3,-1.84,5,1,0,1,0,caucasian,20,0,3,0,single
57529.0,8,-1.06,8,1,0,1,0,hispanic,20,2,3,0,single
56342.0,7,-1.06,8,1,0,1,0,african-american,20,0,0,0,single
59485.0,6,-1.25,8,0,0,0,1,african-american,20,0,0,0,single
59266.0,5,-1.04,8,1,0,1,0,african-american,20,1,3,1,single
58146.0,8,-1.41,7,1,1,1,0,african-american,20,1,0,0,single
56482.0,4,-1.37,7,1,0,1,0,other,20,0,0,1,single
61936.0,3,-1.8,5,0,0,0,0,hispanic,20,0,2,0,single
58118.0,2,-1.69,6,0,0,0,0,african-american,20,1,2,0,single
58859.0,4,-1.37,7,0,0,0,0,african-american,20,0,1,0,single
57680.0,4,-1.45,7,0,0,0,0,other,20,0,0,0,single
49070.0,3,-1.56,6,1,1,1,0,african-american,20,1,1,0,single
61157.0,4,-1.72,6,0,0,0,1,african-american,20,0,0,0,single
59995.0,3,-1.53,6,1,0,1,0,african-american,20,0,0,1,single
57798.0,5,-1.53,6,0,0,0,1,caucasian,20,1,0,0,single
60827.0,4,-1.72,6,0,0,0,0,african-american,20,1,0,1,single
61790.0,10,-0.36,10,1,0,1,0,caucasian,20,0,0,0,single
58350.0,4,-1.41,7,0,0,0,0,caucasian,20,0,5,1,single
57583.0,5,-1.34,7,1,0,1,0,african-american,20,2,4,0,single
59276.0,4,-1.37,7,1,0,1,0,african-american,20,0,0,1,single
57172.0,3,-1.61,6,0,0,0,0,caucasian,20,0,0,0,single
60094.0,7,-1.12,8,1,1,1,1,african-american,20,0,1,1,single
62005.0,4,-1.64,6,1,0,1,0,hispanic,20,0,0,1,single
60117.0,6,-1.33,7,1,0,1,1,african-american,20,1,0,0,single
58251.0,5,-1.6,6,0,0,0,0,other,20,0,0,1,significant other
58439.0,3,-1.53,6,0,0,0,0,african-american,20,0,0,0,single
62303.0,9,-1.18,8,0,0,0,0,african-american,20,1,0,0,single
61870.0,4,-1.68,6,0,0,0,0,caucasian,20,0,0,0,single
57742.0,10,-1.23,8,1,0,1,0,african-american,20,2,1,0,single
59529.0,10,-0.56,10,1,0,1,0,caucasian,20,1,2,0,single
57618.0,5,-1.25,8,1,0,1,0,african-american,20,1,2,0,single
59581.0,8,-0.89,9,1,0,1,0,hispanic,20,2,2,0,single
59138.0,10,-0.61,10,0,0,0,1,african-american,20,1,1,0,single
58995.0,6,-1.59,6,1,0,1,1,african-american,20,0,0,0,single
59367.0,9,-1.3,7,1,0,1,0,african-american,20,2,1,0,single
61907.0,4,-1.41,7,0,0,0,0,caucasian,20,0,2,0,single
60015.0,3,-1.69,6,0,0,0,0,caucasian,20,0,0,1,single
60908.0,8,-1.37,7,1,0,1,0,african-american,20,2,3,0,single
58930.0,4,-1.37,7,1,0,1,0,caucasian,20,0,0,0,single
68249.0,8,-1.46,8,1,0,1,0,african-american,20,1,1,0,single
58960.0,7,-1.22,8,0,0,0,1,caucasian,20,0,0,0,single
59088.0,10,-0.24,10,1,1,1,0,african-american,20,1,0,0,single
58292.0,9,-0.81,9,1,0,1,0,african-american,20,4,4,0,single
57900.0,6,-1.25,8,0,0,0,0,african-american,20,0,0,0,single
60878.0,5,-1.37,7,1,1,1,0,african-american,20,0,0,0,single
59086.0,8,-1.0,8,0,0,0,0,african-american,20,0,0,0,single
61112.0,10,-0.76,9,1,0,1,0,other,20,1,0,0,single
58997.0,4,-1.41,7,1,1,0,0,african-american,20,0,2,0,single
59380.0,4,-1.61,6,1,0,1,1,african-american,20,0,0,1,single
60328.0,9,-1.13,8,1,0,1,0,african-american,20,0,0,0,single
59974.0,7,-1.51,6,1,0,1,0,caucasian,20,0,0,0,single
59450.0,2,-1.73,6,0,0,0,0,caucasian,20,0,2,0,single
60078.0,8,-1.53,6,1,0,1,1,caucasian,20,1,0,0,single
60330.0,3,-1.53,6,0,0,0,0,african-american,20,0,0,0,single
60898.0,4,-1.53,6,0,0,0,1,african-american,20,0,0,0,single
60039.0,4,-1.33,7,0,0,0,0,caucasian,20,0,2,0,single
61542.0,5,-1.37,7,0,0,0,1,other,20,0,0,1,single
61978.0,5,-1.41,7,0,0,0,1,african-american,20,0,0,0,single
52914.0,4,-1.33,7,0,0,0,1,other,20,1,1,0,single
60991.0,5,-1.41,7,0,0,0,1,african-american,20,0,0,0,single
61011.0,6,-1.13,8,0,0,0,0,african-american,20,1,1,0,single
52906.0,8,-0.59,10,1,0,1,0,african-american,20,2,2,0,single
58396.0,4,-1.35,7,1,0,1,0,african-american,20,9,9,0,single
60859.0,4,-1.41,7,0,0,0,0,caucasian,20,0,0,1,single
60705.0,6,-0.73,9,1,0,1,0,other,20,0,0,1,single
60722.0,3,-1.73,6,1,1,0,1,caucasian,20,0,0,0,single
62328.0,6,-1.43,7,1,1,1,0,caucasian,20,0,1,0,single
61437.0,10,-0.51,10,1,0,1,0,african-american,20,1,1,0,single
61722.0,10,-1.25,8,1,0,1,0,african-american,20,1,2,0,single
61575.0,8,-1.38,7,1,0,1,0,african-american,20,0,0,0,single
62208.0,8,-1.31,7,0,0,0,1,african-american,20,0,0,0,single
60500.0,8,-0.4,10,1,0,1,0,hispanic,20,1,1,0,single
61911.0,4,-1.56,6,1,0,1,0,african-american,20,1,1,0,single
59646.0,7,-0.82,9,1,0,1,0,caucasian,20,1,1,0,single
62298.0,10,-0.41,10,1,1,1,0,african-american,20,0,0,1,single
59613.0,10,-0.21,10,1,0,1,0,african-american,20,6,7,0,single
60800.0,3,-1.59,6,0,0,0,0,african-american,20,1,1,0,single
50984.0,6,-1.23,8,1,1,1,1,caucasian,19,1,2,1,single
57487.0,9,-0.25,10,1,1,0,0,hispanic,19,1,1,0,single
59598.0,9,-0.75,9,1,0,1,0,african-american,19,2,3,0,single
60648.0,10,-0.4,10,1,0,1,0,african-american,19,1,1,0,single
59243.0,10,-0.92,9,1,1,1,0,african-american,19,3,3,0,single
60961.0,10,0.38,10,1,1,1,0,african-american,19,1,2,0,single
59008.0,8,-0.86,9,1,0,1,0,african-american,19,2,3,0,single
