person_id,decile_score,rawscore,v_decile_score,is_recid,is_violent_recid,two_year_recid,sex,race,age,days_in_jail,priors_count,juv_priors_count,c_charge_degree,maritalstatus
62384.0,2,-3.03,1,1,0,1,0,hispanic,96,0.8503009259259259,2,0,0,other
50959.0,1,-4.5,1,0,0,0,0,hispanic,83,0.9557986111111112,0,0,1,significant other
53038.0,1,-4.63,1,0,0,0,0,caucasian,80,0.557349537037037,0,0,1,significant other
56006.0,1,-4.05,1,0,0,0,0,caucasian,79,1.1339699074074074,1,0,1,separated
57794.0,1,-3.23,1,0,0,0,0,african-american,77,0.06375,0,0,1,significant other
62414.0,1,-4.46,1,1,1,1,0,african-american,77,2.319548611111111,1,0,1,significant other
56536.0,1,-3.62,1,0,0,0,0,caucasian,77,3.263310185185185,1,0,1,single
57847.0,1,-4.47,1,0,0,0,0,other,76,1.9898958333333332,0,0,0,single
55835.0,4,-4.02,1,1,0,1,0,caucasian,75,30.32474537037037,1,0,0,significant other
56183.0,1,-4.33,1,0,0,0,0,hispanic,75,102.05957175925926,1,0,0,significant other
56070.0,1,-3.83,1,0,0,0,1,african-american,75,1.1177314814814814,5,0,0,single
58790.0,1,-4.23,1,0,0,0,1,african-american,74,0.6091550925925926,0,0,0,single
52768.0,1,-4.34,1,0,0,0,0,caucasian,74,9.59230324074074,2,0,0,other
59024.0,1,-4.35,1,0,0,0,1,caucasian,74,0.1882986111111111,0,0,1,other
58245.0,1,-3.61,1,0,0,0,0,caucasian,74,0.8862268518518519,0,0,1,single
51097.0,1,-4.45,1,0,0,0,0,caucasian,74,1.005335648148148,0,0,1,single
62293.0,1,-4.29,1,0,0,0,0,caucasian,73,1.0186458333333333,0,0,1,single
57523.0,4,-3.67,1,0,0,0,0,caucasian,72,0.431412037037037,7,0,0,single
55122.0,1,-3.85,1,0,0,0,0,caucasian,72,1.0282175925925925,1,0,1,separated
62112.0,1,-4.26,1,0,0,0,0,caucasian,72,4.60474537037037,3,0,0,single
9038.0,2,-3.2,1,0,0,0,0,caucasian,71,0.6334953703703704,13,0,0,separated
38597.0,1,-2.73,2,0,0,0,0,african-american,71,24.91118055555556,8,0,0,separated
55564.0,1,-4.4,1,0,0,0,0,caucasian,71,3.972488425925926,1,0,1,single
34034.0,1,-4.47,1,0,0,0,0,caucasian,71,0.1305555555555555,3,0,1,single
61108.0,1,-4.4,1,0,0,0,0,caucasian,70,0.5978587962962963,0,0,1,single
62279.0,1,-4.2,1,1,0,1,0,caucasian,70,12.997962962962964,11,0,0,single
54079.0,1,-4.09,1,0,0,0,1,other,70,0.9709722222222222,0,0,0,significant other
52667.0,1,-4.53,1,0,0,0,0,african-american,70,1.066712962962963,0,0,1,significant other
54034.0,1,-3.35,1,0,0,0,0,caucasian,70,12.976851851851851,1,0,1,significant other
51618.0,1,-4.39,1,0,0,0,1,african-american,70,1.9939814814814816,1,0,0,single
52941.0,1,-2.94,2,1,0,1,0,caucasian,69,152.1202199074074,6,0,1,separated
61288.0,1,-4.11,1,0,0,0,1,hispanic,69,0.1111458333333333,0,0,1,separated
61684.0,1,-3.94,1,1,0,1,0,african-american,69,1.174201388888889,1,0,0,separated
51367.0,5,-2.99,1,0,0,0,0,caucasian,69,0.8913773148148149,0,0,0,separated
58185.0,3,-3.61,1,0,0,0,1,caucasian,69,1.0093865740740742,5,0,0,significant other
57706.0,1,-4.53,1,1,0,1,0,caucasian,69,0.8416319444444444,0,0,1,separated
51829.0,1,-3.45,1,0,0,0,1,caucasian,69,0.3180208333333333,2,0,1,significant other
51713.0,1,-4.3,1,0,0,0,0,caucasian,69,0.9471180555555556,0,0,1,separated
55773.0,1,-4.46,1,0,0,0,0,caucasian,69,0.8819791666666666,0,0,1,single
56257.0,1,-2.73,2,0,0,0,0,african-american,69,0.2220023148148148,3,0,1,significant other
37476.0,5,-2.0,4,0,0,0,0,african-american,69,1.1517592592592591,22,0,1,separated
57804.0,1,-4.26,1,0,0,0,0,other,69,0.8643287037037037,0,0,1,significant other
62373.0,1,-4.06,1,0,0,0,0,hispanic,69,0.8051388888888888,0,0,1,significant other
56418.0,1,-4.31,1,0,0,0,0,other,69,0.9844675925925926,0,0,0,single
61111.0,1,-3.17,1,0,0,0,0,caucasian,68,11.217141203703704,4,0,1,single
59878.0,4,-2.82,2,0,0,0,0,african-american,68,0.2317361111111111,2,0,0,single
58264.0,2,-3.89,1,0,0,0,1,african-american,68,0.8350925925925926,5,0,0,separated
50994.0,1,-4.32,1,0,0,0,0,caucasian,68,3.185,0,0,1,other
57967.0,1,-3.57,1,0,0,0,0,caucasian,68,0.7890393518518518,2,0,0,significant other
57469.0,4,-3.18,1,0,0,0,0,african-american,68,2.7735300925925928,6,0,1,single
57305.0,1,-4.42,1,0,0,0,0,hispanic,68,0.8138657407407407,0,0,1,significant other
51890.0,7,-1.54,6,1,1,1,0,caucasian,68,5.200625,7,0,0,single
55571.0,2,-3.2,1,0,0,0,0,african-american,68,26.22061342592593,1,0,0,separated
54498.0,1,-4.4,1,0,0,0,0,caucasian,67,1.825208333333333,0,0,0,single
60232.0,1,-4.04,1,0,0,0,0,caucasian,67,0.1419328703703703,0,0,1,significant other
53703.0,3,-3.08,1,0,0,0,0,caucasian,67,0.5634953703703703,1,0,0,single
52249.0,1,-3.86,1,1,0,1,0,caucasian,67,24.10491898148148,0,0,0,single
56578.0,1,-4.19,1,0,0,0,0,other,67,0.6803935185185185,0,0,1,single
51619.0,1,-4.14,1,0,0,0,1,african-american,67,1.9172222222222224,0,0,0,other
60235.0,2,-3.64,1,0,0,0,0,caucasian,67,28.01601851851852,2,0,0,single
60725.0,1,-3.33,1,0,0,0,1,caucasian,67,0.7555555555555555,0,0,1,other
51584.0,1,-4.31,1,0,0,0,0,caucasian,67,1.242210648148148,3,0,0,single
60550.0,1,-4.25,1,0,0,0,0,caucasian,67,46.14804398148148,2,0,0,single
54327.0,1,-4.03,1,0,0,0,0,caucasian,67,1.0500347222222222,0,0,1,significant other
57320.0,1,-4.21,1,0,0,0,0,hispanic,67,98.15693287037035,2,0,0,separated
54314.0,1,-3.98,1,0,0,0,0,caucasian,67,42.07957175925926,0,0,1,single
56488.0,1,-4.5,1,0,0,0,0,caucasian,67,0.8728472222222222,0,0,1,single
52507.0,1,-4.02,1,0,0,0,0,hispanic,67,0.6683796296296296,0,0,0,separated
61624.0,4,-2.91,2,0,0,0,0,african-american,67,1.6916087962962962,8,0,0,single
7114.0,2,-3.21,1,1,0,1,0,african-american,66,25.274444444444445,5,0,1,single
58788.0,1,-3.95,1,0,0,0,0,caucasian,66,30.313055555555557,3,0,0,single
60889.0,1,-4.15,1,0,0,0,0,caucasian,66,1.264502314814815,0,0,0,single
52983.0,1,-3.95,1,0,0,0,1,caucasian,66,28.207615740740746,1,0,1,single
52461.0,1,-4.49,1,0,0,0,0,caucasian,66,1.2756944444444445,0,0,1,significant other
52425.0,2,-3.72,1,1,0,1,0,african-american,66,0.6751273148148148,5,0,0,separated
33083.0,1,-2.76,2,0,0,0,0,caucasian,66,167.08728009259258,1,0,0,single
55233.0,1,-2.98,1,1,1,0,0,african-american,66,2.014236111111111,3,0,0,significant other
41026.0,6,-2.7,2,1,0,1,0,african-american,66,13.629895833333334,33,0,0,single
61760.0,1,-4.42,1,0,0,0,0,other,66,1.3366203703703703,0,0,1,significant other
59668.0,8,-2.63,2,1,0,1,1,african-american,66,5.81605324074074,11,0,0,single
56430.0,1,-4.01,1,1,0,1,0,caucasian,66,0.9938657407407409,0,0,1,single
52530.0,1,-3.93,1,0,0,0,0,african-american,66,0.2747569444444444,3,0,0,separated
56541.0,1,-4.29,1,0,0,0,0,caucasian,66,1.9601851851851853,0,0,1,significant other
53712.0,1,-4.47,1,0,0,0,0,caucasian,66,0.5826157407407407,0,0,1,separated
57417.0,1,-4.13,1,0,0,0,0,caucasian,66,0.9330671296296296,1,0,0,single
51154.0,1,-4.15,1,0,0,0,0,caucasian,66,19.32443287037037,1,0,1,single
53649.0,3,-3.0,1,0,0,0,0,caucasian,66,56.84627314814815,2,0,1,other
54342.0,1,-3.73,1,0,0,0,0,caucasian,65,4.110509259259259,2,0,1,separated
54581.0,1,-4.24,1,0,0,0,1,caucasian,65,1.0275347222222222,0,0,1,separated
58349.0,5,-3.74,1,0,0,0,0,african-american,65,0.9076157407407408,7,0,1,single
60161.0,1,-3.65,1,1,0,1,1,caucasian,65,1.1134837962962962,1,0,1,separated
59960.0,1,-3.37,1,0,0,0,1,caucasian,65,0.4510532407407407,1,0,0,separated
57590.0,4,-3.57,1,0,0,0,0,caucasian,65,54.73070601851852,6,0,0,single
57901.0,1,-4.39,1,0,0,0,1,caucasian,65,1.6135069444444443,1,0,0,significant other
54234.0,1,-4.06,1,0,0,0,1,caucasian,65,0.7533333333333333,0,0,0,other
61442.0,1,-3.66,1,0,0,0,1,african-american,65,0.9922800925925926,0,0,0,significant other
52439.0,1,-4.4,1,0,0,0,0,caucasian,65,0.9676388888888888,0,0,1,single
56153.0,2,-2.66,2,0,0,0,0,caucasian,65,23.14815972222222,3,0,0,separated
53629.0,1,-4.15,1,0,0,0,0,caucasian,64,0.8690625,8,0,0,other
56410.0,1,-4.09,1,0,0,0,0,hispanic,64,7.573518518518519,1,0,0,significant other
58290.0,1,-4.13,1,0,0,0,1,other,64,0.6058796296296296,0,0,0,separated
57897.0,2,-3.7,1,0,0,0,0,african-american,64,1.2311574074074074,0,0,1,significant other
58000.0,1,-3.93,1,0,0,0,1,caucasian,64,1.2080439814814814,1,0,0,single
51121.0,3,-2.74,2,0,0,0,0,caucasian,64,108.89920138888888,0,0,0,single
11694.0,6,-2.67,2,0,0,0,0,african-american,64,1.1155439814814814,13,0,1,single
49669.0,3,-3.59,1,0,0,0,1,caucasian,64,76.12787037037037,7,0,1,single
59977.0,7,-3.16,1,0,0,0,0,african-american,64,2.068356481481481,20,0,0,significant other
55216.0,1,-4.0,1,0,0,0,0,hispanic,64,0.922511574074074,1,0,1,single
54305.0,1,-4.04,1,0,0,0,1,african-american,64,4.060717592592592,0,0,0,separated
56518.0,4,-3.25,1,0,0,0,0,african-american,64,4.025740740740741,0,0,0,single
56573.0,1,-3.98,1,0,0,0,1,caucasian,64,0.998287037037037,0,0,1,significant other
62395.0,1,-4.36,1,0,0,0,1,caucasian,64,0.1065625,2,0,1,significant other
58549.0,1,-4.4,1,0,0,0,0,caucasian,64,0.8495138888888889,0,0,1,separated
52894.0,9,-3.1,1,0,0,0,0,african-american,63,220.1530787037037,3,0,1,single
60877.0,1,-4.08,1,0,0,0,0,caucasian,63,5.74494212962963,1,0,1,single
61688.0,6,-3.15,1,1,0,1,0,african-american,63,1.8861342592592591,9,0,0,single
52471.0,1,-4.1,1,0,0,0,1,caucasian,63,0.8215509259259259,0,0,1,significant other
60602.0,1,-4.23,1,0,0,0,1,hispanic,63,8.185439814814815,1,0,0,other
54139.0,3,-2.86,2,0,0,0,0,african-american,63,24.81630787037037,6,0,0,other
46131.0,1,-3.43,1,0,0,0,0,african-american,63,1.7302314814814814,2,0,1,single
58343.0,1,-4.19,1,0,0,0,0,african-american,63,0.8085648148148148,0,0,1,single
61107.0,1,-3.6,1,0,0,0,0,african-american,63,1.941875,1,0,0,single
27125.0,9,-1.79,5,1,0,1,0,african-american,63,9.443993055555556,22,0,1,single
62371.0,4,-2.89,2,1,0,1,0,other,63,2.060613425925926,23,0,0,separated
52120.0,1,-4.16,1,0,0,0,0,caucasian,63,0.2547453703703703,0,0,1,separated
55092.0,1,-4.2,1,0,0,0,0,caucasian,63,0.8755092592592593,0,0,0,single
58873.0,1,-4.18,1,1,0,1,0,caucasian,63,3.159849537037037,0,0,1,significant other
60994.0,1,-3.8,1,0,0,0,0,hispanic,63,14.80744212962963,1,0,0,single
57837.0,4,-3.11,1,1,1,1,0,caucasian,63,2.076099537037037,10,0,0,single
59617.0,1,-4.05,1,0,0,0,0,caucasian,63,3.074606481481481,2,0,0,separated
7258.0,1,-3.41,1,0,0,0,0,caucasian,63,4.032361111111111,5,0,1,single
3001.0,7,-1.91,5,1,0,1,0,african-american,63,35.83538194444444,10,0,1,single
58845.0,1,-4.02,1,0,0,0,1,african-american,63,0.2641435185185185,1,0,0,single
57827.0,9,-0.77,9,0,0,0,0,african-american,62,36.25434027777778,15,0,0,separated
52342.0,1,-4.01,1,1,0,1,1,caucasian,62,0.7402430555555556,1,0,1,separated
50949.0,1,-4.35,1,0,0,0,0,caucasian,62,1.946203703703704,0,0,0,separated
58782.0,1,-4.16,1,0,0,0,0,hispanic,62,1.2293171296296297,0,0,1,single
58052.0,1,-4.4,1,0,0,0,0,caucasian,62,1.1236458333333332,0,0,1,separated
57420.0,1,-4.07,1,0,0,0,1,caucasian,62,3.898136574074074,0,0,1,separated
60634.0,1,-4.17,1,0,0,0,0,african-american,62,0.2224884259259259,0,0,1,significant other
59464.0,1,-3.52,1,1,0,1,1,caucasian,62,41.31197916666667,2,0,0,single
55520.0,2,-2.86,2,0,0,0,0,hispanic,62,24.296238425925925,5,0,0,single
54017.0,1,-3.31,1,0,0,0,0,caucasian,62,0.5472222222222223,3,0,1,single
57821.0,1,-4.16,1,0,0,0,1,caucasian,62,0.2622800925925926,0,0,1,single
56533.0,1,-4.35,1,0,0,0,0,other,62,1.1319212962962963,0,0,1,other
54735.0,1,-3.92,1,0,0,0,0,caucasian,62,3.082384259259259,0,0,0,separated
57879.0,1,-4.27,1,0,0,0,0,caucasian,62,2.0417592592592597,0,0,1,significant other
50999.0,1,-3.88,1,0,0,0,0,hispanic,62,0.119224537037037,0,0,1,single
53443.0,1,-4.26,1,0,0,0,0,caucasian,62,0.8710648148148148,0,0,0,separated
50375.0,4,-3.07,1,0,0,0,0,african-american,62,15.655335648148148,8,0,0,single
60038.0,3,-3.2,1,1,0,1,0,african-american,62,1.8062962962962965,3,0,1,single
51272.0,1,-3.43,1,0,0,0,0,caucasian,62,3.250474537037037,2,0,0,separated
51055.0,1,-3.5,1,0,0,0,0,caucasian,62,2.994108796296296,0,0,0,single
18210.0,7,-2.1,4,0,0,0,0,african-american,61,1.2542592592592592,25,0,0,separated
61307.0,1,-4.31,1,1,0,1,0,african-american,61,0.2480439814814815,1,0,0,separated
51219.0,2,-3.39,1,1,0,1,0,african-american,61,30.689131944444444,20,0,1,single
16156.0,3,-2.4,3,0,0,0,0,african-american,61,1.1188078703703703,11,0,0,single
4551.0,6,-2.32,3,1,0,1,0,african-american,61,1.1775694444444444,15,0,0,single
50735.0,8,-1.9,5,1,0,1,0,african-american,61,18.93155092592593,29,0,0,significant other
57666.0,4,-2.82,2,0,0,0,0,caucasian,61,1.0396759259259258,1,0,0,single
56802.0,2,-2.93,2,0,0,0,0,african-american,61,95.63725694444445,9,0,0,single
54161.0,4,-2.65,2,1,0,1,0,african-american,61,66.23664351851852,13,0,0,single
52907.0,6,-2.46,3,0,0,0,0,african-american,61,34.896400462962966,8,0,1,single
51421.0,1,-3.79,1,0,0,0,0,caucasian,61,1.7695833333333333,4,0,0,significant other
51507.0,2,-3.88,1,0,0,0,0,african-american,61,12.164652777777778,5,0,0,separated
52633.0,1,-4.35,1,0,0,0,0,caucasian,61,0.1429513888888889,0,0,1,significant other
58051.0,8,-0.43,10,0,0,0,0,african-american,61,0.7179050925925926,2,0,1,single
53137.0,1,-4.3,1,0,0,0,0,caucasian,61,0.8497453703703703,1,0,0,significant other
56419.0,1,-4.29,1,0,0,0,0,african-american,61,2.048888888888889,1,0,1,single
55206.0,1,-4.0,1,0,0,0,0,caucasian,61,0.1942592592592592,0,0,1,significant other
55243.0,1,-4.09,1,0,0,0,0,caucasian,61,0.972800925925926,0,0,1,single
54301.0,1,-3.76,1,1,0,1,1,african-american,61,0.7561689814814815,1,0,0,significant other
54751.0,1,-3.99,1,0,0,0,0,caucasian,61,2.225289351851852,0,0,1,separated
35736.0,3,-3.3,1,1,0,1,1,caucasian,61,30.834791666666668,8,0,0,other
30652.0,1,-3.78,1,0,0,0,0,caucasian,61,0.8680092592592593,1,0,1,single
54909.0,9,-2.38,3,1,0,1,0,african-american,61,2.9720949074074072,4,0,1,single
57803.0,6,-1.95,5,0,0,0,0,caucasian,61,22.86369212962963,10,0,0,single
58205.0,6,-1.89,5,0,0,0,0,caucasian,61,118.98086805555556,4,0,0,single
50950.0,1,-4.08,1,0,0,0,0,hispanic,61,0.5923726851851852,0,0,0,significant other
51590.0,1,-4.31,1,0,0,0,1,caucasian,61,0.1607638888888889,1,0,1,separated
15114.0,2,-2.81,2,1,0,0,0,african-american,61,1.0094444444444444,14,0,1,separated
17427.0,3,-2.23,4,0,0,0,0,african-american,61,241.9883449074074,12,0,0,other
61882.0,1,-3.73,1,1,0,1,0,caucasian,61,4.218819444444445,1,0,0,significant other
40371.0,4,-2.72,2,0,0,0,0,african-american,61,49.99767361111111,30,0,0,significant other
59374.0,1,-4.17,1,0,0,0,1,caucasian,61,1.2439120370370371,0,0,0,separated
61692.0,1,-4.13,1,0,0,0,0,hispanic,61,81.02027777777778,1,0,0,single
54617.0,1,-3.83,1,0,0,0,0,caucasian,61,6.167129629629629,0,0,1,single
60990.0,1,-3.28,1,0,0,0,0,caucasian,61,0.7119560185185185,0,0,1,significant other
55772.0,1,-3.64,1,0,0,0,0,other,61,0.7305671296296297,0,0,1,significant other
55568.0,2,-3.39,1,1,0,1,0,african-american,61,0.7489351851851852,8,0,0,separated
59153.0,6,-2.64,2,0,0,0,1,caucasian,61,0.6734490740740741,15,0,0,separated
52482.0,4,-3.53,1,1,0,1,0,hispanic,61,3.044537037037037,2,0,0,separated
62377.0,1,-4.22,1,0,0,0,0,caucasian,61,2.0141550925925924,0,0,1,single
51506.0,1,-3.54,1,0,0,0,1,caucasian,61,0.035474537037037,0,0,1,separated
61523.0,6,-2.26,3,0,0,0,1,african-american,61,51.9859375,1,0,0,single
59219.0,1,-3.9,1,0,0,0,1,caucasian,60,1.1959375,2,0,0,separated
54788.0,4,-3.31,1,1,0,1,0,african-american,60,38.039479166666666,15,0,0,single
57418.0,1,-3.79,1,0,0,0,0,african-american,60,0.6585532407407407,2,0,0,separated
52269.0,1,-3.71,1,1,0,1,0,other,60,1.2650462962962965,1,0,1,significant other
40074.0,8,-3.11,1,0,0,0,0,african-american,60,0.9966898148148148,9,0,0,single
56529.0,1,-3.95,1,1,0,0,0,african-american,60,2.1033564814814816,0,0,0,single
59249.0,1,-3.99,1,0,0,0,0,other,60,1.149224537037037,4,0,0,single
61433.0,1,-4.37,1,0,0,0,0,other,60,1.101423611111111,1,0,1,separated
54908.0,1,-4.22,1,0,0,0,0,hispanic,60,1.0337037037037038,0,0,0,significant other
58092.0,1,-4.08,1,0,0,0,1,caucasian,60,0.8760648148148148,0,0,1,single
54437.0,1,-4.22,1,0,0,0,0,caucasian,60,1.0070023148148148,0,0,1,single
61635.0,1,-4.14,1,0,0,0,0,caucasian,60,0.8110532407407407,1,0,0,single
60514.0,1,-2.72,2,0,0,0,0,caucasian,60,120.3309375,3,0,0,single
54463.0,3,-3.77,1,0,0,0,0,african-american,60,1.1004050925925926,12,0,0,separated
57065.0,2,-3.5,1,0,0,0,0,caucasian,60,10.84511574074074,2,0,1,single
55174.0,3,-2.97,1,0,0,0,0,african-american,60,0.9598726851851852,13,0,0,significant other
29747.0,3,-2.97,1,1,0,1,1,caucasian,60,384.724537037037,9,0,0,single
59897.0,1,-4.1,1,0,0,0,0,african-american,60,0.640613425925926,1,0,0,single
4994.0,6,-2.28,3,1,0,1,0,african-american,60,2.0931712962962963,13,0,0,significant other
56269.0,1,-3.03,1,0,0,0,0,african-american,60,218.14225694444443,0,0,0,single
59689.0,1,-3.97,1,0,0,0,0,african-american,60,0.8880439814814814,3,0,1,significant other
55488.0,1,-3.89,1,0,0,0,0,hispanic,60,6.216180555555556,4,0,0,single
53155.0,7,-2.55,3,0,0,0,1,caucasian,60,13.316469907407408,0,0,0,single
62372.0,4,-3.4,1,0,0,0,0,hispanic,60,0.9697916666666668,0,0,0,single
54570.0,1,-3.84,1,0,0,0,0,hispanic,60,18.05239583333333,1,0,0,single
62350.0,8,-1.97,5,1,0,1,0,african-american,60,39.00539351851852,19,0,0,single
57983.0,1,-4.28,1,0,0,0,1,caucasian,59,0.2167708333333333,0,0,1,separated
52300.0,1,-3.96,1,0,0,0,0,hispanic,59,1.5978472222222222,0,0,0,significant other
56656.0,1,-3.33,1,0,0,0,0,caucasian,59,1.1829166666666666,0,0,0,single
52505.0,1,-3.92,1,1,0,1,0,caucasian,59,0.3336689814814815,1,0,0,significant other
57612.0,1,-3.73,1,0,0,0,0,other,59,0.5915625,1,0,1,significant other
52041.0,5,-2.29,3,0,0,0,0,african-american,59,151.19452546296296,5,0,1,single
45513.0,3,-2.68,2,1,0,0,0,african-american,59,8.098229166666666,3,0,0,significant other
33999.0,3,-3.09,1,1,0,1,0,other,59,198.85679398148147,20,0,0,single
51034.0,1,-3.7,1,0,0,0,0,african-american,59,1.2126041666666667,1,0,0,significant other
53303.0,1,-3.96,1,0,0,0,0,caucasian,59,1.256597222222222,0,0,1,single
54299.0,1,-3.57,1,0,0,0,0,hispanic,59,0.6027199074074074,1,0,1,significant other
55738.0,8,-1.5,6,1,0,1,0,african-american,59,8.827372685185185,8,0,0,single
53828.0,4,-2.57,2,1,0,0,0,african-american,59,5.156701388888889,8,0,0,separated
53396.0,1,-4.28,1,0,0,0,0,african-american,59,62.874664351851855,1,0,1,separated
13745.0,9,-2.06,4,1,0,1,0,african-american,59,0.7851157407407408,9,0,0,single
55672.0,1,-3.94,1,0,0,0,1,caucasian,59,60.282604166666665,1,0,0,single
6588.0,6,-1.63,6,1,0,1,0,african-american,59,69.2431712962963,22,0,0,separated
59183.0,1,-4.2,1,0,0,0,0,caucasian,59,18.809050925925927,2,0,0,single
61041.0,1,-3.93,1,0,0,0,1,caucasian,59,0.182662037037037,0,0,1,single
52627.0,1,-4.04,1,0,0,0,1,caucasian,59,5.04962962962963,1,0,0,single
61906.0,1,-3.66,1,0,0,0,0,caucasian,59,0.6013657407407408,0,0,1,significant other
56577.0,1,-3.7,1,1,0,1,0,caucasian,59,6.747314814814815,2,0,1,single
53030.0,4,-3.6,1,0,0,0,0,african-american,59,0.7608564814814814,1,0,0,significant other
52428.0,1,-4.1,1,0,0,0,0,caucasian,59,0.5697916666666667,0,0,0,single
57748.0,5,-2.75,2,1,0,1,0,african-american,59,58.19694444444445,17,0,0,single
54815.0,1,-3.7,1,0,0,0,0,caucasian,59,2.1114814814814813,3,0,1,significant other
54384.0,1,-4.22,1,0,0,0,0,caucasian,59,0.2183101851851852,0,0,0,separated
61989.0,2,-2.91,2,1,0,1,0,african-american,59,242.30952546296297,13,0,0,single
61597.0,3,-3.92,1,0,0,0,1,caucasian,59,29.039791666666662,2,0,0,single
54335.0,1,-3.9,1,0,0,0,0,caucasian,59,0.2377430555555555,0,0,1,separated
56118.0,2,-2.77,2,0,0,0,0,african-american,59,0.9713425925925926,4,0,1,significant other
54932.0,1,-4.06,1,0,0,0,0,african-american,59,66.38936342592592,4,0,1,significant other
53547.0,2,-3.38,1,1,0,1,0,caucasian,59,0.5783564814814814,1,0,0,single
53216.0,1,-3.79,1,0,0,0,0,caucasian,59,12.78505787037037,2,0,0,significant other
59058.0,1,-3.15,1,0,0,0,0,african-american,59,1.9344560185185184,0,0,1,significant other
51816.0,2,-3.91,1,0,0,0,1,african-american,59,0.9599652777777776,0,0,1,single
59455.0,4,-2.01,4,0,0,0,0,african-american,59,178.64327546296298,17,0,0,other
58327.0,6,-2.68,2,1,0,1,0,african-american,59,14.834502314814817,15,0,1,significant other
12328.0,3,-3.67,1,1,0,1,0,african-american,59,1.015625,4,0,0,single
54333.0,1,-3.35,1,0,0,0,0,african-american,59,0.2290277777777777,2,0,1,single
56793.0,1,-3.64,1,0,0,0,0,hispanic,59,1.1634606481481482,0,0,1,separated
2116.0,2,-3.67,1,1,0,1,0,hispanic,59,1.2861689814814814,1,0,0,single
51133.0,1,-4.13,1,0,0,0,0,caucasian,58,3.210023148148148,1,0,0,single
51394.0,7,-2.05,4,1,0,1,0,african-american,58,59.11637731481481,21,0,1,single
60082.0,1,-4.14,1,1,1,1,0,caucasian,58,0.804675925925926,1,0,0,significant other
55865.0,1,-3.79,1,0,0,0,0,caucasian,58,0.2479398148148148,1,0,1,single
61925.0,5,-2.53,3,0,0,0,1,hispanic,58,0.9820486111111112,1,0,0,single
58898.0,2,-3.72,1,0,0,0,0,caucasian,58,0.627337962962963,3,0,1,separated
60861.0,1,-4.2,1,0,0,0,0,other,58,0.2961458333333333,0,0,0,separated
57314.0,6,-3.32,1,1,0,1,0,african-american,58,3.249629629629629,24,0,0,significant other
54931.0,1,-4.09,1,0,0,0,1,caucasian,58,0.0066203703703703,0,0,1,separated
53444.0,1,-3.58,1,0,0,0,0,caucasian,58,1.6523611111111112,1,0,0,single
53738.0,1,-3.87,1,0,0,0,1,caucasian,58,1.1898958333333334,2,0,1,other
51142.0,1,-3.85,1,0,0,0,0,african-american,58,1.3905555555555555,0,0,1,single
58259.0,3,-2.74,2,0,0,0,0,caucasian,58,4.83261574074074,2,0,0,separated
52991.0,2,-3.28,1,0,0,0,0,hispanic,58,0.6800231481481481,0,0,0,single
53570.0,1,-3.93,1,0,0,0,0,caucasian,58,79.95273148148148,1,0,0,single
49179.0,2,-3.07,1,0,0,0,0,caucasian,58,2.780034722222222,5,0,1,single
59537.0,1,-4.14,1,0,0,0,0,caucasian,58,0.6097453703703704,0,0,1,significant other
53056.0,9,-0.97,9,1,0,0,0,african-american,58,29.225752314814816,16,0,0,single
59817.0,2,-3.4,1,0,0,0,0,caucasian,58,2.2988773148148147,3,0,0,significant other
55981.0,2,-3.57,1,0,0,0,0,caucasian,58,0.1541087962962962,3,0,1,single
51969.0,1,-4.25,1,0,0,0,0,hispanic,58,10.0871875,1,0,0,single
57822.0,1,-3.61,1,0,0,0,0,caucasian,58,0.2323263888888889,0,0,1,significant other
55095.0,1,-4.29,1,0,0,0,0,caucasian,58,0.8237152777777778,0,0,1,separated
54249.0,3,-3.43,1,1,0,0,0,caucasian,58,0.2285185185185185,10,0,1,single
54304.0,1,-4.25,1,1,0,1,0,caucasian,58,0.9333564814814816,2,0,1,significant other
13379.0,6,-2.44,3,0,0,0,0,african-american,58,144.0775462962963,6,0,0,significant other
60539.0,1,-3.31,1,0,0,0,0,caucasian,58,0.9337847222222222,1,0,1,significant other
53007.0,2,-3.67,1,0,0,0,0,caucasian,58,1.1301736111111111,8,0,1,separated
45956.0,3,-3.67,1,1,0,1,0,caucasian,58,83.00969907407408,2,0,1,significant other
48067.0,4,-3.4,1,1,0,1,0,caucasian,58,15.256273148148148,3,0,0,single
55471.0,3,-2.81,2,1,0,1,0,african-american,58,1.8773032407407408,10,0,0,separated
57784.0,1,-3.95,1,0,0,0,0,african-american,58,2.169918981481481,0,0,0,single
50508.0,1,-4.04,1,0,0,0,0,hispanic,58,2.0645486111111118,1,0,1,significant other
52464.0,3,-3.84,1,0,0,0,0,caucasian,58,1.7777662037037036,2,0,0,significant other
59403.0,1,-3.82,1,0,0,0,1,african-american,58,1.3266203703703705,4,0,0,single
58029.0,1,-3.76,1,1,0,1,1,other,58,1.2827199074074074,0,0,0,single
61402.0,5,-2.56,2,0,0,0,0,caucasian,58,5.037141203703704,2,0,0,separated
54866.0,1,-3.91,1,0,0,0,0,caucasian,58,0.9946180555555556,1,0,0,single
61810.0,3,-3.17,1,1,0,1,0,caucasian,58,1.227824074074074,5,0,0,single
56323.0,7,-2.27,3,1,0,1,0,caucasian,58,185.71990740740745,7,0,0,single
55543.0,2,-3.28,1,0,0,0,1,caucasian,58,0.2098379629629629,1,0,1,significant other
61791.0,1,-3.94,1,0,0,0,1,other,58,1.0728703703703704,0,0,0,separated
61367.0,1,-3.86,1,0,0,0,1,african-american,58,18.348842592592597,3,0,1,single
59209.0,6,-2.36,3,1,0,1,0,african-american,58,3.996840277777778,12,0,1,single
54903.0,1,-3.53,1,0,0,0,0,african-american,58,60.99715277777778,1,0,0,single
53751.0,2,-3.5,1,1,0,1,0,caucasian,58,54.02758101851852,12,0,0,significant other
51624.0,1,-3.58,1,1,0,0,0,caucasian,57,151.9149189814815,7,0,0,single
52625.0,1,-3.99,1,0,0,0,0,caucasian,57,0.1006597222222222,0,0,0,separated
13059.0,1,-4.04,1,0,0,0,0,african-american,57,1.818796296296296,3,0,0,separated
53287.0,7,-1.76,5,1,1,0,0,african-american,57,5.053159722222222,8,0,1,significant other
58408.0,1,-3.93,1,0,0,0,0,hispanic,57,19.698055555555555,1,0,0,separated
55148.0,9,-1.69,6,0,0,0,0,african-american,57,50.80518518518519,12,0,0,single
60664.0,1,-4.13,1,0,0,0,0,caucasian,57,4.777800925925926,0,0,0,single
9364.0,9,-2.11,4,1,0,1,0,african-american,57,77.90233796296296,12,0,0,single
52368.0,4,-2.56,2,0,0,0,0,caucasian,57,30.925439814814816,3,0,0,single
58882.0,5,-3.04,1,0,0,0,0,caucasian,57,3.276412037037037,12,0,1,single
57555.0,7,-2.25,3,0,0,0,0,caucasian,57,20.285428240740742,15,0,0,single
55367.0,1,-3.42,1,0,0,0,0,caucasian,57,0.7351041666666667,1,0,0,significant other
54755.0,2,-3.77,1,0,0,0,1,hispanic,57,0.599375,1,0,1,single
60798.0,1,-3.76,1,0,0,0,0,caucasian,57,12.307523148148148,3,0,1,single
55849.0,1,-3.46,1,0,0,0,0,caucasian,57,2.0843055555555554,0,0,0,significant other
56963.0,2,-2.91,2,0,0,0,0,caucasian,57,1.2016782407407407,6,0,0,single
55107.0,1,-3.32,1,0,0,0,0,african-american,57,0.9724074074074074,0,0,1,significant other
46313.0,2,-3.49,1,0,0,0,1,caucasian,57,257.81210648148146,4,0,0,separated
59402.0,1,-3.74,1,0,0,0,0,african-american,57,0.9986226851851852,2,0,1,single
61095.0,1,-3.71,1,0,0,0,0,african-american,57,1.0614583333333334,0,0,0,single
59061.0,1,-4.22,1,0,0,0,0,caucasian,57,2.0678703703703705,2,0,0,separated
52705.0,1,-3.35,1,0,0,0,0,other,57,0.7726851851851851,0,0,1,single
56074.0,5,-2.77,2,1,1,1,0,african-american,57,99.90363425925926,8,0,0,single
59211.0,2,-3.76,1,0,0,0,0,caucasian,57,17.164895833333333,1,0,0,significant other
57805.0,1,-4.07,1,0,0,0,0,caucasian,57,1.2386574074074077,0,0,1,single
59253.0,1,-4.09,1,0,0,0,1,caucasian,57,0.7682407407407408,2,0,0,significant other
60396.0,1,-4.11,1,0,0,0,0,other,57,1.0845486111111111,0,0,0,significant other
58288.0,7,-2.2,4,0,0,0,0,african-american,57,117.67120370370372,19,0,0,significant other
52376.0,8,-1.35,7,1,1,1,0,african-american,57,30.18721064814815,23,0,0,single
54503.0,1,-3.69,1,0,0,0,0,caucasian,57,27.73601851851852,0,0,0,significant other
57146.0,1,-4.1,1,1,1,0,0,other,57,0.6766435185185186,0,0,0,significant other
62187.0,3,-3.61,1,0,0,0,0,african-american,57,1.0709375,19,0,0,single
51948.0,1,-4.2,1,0,0,0,0,caucasian,57,9.151574074074071,2,0,0,single
38566.0,4,-2.34,3,1,0,1,0,other,57,181.9931712962963,10,0,0,single
52573.0,1,-4.2,1,0,0,0,1,caucasian,57,0.9263657407407409,0,0,1,significant other
61506.0,1,-3.38,1,1,0,1,0,caucasian,57,21.462199074074075,21,0,1,separated
54901.0,6,-3.34,1,0,0,0,0,african-american,57,3.178101851851852,19,0,0,separated
57883.0,2,-2.64,2,0,0,0,0,caucasian,57,1.2343287037037036,0,0,1,significant other
54896.0,4,-3.48,1,0,0,0,1,caucasian,57,1.1844444444444444,0,0,1,significant other
52872.0,1,-3.96,1,0,0,0,0,hispanic,57,1.0927662037037038,1,0,1,single
60192.0,1,-3.74,1,0,0,0,0,caucasian,57,1.8740625,0,0,1,single
52446.0,1,-3.81,1,1,0,1,1,caucasian,57,1.949826388888889,1,0,0,single
58032.0,6,-1.82,5,0,0,0,0,african-american,57,140.21733796296297,11,0,0,single
57490.0,1,-3.68,1,0,0,0,0,hispanic,57,1.0154398148148147,3,0,0,single
15098.0,9,-1.79,5,1,0,1,0,african-american,57,76.67950231481481,6,0,1,significant other
57419.0,1,-3.33,1,0,0,0,0,other,57,6.851076388888889,0,0,0,significant other
48900.0,4,-2.81,2,1,0,1,0,caucasian,57,19.9065625,14,0,0,separated
54469.0,4,-2.52,3,0,0,0,0,caucasian,57,1.2061805555555556,1,0,1,single
54504.0,1,-3.5,1,0,0,0,0,hispanic,57,109.27778935185184,0,0,1,significant other
51058.0,1,-3.87,1,0,0,0,1,african-american,57,77.73591435185185,0,0,1,single
61187.0,4,-3.44,1,1,0,1,0,caucasian,57,58.61083333333333,9,0,0,single
51940.0,1,-3.67,1,0,0,0,0,african-american,57,1.195324074074074,1,0,0,single
60253.0,10,-0.99,9,0,0,0,0,african-american,57,9.064004629629627,27,0,1,single
58324.0,3,-3.84,1,0,0,0,0,caucasian,56,16.213796296296298,2,0,1,significant other
62277.0,1,-4.15,1,0,0,0,0,caucasian,56,238.23216435185185,5,0,0,single
61377.0,1,-3.39,1,0,0,0,0,other,56,138.95138888888889,9,0,0,single
59098.0,3,-2.46,3,0,0,0,0,african-american,56,72.17623842592593,8,0,0,single
30104.0,7,-2.24,3,1,1,0,0,caucasian,56,0.8551273148148149,5,0,1,single
54491.0,4,-3.5,1,0,0,0,0,african-american,56,1.979328703703704,0,0,1,single
28801.0,2,-2.99,1,1,1,1,0,hispanic,56,13.020740740740742,10,0,1,single
3060.0,3,-2.53,3,0,0,0,0,african-american,56,12.07824074074074,5,0,0,significant other
58227.0,1,-4.2,1,0,0,0,0,caucasian,56,0.9748842592592591,0,0,1,single
56932.0,1,-3.76,1,0,0,0,0,caucasian,56,0.8792129629629629,0,0,0,single
20656.0,5,-2.04,4,1,0,1,0,african-american,56,1.6825925925925926,12,0,0,single
55958.0,1,-3.92,1,0,0,0,0,caucasian,56,1.1670949074074075,2,0,0,single
54599.0,1,-3.47,1,0,0,0,0,caucasian,56,0.905289351851852,6,0,0,single
58164.0,1,-3.73,1,0,0,0,0,caucasian,56,2.7672337962962965,1,0,1,single
57786.0,1,-3.91,1,0,0,0,0,african-american,56,1.4680555555555554,0,0,0,single
60245.0,2,-3.22,1,0,0,0,0,african-american,56,1.0518865740740742,6,0,0,single
54173.0,8,-2.08,4,0,0,0,0,african-american,56,6.379826388888889,24,0,0,single
55265.0,4,-3.04,1,0,0,0,0,caucasian,56,39.76998842592592,13,0,1,single
53368.0,2,-3.22,1,0,0,0,0,african-american,56,6.962685185185185,0,0,0,single
60454.0,3,-3.57,1,1,1,1,0,african-american,56,1.069988425925926,4,0,1,significant other
60289.0,2,-3.84,1,1,1,1,1,caucasian,56,4.054108796296297,1,0,0,significant other
54828.0,1,-4.07,1,0,0,0,0,caucasian,56,2.106967592592593,1,0,1,single
59034.0,1,-4.04,1,1,0,1,1,african-american,56,0.8460416666666667,2,0,1,separated
58583.0,2,-3.25,1,1,0,1,0,african-american,56,1.1142361111111112,3,0,1,single
28921.0,2,-2.39,3,0,0,0,0,caucasian,56,35.10010416666667,1,0,0,significant other
61685.0,1,-4.1,1,0,0,0,0,caucasian,56,1.198564814814815,0,0,0,single
52264.0,5,-2.74,2,0,0,0,0,african-american,56,0.5854513888888889,16,0,0,significant other
58773.0,1,-3.88,1,0,0,0,0,african-american,56,2.8972106481481483,1,0,0,single
48192.0,1,-3.6,1,0,0,0,0,african-american,56,2.055034722222222,4,0,0,significant other
54093.0,2,-3.11,1,0,0,0,0,caucasian,56,8.176446759259258,5,0,0,single
50904.0,1,-2.63,2,0,0,0,0,african-american,56,0.0142129629629629,1,0,1,single
52051.0,1,-4.21,1,0,0,0,0,other,56,1.005439814814815,0,0,1,significant other
54402.0,1,-2.77,2,0,0,0,0,african-american,56,5.960219907407407,0,0,0,single
54872.0,2,-3.45,1,0,0,0,0,african-american,56,49.05671296296296,3,0,1,significant other
14028.0,5,-3.33,1,0,0,0,0,caucasian,56,9.047916666666667,7,0,0,single
55521.0,1,-4.19,1,0,0,0,1,caucasian,56,1.0617824074074074,1,0,0,single
61242.0,1,-3.63,1,0,0,0,0,african-american,56,14.859537037037038,3,0,1,single
59792.0,1,-3.71,1,0,0,0,0,african-american,56,1.1966319444444444,1,0,0,significant other
51405.0,1,-4.05,1,0,0,0,0,other,56,1.0453587962962962,0,0,1,significant other
61530.0,2,-3.84,1,0,0,0,0,caucasian,56,15.247256944444445,1,0,0,significant other
62207.0,1,-3.64,1,0,0,0,0,caucasian,56,3.9444791666666665,1,0,1,single
54785.0,3,-2.92,2,0,0,0,0,caucasian,56,0.1803703703703703,3,0,1,separated
58574.0,2,-3.03,1,0,0,0,0,african-american,56,0.9201273148148148,1,0,0,single
60477.0,1,-4.04,1,1,0,1,0,caucasian,56,0.6676967592592593,1,0,0,significant other
54025.0,1,-4.01,1,0,0,0,1,african-american,56,1.0357407407407409,1,0,0,single
52212.0,7,-2.23,4,0,0,0,0,african-american,56,16.902650462962963,4,0,0,single
59113.0,1,-4.24,1,0,0,0,0,caucasian,56,0.9848726851851852,0,0,1,significant other
51799.0,1,-3.46,1,0,0,0,0,caucasian,56,1.0328703703703703,1,0,1,single
57576.0,6,-1.4,7,1,0,1,0,african-american,56,0.2298842592592592,31,0,0,single
55737.0,2,-3.12,1,0,0,0,0,caucasian,56,6.937696759259259,13,0,0,single
59593.0,1,-4.2,1,0,0,0,0,caucasian,56,1.2358796296296295,0,0,1,single
56400.0,5,-2.61,2,1,0,1,0,caucasian,56,21.37638888888889,5,0,0,other
47288.0,5,-2.14,4,1,0,1,1,caucasian,56,41.03167824074074,10,0,0,single
50909.0,1,-3.93,1,1,1,1,0,caucasian,56,0.7958217592592592,0,0,1,significant other
6980.0,9,-1.89,5,1,0,1,0,african-american,56,71.01133101851852,22,0,0,significant other
57556.0,4,-2.16,4,1,1,1,0,caucasian,56,23.226921296296297,17,0,0,single
54133.0,2,-3.35,1,0,0,0,0,african-american,56,0.9752430555555556,0,0,1,single
54625.0,2,-2.89,2,1,0,1,0,african-american,56,597.9164930555555,5,0,0,single
60005.0,4,-3.24,1,0,0,0,0,caucasian,56,2.979618055555556,2,0,0,single
10097.0,7,-2.22,4,0,0,0,0,african-american,56,60.31920138888889,28,0,0,single
53122.0,1,-4.11,1,1,0,1,0,caucasian,56,0.6053125,7,0,0,separated
60466.0,1,-3.83,1,0,0,0,0,caucasian,56,7.309039351851852,4,0,0,separated
61505.0,4,-2.03,4,0,0,0,0,african-american,56,49.20642361111111,7,0,0,separated
61637.0,1,-3.69,1,0,0,0,0,caucasian,56,1.164074074074074,0,0,0,separated
59794.0,1,-4.15,1,0,0,0,0,other,56,7.08875,0,0,1,significant other
57674.0,1,-4.15,1,0,0,0,1,african-american,56,3.1996990740740743,0,0,1,separated
56562.0,1,-4.11,1,0,0,0,0,caucasian,56,0.1917592592592592,0,0,1,separated
52852.0,2,-2.94,2,0,0,0,0,caucasian,56,191.2224537037037,3,0,0,single
54369.0,1,-4.21,1,0,0,0,0,caucasian,56,0.2036226851851852,0,0,0,single
59087.0,1,-4.23,1,1,0,1,0,caucasian,56,0.4443055555555555,0,0,1,significant other
53881.0,1,-3.53,1,1,0,0,0,caucasian,56,0.2555902777777777,4,0,1,single
61971.0,1,-4.03,1,0,0,0,0,hispanic,56,1.044050925925926,2,0,0,significant other
58676.0,2,-3.63,1,0,0,0,0,caucasian,56,1.1346296296296297,1,0,0,single
60483.0,1,-4.23,1,0,0,0,1,caucasian,56,0.7301620370370371,0,0,1,significant other
53632.0,6,-1.15,8,1,0,1,0,caucasian,56,194.189375,7,0,0,single
46368.0,1,-3.84,1,0,0,0,1,caucasian,56,0.794375,3,0,0,single
34487.0,9,-2.4,3,0,0,0,0,african-american,56,79.96061342592593,8,0,0,single
60225.0,8,-1.94,5,0,0,0,0,african-american,56,0.6653587962962964,9,0,1,separated
60096.0,2,-3.75,1,0,0,0,1,african-american,56,1.6755902777777778,2,0,0,single
59979.0,1,-3.87,1,0,0,0,0,hispanic,56,1.072488425925926,0,0,0,single
57708.0,1,-3.89,1,1,1,0,0,caucasian,56,0.9174537037037036,1,0,0,significant other
52512.0,2,-3.81,1,1,0,1,1,african-american,56,0.8471180555555555,1,0,0,single
51410.0,1,-3.93,1,0,0,0,0,caucasian,56,0.3848611111111111,0,0,1,single
50861.0,8,-2.4,3,0,0,0,1,caucasian,56,169.8557638888889,1,0,0,single
48501.0,7,-2.92,2,1,0,1,0,caucasian,55,36.012511574074075,3,0,0,separated
55883.0,1,-4.17,1,0,0,0,0,caucasian,55,0.6199421296296296,1,0,1,single
59946.0,1,-3.51,1,1,1,1,0,caucasian,55,0.4876967592592592,0,0,1,single
53706.0,3,-3.07,1,0,0,0,0,caucasian,55,1.1717592592592592,3,0,1,single
52477.0,8,-0.43,10,0,0,0,0,caucasian,55,0.2384953703703703,7,0,0,single
59477.0,1,-4.15,1,0,0,0,0,caucasian,55,0.8537847222222222,0,0,1,significant other
55404.0,6,-2.83,2,1,1,1,0,african-american,55,69.38518518518518,12,0,0,single
62297.0,1,-2.99,1,0,0,0,0,hispanic,55,0.597037037037037,0,0,1,significant other
60544.0,1,-4.11,1,0,0,0,1,hispanic,55,0.9365625,0,0,1,significant other
53182.0,1,-4.08,1,0,0,0,0,hispanic,55,0.9048958333333332,0,0,0,significant other
56742.0,5,-2.34,3,0,0,0,0,caucasian,55,10.07224537037037,0,0,1,significant other
53515.0,1,-4.05,1,0,0,0,0,caucasian,55,0.5625,0,0,1,significant other
59499.0,1,-4.21,1,0,0,0,0,caucasian,55,0.9480787037037036,0,0,1,separated
60031.0,1,-4.21,1,0,0,0,0,caucasian,55,2.1613657407407407,0,0,0,single
59139.0,1,-4.04,1,0,0,0,0,caucasian,55,1.009363425925926,1,0,1,single
54074.0,1,-3.96,1,0,0,0,1,african-american,55,0.955787037037037,1,0,0,separated
60126.0,1,-3.93,1,0,0,0,0,caucasian,55,2.251238425925926,0,0,1,significant other
59699.0,1,-3.92,1,0,0,0,0,african-american,55,0.7646990740740741,0,0,0,significant other
51374.0,1,-4.14,1,1,0,0,0,caucasian,55,0.7592129629629629,0,0,0,significant other
58827.0,1,-3.42,1,1,1,1,0,caucasian,55,1.1382060185185183,1,0,0,single
52384.0,1,-3.43,1,1,0,1,0,other,55,6.11494212962963,8,0,0,single
57128.0,1,-3.37,1,0,0,0,0,caucasian,55,18.32914351851852,1,0,0,single
51419.0,1,-3.35,1,1,0,1,0,caucasian,55,0.7353125,2,0,1,significant other
43912.0,1,-3.31,1,1,0,1,0,african-american,55,2.3266898148148147,8,0,0,single
5346.0,6,-1.81,5,1,0,1,0,african-american,55,85.05751157407407,21,0,0,separated
62370.0,5,-3.69,1,0,0,0,0,caucasian,55,1.8040972222222225,27,0,1,single
58864.0,3,-3.49,1,0,0,0,0,caucasian,55,0.6142708333333333,0,0,0,separated
52340.0,1,-3.3,1,0,0,0,0,caucasian,55,0.8610300925925926,0,0,0,single
13795.0,9,-2.42,3,1,0,1,0,caucasian,55,242.06783564814816,33,0,0,single
51297.0,2,-3.49,1,1,0,1,0,hispanic,55,1.2169560185185184,1,0,0,single
50953.0,4,-2.48,3,0,0,0,0,african-american,55,300.9356597222222,5,0,0,single
52475.0,1,-3.9,1,1,1,1,0,african-american,55,0.9494212962962963,0,0,1,other
58390.0,5,-1.83,5,0,0,0,0,african-american,55,43.11734953703704,1,0,0,significant other
62289.0,1,-3.87,1,0,0,0,0,hispanic,55,5.773784722222223,0,0,1,separated
53556.0,1,-4.18,1,0,0,0,0,caucasian,55,1.934016203703704,2,0,0,significant other
59318.0,1,-4.17,1,0,0,0,0,caucasian,55,0.734537037037037,0,0,1,significant other
61267.0,1,-3.36,1,1,0,1,0,african-american,55,1.7591319444444444,0,0,0,single
55343.0,1,-3.6,1,0,0,0,0,hispanic,55,27.981400462962963,2,0,0,single
57844.0,1,-3.43,1,0,0,0,0,african-american,55,1.0951967592592593,0,0,0,significant other
62188.0,1,-4.17,1,0,0,0,1,hispanic,55,0.6966087962962964,0,0,0,separated
60331.0,1,-4.03,1,0,0,0,0,other,55,5.3079629629629625,4,0,0,separated
60663.0,1,-3.81,1,0,0,0,1,caucasian,55,1.713263888888889,0,0,1,single
53459.0,4,-3.34,1,0,0,0,0,african-american,55,0.7313888888888889,1,0,0,single
53670.0,1,-4.14,1,0,0,0,1,african-american,55,2.134236111111111,1,0,1,single
54705.0,4,-3.27,1,1,1,1,0,african-american,55,3.5841550925925927,5,0,0,significant other
52310.0,3,-2.61,2,0,0,0,0,caucasian,55,0.9121875,1,0,0,separated
54817.0,2,-2.39,3,0,0,0,0,caucasian,55,4.0634953703703705,1,0,1,significant other
55101.0,1,-3.83,1,0,0,0,1,african-american,55,1.132951388888889,2,0,0,single
51847.0,5,-3.06,1,0,0,0,0,caucasian,55,0.9992361111111112,0,0,0,single
55080.0,1,-3.38,1,0,0,0,0,caucasian,55,1.1296875,0,0,1,single
62192.0,1,-4.21,1,0,0,0,1,caucasian,55,1.0619444444444444,0,0,0,significant other
8550.0,5,-2.4,3,1,0,1,0,african-american,55,69.8095949074074,3,0,1,single
35385.0,7,-2.26,3,0,0,0,0,caucasian,55,57.26060185185185,11,0,1,single
61177.0,1,-4.12,1,0,0,0,1,caucasian,55,0.9967939814814816,0,0,1,single
54897.0,1,-3.83,1,0,0,0,0,caucasian,55,13.258888888888889,2,0,1,significant other
51039.0,4,-3.07,1,0,0,0,1,caucasian,55,36.92172453703704,6,0,0,separated
56347.0,1,-3.92,1,0,0,0,1,caucasian,55,1.113344907407407,0,0,1,other
52638.0,1,-4.14,1,0,0,0,0,caucasian,55,1.0147916666666668,0,0,1,significant other
4933.0,2,-3.64,1,1,0,1,0,caucasian,55,37.26773148148148,18,0,0,separated
57124.0,1,-3.44,1,0,0,0,0,african-american,55,9.266064814814817,1,0,0,significant other
53353.0,8,-1.65,6,0,0,0,0,african-american,55,28.614074074074075,12,0,0,single
57198.0,1,-4.04,1,0,0,0,1,caucasian,55,2.9588425925925925,2,0,0,single
6248.0,10,-2.08,4,1,0,1,0,african-american,55,25.97417824074074,17,0,0,single
27066.0,3,-3.18,1,1,0,1,0,african-american,55,3.789375,9,0,1,single
57997.0,1,-2.63,2,1,1,1,0,caucasian,55,30.201979166666668,0,0,1,single
54674.0,1,-3.96,1,0,0,0,1,caucasian,55,0.932650462962963,0,0,1,single
64952.0,3,-3.62,1,1,0,1,0,caucasian,54,100.32599537037036,1,0,0,single
59700.0,1,-3.76,1,0,0,0,1,african-american,54,1.237511574074074,0,0,0,significant other
3832.0,6,-3.05,1,0,0,0,0,african-american,54,0.9444212962962965,21,0,0,single
58289.0,1,-3.32,1,0,0,0,0,other,54,0.9335069444444444,2,0,1,single
54741.0,2,-3.64,1,0,0,0,1,caucasian,54,4.192071759259259,1,0,1,separated
57047.0,3,-3.13,1,1,1,1,1,caucasian,54,20.34122685185185,0,0,0,single
54521.0,1,-3.33,1,0,0,0,0,african-american,54,1.984976851851852,4,0,0,single
52695.0,1,-4.05,1,1,1,1,0,african-american,54,0.1551851851851851,0,0,1,significant other
54723.0,6,-3.01,1,0,0,0,1,african-american,54,18.85582175925926,7,0,0,single
60017.0,1,-3.95,1,0,0,0,0,african-american,54,1.0056828703703704,9,0,1,single
57072.0,2,-3.42,1,1,1,1,0,other,54,1.0542013888888888,2,0,1,significant other
54915.0,1,-4.13,1,0,0,0,1,hispanic,54,0.1867939814814815,0,0,1,separated
52068.0,1,-3.67,1,0,0,0,0,other,54,0.1927430555555555,0,0,1,significant other
57889.0,3,-3.26,1,0,0,0,0,caucasian,54,0.1782291666666666,7,0,0,separated
60902.0,1,-3.96,1,0,0,0,0,other,54,0.1800115740740741,0,0,0,single
53397.0,8,-2.29,3,0,0,0,0,african-american,54,1.1000810185185186,11,0,0,single
54443.0,2,-3.41,1,0,0,0,1,caucasian,54,3.0793055555555555,1,0,1,separated
55826.0,4,-2.49,3,1,1,1,0,caucasian,54,0.0499189814814814,2,0,1,significant other
59315.0,4,-3.24,1,0,0,0,1,african-american,54,1.3048726851851853,6,0,0,other
23545.0,6,-2.28,3,1,0,1,0,african-american,54,2.2947569444444444,3,0,0,single
59222.0,2,-3.42,1,0,0,0,0,caucasian,54,2.0728472222222223,0,0,0,significant other
17678.0,9,-0.83,9,0,0,0,0,african-american,54,129.88015046296297,11,0,0,single
52270.0,1,-4.11,1,0,0,0,0,african-american,54,1.1364699074074074,0,0,1,significant other
55440.0,2,-2.74,2,0,0,0,1,caucasian,54,76.01886574074074,1,0,0,single
53018.0,1,-3.86,1,0,0,0,0,caucasian,54,0.9984837962962962,6,0,0,single
59927.0,2,-3.58,1,0,0,0,1,caucasian,54,0.2806018518518518,2,0,0,separated
60517.0,5,-2.75,2,0,0,0,1,caucasian,54,20.09119212962963,7,0,0,single
54236.0,2,-3.29,1,0,0,0,0,caucasian,54,0.6687615740740741,3,0,0,separated
52473.0,1,-3.12,1,0,0,0,0,african-american,54,1.660798611111111,0,0,0,separated
57503.0,2,-3.58,1,0,0,0,1,caucasian,54,170.99707175925926,12,0,0,single
55091.0,1,-3.29,1,0,0,0,0,african-american,54,0.9356712962962964,1,0,1,single
51518.0,1,-3.44,1,0,0,0,0,caucasian,54,0.2111226851851851,0,0,1,other
57381.0,3,-2.99,1,0,0,0,0,african-american,54,0.9297569444444445,1,0,0,separated
53947.0,1,-4.03,1,0,0,0,1,caucasian,54,0.2840277777777777,0,0,1,separated
52232.0,1,-3.79,1,0,0,0,0,caucasian,54,0.5643518518518519,1,0,0,separated
53500.0,1,-3.59,1,0,0,0,0,african-american,54,1.0101273148148149,0,0,1,single
51719.0,1,-3.79,1,0,0,0,0,african-american,54,0.1811921296296296,0,0,1,single
55664.0,1,-3.97,1,0,0,0,0,other,54,2.232349537037037,1,0,0,single
54041.0,7,-2.29,3,1,0,1,0,caucasian,54,5.933761574074074,12,0,0,separated
58229.0,1,-4.11,1,0,0,0,0,caucasian,54,0.1856018518518518,0,0,1,separated
57291.0,2,-3.26,1,0,0,0,0,caucasian,54,97.13011574074072,2,0,0,single
46130.0,5,-2.16,4,1,1,1,0,african-american,54,78.8672800925926,4,0,1,single
53717.0,1,-3.96,1,0,0,0,0,hispanic,54,2.1645833333333333,0,0,0,other
53153.0,6,-2.99,1,0,0,0,0,african-american,54,30.239675925925926,10,0,0,single
60216.0,3,-2.86,2,0,0,0,1,caucasian,54,26.80033564814815,1,0,1,significant other
51606.0,1,-2.83,2,0,0,0,0,caucasian,54,0.7596643518518519,0,0,1,significant other
21368.0,7,-2.99,1,1,0,1,0,african-american,54,13.92710648148148,6,0,0,other
53508.0,2,-3.82,1,0,0,0,1,caucasian,54,0.1567361111111111,1,0,1,significant other
60447.0,1,-3.35,1,0,0,0,1,caucasian,54,29.966967592592592,0,0,1,significant other
36547.0,3,-3.47,1,1,0,1,0,african-american,54,1.028113425925926,4,0,0,single
55561.0,1,-3.37,1,0,0,0,1,caucasian,54,1.002013888888889,1,0,1,single
59158.0,1,-3.85,1,0,0,0,0,other,54,27.932777777777776,0,0,0,significant other
51865.0,4,-2.7,2,1,1,1,0,caucasian,54,29.402430555555554,2,0,0,single
54511.0,1,-3.67,1,1,0,1,0,caucasian,54,2.039270833333333,3,0,1,single
48206.0,6,-2.74,2,0,0,0,0,african-american,54,66.06344907407407,3,0,1,single
58068.0,3,-3.51,1,1,0,1,0,african-american,54,3.0661342592592598,4,0,0,significant other
62004.0,1,-3.11,1,1,0,1,0,caucasian,54,1.109398148148148,1,0,1,significant other
59970.0,1,-3.68,1,0,0,0,0,caucasian,54,6.702881944444444,0,0,0,single
59827.0,1,-3.55,1,0,0,0,0,caucasian,54,1.161724537037037,0,0,1,significant other
55536.0,5,-3.19,1,0,0,0,0,hispanic,54,93.96444444444444,5,0,0,significant other
60453.0,1,-3.34,1,0,0,0,0,african-american,54,0.8211111111111111,2,0,1,significant other
52056.0,2,-3.28,1,0,0,0,0,caucasian,54,3.186099537037037,4,0,1,single
52838.0,1,-3.32,1,1,0,0,0,caucasian,54,39.017488425925926,2,0,1,single
58865.0,1,-3.48,1,0,0,0,0,caucasian,54,0.3514583333333333,0,0,0,significant other
50881.0,2,-2.6,2,0,0,0,0,african-american,53,0.6048263888888888,1,0,1,single
7466.0,2,-3.45,1,0,0,0,1,african-american,53,2.3131712962962965,3,0,0,significant other
46244.0,2,-3.15,1,1,0,1,1,african-american,53,4.0344444444444445,10,0,0,single
61223.0,1,-4.09,1,0,0,0,0,caucasian,53,11.97193287037037,1,0,0,single
52815.0,5,-2.68,2,0,0,0,0,other,53,5.080914351851852,1,0,0,single
58671.0,2,-2.67,2,1,0,1,0,caucasian,53,4.086053240740741,8,0,1,significant other
52137.0,1,-4.06,1,0,0,0,0,caucasian,53,0.8570833333333333,1,0,0,single
61927.0,1,-4.05,1,0,0,0,0,caucasian,53,21.013136574074075,1,0,0,significant other
53997.0,3,-3.74,1,0,0,0,1,caucasian,53,0.9854861111111112,1,0,1,single
60536.0,1,-3.75,1,0,0,0,0,hispanic,53,1.315613425925926,0,0,1,significant other
56715.0,1,-4.11,1,0,0,0,1,hispanic,53,0.8659606481481481,0,0,1,separated
32276.0,5,-1.9,5,1,1,0,0,caucasian,53,0.9057291666666668,1,0,1,significant other
40027.0,4,-2.43,3,0,0,0,0,caucasian,53,5.3767708333333335,8,0,1,separated
62169.0,1,-4.01,1,0,0,0,0,caucasian,53,6.290983796296296,1,0,0,significant other
56388.0,2,-2.77,2,1,0,0,0,african-american,53,0.9523263888888888,6,0,0,single
56965.0,1,-3.79,1,0,0,0,0,african-american,53,0.965613425925926,0,0,1,single
51156.0,1,-3.9,1,0,0,0,0,caucasian,53,1.0526273148148149,0,0,1,separated
61053.0,1,-3.87,1,0,0,0,1,caucasian,53,0.8912037037037037,0,0,1,separated
60414.0,9,-2.41,3,0,0,0,0,african-american,53,206.08603009259255,3,0,1,single
51869.0,1,-3.66,1,0,0,0,0,caucasian,53,0.0057986111111111,4,0,0,single
29068.0,6,-2.33,3,1,0,1,0,african-american,53,8.0521875,6,0,1,single
53902.0,6,-2.99,1,1,1,1,0,african-american,53,5.90806712962963,3,0,0,single
55108.0,2,-3.74,1,0,0,0,0,african-american,53,2.0021875,5,0,1,single
56947.0,1,-4.02,1,0,0,0,0,other,53,0.2200347222222222,0,0,1,single
51794.0,4,-3.08,1,0,0,0,0,african-american,53,297.80950231481484,5,0,0,single
52851.0,3,-3.45,1,0,0,0,0,african-american,53,0.6497453703703704,2,0,0,single
61138.0,1,-3.95,1,0,0,0,0,caucasian,53,1.1337847222222222,1,0,1,single
51244.0,1,-3.92,1,0,0,0,0,caucasian,53,1.0470949074074074,1,0,1,single
52003.0,1,-3.94,1,1,0,1,0,hispanic,53,2.016134259259259,1,0,1,single
59893.0,1,-4.11,1,0,0,0,1,caucasian,53,0.84375,1,0,1,single
31193.0,7,-3.12,1,1,0,1,0,african-american,53,41.1959837962963,18,0,1,single
55088.0,3,-3.2,1,0,0,0,0,caucasian,53,32.60230324074074,1,0,0,single
51346.0,1,-3.96,1,0,0,0,1,caucasian,53,0.1666435185185185,0,0,1,significant other
55852.0,1,-3.63,1,1,0,1,1,caucasian,53,0.1418981481481481,4,0,0,other
60907.0,1,-4.11,1,0,0,0,0,other,53,0.9806481481481482,0,0,1,single
55121.0,5,-2.93,2,0,0,0,0,caucasian,53,13.062789351851851,8,0,0,single
53913.0,1,-3.34,1,1,0,1,0,caucasian,53,4.996921296296296,1,0,1,significant other
59162.0,6,-2.97,1,1,0,1,0,african-american,53,5.321446759259259,8,0,0,single
55427.0,1,-4.14,1,0,0,0,0,caucasian,53,1.0994907407407408,1,0,1,significant other
53854.0,4,-2.92,2,0,0,0,0,caucasian,53,40.61888888888889,2,0,0,single
53635.0,7,-1.58,6,0,0,0,0,african-american,53,91.21743055555557,13,0,0,single
57060.0,2,-3.16,1,0,0,0,0,hispanic,53,1.089675925925926,18,0,0,significant other
56233.0,1,-3.82,1,0,0,0,0,african-american,53,0.73,2,0,0,single
59695.0,1,-4.14,1,0,0,0,1,caucasian,53,0.5402199074074074,0,0,1,significant other
51456.0,5,-3.51,5,0,0,0,0,african-american,53,3.1628587962962964,20,0,0,significant other
44123.0,1,-4.08,1,0,0,0,0,hispanic,53,1.094074074074074,1,0,0,single
59493.0,1,-4.14,1,0,0,0,1,caucasian,53,0.8501620370370371,0,0,1,single
51469.0,5,-2.51,3,0,0,0,0,african-american,53,1.8260300925925923,13,0,1,single
51525.0,1,-2.98,1,1,1,1,0,african-american,53,1.3759953703703705,0,0,1,significant other
53669.0,1,-3.65,1,0,0,0,0,caucasian,53,0.939351851851852,1,0,1,single
59707.0,1,-4.1,1,0,0,0,0,caucasian,53,0.8899421296296296,0,0,0,significant other
4549.0,4,-1.27,7,1,0,1,0,caucasian,53,117.99583333333334,9,0,0,single
54072.0,6,-2.29,3,0,0,0,0,african-american,53,110.01802083333334,11,0,0,single
59962.0,5,-3.48,1,0,0,0,1,african-american,53,1.4228125,0,0,0,single
58692.0,1,-3.46,1,0,0,0,0,caucasian,53,4.2984375,0,0,1,other
56983.0,7,-3.31,1,0,0,0,0,african-american,53,1.962962962962963,4,0,0,single
57811.0,1,-3.96,1,0,0,0,0,caucasian,53,174.0753125,6,0,0,single
57654.0,6,-2.77,2,1,1,1,0,caucasian,53,51.01084490740741,1,0,0,single
55671.0,1,-3.0,1,0,0,0,0,caucasian,53,17.266597222222224,2,0,0,significant other
53133.0,1,-3.97,1,0,0,0,0,african-american,53,0.9352083333333332,1,0,1,separated
53928.0,1,-3.96,1,0,0,0,0,caucasian,53,0.9093402777777778,0,0,1,significant other
58335.0,1,-3.71,1,0,0,0,1,caucasian,53,1.1615393518518518,0,0,0,single
57506.0,1,-4.04,1,0,0,0,1,african-american,53,0.2614814814814815,0,0,0,single
60950.0,6,-1.98,4,0,0,0,1,african-american,53,1.804421296296296,5,0,0,single
57245.0,1,-4.04,1,0,0,0,1,caucasian,53,0.9463541666666668,0,0,1,single
58033.0,1,-3.9,1,1,0,1,0,caucasian,53,197.92699074074076,3,0,0,single
59317.0,1,-3.94,1,0,0,0,0,caucasian,53,0.8235532407407408,0,0,1,significant other
59070.0,1,-3.98,1,0,0,0,0,caucasian,53,0.0760069444444444,0,0,1,separated
59892.0,1,-3.9,1,1,0,1,0,other,53,0.5710532407407407,4,0,1,significant other
54517.0,1,-3.84,1,1,0,0,0,caucasian,53,0.0488541666666666,0,0,0,single
54129.0,2,-3.52,1,0,0,0,0,caucasian,53,11.004328703703704,0,0,0,single
54486.0,1,-3.64,1,0,0,0,0,caucasian,53,0.9929629629629628,2,0,0,separated
51685.0,1,-3.33,1,0,0,0,0,caucasian,52,0.7390625,1,0,0,single
61785.0,1,-4.05,1,0,0,0,0,hispanic,52,0.8665625,0,0,1,significant other
59510.0,1,-3.4,1,0,0,0,1,caucasian,52,0.5899074074074074,0,0,0,single
56078.0,1,-3.88,1,0,0,0,1,caucasian,52,0.9319675925925924,0,0,1,single
55642.0,1,-3.42,1,0,0,0,0,african-american,52,3.091076388888889,2,0,0,significant other
52985.0,1,-3.69,1,0,0,0,0,caucasian,52,40.118726851851854,1,0,0,separated
55011.0,7,-2.75,2,0,0,0,1,caucasian,52,33.29918981481482,6,0,1,single
60052.0,1,-4.06,1,0,0,0,0,african-american,52,1.1090162037037037,0,0,0,significant other
54629.0,1,-3.87,1,0,0,0,0,caucasian,52,1.2934027777777777,2,0,1,single
55698.0,1,-3.52,1,0,0,0,0,caucasian,52,31.941145833333334,2,0,1,separated
51754.0,1,-3.67,1,1,0,1,1,hispanic,52,0.9414583333333332,0,0,1,separated
25001.0,8,-1.74,5,1,1,1,0,african-american,52,0.8371064814814815,16,0,0,single
51812.0,7,-1.39,7,1,0,1,0,african-american,52,4.903657407407407,0,0,0,single
24628.0,7,-1.73,6,1,0,1,0,other,52,1.7364814814814815,13,0,0,significant other
54109.0,2,-2.8,2,0,0,0,0,caucasian,52,0.8554976851851852,7,0,1,single
59534.0,6,-2.68,2,1,0,1,0,african-american,52,24.923842592592592,3,0,0,single
3509.0,1,-3.07,1,1,1,1,0,african-american,52,70.896875,1,0,1,single
55983.0,9,-1.73,6,0,0,0,0,caucasian,52,0.6327430555555555,3,0,1,single
17607.0,4,-2.49,3,0,0,0,0,hispanic,52,13.803726851851852,3,0,0,separated
53281.0,1,-3.6,1,1,0,1,0,african-american,52,1.1014814814814815,0,0,1,single
58672.0,1,-3.09,1,1,0,1,1,african-american,52,1.0776736111111112,2,0,0,single
56142.0,1,-4.08,1,0,0,0,0,caucasian,52,0.9733449074074074,0,0,1,significant other
60380.0,1,-3.65,1,0,0,0,1,african-american,52,0.2146527777777777,3,0,0,single
58209.0,1,-4.08,1,0,0,0,0,other,52,1.0041203703703705,2,0,0,single
51651.0,2,-3.05,1,0,0,0,0,caucasian,52,0.9449652777777776,3,0,1,separated
59685.0,3,-3.62,1,0,0,0,1,caucasian,52,1.1792939814814816,0,0,1,single
23691.0,9,-1.28,7,0,0,0,1,african-american,52,43.06118055555555,8,0,0,significant other
39651.0,7,-3.15,1,1,0,1,0,hispanic,52,33.81357638888889,9,0,0,single
59029.0,1,-3.63,1,0,0,0,0,caucasian,52,0.8681944444444445,0,0,1,single
58894.0,2,-2.97,1,0,0,0,0,caucasian,52,0.8144560185185186,7,0,0,single
60066.0,1,-3.68,1,0,0,0,1,caucasian,52,0.023912037037037,0,0,1,single
52241.0,1,-3.33,1,0,0,0,0,african-american,52,0.9943287037037036,0,0,0,single
59981.0,3,-3.23,1,1,0,1,0,african-american,52,204.9488078703704,23,0,0,single
55084.0,4,-3.49,1,1,0,1,0,african-american,52,26.014074074074077,0,0,0,significant other
58295.0,1,-3.66,1,0,0,0,0,caucasian,52,24.90984953703704,1,0,0,single
51122.0,1,-3.95,1,0,0,0,0,caucasian,52,0.6211574074074074,1,0,0,single
53572.0,3,-2.96,1,1,1,1,0,hispanic,52,6.85675925925926,5,0,0,single
59590.0,1,-3.69,1,0,0,0,0,caucasian,52,1.677337962962963,1,0,0,significant other
56102.0,1,-3.59,1,0,0,0,1,african-american,52,0.6647916666666667,0,0,0,significant other
53541.0,1,-3.18,1,0,0,0,0,caucasian,52,1.1008101851851853,1,0,1,significant other
56670.0,5,-2.42,3,0,0,0,0,caucasian,52,3.9452546296296296,1,0,0,single
61762.0,1,-3.8,1,1,0,1,0,hispanic,52,0.8358333333333333,0,0,1,significant other
58708.0,1,-3.88,1,0,0,0,1,caucasian,52,0.1910300925925926,3,0,1,separated
60909.0,3,-2.86,2,0,0,0,0,caucasian,52,0.9581018518518518,4,0,1,single
54125.0,3,-3.25,1,0,0,0,0,hispanic,52,27.90596064814815,20,0,0,single
28566.0,6,-1.46,7,0,0,0,0,hispanic,52,149.07563657407408,10,0,0,single
54092.0,1,-3.69,1,1,0,1,0,african-american,52,0.2309143518518518,0,0,1,single
58958.0,1,-3.96,1,0,0,0,0,other,52,0.807511574074074,0,0,0,significant other
59576.0,1,-3.84,1,0,0,0,0,caucasian,52,0.779375,0,0,1,single
58501.0,7,-3.15,1,1,0,1,0,african-american,52,29.164074074074072,17,0,0,significant other
54190.0,9,-2.47,3,1,1,1,0,african-american,52,117.92335648148148,7,0,0,single
48489.0,2,-2.96,1,0,0,0,0,caucasian,52,39.34689814814815,8,0,0,separated
18391.0,1,-3.43,1,0,0,0,1,caucasian,52,6.87931712962963,6,0,0,separated
52619.0,1,-4.05,1,0,0,0,0,caucasian,52,0.6850462962962963,1,0,0,single
50385.0,1,-3.98,1,0,0,0,0,hispanic,52,3.076111111111111,2,0,1,significant other
59388.0,9,-3.26,1,1,0,1,0,caucasian,52,4.932858796296296,2,0,0,single
61441.0,1,-3.54,1,0,0,0,0,african-american,52,0.9652662037037038,1,0,0,separated
53286.0,3,-2.76,2,1,0,1,0,caucasian,52,1.6852199074074077,4,0,1,single
58724.0,1,-3.79,1,0,0,0,0,hispanic,52,1.6165856481481482,0,0,0,significant other
52490.0,1,-3.88,1,0,0,0,0,african-american,52,0.9348842592592592,0,0,1,significant other
55620.0,1,-3.49,1,0,0,0,0,african-american,52,4.984537037037037,4,0,1,single
61192.0,5,-3.16,1,1,0,1,0,other,52,7.064166666666667,0,0,0,single
53181.0,1,-3.69,1,0,0,0,1,african-american,52,0.2769560185185185,0,0,1,single
54838.0,1,-3.57,1,0,0,0,0,caucasian,52,0.8997800925925926,0,0,0,single
60947.0,4,-2.3,3,0,0,0,0,african-american,52,13.93736111111111,0,0,0,other
52355.0,1,-3.33,1,0,0,0,1,african-american,52,0.7311805555555555,1,0,0,single
53723.0,8,-2.7,2,1,1,1,0,african-american,52,38.92520833333333,9,1,1,single
59232.0,1,-3.29,1,0,0,0,0,african-american,52,9.862939814814816,1,0,1,single
61831.0,7,-3.02,1,1,0,1,1,african-american,52,19.952673611111116,21,0,0,single
51603.0,5,-3.49,1,1,0,0,0,african-american,52,181.7600925925926,7,0,0,single
51150.0,1,-3.64,1,0,0,0,1,caucasian,52,0.7833449074074074,0,0,1,single
35653.0,4,-2.41,3,1,0,1,0,african-american,52,0.9262037037037038,15,0,1,single
58389.0,5,-2.47,3,1,0,1,0,caucasian,52,1.812037037037037,6,0,0,significant other
57735.0,1,-3.48,1,1,0,1,0,african-american,52,1.7055902777777778,6,0,1,significant other
58166.0,1,-3.63,1,0,0,0,1,caucasian,52,3.226701388888889,1,0,0,significant other
61368.0,1,-3.75,1,0,0,0,0,african-american,52,10.817488425925928,2,0,1,single
35171.0,3,-3.35,1,1,0,1,0,african-american,52,31.112141203703704,3,0,1,single
59528.0,1,-3.84,1,0,0,0,0,caucasian,52,1.874074074074074,2,0,0,significant other
52898.0,1,-3.76,1,0,0,0,0,other,52,0.6134375,0,0,0,significant other
60547.0,5,-2.46,3,0,0,0,0,african-american,52,1.0399537037037037,4,0,1,single
11077.0,9,-2.4,3,1,0,1,0,african-american,52,3.950509259259259,7,0,0,single
58548.0,1,-2.69,2,0,0,0,0,african-american,52,0.7464351851851851,3,0,0,single
51243.0,1,-3.42,1,0,0,0,0,caucasian,52,1.0395949074074071,0,0,0,significant other
53319.0,1,-3.92,1,0,0,0,1,caucasian,52,0.1814583333333333,0,0,1,single
60480.0,1,-3.87,1,0,0,0,1,african-american,52,2.420023148148148,0,0,0,separated
54614.0,2,-3.38,1,1,1,1,0,african-american,51,1.2976388888888888,0,0,0,other
52263.0,1,-4.08,1,0,0,0,0,hispanic,51,0.8724537037037037,0,0,1,significant other
43420.0,8,-2.27,3,1,0,1,0,african-american,51,449.098287037037,21,0,0,single
7874.0,6,-2.53,3,0,0,0,0,caucasian,51,16.84375,3,0,0,single
58272.0,1,-3.76,1,0,0,0,0,hispanic,51,6.767337962962963,1,0,0,significant other
56344.0,1,-3.8,1,0,0,0,0,caucasian,51,0.9622337962962964,0,0,1,single
60789.0,2,-3.64,1,0,0,0,0,african-american,51,1.210787037037037,3,0,0,single
57908.0,1,-3.64,1,0,0,0,1,african-american,51,60.11762731481482,4,0,0,single
60000.0,1,-3.73,1,0,0,0,0,hispanic,51,1.149212962962963,1,0,1,significant other
53773.0,9,-2.22,4,0,0,0,0,african-american,51,13.213611111111112,19,2,0,single
59425.0,2,-2.94,2,0,0,0,1,african-american,51,0.9479166666666666,3,0,1,single
56786.0,1,-4.01,1,0,0,0,0,hispanic,51,0.1940277777777777,0,0,1,significant other
53774.0,1,-3.57,1,1,0,1,0,caucasian,51,1.1210416666666667,3,0,0,significant other
59308.0,1,-3.94,1,0,0,0,0,caucasian,51,0.0111458333333333,0,0,1,separated
57586.0,2,-2.81,2,0,0,0,0,african-american,51,162.7222800925926,1,0,0,single
53107.0,3,-2.99,1,1,0,1,0,caucasian,51,13.095601851851852,3,0,0,separated
51315.0,1,-3.88,1,0,0,0,0,african-american,51,1.0980208333333332,0,0,1,separated
57858.0,2,-2.82,2,0,0,0,0,caucasian,51,86.08725694444445,3,0,0,single
57099.0,3,-2.82,2,0,0,0,0,african-american,51,2.121261574074074,3,0,0,single
55593.0,1,-3.03,1,1,0,1,0,caucasian,51,18.56467592592593,6,0,1,single
60093.0,1,-3.26,1,0,0,0,0,african-american,51,5.81582175925926,0,0,1,significant other
52876.0,1,-3.55,1,1,1,1,0,caucasian,51,0.6077662037037037,1,0,0,single
53001.0,9,-2.56,2,1,0,1,0,african-american,51,34.74729166666667,22,0,0,significant other
59412.0,3,-3.38,1,0,0,0,0,caucasian,51,0.3257986111111111,7,0,0,single
53668.0,1,-3.84,1,0,0,0,0,caucasian,51,0.4608449074074074,0,0,0,single
54995.0,1,-3.64,1,1,0,1,0,hispanic,51,1.1314814814814815,0,0,0,separated
54512.0,5,-3.05,1,0,0,0,0,african-american,51,25.870798611111116,8,0,1,single
51762.0,1,-3.76,1,0,0,0,1,caucasian,51,1.0217245370370371,0,0,0,single
52332.0,1,-3.96,1,0,0,0,0,other,51,1.1354976851851852,2,0,0,separated
62198.0,1,-3.79,1,0,0,0,1,caucasian,51,1.2764236111111111,0,0,1,significant other
49456.0,5,-2.62,2,0,0,0,0,african-american,51,7.911238425925926,14,0,0,significant other
52863.0,1,-3.57,1,0,0,0,0,caucasian,51,1.8881828703703705,0,0,1,significant other
56416.0,1,-3.22,1,0,0,0,0,other,51,34.04997685185185,2,0,0,separated
51833.0,1,-3.14,1,0,0,0,0,caucasian,51,35.261631944444446,0,0,0,significant other
53171.0,1,-3.14,1,1,1,1,0,caucasian,51,14.952326388888888,7,0,0,single
56298.0,2,-3.09,1,1,1,1,0,caucasian,51,1.9759722222222225,1,0,1,single
60843.0,1,-3.81,1,0,0,0,0,caucasian,51,0.7255787037037037,4,0,1,single
60591.0,7,-2.2,4,0,0,0,0,african-american,51,0.1475810185185185,3,0,0,separated
45497.0,1,-3.25,1,0,0,0,1,hispanic,51,0.0790972222222222,2,0,1,significant other
56690.0,7,-1.61,6,0,0,0,0,african-american,51,30.274907407407408,4,0,0,single
55796.0,8,-2.79,2,1,0,1,0,african-american,51,0.8684375,17,0,0,single
59307.0,2,-3.67,1,0,0,0,0,caucasian,51,1.237673611111111,1,0,1,separated
51604.0,5,-3.29,1,0,0,0,1,caucasian,51,1.923796296296296,0,0,0,single
61540.0,1,-3.82,1,0,0,0,1,caucasian,51,1.8949652777777777,1,0,0,single
51360.0,1,-3.89,1,0,0,0,1,caucasian,51,0.1669444444444444,0,0,1,single
60746.0,2,-3.57,1,0,0,0,0,hispanic,51,2.1656944444444446,3,0,1,single
46285.0,2,-2.92,2,1,0,0,0,african-american,51,7.84800925925926,4,0,1,single
56389.0,5,-1.45,7,1,0,1,0,african-american,51,79.25679398148148,11,0,1,single
52095.0,5,-2.64,2,1,0,1,0,caucasian,51,1.2358217592592593,8,0,0,single
56245.0,8,-3.37,1,0,0,0,1,african-american,51,66.0334375,16,0,0,single
60080.0,4,-2.95,1,1,0,1,0,african-american,51,30.22664351851852,0,0,1,single
57010.0,1,-3.92,1,0,0,0,0,african-american,51,7.241203703703704,1,0,0,significant other
52171.0,2,-2.82,2,0,0,0,1,african-american,51,1.670613425925926,7,0,0,separated
60167.0,4,-2.6,1,0,0,0,0,african-american,51,0.2407175925925926,17,0,1,significant other
61480.0,1,-3.69,1,1,0,1,0,caucasian,51,1.2082986111111111,4,0,0,single
60749.0,5,-2.68,2,0,0,0,1,caucasian,51,146.27377314814814,7,0,0,single
59300.0,7,-3.0,1,1,0,1,1,caucasian,51,20.760891203703704,5,0,1,significant other
58015.0,1,-3.25,1,0,0,0,0,african-american,51,0.3276967592592593,3,0,0,single
52589.0,1,-3.6,1,0,0,0,0,african-american,51,1.137048611111111,2,0,1,single
52601.0,10,-1.69,6,1,0,0,1,african-american,51,65.20773148148149,10,1,0,single
62218.0,1,-3.89,1,0,0,0,1,hispanic,51,0.6229050925925926,0,0,1,significant other
53130.0,1,-3.43,1,0,0,0,0,caucasian,51,91.88273148148149,0,0,1,significant other
56576.0,1,-3.76,1,0,0,0,0,caucasian,51,1.007835648148148,0,0,0,single
60349.0,1,-4.05,1,1,1,1,1,caucasian,51,0.7240509259259259,0,0,1,single
52186.0,1,-3.81,1,0,0,0,0,hispanic,51,17.069421296296298,1,0,0,significant other
51837.0,3,-3.36,1,0,0,0,1,caucasian,51,8.097175925925926,4,0,0,separated
51218.0,8,-2.33,3,1,1,1,0,african-american,51,0.6728472222222223,12,1,0,single
56219.0,1,-3.47,1,0,0,0,0,caucasian,51,22.977048611111112,2,0,0,single
37089.0,1,-3.62,1,0,0,0,0,african-american,51,3.004166666666667,3,0,0,significant other
54385.0,5,-3.07,1,0,0,0,0,african-american,51,0.1970833333333333,1,0,0,single
59771.0,1,-4.0,1,0,0,0,0,caucasian,51,2.7916550925925927,1,0,0,separated
51845.0,6,-1.44,7,1,0,1,0,african-american,51,0.8480324074074074,8,0,1,single
58587.0,2,-2.9,2,0,0,0,0,caucasian,51,0.8882175925925926,0,0,1,single
55444.0,2,-3.02,1,0,0,0,1,caucasian,51,1.1288310185185184,1,0,1,separated
56101.0,3,-2.45,3,0,0,0,0,african-american,51,0.2023379629629629,5,0,1,single
54136.0,1,-3.92,1,0,0,0,0,caucasian,51,1.0758217592592592,1,0,1,separated
52430.0,7,-1.8,5,0,0,0,0,african-american,51,4.734988425925926,5,0,1,single
59352.0,1,-3.82,1,0,0,0,0,caucasian,51,1.2397685185185183,0,0,0,single
51491.0,1,-2.87,2,0,0,0,0,african-american,51,1.848425925925926,4,0,0,separated
56380.0,5,-2.7,2,0,0,0,1,caucasian,51,32.75144675925926,5,0,0,single
62410.0,4,-3.23,1,1,0,1,0,african-american,51,0.5593402777777777,1,0,1,significant other
46610.0,4,-2.77,2,1,0,1,0,other,51,4.023854166666666,14,0,0,separated
51171.0,4,-3.21,1,1,0,1,1,caucasian,51,1.096412037037037,0,0,1,single
57885.0,1,-3.55,1,0,0,0,0,caucasian,51,1.1989930555555557,0,0,1,single
52236.0,4,-2.5,3,0,0,0,0,caucasian,51,6.921481481481481,3,0,0,single
52733.0,3,-2.6,2,0,0,0,0,hispanic,51,3.107418981481481,1,0,0,significant other
52697.0,8,-2.37,3,1,0,1,1,caucasian,51,6.975879629629629,2,0,0,significant other
57090.0,3,-3.71,1,0,0,0,0,african-american,51,24.969710648148148,2,0,0,single
53566.0,2,-2.78,2,0,0,0,0,caucasian,50,1.002037037037037,1,0,0,separated
61173.0,2,-3.65,1,1,0,1,0,caucasian,50,14.313344907407409,0,0,1,separated
53104.0,10,-1.48,7,1,0,1,0,caucasian,50,67.13599537037037,16,1,0,single
57154.0,6,-2.29,3,1,1,1,1,african-american,50,434.8916898148148,12,0,1,single
50900.0,1,-3.73,1,0,0,0,0,caucasian,50,0.3189814814814815,2,0,1,significant other
6380.0,5,-1.73,6,1,0,1,0,hispanic,50,28.91297453703704,9,0,1,single
57297.0,3,-2.73,2,0,0,0,0,caucasian,50,172.66916666666663,8,0,0,single
54240.0,7,-3.05,1,1,0,0,0,caucasian,50,5.045706018518518,5,0,0,single
57323.0,1,-3.93,1,0,0,0,0,caucasian,50,1.7320717592592592,1,0,0,single
59983.0,5,-2.61,2,0,0,0,0,african-american,50,2.0639583333333333,4,0,1,significant other
53476.0,1,-3.77,1,0,0,0,0,caucasian,50,0.8961226851851852,1,0,0,significant other
59313.0,1,-3.59,1,0,0,0,0,caucasian,50,1.1614467592592592,0,0,1,significant other
57796.0,3,-3.4,1,1,0,1,1,caucasian,50,0.1247106481481481,3,0,0,single
51832.0,1,-4.01,1,0,0,0,0,hispanic,50,0.342349537037037,0,0,1,significant other
54769.0,1,-2.92,2,0,0,0,1,african-american,50,1.0006597222222222,0,0,1,significant other
53020.0,1,-3.26,1,1,0,0,0,caucasian,50,1.0946064814814815,1,0,0,single
59445.0,3,-3.14,1,0,0,0,1,african-american,50,13.349699074074074,4,0,0,separated
58730.0,9,-2.43,3,0,0,0,0,hispanic,50,113.9644675925926,11,0,1,separated
60958.0,1,-4.0,1,0,0,0,0,caucasian,50,2.2903935185185187,0,0,0,significant other
61483.0,1,-3.88,1,0,0,0,0,caucasian,50,0.9871527777777778,0,0,0,significant other
56371.0,3,-3.61,1,1,1,1,1,caucasian,50,0.2283101851851851,0,0,1,separated
60739.0,1,-3.01,1,1,1,1,0,caucasian,50,35.786689814814814,0,0,0,separated
51849.0,2,-3.16,1,0,0,0,0,african-american,50,0.7461805555555555,7,0,0,single
59195.0,2,-3.48,1,0,0,0,0,caucasian,50,11.885358796296297,3,0,0,single
60880.0,1,-4.01,1,0,0,0,0,african-american,50,0.964050925925926,1,0,0,single
61456.0,1,-3.97,1,0,0,0,0,hispanic,50,0.9738425925925924,2,0,1,single
33245.0,1,-3.09,1,1,0,1,0,african-american,50,242.95107638888888,13,0,0,single
47457.0,1,-3.63,1,0,0,0,0,other,50,91.28195601851851,5,0,0,single
57698.0,1,-3.36,1,0,0,0,1,caucasian,50,1.7676851851851851,0,0,1,other
51806.0,3,-2.91,2,0,0,0,0,african-american,50,0.9093055555555556,3,0,1,separated
54860.0,5,-1.83,5,0,0,0,0,african-american,50,0.616712962962963,1,0,0,significant other
51614.0,1,-3.4,1,0,0,0,0,african-american,50,0.967488425925926,0,0,0,separated
59929.0,1,-3.92,1,0,0,0,0,caucasian,50,1.0395138888888888,2,0,0,separated
67275.0,1,-3.72,1,0,0,0,0,caucasian,50,0.922349537037037,0,0,1,significant other
57143.0,6,-1.9,5,0,0,0,0,african-american,50,30.958935185185187,2,0,1,single
52724.0,1,-3.64,1,1,0,1,0,african-american,50,1.0022916666666666,12,0,0,single
56054.0,10,-1.77,5,1,0,1,0,african-american,50,60.0333912037037,13,1,1,single
58862.0,1,-3.49,1,0,0,0,0,caucasian,50,0.6688194444444444,0,0,1,single
56669.0,2,-3.68,1,1,0,1,1,hispanic,50,1.0549074074074074,1,0,0,single
54706.0,1,-3.16,1,0,0,0,0,caucasian,50,2.1983449074074075,0,0,0,separated
5285.0,6,-2.33,3,1,0,1,1,caucasian,50,3.729537037037037,30,0,1,separated
57114.0,9,-1.72,6,0,0,0,0,african-american,50,2.1285185185185185,11,0,0,single
59351.0,8,-2.15,4,0,0,0,0,african-american,50,1.028101851851852,15,0,1,single
56889.0,1,-3.81,1,0,0,0,1,african-american,50,1.0760416666666666,1,0,0,single
52225.0,2,-2.12,4,0,0,0,0,caucasian,50,55.605891203703706,1,0,0,single
55886.0,2,-3.37,1,1,1,1,0,caucasian,50,26.855891203703703,11,0,0,significant other
57594.0,2,-3.25,1,0,0,0,0,african-american,50,31.55267361111111,5,1,0,single
61436.0,1,-3.57,1,0,0,0,0,african-american,50,2.0214583333333334,0,0,0,single
61734.0,2,-3.37,1,0,0,0,1,african-american,50,0.1615972222222222,3,0,0,single
53124.0,1,-3.46,1,0,0,0,0,caucasian,50,2.846701388888889,0,0,0,single
53132.0,1,-3.65,1,1,0,1,1,caucasian,50,0.5883564814814815,2,0,0,single
51024.0,2,-2.98,1,1,1,1,0,caucasian,50,9.09457175925926,2,0,0,single
51224.0,3,-3.52,1,0,0,0,0,caucasian,50,1.841273148148148,1,0,0,single
61183.0,7,-2.94,2,0,0,0,0,caucasian,50,30.21502314814815,0,0,0,single
36929.0,6,-2.1,4,1,0,1,0,caucasian,50,1.0161921296296297,9,0,1,single
62015.0,1,-3.81,1,0,0,0,0,caucasian,50,0.8373958333333333,0,0,0,separated
61664.0,6,-2.38,3,1,0,1,0,caucasian,50,32.84215277777778,18,0,1,separated
52038.0,3,-1.7,6,0,0,0,0,caucasian,50,1.004988425925926,2,0,0,separated
17347.0,4,-2.59,2,0,0,0,0,caucasian,50,0.8602546296296296,10,0,0,separated
57406.0,5,-2.77,2,0,0,0,0,african-american,50,47.974328703703705,10,0,0,single
53431.0,2,-1.81,5,0,0,0,0,caucasian,50,11.858877314814816,8,0,0,significant other
51408.0,2,-2.68,2,0,0,0,0,caucasian,50,0.5964699074074075,1,0,1,single
60043.0,1,-4.01,1,0,0,0,0,caucasian,50,1.7265162037037036,1,0,0,separated
51808.0,6,-2.26,3,1,0,1,0,caucasian,50,40.17640046296296,1,0,1,significant other
31312.0,2,-3.16,1,0,0,0,0,caucasian,50,26.252569444444443,4,0,1,single
56384.0,3,-3.62,1,1,0,1,1,hispanic,50,0.7193402777777778,1,0,0,separated
53858.0,3,-2.69,2,1,0,1,0,caucasian,50,424.9495717592592,9,0,0,single
50986.0,8,-1.11,8,1,1,1,0,african-american,50,32.3812962962963,24,2,1,single
54152.0,1,-3.84,1,0,0,0,0,african-american,50,0.2052083333333333,0,0,1,significant other
59607.0,4,-3.31,1,0,0,0,1,african-american,50,1.077175925925926,7,0,1,single
53388.0,3,-3.12,1,0,0,0,0,caucasian,50,14.046435185185183,3,0,0,significant other
51926.0,5,-2.98,1,1,0,1,0,african-american,50,0.8446412037037037,2,0,1,single
52248.0,4,-1.71,6,1,1,1,0,caucasian,50,25.21185185185185,3,0,1,single
32421.0,9,-2.21,4,1,0,1,0,hispanic,50,33.96550925925926,3,0,0,single
62119.0,1,-3.88,1,1,0,1,0,caucasian,50,5.230185185185185,1,0,1,significant other
23992.0,8,-1.59,6,1,0,1,0,african-american,50,248.9411458333333,18,0,0,significant other
59911.0,1,-4.05,1,0,0,0,0,caucasian,49,1.039027777777778,0,0,0,significant other
60548.0,3,-3.13,1,0,0,0,0,caucasian,49,12.89755787037037,1,0,0,single
58875.0,1,-3.48,1,0,0,0,0,caucasian,49,73.75863425925925,0,0,0,significant other
60552.0,1,-3.93,1,1,0,1,1,caucasian,49,0.1979282407407407,2,0,1,separated
56396.0,1,-3.98,1,0,0,0,1,caucasian,49,0.4313773148148148,1,0,1,separated
33017.0,6,-2.57,2,1,0,1,0,caucasian,49,3.982118055555556,8,0,0,single
54961.0,2,-3.5,1,0,0,0,0,hispanic,49,1.0228356481481482,0,0,1,single
62366.0,1,-3.55,1,0,0,0,0,caucasian,49,0.8983796296296296,3,0,0,single
52497.0,1,-3.77,1,0,0,0,0,caucasian,49,0.788125,0,0,0,single
54355.0,1,-3.23,1,0,0,0,0,hispanic,49,0.5654166666666667,0,0,0,single
55068.0,5,-3.42,1,0,0,0,1,caucasian,49,3.7169444444444446,4,0,0,single
50958.0,1,-2.77,2,0,0,0,1,african-american,49,1.2235069444444444,0,0,0,single
61333.0,2,-2.92,2,1,0,1,0,caucasian,49,2.965868055555556,12,0,0,single
57678.0,2,-3.38,1,0,0,0,0,caucasian,49,1.0433796296296296,2,0,1,significant other
56747.0,1,-3.74,1,0,0,0,0,caucasian,49,0.614525462962963,0,0,1,single
34682.0,2,-3.32,1,0,0,0,0,african-american,49,35.83460648148148,4,0,1,significant other
53633.0,3,-2.81,2,1,0,1,0,other,49,3.921759259259259,7,0,0,single
57999.0,5,-1.65,6,0,0,0,0,african-american,49,5.183865740740741,1,0,0,single
58589.0,1,-3.93,1,0,0,0,0,caucasian,49,0.8858449074074074,1,0,1,significant other
58125.0,5,-2.12,4,0,0,0,0,african-american,49,3.734375,3,0,0,single
61599.0,2,-3.28,1,0,0,0,1,caucasian,49,8.696226851851852,8,0,0,separated
57382.0,3,-3.66,1,0,0,0,1,caucasian,49,82.00581018518518,2,0,1,separated
9625.0,3,-2.94,2,0,0,0,0,african-american,49,0.7189930555555556,13,2,0,significant other
57432.0,1,-3.89,1,1,0,0,0,hispanic,49,40.02765046296296,2,0,1,single
52164.0,5,-2.6,2,0,0,0,0,caucasian,49,1.195613425925926,0,0,0,significant other
58176.0,4,-3.04,1,0,0,0,0,african-american,49,1.1397569444444444,4,0,0,significant other
60350.0,1,-3.85,1,0,0,0,0,african-american,49,1.818113425925926,2,0,0,single
53896.0,2,-3.38,1,0,0,0,0,african-american,49,1.0605555555555557,3,0,0,separated
58680.0,1,-2.99,1,0,0,0,0,caucasian,49,0.9638541666666668,0,0,0,separated
62100.0,6,-2.89,2,0,0,0,1,caucasian,49,5.023263888888889,6,0,0,significant other
53075.0,1,-2.96,1,0,0,0,0,african-american,49,0.8142708333333334,0,0,0,significant other
60952.0,1,-3.91,1,0,0,0,1,african-american,49,0.8351967592592593,1,0,0,single
54213.0,1,-3.51,1,1,1,1,0,african-american,49,0.1872222222222222,1,0,1,single
50903.0,1,-3.37,1,0,0,0,0,african-american,49,0.1923958333333333,0,0,1,significant other
54563.0,2,-3.62,1,1,0,0,1,caucasian,49,1.1118402777777778,3,0,0,single
57869.0,1,-2.7,2,0,0,0,0,caucasian,49,5.658831018518518,4,0,0,single
50840.0,1,-3.01,1,1,0,1,1,caucasian,49,0.1140277777777777,0,0,1,single
53045.0,1,-3.1,1,0,0,0,0,caucasian,49,0.4143518518518518,0,0,1,significant other
52324.0,8,-2.51,3,1,1,0,0,caucasian,49,4.287962962962963,4,0,1,single
60698.0,6,-3.29,1,1,0,1,0,african-american,49,0.8056944444444445,29,0,0,significant other
54673.0,1,-3.94,1,0,0,0,1,other,49,1.0053819444444445,0,0,1,separated
56735.0,6,-2.51,3,1,0,1,0,caucasian,49,3.921898148148148,5,0,0,single
53270.0,1,-2.99,1,0,0,0,0,african-american,49,1.9664930555555555,1,0,1,separated
59030.0,1,-3.64,1,0,0,0,0,caucasian,49,0.2433564814814814,0,0,0,single
57552.0,4,-2.61,2,0,0,0,0,caucasian,49,0.1878472222222222,3,0,0,single
56339.0,2,-3.46,1,1,0,1,1,caucasian,49,11.998877314814814,2,0,1,single
56319.0,1,-3.65,1,1,0,1,0,caucasian,49,91.16541666666669,2,0,0,single
52049.0,1,-3.72,1,0,0,0,0,african-american,49,24.968900462962964,1,0,0,significant other
62210.0,6,-2.36,3,1,0,1,0,african-american,49,43.9703125,10,0,0,single
53877.0,2,-3.12,1,0,0,0,0,caucasian,49,24.05258101851852,8,0,0,single
61809.0,6,-3.18,1,0,0,0,1,caucasian,49,10.797291666666666,2,0,0,separated
56777.0,1,-3.38,1,0,0,0,0,african-american,49,0.9032407407407408,4,0,1,significant other
58364.0,6,-2.34,3,1,0,1,0,other,49,12.941655092592592,7,0,0,significant other
50127.0,3,-2.74,2,1,0,1,0,african-american,49,9.84173611111111,10,0,0,single
51528.0,6,-2.15,4,1,1,1,0,caucasian,49,17.08310185185185,4,0,1,single
57440.0,7,-2.72,2,1,0,1,0,caucasian,49,1.853414351851852,0,0,0,single
53702.0,2,-3.18,1,0,0,0,1,caucasian,49,0.5781481481481482,3,0,0,single
1393.0,5,-3.37,1,0,0,0,0,caucasian,49,21.66037037037037,12,0,1,single
52135.0,1,-3.69,1,0,0,0,0,caucasian,49,0.2004513888888889,0,0,0,significant other
51383.0,1,-3.54,1,1,0,1,0,hispanic,49,5.339756944444445,1,0,0,single
56120.0,1,-3.94,1,0,0,0,0,caucasian,49,0.1586921296296296,0,0,1,significant other
52969.0,3,-3.37,1,1,1,1,0,african-american,49,19.34769675925926,1,0,0,significant other
59543.0,1,-3.67,1,1,0,1,0,caucasian,49,20.93275462962963,1,0,0,single
54790.0,1,-3.41,1,1,1,1,0,other,49,1.0319097222222222,0,0,1,single
57774.0,2,-3.58,1,0,0,0,1,caucasian,49,0.8957407407407407,2,0,0,separated
46544.0,1,-3.03,1,1,0,1,0,african-american,49,0.875636574074074,3,0,0,single
51137.0,1,-3.26,1,0,0,0,0,caucasian,49,4.185127314814815,1,0,1,single
60874.0,1,-3.67,1,0,0,0,0,caucasian,49,1.846203703703704,1,0,0,single
53275.0,1,-3.86,1,0,0,0,1,caucasian,49,0.2003356481481481,0,0,0,separated
61262.0,1,-3.73,1,1,0,1,0,african-american,49,4.328842592592593,0,0,1,significant other
52837.0,4,-3.06,1,0,0,0,0,african-american,49,0.9866898148148148,3,0,0,single
57125.0,1,-3.66,1,0,0,0,1,caucasian,49,1.1880902777777778,1,0,0,single
52374.0,7,-2.05,4,1,1,0,0,african-american,49,10.315671296296296,1,0,1,single
57629.0,1,-3.61,1,0,0,0,0,other,49,0.6355324074074075,2,0,0,single
51633.0,2,-2.62,2,0,0,0,1,caucasian,49,0.9741666666666666,0,0,0,single
58542.0,2,-3.45,1,0,0,0,1,caucasian,49,3.888703703703704,4,0,1,single
51416.0,1,-3.9,1,0,0,0,0,caucasian,49,1.3064236111111112,2,0,1,single
56968.0,1,-3.62,1,1,1,1,0,caucasian,48,3.914444444444445,2,0,0,single
29231.0,6,-2.13,4,1,0,1,0,caucasian,48,10.64398148148148,20,0,0,single
3759.0,9,-2.38,3,1,0,1,0,african-american,48,142.30842592592592,14,0,0,single
57311.0,1,-3.86,1,0,0,0,0,hispanic,48,0.459699074074074,0,0,1,significant other
60355.0,5,-2.34,3,0,0,0,1,african-american,48,9.91636574074074,0,0,1,single
56020.0,2,-3.12,1,1,0,0,0,caucasian,48,6.35900462962963,3,0,0,single
8832.0,5,-2.06,4,0,0,0,0,other,48,1.1955439814814814,12,0,0,single
57497.0,1,-3.14,1,0,0,0,0,other,48,9.42679398148148,0,0,1,separated
52481.0,8,-1.86,5,1,1,0,0,caucasian,48,4.248923611111112,2,0,1,separated
57768.0,1,-3.62,1,0,0,0,1,caucasian,48,32.83550925925926,2,0,0,separated
946.0,6,-1.91,5,1,0,1,0,african-american,48,3.7674652777777777,9,0,0,single
60014.0,1,-3.9,1,0,0,0,0,african-american,48,2.1738310185185186,0,0,0,significant other
50914.0,9,-2.68,2,1,0,1,0,african-american,48,242.7402314814815,5,0,0,single
61994.0,1,-3.32,1,0,0,0,0,african-american,48,1.0250925925925929,0,0,1,separated
56213.0,1,-3.98,1,0,0,0,0,caucasian,48,0.1649884259259259,0,0,1,single
52071.0,8,-2.46,3,1,0,1,0,caucasian,48,68.07439814814815,0,0,0,single
61172.0,8,-1.99,4,0,0,0,0,african-american,48,0.270787037037037,4,0,0,significant other
51148.0,1,-3.83,1,0,0,0,0,african-american,48,1.0996180555555557,0,0,0,significant other
57584.0,2,-3.29,1,0,0,0,0,caucasian,48,0.8268981481481481,2,0,1,single
58932.0,2,-2.49,3,0,0,0,1,african-american,48,1.849664351851852,0,0,0,single
55709.0,4,-3.06,1,0,0,0,0,caucasian,48,0.2347569444444444,3,0,0,single
60329.0,1,-3.89,1,1,0,1,0,other,48,4.097141203703703,4,0,0,significant other
60830.0,1,-3.74,1,0,0,0,1,caucasian,48,1.1875578703703704,0,0,0,significant other
53044.0,2,-3.09,1,0,0,0,0,other,48,2.9689236111111112,0,0,0,significant other
57476.0,1,-3.86,1,0,0,0,0,other,48,1.942974537037037,0,0,1,significant other
55079.0,4,-2.66,2,1,0,1,0,african-american,48,4.322106481481481,7,0,1,single
34854.0,8,-1.87,5,1,1,1,0,caucasian,48,360.9390393518519,23,1,0,single
55071.0,2,-3.62,1,0,0,0,1,caucasian,48,1.951585648148148,0,0,0,single
53042.0,2,-3.33,1,0,0,0,0,other,48,1.097719907407407,4,0,0,single
53819.0,1,-3.91,1,0,0,0,1,caucasian,48,0.5365972222222222,0,0,1,significant other
58880.0,4,-2.2,4,1,0,1,0,african-american,48,56.09180555555555,11,0,1,single
50874.0,1,-3.86,1,0,0,0,1,african-american,48,0.1858217592592592,0,0,1,single
60410.0,1,-3.74,1,0,0,0,1,caucasian,48,0.9432175925925926,0,0,1,separated
58991.0,2,-3.63,1,0,0,0,0,caucasian,48,5.908935185185185,6,0,0,single
54796.0,2,-2.88,2,0,0,0,0,other,48,0.8271875,7,0,0,single
57589.0,1,-3.66,1,0,0,0,0,caucasian,48,33.07943287037037,0,0,0,single
49440.0,4,-2.92,2,1,0,1,1,caucasian,48,23.751967592592592,8,0,1,significant other
59551.0,1,-3.9,1,1,0,1,0,hispanic,48,0.9961689814814816,1,0,1,other
52517.0,1,-3.79,1,0,0,0,0,hispanic,48,5.822986111111111,1,0,1,significant other
50915.0,3,-2.55,3,0,0,0,0,african-american,48,0.934224537037037,4,0,0,significant other
53498.0,6,-3.26,1,0,0,0,0,african-american,48,1.2438310185185186,2,0,0,significant other
52563.0,1,-3.75,1,0,0,0,1,other,48,1.2056828703703704,0,0,0,single
53423.0,1,-3.69,1,0,0,0,0,other,48,2.029074074074074,1,0,0,significant other
61486.0,1,-3.94,1,0,0,0,0,caucasian,48,0.971724537037037,2,0,0,separated
53091.0,6,-2.28,3,0,0,0,0,african-american,48,0.4476504629629629,12,0,1,significant other
61100.0,6,-2.49,3,0,0,0,0,african-american,48,1.0700694444444443,4,0,0,single
57191.0,4,-2.46,3,1,0,1,0,african-american,48,0.9023958333333332,5,0,0,single
28258.0,10,-2.13,9,1,1,1,0,african-american,48,6.350960648148148,25,1,0,single
51740.0,1,-3.7,1,0,0,0,0,hispanic,48,1.1383796296296296,1,0,1,single
52609.0,1,-3.55,1,0,0,0,0,hispanic,48,167.37883101851853,1,0,1,significant other
57163.0,1,-3.82,1,0,0,0,0,other,48,21.297256944444445,1,0,0,significant other
12038.0,8,-1.63,6,1,0,1,0,caucasian,48,46.220671296296295,20,0,0,single
60661.0,2,-3.58,1,0,0,0,0,caucasian,48,1.0072106481481482,0,0,0,single
39796.0,9,-2.22,4,1,0,1,0,african-american,48,11.174710648148148,8,1,0,single
29597.0,2,-3.68,1,0,0,0,0,caucasian,48,0.8442361111111111,1,0,0,single
59479.0,1,-3.33,1,0,0,0,0,caucasian,48,0.7299652777777778,1,0,0,separated
59697.0,3,-2.66,2,0,0,0,0,caucasian,48,27.09653935185185,0,0,0,single
52385.0,1,-3.25,1,0,0,0,1,caucasian,48,0.5299652777777778,1,0,1,single
58409.0,1,-3.62,1,0,0,0,1,african-american,48,0.7231365740740741,1,0,0,single
60036.0,7,-2.0,4,0,0,0,0,caucasian,48,11.01835648148148,0,0,0,significant other
52649.0,7,-2.13,4,1,0,1,0,caucasian,48,129.0157986111111,1,0,0,separated
52832.0,1,-3.91,1,0,0,0,0,caucasian,48,1.1196180555555555,0,0,1,single
51810.0,1,-3.54,1,0,0,0,1,other,48,17.067118055555557,0,0,0,single
53448.0,1,-3.83,1,0,0,0,0,african-american,48,1.1641898148148149,0,0,1,significant other
62009.0,1,-3.82,1,0,0,0,0,african-american,48,0.7126041666666667,1,0,0,single
57592.0,6,-2.97,1,1,0,1,1,african-american,48,54.05383101851852,18,3,0,separated
54454.0,1,-3.39,1,0,0,0,0,caucasian,48,0.2274768518518518,1,0,1,single
48468.0,6,-3.24,1,0,0,0,0,caucasian,48,1.047997685185185,9,0,0,single
59206.0,3,-2.76,2,0,0,0,0,african-american,48,1.7268171296296295,6,0,0,separated
55306.0,6,-1.54,6,0,0,0,1,hispanic,48,57.1803587962963,9,0,0,single
45342.0,4,-3.17,1,0,0,0,0,african-american,48,175.12944444444443,10,0,0,single
56908.0,7,-1.49,7,1,0,1,0,caucasian,48,74.00570601851852,13,0,0,single
56570.0,1,-3.83,1,0,0,0,0,other,48,0.973287037037037,0,0,1,significant other
53972.0,1,-2.97,1,1,0,1,0,hispanic,48,126.15186342592592,1,0,0,single
59956.0,1,-3.9,1,1,0,1,0,caucasian,48,0.2510416666666666,1,0,1,separated
56197.0,6,-2.96,1,1,0,1,0,caucasian,48,134.14756944444446,18,0,0,single
58076.0,2,-3.01,1,1,0,1,0,african-american,48,1.0916898148148149,3,0,0,single
3214.0,4,-1.75,5,0,0,0,0,caucasian,47,0.3405555555555555,2,0,0,single
56273.0,1,-3.91,1,0,0,0,0,caucasian,47,1.1199305555555557,2,0,1,significant other
54321.0,1,-3.55,1,0,0,0,1,caucasian,47,0.1533333333333333,0,0,0,single
51800.0,8,-3.2,1,1,0,1,0,african-american,47,0.8659953703703703,23,0,1,single
56433.0,3,-2.78,2,1,1,1,0,caucasian,47,0.1384259259259259,5,0,1,significant other
61275.0,5,-2.49,3,0,0,0,0,african-american,47,3.1596875,0,0,1,significant other
53778.0,1,-3.07,1,1,1,1,0,african-american,47,57.00083333333333,7,0,0,single
60911.0,6,-1.67,6,0,0,0,1,african-american,47,0.9365972222222222,4,0,1,significant other
9139.0,3,-2.72,2,0,0,0,0,african-american,47,0.1668287037037037,4,0,0,significant other
60340.0,1,-3.66,1,1,0,1,0,hispanic,47,3.1232407407407408,0,0,1,significant other
60630.0,1,-3.52,1,0,0,0,0,hispanic,47,17.03033564814815,1,0,0,single
12572.0,4,-1.93,5,0,0,0,0,african-american,47,1.335949074074074,1,0,1,single
38662.0,3,-3.54,1,1,1,1,0,caucasian,47,0.8723726851851852,1,0,0,single
58553.0,1,-3.61,1,1,0,1,1,caucasian,47,14.261828703703705,1,0,0,single
61191.0,1,-3.4,1,0,0,0,0,caucasian,47,0.9782060185185184,0,0,1,single
29762.0,2,-2.53,3,0,0,0,0,caucasian,47,4.876736111111111,5,0,1,other
57543.0,9,-2.19,4,1,0,1,0,african-american,47,112.36186342592592,21,0,0,single
58148.0,1,-3.67,1,0,0,0,0,caucasian,47,27.869097222222223,2,0,1,single
55992.0,1,-3.63,1,0,0,0,1,caucasian,47,0.1125462962962963,0,0,1,significant other
53571.0,1,-3.74,1,0,0,0,1,caucasian,47,0.8255092592592592,0,0,1,significant other
26552.0,6,-2.28,3,1,0,1,0,african-american,47,97.96033564814816,12,0,0,single
57456.0,1,-3.95,1,0,0,0,0,caucasian,47,0.8844675925925926,0,0,1,significant other
58938.0,5,-2.49,3,0,0,0,0,caucasian,47,0.5763310185185185,1,0,1,single
51980.0,6,-3.09,1,1,0,1,0,hispanic,47,5.946377314814815,3,0,1,separated
56736.0,1,-3.79,1,0,0,0,1,hispanic,47,1.143333333333333,0,0,1,single
59600.0,4,-2.5,3,0,0,0,0,caucasian,47,89.92652777777778,11,0,0,single
51414.0,2,-2.49,3,0,0,0,0,african-american,47,49.80979166666667,1,0,0,single
54081.0,2,-3.61,1,0,0,0,1,african-american,47,0.8646527777777778,0,0,1,single
59003.0,2,-3.64,1,1,0,1,0,caucasian,47,1.0139120370370371,2,0,0,significant other
54773.0,2,-3.3,1,0,0,0,0,caucasian,47,2.879305555555556,0,0,1,single
58080.0,1,-3.59,1,0,0,0,0,other,47,1.2321412037037036,1,0,1,significant other
61369.0,1,-2.65,2,0,0,0,0,caucasian,47,1.9430671296296296,2,0,0,separated
59302.0,5,-0.85,9,1,0,1,0,african-american,47,11.235729166666667,3,0,0,single
51467.0,7,-1.91,5,1,0,1,0,african-american,47,403.4110185185185,23,0,0,single
58476.0,7,-2.6,2,1,0,1,0,african-american,47,1.131724537037037,22,0,0,single
54371.0,1,-3.82,1,0,0,0,0,caucasian,47,0.6428125,0,0,1,significant other
53875.0,6,-2.26,3,1,0,1,0,caucasian,47,81.97561342592593,1,0,0,single
61686.0,4,-3.37,1,0,0,0,0,african-american,47,0.996099537037037,5,0,0,single
55654.0,5,-1.6,6,1,0,1,0,caucasian,47,32.317314814814814,4,0,0,single
13580.0,3,-2.94,2,0,0,0,0,african-american,47,0.1867476851851852,3,0,0,single
51264.0,5,-1.72,6,1,0,1,0,african-american,47,7.31943287037037,3,0,1,single
53675.0,1,-3.54,1,0,0,0,0,hispanic,47,1.1211921296296297,0,0,1,separated
53389.0,5,-2.24,3,0,0,0,0,hispanic,47,183.9671064814815,1,0,0,single
1692.0,9,-1.74,5,0,0,0,0,african-american,47,1.6728472222222222,20,0,0,single
59578.0,1,-3.83,1,0,0,0,0,other,47,2.008368055555556,0,0,0,significant other
60660.0,1,-3.21,1,0,0,0,0,caucasian,47,1.1792824074074073,1,0,0,significant other
53149.0,1,-3.79,1,0,0,0,0,caucasian,47,0.2259837962962963,1,0,1,single
61757.0,4,-2.22,4,1,0,1,0,african-american,47,0.8266782407407407,4,0,0,significant other
54624.0,8,-2.31,3,1,0,1,0,african-american,47,212.35997685185183,19,1,0,single
57975.0,1,-3.66,1,0,0,0,0,caucasian,47,1.0925578703703704,0,0,1,separated
54277.0,1,-3.9,1,0,0,0,1,hispanic,47,2.1041435185185184,1,0,0,single
51088.0,1,-3.55,1,0,0,0,0,caucasian,47,2.031134259259259,3,0,0,single
53061.0,1,-3.06,1,0,0,0,0,african-american,47,1.136886574074074,0,0,1,single
59582.0,3,-3.25,1,1,0,1,1,caucasian,47,4.174212962962963,0,0,1,significant other
55147.0,9,-1.98,4,1,0,1,0,african-american,47,0.6318981481481482,14,5,0,single
54591.0,10,-2.89,2,1,1,1,0,african-american,47,64.29030092592592,4,0,0,significant other
60343.0,6,-3.17,1,0,0,0,0,african-american,47,2.1449421296296296,5,0,0,single
60149.0,2,-3.46,1,0,0,0,0,african-american,47,1.9839699074074075,3,0,0,significant other
55663.0,7,-2.86,2,0,0,0,0,african-american,47,60.31425925925926,15,0,0,single
62158.0,1,-3.34,1,1,1,1,0,african-american,47,2.0441435185185184,1,0,1,single
57970.0,10,-2.85,2,1,0,1,1,african-american,47,30.86611111111111,19,0,0,single
61758.0,9,-1.62,6,1,0,1,1,african-american,47,21.89173611111111,21,2,1,significant other
55077.0,1,-3.55,1,0,0,0,1,other,47,3.029699074074074,0,0,0,single
53910.0,4,-2.4,3,1,1,1,0,caucasian,47,66.16125,13,0,1,separated
56449.0,6,-2.95,1,0,0,0,0,african-american,47,31.018680555555555,14,0,1,single
51701.0,1,-3.74,1,0,0,0,0,african-american,47,1.0018402777777775,1,0,0,separated
57466.0,1,-3.72,1,1,0,1,0,other,47,0.8818287037037037,5,0,1,single
57929.0,4,-3.43,1,0,0,0,0,hispanic,47,1.322511574074074,0,0,1,significant other
52819.0,4,-3.07,1,0,0,0,0,caucasian,47,6.133275462962963,2,0,0,single
41977.0,2,-3.39,1,0,0,0,0,african-american,47,5.095069444444444,6,0,0,single
51852.0,2,-3.54,1,0,0,0,0,other,47,3.983888888888889,3,0,1,separated
57078.0,2,-3.57,1,0,0,0,0,caucasian,47,13.10991898148148,3,0,0,single
61282.0,1,-3.94,1,0,0,0,0,other,47,0.7710416666666666,0,0,1,significant other
52101.0,3,-2.79,2,1,0,1,0,caucasian,47,12.844513888888889,3,0,1,single
53957.0,5,-3.18,1,0,0,0,0,caucasian,47,63.10005787037037,3,0,1,significant other
54518.0,1,-3.63,1,0,0,0,0,caucasian,47,1.329050925925926,0,0,1,separated
55576.0,8,-2.82,2,0,0,0,0,african-american,47,0.2762268518518518,17,0,0,single
3105.0,4,-2.76,2,1,0,0,0,african-american,47,64.97746527777778,9,0,0,single
62380.0,1,-3.67,1,0,0,0,0,hispanic,47,1.0385995370370371,0,0,1,separated
61445.0,1,-3.9,1,0,0,0,0,caucasian,47,0.1746759259259259,0,0,1,single
57538.0,1,-3.79,1,1,0,1,0,caucasian,47,1.0181944444444444,0,0,1,significant other
58491.0,1,-2.95,1,0,0,0,0,caucasian,47,43.153078703703706,1,0,0,single
61520.0,1,-3.4,1,0,0,0,0,caucasian,47,0.9263773148148148,3,0,0,single
15671.0,7,-1.68,6,0,0,0,0,african-american,46,3.799502314814815,2,0,1,single
36178.0,5,-2.69,2,1,0,1,0,other,46,59.79449074074074,3,0,0,single
49945.0,8,-3.07,1,0,0,0,1,caucasian,46,19.90652777777778,2,0,0,separated
61836.0,1,-3.66,1,0,0,0,1,caucasian,46,0.1579282407407407,0,0,1,single
57530.0,3,-2.38,3,0,0,0,0,caucasian,46,10.54861111111111,1,0,0,single
59793.0,1,-3.62,1,0,0,0,1,hispanic,46,3.1740625,2,0,0,single
55099.0,1,-3.63,1,0,0,0,1,caucasian,46,1.8673726851851853,0,0,1,single
18325.0,7,-2.25,3,1,0,0,0,african-american,46,65.06248842592592,18,0,0,separated
59043.0,6,-3.45,1,1,0,1,0,caucasian,46,0.9502199074074074,2,0,0,significant other
51450.0,2,-2.62,2,1,0,1,0,african-american,46,9.309131944444443,2,0,0,single
55959.0,1,-3.5,1,0,0,0,0,caucasian,46,1.9490509259259257,1,0,1,single
55109.0,7,-3.32,1,1,0,1,0,african-american,46,6.926377314814815,15,1,0,single
58893.0,7,-2.0,4,0,0,0,0,african-american,46,0.5863194444444444,0,0,0,single
60394.0,1,-3.39,1,0,0,0,0,caucasian,46,1.0448032407407408,0,0,0,single
57066.0,1,-3.79,1,0,0,0,1,caucasian,46,0.1413425925925926,0,0,1,single
62001.0,1,-3.74,1,0,0,0,0,caucasian,46,0.8625347222222223,0,0,0,single
53087.0,8,-2.3,3,0,0,0,1,african-american,46,18.89605324074074,7,0,1,single
61476.0,7,-1.9,5,1,0,1,0,caucasian,46,73.1124074074074,10,0,0,single
5141.0,6,-1.34,7,1,0,1,0,african-american,46,29.39707175925926,3,0,1,single
52075.0,1,-3.79,1,0,0,0,1,caucasian,46,0.0599884259259259,0,0,0,significant other
59376.0,6,-1.99,4,0,0,0,0,african-american,46,2.966805555555556,12,0,1,single
53306.0,1,-3.46,1,0,0,0,0,caucasian,46,0.924351851851852,0,0,0,single
62046.0,1,-3.7,1,0,0,0,0,caucasian,46,0.9198495370370372,1,0,0,single
61997.0,1,-3.85,1,0,0,0,0,caucasian,46,0.8134375,0,0,0,significant other
59542.0,5,-2.7,2,0,0,0,0,caucasian,46,78.77489583333333,0,0,0,single
54906.0,4,-3.24,1,1,0,0,0,caucasian,46,3.114872685185185,2,1,1,separated
57037.0,1,-3.67,1,0,0,0,0,other,46,0.3370023148148148,0,0,0,single
38957.0,3,-2.49,2,0,0,0,0,caucasian,46,0.2250347222222222,5,0,1,separated
56616.0,1,-3.54,1,0,0,0,1,caucasian,46,1.0049305555555557,0,0,1,separated
12883.0,3,-3.42,1,1,0,1,0,caucasian,46,2.2355439814814817,2,0,0,single
62189.0,1,-3.9,1,0,0,0,1,african-american,46,1.0486458333333333,0,0,0,significant other
60049.0,5,-2.38,3,1,0,1,0,african-american,46,21.30929398148148,13,0,0,single
60556.0,1,-3.3,1,0,0,0,0,caucasian,46,0.179074074074074,0,0,0,single
55314.0,1,-3.58,1,0,0,0,0,caucasian,46,1.1046412037037037,1,0,0,single
52566.0,1,-3.71,1,0,0,0,0,african-american,46,1.0338773148148148,0,0,0,single
53378.0,2,-3.31,1,0,0,0,0,caucasian,46,7.551747685185185,2,0,0,single
51206.0,8,-2.4,3,1,0,1,1,african-american,46,55.34854166666667,1,0,0,single
50965.0,9,-1.4,7,1,0,1,0,african-american,46,115.97944444444444,9,2,0,single
55918.0,5,-2.75,2,0,0,0,0,caucasian,46,0.0856018518518518,2,0,0,single
51595.0,2,-3.51,1,0,0,0,0,african-american,46,1.0434375,0,0,1,single
55455.0,8,-2.85,3,1,0,1,0,caucasian,46,0.1309143518518518,5,0,0,single
57461.0,1,-3.18,1,0,0,0,0,african-american,46,1.139837962962963,0,0,1,significant other
52274.0,6,-2.0,4,1,0,1,0,african-american,46,1.0015393518518518,1,0,1,single
52134.0,1,-3.13,1,0,0,0,0,caucasian,46,0.2470717592592592,0,0,1,single
33754.0,3,-2.27,3,1,1,1,0,african-american,46,35.17252314814815,3,0,0,single
53623.0,1,-3.24,1,1,0,1,0,caucasian,46,29.653171296296296,1,0,0,single
57115.0,1,-3.9,1,0,0,0,1,other,46,0.858761574074074,1,0,0,single
58351.0,4,-2.81,2,0,0,0,0,african-american,46,5.061365740740741,9,0,0,single
53785.0,7,-2.85,2,1,0,1,0,african-american,46,64.63328703703704,2,0,0,single
60057.0,1,-3.91,1,1,0,0,0,african-american,46,0.8209953703703704,0,0,1,significant other
60140.0,4,-3.15,1,0,0,0,0,caucasian,46,1.229675925925926,4,0,0,single
54266.0,1,-3.12,1,1,1,0,0,caucasian,46,1.9933796296296296,0,0,0,single
13306.0,1,-3.07,1,0,0,0,0,african-american,46,8.320127314814815,4,0,0,single
57035.0,1,-3.82,1,0,0,0,0,caucasian,46,1.017662037037037,0,0,0,separated
57671.0,1,-3.74,1,1,0,1,0,other,46,0.5978356481481482,0,0,0,significant other
51293.0,6,-1.28,7,1,0,1,0,caucasian,46,36.12049768518519,7,0,0,single
52525.0,9,-2.01,4,0,0,0,0,african-american,46,0.9311574074074074,2,0,0,single
44952.0,1,-3.77,1,0,0,0,0,caucasian,46,0.0072569444444444,5,0,1,separated
51406.0,2,-2.84,2,1,0,1,0,caucasian,46,37.78489583333333,0,0,1,single
57416.0,1,-3.9,1,0,0,0,0,other,46,5.118611111111111,0,0,0,significant other
45108.0,4,-2.26,3,0,0,0,1,african-american,46,0.7666319444444445,4,0,0,separated
53305.0,6,-2.33,3,0,0,0,0,african-american,46,1.0126157407407408,2,0,1,single
51118.0,1,-3.47,1,1,1,1,1,caucasian,46,31.076157407407408,1,0,1,significant other
58316.0,3,-2.07,4,0,0,0,0,other,46,1.003136574074074,2,0,0,separated
59033.0,5,-2.61,2,0,0,0,0,caucasian,46,4.149814814814815,9,0,1,single
58401.0,1,-3.48,1,0,0,0,1,caucasian,46,29.92412037037037,1,0,0,single
60061.0,1,-3.91,1,0,0,0,0,caucasian,46,0.5820023148148148,0,0,1,significant other
59042.0,1,-3.62,1,0,0,0,0,hispanic,46,1.0768055555555556,0,0,0,single
57108.0,3,-2.27,3,1,0,1,0,african-american,46,279.00498842592594,8,0,0,single
51167.0,2,-3.79,1,1,1,0,1,caucasian,46,25.284837962962964,1,0,0,significant other
59972.0,1,-3.82,1,0,0,0,0,other,46,0.6482060185185186,0,0,1,significant other
12811.0,2,-3.36,1,0,0,0,0,caucasian,46,45.89100694444444,2,0,1,separated
59422.0,1,-3.54,1,1,0,1,1,caucasian,46,2.066053240740741,0,0,1,separated
19327.0,3,-2.64,2,0,0,0,0,hispanic,46,141.93037037037038,13,0,0,significant other
60719.0,1,-3.58,1,0,0,0,0,hispanic,46,0.8688773148148148,1,0,1,significant other
54709.0,1,-3.83,1,0,0,0,0,caucasian,46,0.7781481481481481,0,0,0,single
51278.0,2,-2.99,1,1,0,1,0,caucasian,46,0.8169212962962963,0,0,0,significant other
35614.0,3,-2.17,4,1,0,1,0,caucasian,46,0.9458217592592592,14,0,0,significant other
58495.0,6,-2.32,3,0,0,0,1,african-american,46,55.97459490740741,4,0,0,single
57969.0,4,-1.93,5,1,0,1,0,african-american,46,0.8741319444444444,8,1,1,single
54404.0,4,-2.94,2,0,0,0,0,caucasian,46,14.215011574074074,3,0,0,single
51361.0,5,-2.42,3,0,0,0,0,caucasian,46,0.5492592592592592,0,0,1,single
38111.0,1,-3.69,1,1,0,1,0,african-american,46,20.604560185185186,3,0,1,single
56684.0,4,-2.49,3,0,0,0,0,african-american,46,2.0869560185185185,3,0,0,single
37680.0,1,-3.25,1,1,0,1,0,african-american,46,202.0828703703704,5,0,0,significant other
19361.0,1,-3.58,1,0,0,0,0,african-american,46,1.9516782407407407,3,0,0,significant other
51203.0,1,-3.08,1,1,0,1,0,caucasian,46,22.672916666666666,6,0,0,single
52966.0,2,-3.17,1,0,0,0,0,caucasian,46,2.6725810185185184,4,0,0,separated
62351.0,1,-3.71,1,0,0,0,0,caucasian,46,0.0730787037037037,0,0,1,separated
53704.0,5,-1.27,7,1,0,1,0,african-american,46,2.0588310185185184,5,0,0,single
59575.0,1,-3.85,1,1,0,1,0,caucasian,46,0.7783449074074074,1,0,1,significant other
56816.0,6,-2.51,3,1,0,1,0,hispanic,46,40.45559027777778,12,0,0,single
54071.0,4,-3.28,1,0,0,0,0,caucasian,46,12.004375,5,0,1,single
51784.0,6,-2.79,2,0,0,0,0,african-american,45,28.77545138888889,2,0,1,single
51151.0,1,-3.55,1,1,1,1,0,hispanic,45,241.96453703703705,6,0,0,single
60023.0,6,-2.3,3,0,0,0,0,hispanic,45,26.756886574074077,1,0,1,single
57162.0,1,-3.3,1,1,0,1,0,caucasian,45,0.2422916666666666,1,0,1,single
60281.0,6,-2.19,4,0,0,0,1,caucasian,45,1.2777546296296296,1,0,0,single
51316.0,1,-3.71,1,0,0,0,0,other,45,0.9022337962962964,1,0,0,significant other
60929.0,1,-3.82,1,0,0,0,0,other,45,0.0794907407407407,0,0,1,significant other
52349.0,3,-3.07,1,1,0,1,0,african-american,45,0.1716087962962963,4,0,1,separated
54791.0,3,-2.3,3,0,0,0,0,hispanic,45,128.0785300925926,1,0,0,significant other
61012.0,2,-2.94,2,0,0,0,0,african-american,45,1.8021296296296296,3,0,1,single
59084.0,9,-1.38,7,1,0,1,0,african-american,45,330.9278356481482,15,0,0,single
57421.0,2,-3.08,1,1,0,1,0,african-american,45,47.26679398148149,1,0,0,single
54271.0,3,-3.47,1,1,0,1,1,caucasian,45,1.0257407407407408,1,0,0,single
55137.0,1,-3.67,1,0,0,0,1,other,45,2.0069444444444446,1,0,0,significant other
61902.0,1,-3.54,1,0,0,0,0,other,45,1.1640162037037036,0,0,1,significant other
52156.0,1,-3.79,1,0,0,0,1,hispanic,45,1.114710648148148,0,0,1,separated
56728.0,1,-3.47,1,0,0,0,0,african-american,45,2.103125,1,0,1,single
52470.0,2,-3.15,1,0,0,0,0,caucasian,45,0.8313194444444445,2,0,1,single
55139.0,1,-2.99,1,0,0,0,0,caucasian,45,0.5864467592592593,0,0,0,significant other
62392.0,1,-3.82,1,0,0,0,0,hispanic,45,1.1347916666666666,0,0,1,separated
40508.0,1,-3.74,1,0,0,0,0,caucasian,45,1.344976851851852,1,0,1,separated
55668.0,2,-2.88,2,0,0,0,1,caucasian,45,0.1901504629629629,5,0,1,significant other
52870.0,2,-3.57,1,0,0,0,0,caucasian,45,0.4573611111111111,1,0,0,single
54323.0,1,-3.57,1,0,0,0,0,african-american,45,1.8376851851851848,0,0,1,single
56937.0,1,-3.35,1,1,0,1,0,caucasian,45,0.0413078703703703,3,0,0,single
56147.0,1,-3.83,1,1,0,1,0,caucasian,45,5.068321759259259,1,0,0,single
53442.0,6,-2.39,3,1,0,1,0,african-american,45,0.8878125,0,0,0,single
54684.0,7,-0.99,9,1,0,0,1,african-american,45,75.18186342592593,9,0,1,single
41688.0,7,-1.9,5,1,0,1,0,african-american,45,46.88288194444444,17,0,0,single
60008.0,7,-2.46,4,1,1,1,0,african-american,45,0.7584953703703704,8,0,0,separated
7175.0,8,-1.56,6,1,0,1,0,african-american,45,3.82244212962963,12,1,1,single
8382.0,6,-1.31,7,1,0,1,0,caucasian,45,1.915127314814815,19,0,0,single
56833.0,6,-2.01,4,0,0,0,0,hispanic,45,40.92225694444444,6,0,0,significant other
54466.0,3,-3.32,1,0,0,0,1,african-american,45,11.955405092592592,2,0,0,single
53700.0,2,-3.14,1,0,0,0,0,african-american,45,3.0009953703703705,4,0,1,significant other
44126.0,1,-3.23,1,0,0,0,0,caucasian,45,1.0967476851851852,3,0,0,separated
52383.0,2,-2.56,2,0,0,0,0,caucasian,45,1.0733101851851852,7,0,0,single
26934.0,10,-0.95,9,1,0,1,1,other,45,1.0446412037037036,15,0,0,single
57839.0,3,-3.3,1,1,0,1,0,african-american,45,1.2448611111111112,10,0,0,single
60912.0,1,-2.99,1,0,0,0,0,caucasian,45,7.975486111111111,2,0,0,single
56386.0,3,-3.11,1,1,0,1,0,african-american,45,0.8572685185185185,15,0,0,single
57747.0,1,-3.63,1,0,0,0,1,caucasian,45,8.187291666666667,1,0,0,significant other
52297.0,3,-3.39,1,0,0,0,0,other,45,1.2394907407407407,0,0,1,single
59192.0,7,-2.63,2,0,0,0,0,african-american,45,1.091574074074074,16,1,0,single
51586.0,1,-2.85,2,0,0,0,0,hispanic,45,47.19145833333334,2,0,0,single
57070.0,2,-2.63,2,0,0,0,0,caucasian,45,2.959375,0,0,1,significant other
61439.0,1,-3.24,1,0,0,0,0,hispanic,45,1.3992824074074075,0,0,0,separated
51635.0,7,-1.81,5,0,0,0,0,hispanic,45,1.1261342592592594,8,0,0,single
50955.0,1,-3.56,1,1,0,1,0,caucasian,45,4.328807870370371,4,0,1,single
55329.0,1,-3.59,1,0,0,0,0,hispanic,45,0.5910185185185185,3,0,0,significant other
60408.0,4,-3.13,1,0,0,0,0,african-american,45,1.3612037037037037,6,0,0,single
63057.0,4,-3.11,3,1,0,1,0,caucasian,45,71.06920138888889,8,0,1,separated
56543.0,1,-3.75,1,0,0,0,1,other,45,0.958738425925926,0,0,1,significant other
51283.0,1,-3.79,1,0,0,0,1,caucasian,45,0.6511342592592593,1,0,1,significant other
61212.0,9,-1.22,8,0,0,0,0,african-american,45,62.124375,1,0,0,single
51851.0,7,-2.94,2,1,0,0,0,african-american,45,46.90141203703703,20,2,1,significant other
6881.0,3,-3.2,1,1,0,1,0,hispanic,45,2.260254629629629,20,0,0,single
55863.0,3,-3.6,1,0,0,0,0,caucasian,45,1.0375578703703705,0,0,0,single
57692.0,4,-2.7,2,0,0,0,1,african-american,45,6.331921296296296,1,0,0,significant other
54642.0,1,-3.25,1,0,0,0,0,other,45,1.4333564814814814,0,0,0,significant other
57097.0,5,-2.02,4,1,0,1,0,african-american,45,1.1038078703703704,0,0,0,significant other
33913.0,1,-3.4,1,0,0,0,0,african-american,45,1.1999652777777778,5,0,0,significant other
50856.0,1,-3.63,1,0,0,0,0,african-american,45,0.8460185185185185,0,0,1,significant other
55793.0,1,-3.65,1,0,0,0,0,african-american,45,0.0806018518518518,0,0,1,single
52486.0,3,-3.19,1,0,0,0,0,african-american,45,2.8434837962962964,1,0,0,single
51753.0,3,-2.13,4,0,0,0,0,caucasian,45,358.9688425925926,2,0,0,single
51953.0,4,-2.28,3,0,0,0,0,caucasian,45,2.9800347222222223,2,0,1,single
59557.0,1,-3.59,1,0,0,0,0,caucasian,45,0.2419560185185185,2,0,1,single
56201.0,3,-2.81,2,0,0,0,1,caucasian,45,44.41337962962963,3,0,1,significant other
52447.0,8,-2.18,4,0,0,0,0,hispanic,45,5.946238425925926,1,0,1,significant other
61129.0,1,-3.79,1,0,0,0,0,caucasian,45,1.1175578703703704,1,0,1,single
52504.0,1,-3.6,1,0,0,0,0,caucasian,45,0.794699074074074,2,0,0,single
38737.0,7,-1.7,6,1,1,1,0,african-american,45,6.105983796296297,13,0,1,separated
55517.0,1,-3.55,1,0,0,0,1,african-american,45,2.9172453703703702,1,0,0,single
52669.0,9,-2.6,2,1,0,1,1,caucasian,45,0.9566087962962962,0,0,0,single
10438.0,3,-2.28,3,0,0,0,0,african-american,45,0.9884606481481482,11,0,0,single
51082.0,6,-2.09,4,0,0,0,0,african-american,45,218.59027777777777,3,0,0,single
54955.0,3,-2.92,2,1,1,1,0,caucasian,45,92.91333333333333,3,0,1,separated
50941.0,1,-3.75,1,0,0,0,0,caucasian,45,1.084155092592593,0,0,1,significant other
52487.0,1,-2.53,3,0,0,0,0,african-american,45,0.9517245370370372,1,0,1,single
58230.0,1,-3.55,1,0,0,0,1,caucasian,45,1.1442824074074074,0,0,1,significant other
60792.0,1,-3.39,1,0,0,0,0,african-american,45,1.095960648148148,7,0,0,single
58793.0,1,-3.31,1,0,0,0,1,african-american,45,0.7667939814814815,0,0,0,single
56045.0,9,-3.59,1,0,0,0,0,african-american,45,36.26212962962963,3,0,0,significant other
63464.0,1,-3.26,1,1,0,1,0,hispanic,45,3.3229166666666665,0,0,1,separated
57788.0,2,-3.08,1,0,0,0,0,african-american,45,64.64609953703703,16,0,0,significant other
55221.0,1,-2.82,2,0,0,0,0,caucasian,45,0.1448958333333333,1,0,1,significant other
57475.0,6,-2.48,3,0,0,0,0,hispanic,45,1.0842592592592593,8,0,0,single
51347.0,1,-3.75,1,0,0,0,0,hispanic,45,0.0362731481481481,1,0,1,single
54073.0,1,-3.59,1,0,0,0,0,hispanic,45,13.170787037037035,0,0,0,single
52693.0,1,-3.75,1,0,0,0,0,caucasian,45,37.021701388888886,0,0,0,other
48928.0,5,-2.47,3,1,0,1,0,caucasian,45,27.654444444444444,1,0,0,single
62365.0,1,-3.25,1,0,0,0,1,caucasian,45,0.943414351851852,0,0,1,single
53169.0,1,-3.63,1,0,0,0,0,african-american,44,2.124560185185185,0,0,0,single
59964.0,1,-3.17,1,0,0,0,0,caucasian,44,1.111412037037037,0,0,0,single
52462.0,1,-3.59,1,0,0,0,1,african-american,44,1.2991898148148149,0,0,1,single
58250.0,1,-3.45,1,0,0,0,0,hispanic,44,1.2769675925925923,0,0,1,single
50295.0,1,-2.65,2,1,1,1,0,hispanic,44,0.9066782407407408,2,0,0,separated
57693.0,1,-3.38,1,0,0,0,0,african-american,44,1.0709375,0,0,0,single
56605.0,1,-3.71,1,0,0,0,1,hispanic,44,1.1277199074074074,0,0,1,significant other
62063.0,1,-3.75,1,0,0,0,1,caucasian,44,0.7642013888888889,0,0,1,significant other
37792.0,6,-1.99,4,1,1,1,0,caucasian,44,270.0247453703704,6,0,0,single
56014.0,1,-3.83,1,0,0,0,0,hispanic,44,1.0464120370370371,0,0,1,separated
50890.0,2,-2.89,2,0,0,0,0,african-american,44,3.5877199074074078,0,0,0,single
60838.0,1,-3.82,1,1,0,1,0,caucasian,44,0.2147569444444444,1,0,1,single
56069.0,2,-2.55,3,0,0,0,0,caucasian,44,1.905775462962963,4,0,0,significant other
57843.0,8,-1.89,5,0,0,0,0,caucasian,44,1.0820254629629629,1,0,0,significant other
60730.0,1,-3.39,1,0,0,0,1,caucasian,44,0.9650347222222222,0,0,1,significant other
56546.0,1,-3.59,1,0,0,0,1,caucasian,44,0.8807870370370371,1,0,0,single
52547.0,1,-3.2,1,0,0,0,0,african-american,44,42.15988425925926,0,0,0,single
57160.0,1,-3.31,1,0,0,0,1,african-american,44,0.1512268518518518,0,0,0,separated
62060.0,3,-2.46,3,0,0,0,0,african-american,44,2.6732060185185187,0,0,0,single
54500.0,3,-3.23,1,0,0,0,0,african-american,44,1.211898148148148,3,0,1,single
58255.0,1,-3.31,1,1,0,0,0,caucasian,44,1.3265393518518518,1,0,1,single
60089.0,1,-3.2,1,1,0,1,0,caucasian,44,1.2227546296296297,0,0,1,single
51116.0,1,-3.51,1,0,0,0,0,hispanic,44,0.2039814814814814,0,0,1,significant other
58356.0,1,-3.24,1,1,0,1,0,other,44,2.6752546296296296,6,0,0,significant other
13917.0,3,-3.03,1,0,0,0,0,caucasian,44,0.1364004629629629,6,0,0,separated
54835.0,6,-1.9,5,0,0,0,0,african-american,44,2.850011574074074,3,0,1,single
59301.0,1,-3.3,1,0,0,0,0,other,44,1.3184953703703703,0,0,1,separated
57974.0,8,-1.81,5,1,0,1,0,african-american,44,1.987488425925926,14,0,0,single
61096.0,1,-3.83,1,0,0,0,1,hispanic,44,1.347326388888889,0,0,1,separated
55631.0,1,-2.77,2,1,0,1,0,caucasian,44,0.0956944444444444,1,0,0,separated
57068.0,3,-1.68,6,0,0,0,0,caucasian,44,180.28386574074077,11,0,1,single
59823.0,1,-3.45,1,0,0,0,0,african-american,44,1.0327662037037038,1,0,0,single
52211.0,2,-2.96,1,0,0,0,0,african-american,44,1.7741435185185186,2,0,0,single
61089.0,5,-2.69,2,0,0,0,0,caucasian,44,1.8607060185185185,1,0,0,single
51587.0,7,-2.15,4,0,0,0,0,african-american,44,5.095277777777778,2,0,1,single
54734.0,1,-3.79,1,0,0,0,0,other,44,5.212974537037037,0,0,0,significant other
58420.0,3,-3.31,1,0,0,0,0,hispanic,44,1.0082638888888888,0,0,0,separated
58430.0,1,-3.59,1,0,0,0,0,african-american,44,2.0244560185185185,0,0,1,single
61678.0,2,-3.4,1,0,0,0,0,caucasian,44,6.991990740740741,5,0,0,significant other
59207.0,2,-3.44,1,0,0,0,0,african-american,44,2.242002314814815,0,0,0,significant other
58660.0,1,-3.26,1,1,0,0,1,caucasian,44,0.7178935185185186,0,0,1,single
56787.0,5,-1.96,5,1,0,1,0,african-american,44,27.090104166666663,7,0,0,single
61074.0,1,-3.49,1,0,0,0,0,caucasian,44,2.0147685185185185,0,0,1,single
61293.0,1,-3.83,1,1,0,1,1,caucasian,44,1.246574074074074,1,0,0,single
58323.0,6,-2.76,2,0,0,0,0,african-american,44,1.963159722222222,6,0,0,single
60696.0,1,-3.79,1,1,1,1,0,caucasian,44,2.188483796296296,0,0,1,significant other
53835.0,7,-2.44,3,0,0,0,0,african-american,44,117.67947916666668,24,0,1,single
57498.0,2,-2.67,2,0,0,0,1,african-american,44,1.844837962962963,1,0,1,significant other
6954.0,7,-2.77,2,1,0,1,1,caucasian,44,26.650590277777777,11,0,0,single
53830.0,5,-2.33,3,1,0,1,0,caucasian,44,4.985,8,0,1,single
58878.0,1,-2.63,2,0,0,0,0,african-american,44,1.168900462962963,0,0,0,single
58777.0,4,-2.27,3,0,0,0,0,african-american,44,1.3372569444444444,7,0,0,single
54348.0,1,-3.34,1,0,0,0,0,caucasian,44,1.045752314814815,0,0,1,separated
53985.0,7,-2.06,4,0,0,0,0,caucasian,44,4.046030092592592,0,0,0,single
53798.0,1,-3.53,1,0,0,0,0,caucasian,44,0.9850925925925926,1,0,1,single
56739.0,2,-2.95,1,0,0,0,0,caucasian,44,2.105486111111111,0,0,1,significant other
51662.0,3,-2.96,1,0,0,0,0,african-american,44,0.0816435185185185,1,0,1,single
4035.0,1,-2.99,1,0,0,0,0,caucasian,44,0.1696412037037037,3,0,0,single
60742.0,4,-3.04,1,0,0,0,0,caucasian,44,0.3158449074074074,2,0,1,single
54082.0,1,-3.6,1,0,0,0,0,caucasian,44,0.1944791666666666,0,0,1,single
59199.0,2,-3.34,1,1,0,1,0,caucasian,44,1.6790393518518518,0,0,0,significant other
7761.0,5,-2.83,2,1,0,1,1,caucasian,44,5.926574074074074,10,0,0,single
54542.0,3,-3.7,1,1,0,1,1,hispanic,44,0.1175694444444444,4,0,0,significant other
60717.0,2,-2.95,1,1,0,1,0,caucasian,44,0.0232986111111111,2,0,1,significant other
51510.0,6,-1.75,5,1,0,1,0,caucasian,44,2.027337962962963,8,0,0,single
53418.0,2,-3.22,1,0,0,0,0,hispanic,44,1.1673842592592591,2,0,0,separated
56972.0,5,-1.88,5,1,0,1,0,caucasian,44,1.978611111111111,4,0,1,single
56173.0,8,-1.73,6,0,0,0,0,african-american,44,25.331979166666667,9,0,0,single
53831.0,4,-2.37,3,1,0,1,0,african-american,44,194.7014699074074,6,0,0,single
53352.0,5,-3.05,1,0,0,0,0,caucasian,44,0.8379282407407408,3,0,0,significant other
53034.0,6,-2.69,2,1,0,1,1,caucasian,44,5.07175925925926,4,0,0,significant other
57295.0,5,-2.7,2,0,0,0,0,african-american,44,2.1945023148148146,2,0,0,single
11820.0,4,-2.2,4,0,0,0,0,caucasian,44,1.2431597222222222,4,0,1,separated
52686.0,1,-3.75,1,0,0,0,0,african-american,44,0.1132407407407407,0,0,1,separated
53789.0,5,-2.65,2,0,0,0,1,caucasian,44,4.877858796296296,1,0,1,single
57549.0,3,-3.2,1,0,0,0,0,african-american,44,65.91987268518518,9,0,0,single
24748.0,4,-2.83,2,1,0,1,0,african-american,44,5.138981481481482,10,0,1,single
22990.0,6,-2.47,3,0,0,0,1,african-american,44,2.1364930555555555,6,0,0,single
54905.0,6,-2.63,2,1,0,1,0,caucasian,44,118.85909722222222,6,0,0,single
54902.0,6,-2.11,4,1,0,0,0,african-american,44,24.208090277777774,7,1,0,single
58410.0,1,-3.47,1,1,0,1,1,caucasian,44,0.7518518518518519,0,0,0,significant other
56267.0,3,-2.33,3,1,0,1,0,caucasian,44,1.982962962962963,2,0,0,single
53735.0,1,-3.45,1,1,1,1,1,caucasian,44,0.9546064814814816,0,0,1,single
60774.0,2,-3.38,1,0,0,0,0,caucasian,44,12.00275462962963,5,0,0,single
51033.0,5,-2.09,4,0,0,0,0,african-american,44,34.16016203703704,0,0,1,separated
37045.0,3,-2.07,4,1,0,1,0,hispanic,44,26.097592592592594,7,0,0,significant other
56959.0,4,-3.18,1,0,0,0,0,caucasian,44,11.804895833333331,0,0,0,single
58937.0,1,-3.29,1,0,0,0,0,caucasian,44,0.9503356481481482,0,0,1,single
9310.0,3,-2.17,4,0,0,0,0,caucasian,44,1.0113773148148149,4,0,0,separated
51585.0,7,-2.43,3,0,0,0,0,caucasian,44,81.91430555555556,16,3,1,single
59469.0,3,-3.47,1,0,0,0,1,caucasian,44,30.81685185185185,1,0,1,significant other
58234.0,1,-3.5,1,0,0,0,0,african-american,44,0.6453240740740741,0,0,0,significant other
54018.0,3,-3.37,1,0,0,0,0,african-american,43,5.985393518518518,2,0,0,significant other
57441.0,1,-3.79,1,0,0,0,0,hispanic,43,0.9395023148148148,0,0,1,significant other
52947.0,1,-3.22,1,0,0,0,0,caucasian,43,1.0791087962962962,2,0,0,separated
61885.0,2,-3.56,1,0,0,0,1,caucasian,43,0.1863194444444444,0,0,1,separated
62238.0,9,-2.5,3,1,0,1,0,caucasian,43,0.9454282407407408,0,0,0,single
53664.0,1,-3.54,1,0,0,0,0,african-american,43,41.00908564814815,0,0,0,single
13532.0,9,-1.32,7,0,0,0,1,african-american,43,1.9994675925925929,9,1,1,single
20971.0,2,-3.41,1,1,0,1,0,other,43,7.900717592592593,2,0,0,separated
53836.0,9,-1.58,6,1,1,1,0,african-american,43,0.9296875,15,0,1,single
61234.0,1,-3.55,1,0,0,0,0,caucasian,43,0.3630324074074074,0,0,1,single
51460.0,1,-3.54,1,1,0,1,0,african-american,43,1.1835532407407408,0,0,0,single
60251.0,2,-3.55,1,0,0,0,1,african-american,43,16.958842592592593,2,0,1,separated
51160.0,3,-3.36,1,0,0,0,0,caucasian,43,1.6058680555555556,8,0,0,significant other
58547.0,4,-2.29,3,1,0,1,0,african-american,43,9.236041666666669,18,0,0,single
59904.0,1,-3.63,1,0,0,0,1,caucasian,43,0.9642824074074074,0,0,0,single
59459.0,1,-3.67,1,0,0,0,0,african-american,43,0.1549652777777777,0,0,1,single
56407.0,2,-3.34,1,1,0,1,1,caucasian,43,1.2304861111111112,0,0,1,single
15395.0,4,-2.95,1,1,0,1,0,caucasian,43,51.32663194444444,13,0,0,single
52367.0,1,-3.66,1,0,0,0,0,caucasian,43,40.83424768518518,2,0,0,significant other
56117.0,1,-3.71,1,1,1,1,1,caucasian,43,0.2686921296296296,0,0,1,significant other
60935.0,4,-2.27,3,0,0,0,0,african-american,43,0.9097916666666668,7,0,0,separated
17894.0,4,-3.21,1,1,0,1,0,caucasian,43,9.858425925925928,6,0,0,single
58888.0,5,-2.21,4,1,1,1,0,african-american,43,5.242048611111112,1,0,1,significant other
57501.0,3,-2.64,2,1,0,1,0,hispanic,43,2.257534722222222,3,0,1,single
52387.0,6,-2.98,1,0,0,0,0,caucasian,43,0.9088194444444444,9,0,0,separated
57972.0,1,-3.26,1,0,0,0,0,caucasian,43,1.1242013888888889,0,0,1,single
27745.0,4,-1.58,5,1,0,1,0,african-american,43,38.54880787037037,8,1,0,single
53302.0,6,-2.79,2,1,1,1,0,african-american,43,0.980949074074074,9,0,0,significant other
62296.0,1,-3.67,1,1,1,1,0,african-american,43,1.138263888888889,0,0,1,single
57025.0,1,-3.55,1,0,0,0,0,african-american,43,1.0451388888888888,0,0,1,single
53699.0,5,-3.05,1,0,0,0,0,caucasian,43,47.85415509259259,4,0,0,single
46971.0,6,-1.41,7,1,0,1,0,african-american,43,1.8664699074074076,7,0,0,single
60458.0,1,-2.81,2,1,1,1,0,african-american,43,25.900601851851853,4,0,0,single
53485.0,1,-3.54,1,0,0,0,1,caucasian,43,0.6518171296296297,0,0,1,significant other
68025.0,7,-2.18,4,1,1,1,0,caucasian,43,76.95605324074074,11,0,0,single
54822.0,2,-3.29,1,0,0,0,1,caucasian,43,0.0438078703703703,0,0,1,single
52339.0,1,-3.7,1,0,0,0,0,caucasian,43,0.218136574074074,0,0,1,significant other
61270.0,3,-2.54,3,0,0,0,0,african-american,43,1.9414814814814816,1,0,0,single
57273.0,1,-3.43,1,0,0,0,0,caucasian,43,0.9127546296296296,2,0,0,single
51552.0,1,-3.42,1,0,0,0,0,caucasian,43,1.0387962962962962,1,0,0,single
31864.0,8,-2.11,4,0,0,0,0,african-american,43,1.0774189814814814,20,1,0,single
13699.0,6,-2.33,3,0,0,0,0,caucasian,43,52.17782407407408,12,0,0,single
52058.0,1,-3.55,1,0,0,0,1,caucasian,43,1.06,0,0,1,separated
61622.0,5,-2.08,4,1,0,1,0,african-american,43,1.9707060185185183,0,0,0,single
57625.0,1,-3.66,1,0,0,0,0,caucasian,43,1.017800925925926,1,0,1,significant other
58924.0,4,-3.55,1,0,0,0,0,caucasian,43,0.7648611111111111,0,0,1,separated
9694.0,6,-1.32,7,0,0,0,0,african-american,43,14.251967592592592,5,0,1,single
53569.0,9,-1.87,5,0,0,0,0,african-american,43,0.623900462962963,5,0,0,single
59210.0,6,-3.0,1,0,0,0,1,african-american,43,0.1236921296296296,0,0,0,single
54411.0,1,-3.58,1,0,0,0,1,african-american,43,1.2674305555555556,0,0,1,single
58981.0,1,-3.49,1,0,0,0,0,caucasian,43,1.8825347222222224,2,0,0,significant other
57293.0,2,-3.36,1,1,0,1,0,caucasian,43,5.085439814814815,2,0,0,separated
61515.0,1,-2.99,1,0,0,0,0,other,43,1.3441087962962963,2,0,1,single
54766.0,1,-3.38,1,0,0,0,1,african-american,43,1.0119675925925926,0,0,1,significant other
57303.0,1,-3.3,1,0,0,0,0,hispanic,43,41.20418981481482,1,0,1,single
20236.0,1,-3.07,1,1,0,0,0,african-american,43,38.23072916666667,4,0,0,single
51375.0,7,-2.32,3,0,0,0,1,african-american,43,0.1595486111111111,6,0,0,single
57940.0,4,-3.2,1,1,0,1,0,caucasian,43,1.078275462962963,0,0,1,single
62361.0,4,-3.02,1,0,0,0,0,african-american,43,1.038425925925926,0,0,0,single
61331.0,4,-2.7,2,0,0,0,0,caucasian,43,0.8565972222222222,0,0,1,single
54864.0,3,-3.57,1,0,0,0,1,african-american,43,2.085046296296296,2,0,0,single
55840.0,1,-3.7,1,1,0,1,1,caucasian,43,1.2783796296296297,0,0,0,single
58668.0,6,-3.23,1,0,0,0,1,caucasian,43,29.943530092592592,0,0,1,significant other
52860.0,1,-3.21,1,0,0,0,0,hispanic,43,0.9548611111111112,0,0,1,significant other
55067.0,7,-2.43,3,0,0,0,0,african-american,43,102.05925925925926,23,1,0,single
59912.0,1,-3.01,1,1,0,1,0,african-american,43,1.1333333333333333,3,0,0,single
59372.0,3,-2.42,3,1,0,1,0,african-american,43,1.147025462962963,8,0,0,single
51758.0,5,-2.47,3,0,0,0,0,african-american,43,3.021875,0,0,0,single
59587.0,8,-2.03,4,0,0,0,1,caucasian,43,8.666064814814815,7,0,0,single
47710.0,2,-3.2,1,1,1,1,0,caucasian,43,64.923125,1,0,0,significant other
51549.0,1,-2.92,2,0,0,0,0,caucasian,43,1.2283333333333333,1,0,1,separated
54771.0,1,-3.27,1,1,0,1,0,caucasian,43,1.0863425925925927,0,0,0,significant other
56542.0,1,-3.78,1,0,0,0,0,african-american,43,2.0919675925925927,2,0,1,single
56466.0,1,-3.34,1,0,0,0,0,caucasian,43,1.037071759259259,1,0,0,single
56024.0,2,-3.62,1,1,1,1,1,caucasian,43,1.001782407407407,3,0,1,separated
61471.0,1,-3.32,1,0,0,0,0,other,43,0.9070486111111112,1,0,0,single
53345.0,5,-2.37,3,1,1,1,0,caucasian,43,121.22930555555556,11,0,0,other
56073.0,1,-3.58,1,0,0,0,0,caucasian,43,2.072337962962963,0,0,0,significant other
55842.0,2,-3.25,1,0,0,0,0,caucasian,43,1.065914351851852,4,0,1,separated
59332.0,1,-3.66,1,0,0,0,0,caucasian,43,0.6777893518518519,1,0,0,significant other
55877.0,1,-3.53,1,1,0,1,0,caucasian,43,30.257291666666667,3,0,1,single
56890.0,4,-2.44,3,0,0,0,0,other,43,0.9908564814814816,3,0,0,significant other
52060.0,1,-3.52,1,1,0,1,0,hispanic,43,0.8339814814814814,1,0,1,single
54787.0,1,-3.71,1,0,0,0,1,caucasian,43,0.9654398148148148,0,0,1,significant other
61761.0,2,-2.85,2,0,0,0,0,african-american,43,1.2166087962962964,8,0,1,single
54523.0,2,-2.81,2,0,0,0,0,other,43,1.0288541666666666,3,0,0,significant other
53660.0,1,-3.51,1,0,0,0,0,african-american,43,0.862349537037037,2,0,0,single
60949.0,2,-3.31,1,1,0,1,1,african-american,43,1.9333217592592595,2,0,0,significant other
56691.0,2,-3.2,1,1,0,1,1,african-american,43,43.89498842592592,3,0,0,single
54767.0,1,-3.18,1,1,0,1,0,african-american,43,0.8050810185185185,0,0,0,single
8924.0,5,-1.61,6,0,0,0,0,caucasian,43,0.7205671296296297,5,0,0,separated
8269.0,2,-2.1,4,0,0,0,0,caucasian,43,2.310763888888889,4,0,1,separated
57687.0,1,-3.71,1,0,0,0,0,african-american,43,1.1730671296296296,1,0,0,single
51140.0,7,-1.63,6,0,0,0,0,african-american,43,0.218287037037037,2,0,0,single
52081.0,5,-3.14,1,0,0,0,1,caucasian,42,0.6715509259259259,3,0,0,separated
51613.0,4,-2.87,2,0,0,0,0,caucasian,42,0.8969097222222222,3,0,0,single
58079.0,1,-3.18,1,0,0,0,0,caucasian,42,6.289618055555556,0,0,1,single
31012.0,7,-1.65,6,1,0,1,0,african-american,42,1.7293171296296297,14,0,0,significant other
41260.0,1,-2.67,2,1,0,1,0,caucasian,42,17.79315972222222,4,0,0,single
52266.0,6,-2.12,4,1,0,1,0,african-american,42,0.1763773148148148,9,0,0,single
62065.0,2,-3.16,1,0,0,0,1,caucasian,42,0.6296759259259259,0,0,1,significant other
16608.0,8,-1.7,6,1,0,1,0,african-american,42,0.9063078703703704,13,2,1,single
60890.0,1,-3.74,1,0,0,0,0,caucasian,42,2.7544097222222224,1,0,1,significant other
52624.0,1,-3.48,1,0,0,0,0,african-american,42,0.326400462962963,1,0,0,single
59530.0,4,-3.05,1,0,0,0,0,caucasian,42,0.6419212962962964,0,0,0,single
51545.0,3,-3.07,1,0,0,0,1,african-american,42,34.737546296296294,2,0,1,single
61263.0,4,-2.49,3,1,0,1,0,african-american,42,1.3038310185185185,1,0,0,single
60027.0,1,-3.52,1,0,0,0,0,african-american,42,0.1414814814814814,4,0,1,separated
60887.0,1,-3.1,1,0,0,0,0,african-american,42,1.8502546296296296,1,0,0,single
54695.0,5,-2.29,3,0,0,0,0,african-american,42,0.971712962962963,7,0,1,single
54640.0,1,-3.42,1,0,0,0,0,hispanic,42,118.40702546296296,1,0,0,separated
55439.0,1,-3.46,1,0,0,0,0,other,42,0.1597453703703703,1,0,1,significant other
50027.0,3,-3.18,1,1,0,1,1,caucasian,42,21.263935185185183,1,0,0,single
17178.0,9,-1.79,5,1,0,1,0,african-american,42,0.0040972222222222,5,1,0,single
62003.0,1,-3.56,1,0,0,0,1,caucasian,42,1.0717939814814814,0,0,1,separated
54660.0,7,-2.39,3,1,0,1,0,african-american,42,0.6202199074074074,33,0,0,single
59114.0,1,-3.59,1,0,0,0,0,caucasian,42,1.0369212962962964,0,0,0,significant other
52138.0,2,-3.2,1,0,0,0,0,caucasian,42,292.9201273148148,1,0,0,single
58765.0,4,-2.57,2,0,0,0,0,caucasian,42,31.112673611111116,5,0,0,single
57905.0,4,-1.79,5,0,0,0,0,caucasian,42,40.92837962962963,2,0,1,significant other
61801.0,5,-2.97,1,1,1,1,0,african-american,42,1.903738425925926,7,0,0,single
59083.0,5,-2.1,4,0,0,0,0,african-american,42,0.8592824074074074,2,0,0,single
57802.0,5,-2.57,2,0,0,0,0,african-american,42,1.7797916666666669,8,0,0,single
31084.0,8,-1.11,8,1,0,1,0,african-american,42,0.5758101851851852,6,0,0,significant other
57287.0,1,-3.17,1,0,0,0,0,other,42,2.0492476851851853,1,0,0,single
55832.0,1,-3.7,1,0,0,0,0,caucasian,42,2.7840046296296297,0,0,0,significant other
9130.0,6,-2.61,2,0,0,0,1,african-american,42,24.00677083333333,16,0,0,single
47596.0,4,-3.14,1,1,0,1,1,caucasian,42,6.178263888888889,5,0,1,separated
58347.0,1,-2.99,1,0,0,0,0,african-american,42,0.6599074074074074,1,0,0,significant other
62315.0,6,-2.48,3,1,1,1,0,african-american,42,6.127534722222222,1,0,1,single
49128.0,7,-2.17,4,1,0,1,0,african-american,42,51.859976851851854,17,0,1,single
59097.0,1,-3.47,1,0,0,0,1,caucasian,42,0.2333912037037037,0,0,1,single
58978.0,1,-3.67,1,0,0,0,0,hispanic,42,4.074918981481481,0,0,1,separated
19575.0,6,-1.57,6,0,0,0,0,african-american,42,2.966145833333333,5,0,0,single
50880.0,7,-1.99,4,0,0,0,0,african-american,42,6.789965277777778,0,0,1,significant other
59692.0,5,-2.88,2,0,0,0,0,caucasian,42,0.1102314814814814,0,0,0,significant other
62282.0,1,-3.67,1,0,0,0,0,caucasian,42,0.171875,0,0,1,significant other
52057.0,3,-3.33,1,0,0,0,0,caucasian,42,2.308564814814815,0,0,1,single
52857.0,1,-3.5,1,1,1,1,0,hispanic,42,51.78547453703704,1,0,0,single
59472.0,3,-3.4,1,0,0,0,0,other,42,1.190324074074074,6,0,1,single
58294.0,2,-3.21,1,0,0,0,1,african-american,42,0.8327546296296297,1,0,0,significant other
50884.0,1,-3.47,1,0,0,0,0,african-american,42,1.0884027777777778,3,0,0,significant other
57062.0,5,-2.48,3,1,0,1,0,caucasian,42,0.4856828703703704,3,0,0,single
54306.0,3,-2.61,2,0,0,0,1,other,42,14.0934375,2,0,1,single
53394.0,2,-3.19,1,0,0,0,1,caucasian,42,1.2138078703703703,0,0,1,single
55002.0,1,-3.21,1,0,0,0,0,african-american,42,1.1533217592592593,0,0,0,single
56504.0,1,-3.62,1,0,0,0,0,caucasian,42,0.2384143518518518,0,0,1,single
54007.0,1,-3.59,1,0,0,0,0,african-american,42,1.0700925925925926,0,0,0,significant other
58226.0,5,-1.96,5,0,0,0,0,african-american,42,0.9370138888888888,0,0,0,single
59565.0,5,-2.32,3,1,0,1,0,caucasian,42,0.0954629629629629,2,0,0,significant other
51919.0,1,-3.67,1,0,0,0,0,caucasian,42,0.2237152777777777,0,0,1,single
52445.0,2,-2.65,2,0,0,0,0,other,42,1.2836342592592591,1,0,0,single
58281.0,5,-2.68,2,0,0,0,0,african-american,42,7.863923611111111,1,0,1,single
59923.0,1,-3.69,1,0,0,0,0,african-american,42,0.6829398148148148,7,0,0,significant other
52337.0,1,-3.67,1,0,0,0,1,other,42,281.0209722222222,0,0,0,separated
7630.0,9,-1.42,7,1,0,1,0,african-american,42,1.9886226851851847,7,1,0,single
57247.0,2,-2.88,2,1,0,1,0,african-american,42,17.09283564814815,1,0,1,single
53009.0,6,-2.59,2,0,0,0,0,caucasian,42,0.9752777777777778,5,0,0,single
55368.0,1,-3.63,1,0,0,0,0,african-american,42,4.231446759259259,1,0,0,separated
58560.0,1,-3.5,1,0,0,0,1,african-american,42,0.259074074074074,1,0,0,single
57341.0,1,-3.3,1,0,0,0,1,caucasian,42,0.8195486111111111,0,0,1,single
59248.0,2,-3.19,1,0,0,0,1,african-american,42,1.1886458333333334,2,0,0,single
59909.0,2,-3.11,1,0,0,0,0,caucasian,42,1.8095023148148148,0,0,0,single
62259.0,1,-3.63,1,0,0,0,1,african-american,42,0.2123032407407407,0,0,0,significant other
52042.0,2,-3.05,1,0,0,0,0,other,42,3.122361111111111,0,0,1,single
58155.0,4,-3.14,1,0,0,0,0,caucasian,42,0.8972337962962963,0,0,1,significant other
56532.0,4,-2.89,2,0,0,0,0,african-american,42,1.0810532407407407,1,0,0,significant other
32347.0,8,-1.73,6,1,0,1,1,african-american,42,1.0864699074074071,8,0,0,single
56818.0,6,-2.35,3,1,0,1,1,caucasian,42,0.2738310185185185,4,0,1,separated
53307.0,1,-3.19,1,0,0,0,0,african-american,42,0.0973726851851851,0,0,1,single
25656.0,2,-3.15,1,0,0,0,0,caucasian,42,0.1752893518518518,1,0,1,significant other
55650.0,1,-3.35,1,0,0,0,1,caucasian,42,1.6541087962962964,0,0,0,significant other
54708.0,1,-3.35,1,1,0,1,1,caucasian,42,0.8864467592592593,0,0,0,single
55131.0,2,-2.99,1,0,0,0,1,caucasian,42,1.1132407407407408,0,0,0,separated
60579.0,2,-3.38,1,1,0,1,1,caucasian,42,1.789224537037037,0,0,0,single
51648.0,1,-3.58,1,0,0,0,0,caucasian,42,0.8187847222222222,1,0,0,separated
59573.0,4,-2.11,4,0,0,0,0,caucasian,42,1.0335300925925923,8,0,0,single
58478.0,3,-2.61,2,1,1,1,0,caucasian,42,0.7506944444444444,1,0,1,separated
43829.0,2,-2.85,2,1,0,1,0,caucasian,42,0.9099189814814816,1,0,0,significant other
62332.0,5,-2.04,4,0,0,0,1,african-american,42,0.5862152777777778,1,0,0,single
57356.0,3,-3.39,1,0,0,0,0,caucasian,42,0.1250462962962963,6,0,0,single
58643.0,1,-3.66,1,0,0,0,1,african-american,42,21.92246527777778,1,0,0,single
54539.0,2,-3.39,1,0,0,0,0,african-american,42,0.2180324074074074,1,0,0,significant other
62383.0,1,-3.46,1,0,0,0,0,hispanic,42,0.9287731481481482,1,0,1,significant other
58737.0,6,-2.25,3,0,0,0,1,african-american,41,0.2417129629629629,5,0,1,single
60101.0,1,-3.7,1,0,0,0,1,african-american,41,0.5886458333333333,0,0,0,significant other
60059.0,4,-2.18,4,1,0,1,0,caucasian,41,0.7287152777777778,5,0,1,significant other
60956.0,1,-3.58,1,1,0,1,0,caucasian,41,1.095011574074074,0,0,0,separated
61398.0,2,-2.86,2,0,0,0,0,caucasian,41,0.1044675925925926,2,0,1,single
8884.0,5,-2.94,2,1,0,1,0,caucasian,41,1.9078703703703703,3,0,1,single
58664.0,1,-3.63,1,0,0,0,0,caucasian,41,1.3365277777777778,0,0,0,single
61943.0,1,-3.43,1,0,0,0,0,hispanic,41,1.0465162037037037,3,0,0,significant other
53128.0,1,-3.22,1,0,0,0,0,african-american,41,3.5774305555555554,0,0,0,single
52519.0,1,-3.14,1,0,0,0,0,african-american,41,2.0182523148148146,1,0,0,single
46052.0,7,-1.81,5,1,0,1,0,african-american,41,0.1085648148148148,16,2,0,single
46334.0,6,-2.88,2,0,0,0,1,african-american,41,0.8050347222222223,6,1,1,single
52276.0,9,-1.87,5,1,0,0,0,african-american,41,0.9920833333333332,9,3,1,single
58306.0,6,-2.01,4,0,0,0,0,caucasian,41,6.294953703703704,1,0,0,separated
52594.0,2,-2.81,2,0,0,0,0,african-american,41,1.6737152777777775,1,0,1,single
54540.0,1,-3.54,1,0,0,0,0,african-american,41,0.2880092592592592,2,0,0,significant other
54138.0,1,-3.59,1,0,0,0,0,african-american,41,0.8266898148148148,0,0,0,significant other
61330.0,6,-2.89,2,1,0,1,0,caucasian,41,6.298680555555555,14,0,0,single
56191.0,1,-3.51,1,0,0,0,0,caucasian,41,3.9506597222222224,0,0,0,single
53273.0,1,-3.58,1,0,0,0,1,african-american,41,1.1091550925925926,0,0,1,significant other
57074.0,5,-2.63,2,0,0,0,0,african-american,41,1.8498263888888888,1,0,1,single
55241.0,1,-3.58,1,0,0,0,0,hispanic,41,0.864386574074074,1,0,1,significant other
34047.0,9,-1.78,5,1,0,1,0,other,41,242.08,31,0,0,single
58455.0,2,-2.72,2,0,0,0,0,hispanic,41,128.86726851851853,2,0,0,single
60701.0,1,-3.35,1,0,0,0,0,african-american,41,0.8661805555555555,0,0,1,single
58223.0,3,-2.91,2,1,1,1,0,african-american,41,1.5605208333333334,6,2,0,significant other
54481.0,1,-3.62,1,0,0,0,0,caucasian,41,0.9995486111111112,0,0,1,single
54666.0,3,-2.99,1,0,0,0,1,caucasian,41,1.1678240740740742,0,0,0,single
59725.0,3,-3.21,1,1,0,1,0,caucasian,41,0.8486689814814815,4,0,0,single
57871.0,1,-3.35,1,0,0,0,0,african-american,41,177.0896527777778,0,0,0,significant other
56987.0,4,-3.09,1,0,0,0,0,african-american,41,0.8724884259259259,7,0,0,single
51235.0,9,-1.65,6,1,1,1,0,caucasian,41,47.259351851851854,17,0,1,single
59690.0,1,-3.11,1,1,0,1,0,african-american,41,0.4609259259259259,4,0,1,single
45702.0,7,-1.78,5,1,1,1,1,caucasian,41,10.923668981481482,12,0,0,single
54525.0,2,-3.42,1,0,0,0,0,hispanic,41,9.309236111111112,9,0,0,significant other
54070.0,3,-2.28,3,0,0,0,1,other,41,15.73798611111111,2,0,0,single
51660.0,1,-3.58,1,0,0,0,0,caucasian,41,0.2294097222222222,0,0,1,separated
4086.0,8,-0.87,9,1,0,1,0,african-american,41,5.934143518518519,14,3,1,single
13602.0,5,-2.6,2,0,0,0,0,african-american,41,0.9507407407407408,4,0,0,single
60740.0,1,-3.63,1,0,0,0,0,hispanic,41,29.749618055555555,1,0,1,separated
60368.0,2,-3.06,1,1,0,1,0,african-american,41,2.27224537037037,3,0,1,significant other
59172.0,1,-3.67,1,0,0,0,1,african-american,41,0.9634722222222222,0,0,1,significant other
59286.0,6,-2.46,3,1,0,1,0,african-american,41,0.8580555555555556,8,0,0,single
60218.0,1,-3.39,1,0,0,0,0,african-american,41,0.9513194444444444,0,0,1,significant other
60611.0,8,-2.83,2,1,0,1,0,other,41,161.95549768518518,2,0,0,single
61434.0,4,-2.51,3,0,0,0,0,african-american,41,2.829328703703704,1,0,0,single
59311.0,6,-2.66,2,1,0,1,0,african-american,41,39.2250462962963,6,0,0,single
57189.0,1,-3.58,1,0,0,0,0,caucasian,41,1.0639699074074074,5,0,0,single
56618.0,5,-2.62,2,0,0,0,1,caucasian,41,1.1191319444444443,3,0,0,significant other
59197.0,2,-3.51,1,0,0,0,0,hispanic,41,1.0301157407407406,2,0,1,significant other
38845.0,1,-3.53,1,0,0,0,0,hispanic,41,113.9879976851852,1,0,1,single
6462.0,9,-0.79,9,1,1,1,0,african-american,41,185.9785185185185,25,0,0,single
54622.0,1,-3.26,1,0,0,0,0,caucasian,41,2.076296296296296,1,0,0,single
60524.0,7,-3.06,1,0,0,0,0,african-american,41,0.6149189814814815,0,0,0,significant other
51620.0,2,-3.19,1,1,0,1,1,african-american,41,9.987685185185184,4,0,0,single
56158.0,6,-1.93,5,1,0,1,1,african-american,41,23.56111111111111,2,0,0,single
61210.0,1,-3.35,1,1,0,1,0,hispanic,41,1.1520023148148149,0,0,0,significant other
49582.0,2,-3.27,1,0,0,0,1,caucasian,41,29.12875,1,0,1,significant other
57174.0,1,-3.34,1,1,0,1,0,caucasian,41,3.857974537037037,0,0,1,single
57976.0,4,-2.85,2,0,0,0,0,african-american,41,0.5997916666666666,0,0,0,single
51573.0,1,-3.5,1,0,0,0,0,caucasian,41,0.0766319444444444,0,0,1,separated
20025.0,9,-1.36,7,1,0,1,0,african-american,41,176.01019675925926,10,1,0,single
58592.0,7,-2.41,3,1,1,1,0,african-american,41,1.3224189814814815,7,1,1,single
52279.0,2,-3.02,1,0,0,0,0,caucasian,41,0.2106481481481481,0,0,0,single
55234.0,1,-3.22,1,0,0,0,0,caucasian,41,1.0195717592592592,2,0,1,single
56295.0,6,-2.88,2,0,0,0,0,african-american,41,3.2248032407407408,0,0,1,significant other
29358.0,8,-2.67,2,1,0,0,0,african-american,41,220.00290509259256,19,0,0,single
55806.0,3,-3.11,1,0,0,0,0,hispanic,41,0.7405092592592593,0,0,0,separated
52165.0,9,-1.72,6,0,0,0,0,african-american,41,2.013738425925926,9,1,1,single
43223.0,3,-2.2,4,1,0,0,0,african-american,41,6.066736111111111,6,0,0,single
13278.0,2,-1.99,4,1,0,1,0,african-american,41,1.256261574074074,8,0,0,single
37158.0,9,-2.22,4,0,0,0,0,african-american,41,58.072858796296295,7,0,0,single
60241.0,2,-3.23,1,0,0,0,0,caucasian,41,0.3590740740740741,0,0,1,single
56999.0,6,-2.47,3,1,0,1,0,african-american,41,0.2040393518518518,14,0,0,single
54520.0,2,-3.41,1,1,0,1,0,caucasian,41,2.1154282407407408,1,0,1,single
22507.0,10,-1.11,8,1,0,1,0,african-american,41,33.98453703703704,18,2,1,single
61655.0,1,-3.23,1,0,0,0,1,hispanic,41,0.1103819444444444,0,0,0,separated
59299.0,5,-1.37,7,0,0,0,0,caucasian,41,62.37372685185185,1,0,0,significant other
53901.0,1,-3.37,1,0,0,0,0,caucasian,41,0.815162037037037,3,0,1,single
62257.0,1,-3.54,1,0,0,0,0,caucasian,41,42.04248842592592,2,0,0,significant other
2188.0,5,-1.59,6,0,0,0,0,african-american,41,0.8544560185185185,5,0,1,significant other
54331.0,1,-3.53,1,0,0,0,0,caucasian,41,1.0134722222222223,0,0,0,single
56152.0,3,-3.12,1,0,0,0,1,african-american,41,0.9509143518518518,2,0,1,single
51129.0,6,-2.76,2,0,0,0,0,caucasian,41,32.90012731481482,9,0,1,single
54589.0,6,-2.53,3,1,0,0,0,african-american,41,62.0134375,19,0,0,single
60858.0,1,-3.54,1,0,0,0,1,hispanic,41,1.1512731481481482,0,0,0,separated
61071.0,4,-2.61,2,1,0,1,0,african-american,41,1.102685185185185,3,0,0,single
56654.0,5,-2.28,3,0,0,0,0,african-american,41,14.963611111111112,2,0,0,single
62088.0,1,-3.69,1,0,0,0,0,caucasian,41,1.0591087962962964,1,0,0,significant other
61297.0,6,-1.94,5,1,1,1,0,african-american,41,11.60087962962963,2,0,1,single
28188.0,3,-2.8,2,1,0,0,0,african-american,41,1.662986111111111,7,0,1,single
59250.0,1,-3.19,1,0,0,0,0,caucasian,41,1.099085648148148,5,0,0,single
59349.0,1,-3.25,1,0,0,0,0,caucasian,41,0.1595254629629629,0,0,1,significant other
57100.0,1,-3.42,1,0,0,0,0,other,41,0.1716666666666666,0,0,1,significant other
54188.0,4,-2.87,2,1,0,1,1,african-american,41,1.1189351851851852,7,0,0,single
52830.0,4,-2.75,2,0,0,0,0,african-american,41,1.596226851851852,8,0,0,significant other
60308.0,1,-3.46,1,0,0,0,1,caucasian,41,0.7081481481481482,0,0,1,single
19804.0,5,-1.74,5,0,0,0,0,african-american,41,2.7139699074074075,13,0,0,single
58683.0,4,-3.27,1,1,0,1,1,caucasian,41,0.6687731481481481,9,0,1,significant other
2067.0,8,-2.11,4,1,0,1,1,african-american,41,65.27559027777778,8,0,0,single
60320.0,4,-2.29,3,0,0,0,0,caucasian,40,40.34513888888889,3,0,1,single
57720.0,2,-3.17,1,0,0,0,1,hispanic,40,3.940486111111111,2,0,1,single
52524.0,1,-3.05,1,1,0,1,0,other,40,15.92605324074074,4,0,0,single
52104.0,2,-3.25,1,0,0,0,0,caucasian,40,1.9750810185185184,1,0,0,single
59821.0,2,-3.35,1,0,0,0,1,caucasian,40,1.0946875,0,0,1,single
59969.0,2,-3.34,1,0,0,0,1,caucasian,40,1.4748611111111112,0,0,0,single
56328.0,2,-3.42,1,0,0,0,0,caucasian,40,0.1477777777777777,0,0,1,single
59879.0,1,-3.38,1,0,0,0,0,african-american,40,65.17061342592592,1,0,0,single
53636.0,1,-3.57,1,0,0,0,0,other,40,19.93321759259259,0,0,0,single
58322.0,2,-3.07,1,0,0,0,1,other,40,1.0015277777777778,3,0,0,single
51320.0,2,-3.0,1,0,0,0,0,african-american,40,1.1177083333333333,0,0,0,significant other
50954.0,1,-3.61,1,0,0,0,0,other,40,0.6780208333333333,0,0,1,significant other
11592.0,5,-1.99,4,1,0,1,0,caucasian,40,0.8044444444444444,4,0,0,single
61136.0,1,-3.46,1,0,0,0,0,hispanic,40,0.2790393518518518,0,0,1,significant other
62246.0,1,-3.51,1,0,0,0,1,african-american,40,0.1788888888888888,0,0,0,single
60204.0,7,-1.62,6,1,1,1,1,african-american,40,65.80160879629629,15,0,0,single
52235.0,2,-3.17,1,0,0,0,0,african-american,40,1.0762037037037038,3,0,0,single
3176.0,5,-2.41,3,0,0,0,0,african-american,40,29.931215277777778,21,0,0,separated
4403.0,1,-3.06,1,0,0,0,0,caucasian,40,1.2299305555555555,3,0,0,single
56079.0,1,-3.34,1,0,0,0,0,other,40,1.1957407407407408,1,0,0,significant other
62113.0,2,-3.26,1,1,0,1,1,hispanic,40,6.305729166666667,7,0,0,single
60324.0,5,-2.8,2,1,0,1,0,hispanic,40,0.2459837962962963,8,0,0,single
57737.0,1,-3.54,1,0,0,0,0,other,40,0.990613425925926,1,0,0,single
54439.0,4,-2.78,2,0,0,0,0,caucasian,40,0.7923726851851852,6,0,0,significant other
57563.0,9,-2.55,3,0,0,0,0,african-american,40,1.0298958333333332,13,0,0,single
59049.0,2,-2.94,2,0,0,0,1,caucasian,40,0.1187847222222222,0,0,0,single
53725.0,1,-3.57,1,0,0,0,0,african-american,40,2.319317129629629,0,0,0,single
60187.0,2,-3.13,1,0,0,0,0,hispanic,40,1.291400462962963,0,0,1,single
52841.0,2,-3.15,1,0,0,0,0,caucasian,40,0.6513888888888889,0,0,0,single
60230.0,1,-3.5,1,0,0,0,0,caucasian,40,1.0394444444444444,4,0,1,single
52588.0,3,-3.01,1,0,0,0,0,african-american,40,75.8475462962963,1,0,0,single
59684.0,1,-3.3,1,0,0,0,1,other,40,1.1346296296296297,0,0,0,separated
34198.0,4,-1.84,5,1,0,1,0,african-american,40,0.8025810185185185,8,0,1,single
53271.0,1,-3.42,1,0,0,0,0,caucasian,40,1.7760069444444444,2,0,1,single
4334.0,3,-2.04,4,0,0,0,0,caucasian,40,78.45819444444444,4,0,0,single
62409.0,8,-1.92,5,1,0,1,0,african-american,40,0.9212847222222222,3,0,0,single
57211.0,6,-1.14,8,1,1,1,0,african-american,40,31.90695601851852,23,2,1,single
13385.0,7,-1.06,8,0,0,0,0,african-american,40,13.00917824074074,3,0,0,single
58437.0,1,-3.54,1,0,0,0,0,hispanic,40,0.2524768518518518,0,0,0,significant other
58763.0,9,-1.72,6,0,0,0,0,caucasian,40,0.950474537037037,9,1,0,single
61256.0,1,-3.52,1,1,0,1,0,african-american,40,0.2949652777777777,1,0,0,separated
52213.0,1,-3.37,1,0,0,0,1,african-american,40,1.1175578703703704,2,0,0,single
52696.0,8,-0.85,9,0,0,0,0,african-american,40,35.653321759259256,7,0,0,single
58307.0,3,-2.89,2,1,1,1,0,african-american,40,0.1773379629629629,11,0,1,single
51771.0,3,-2.51,3,0,0,0,0,hispanic,40,0.0342939814814814,0,0,1,single
50871.0,9,-0.15,10,1,0,1,0,african-american,40,55.14143518518519,5,0,0,single
56780.0,7,-2.12,4,0,0,0,0,african-american,40,1.075,20,0,0,single
52637.0,1,-3.53,1,0,0,0,1,caucasian,40,0.080949074074074,0,0,1,significant other
52193.0,8,-0.69,9,1,0,1,0,caucasian,40,6.817685185185185,8,0,0,single
57624.0,3,-2.37,3,1,1,0,0,african-american,40,0.8328009259259259,2,0,1,single
51060.0,4,-3.09,1,1,0,0,1,caucasian,40,2.116597222222222,4,0,0,single
62081.0,6,-2.99,1,1,0,1,1,caucasian,40,50.19292824074074,3,0,0,single
57987.0,4,-3.22,1,0,0,0,1,african-american,40,1.851180555555556,7,0,1,significant other
62369.0,7,-0.69,9,1,0,1,0,caucasian,40,8.284872685185185,0,0,0,significant other
5446.0,3,-1.96,5,1,1,1,0,caucasian,40,33.18944444444445,4,0,0,separated
52831.0,1,-3.33,1,0,0,0,1,african-american,40,1.2208101851851851,4,0,1,separated
59925.0,1,-3.46,1,0,0,0,0,caucasian,40,21.34988425925926,1,0,0,single
62290.0,1,-3.29,1,0,0,0,1,other,40,4.206979166666667,0,0,0,significant other
52055.0,4,-2.99,1,0,0,0,0,african-american,40,1.161875,2,0,0,single
50981.0,10,-0.69,9,1,1,1,0,african-american,40,4.293506944444444,0,0,0,single
57150.0,1,-3.4,1,0,0,0,0,african-american,40,1.840011574074074,1,0,0,single
62000.0,1,-3.54,1,0,0,0,0,caucasian,40,1.1518171296296296,0,0,0,single
8728.0,8,-1.27,7,1,0,1,0,african-american,40,1.107384259259259,24,2,1,significant other
35453.0,7,-1.74,5,1,0,1,0,caucasian,40,4.993923611111111,10,0,0,single
55275.0,1,-3.49,1,0,0,0,1,african-american,40,0.708136574074074,1,0,0,single
56852.0,1,-2.66,2,0,0,0,0,african-american,40,1.0559375,1,0,1,single
53825.0,8,-1.59,6,0,0,0,0,african-american,40,54.74238425925926,15,1,0,single
52904.0,3,-3.19,1,0,0,0,0,caucasian,40,0.5688425925925926,5,0,0,significant other
60228.0,1,-3.29,1,0,0,0,1,caucasian,40,0.2464004629629629,0,0,1,significant other
62115.0,7,-2.1,4,0,0,0,0,african-american,40,1.9225810185185184,6,0,0,single
59669.0,7,-1.99,4,1,1,1,0,other,40,40.19711805555556,8,0,0,single
56705.0,2,-3.25,1,0,0,0,1,caucasian,40,0.1021180555555555,0,0,0,separated
61873.0,1,-3.33,1,0,0,0,0,african-american,40,1.989872685185185,1,0,0,single
41868.0,10,-2.25,3,0,0,0,1,caucasian,40,55.32123842592593,5,0,0,single
53084.0,1,-3.33,1,1,1,1,1,caucasian,40,0.6826157407407407,3,0,0,separated
57470.0,5,-3.12,1,0,0,0,0,hispanic,40,64.89194444444445,0,0,0,other
59954.0,4,-2.51,3,0,0,0,0,caucasian,40,1.6628703703703704,1,0,1,single
56437.0,1,-2.64,2,1,0,1,0,caucasian,40,0.6350462962962963,5,0,0,significant other
53510.0,10,-0.65,9,1,1,1,1,african-american,40,107.97849537037035,13,0,0,single
53557.0,6,-2.86,2,0,0,0,0,other,40,1.0026273148148148,2,0,1,single
54221.0,1,-3.25,1,0,0,0,0,african-american,40,2.17056712962963,0,0,1,single
57292.0,4,-3.08,1,0,0,0,0,caucasian,40,0.1690046296296296,5,0,0,single
56156.0,2,-3.14,1,0,0,0,0,african-american,40,1.005324074074074,0,0,0,single
60055.0,1,-3.36,1,1,0,1,0,caucasian,40,0.5974768518518518,0,0,1,significant other
55837.0,2,-3.27,1,0,0,0,0,african-american,40,3.188298611111111,2,0,0,single
57653.0,7,-1.36,7,0,0,0,0,caucasian,40,1.143333333333333,4,0,0,single
53140.0,2,-2.98,1,0,0,0,1,caucasian,40,0.885474537037037,1,0,0,separated
61289.0,5,-2.63,2,0,0,0,1,caucasian,40,2.7657291666666666,0,0,1,single
58792.0,1,-3.28,1,0,0,0,0,caucasian,40,0.6233217592592593,0,0,1,single
53814.0,2,-3.2,1,0,0,0,0,caucasian,40,22.277060185185185,0,0,0,single
48340.0,9,-1.27,7,1,1,1,0,african-american,40,72.25296296296297,15,0,0,single
56448.0,3,-3.46,1,0,0,0,0,caucasian,40,41.98619212962963,1,0,0,single
60144.0,2,-3.33,1,0,0,0,1,hispanic,39,6.801319444444444,2,0,0,single
56835.0,1,-2.85,2,1,1,1,0,hispanic,39,104.9290625,2,0,0,single
55000.0,7,-2.02,4,0,0,0,0,african-american,39,4.013425925925926,5,0,0,significant other
53844.0,2,-2.87,2,1,0,1,0,caucasian,39,1.964664351851852,2,0,0,single
55507.0,6,-2.87,2,0,0,0,1,caucasian,39,0.9580787037037036,0,0,1,single
7290.0,4,-2.71,2,1,0,0,0,caucasian,39,2.931111111111111,3,0,0,significant other
60400.0,6,-3.13,1,0,0,0,0,african-american,39,4.919074074074074,1,0,0,single
59381.0,1,-2.65,2,0,0,0,0,caucasian,39,1.36,1,0,0,single
54135.0,2,-3.34,1,0,0,0,0,african-american,39,1.1099421296296297,2,0,1,significant other
57123.0,1,-3.26,1,0,0,0,0,hispanic,39,0.9271296296296296,0,0,0,single
61102.0,10,-2.44,3,1,1,1,1,african-american,39,3.999664351851852,22,2,0,single
56179.0,6,-3.07,1,0,0,0,1,african-american,39,3.2219328703703702,4,0,0,single
50966.0,5,-2.69,2,0,0,0,0,caucasian,39,1.7994444444444444,0,0,1,single
51379.0,5,-2.87,2,0,0,0,1,african-american,39,0.9486111111111112,6,1,0,separated
60300.0,6,-3.12,1,1,0,1,0,african-american,39,0.904537037037037,19,0,1,single
61996.0,1,-3.37,1,0,0,0,1,caucasian,39,2.953611111111111,0,0,1,single
60420.0,6,-2.5,3,0,0,0,0,caucasian,39,64.40247685185186,2,0,0,single
5025.0,2,-2.67,2,1,0,0,0,caucasian,39,0.6147222222222222,2,0,1,single
58299.0,1,-3.49,1,0,0,0,0,caucasian,39,2.849479166666667,2,0,1,single
56979.0,2,-2.97,1,0,0,0,0,hispanic,39,0.8408680555555555,2,0,0,significant other
51126.0,9,-2.29,3,0,0,0,0,african-american,39,40.78393518518519,10,4,1,single
57686.0,1,-3.17,1,0,0,0,0,caucasian,39,1.175162037037037,1,0,0,single
60337.0,1,-3.53,1,1,0,0,0,other,39,3.162800925925926,0,0,1,significant other
53315.0,1,-3.28,1,1,1,1,1,caucasian,39,0.9160185185185186,0,0,1,single
52433.0,5,-2.79,2,1,0,1,1,african-american,39,57.688344907407405,0,0,0,single
56667.0,4,-2.74,4,0,0,0,0,caucasian,39,3.9236689814814816,1,1,1,single
62123.0,6,-2.54,3,1,0,1,1,caucasian,39,1.1397800925925925,11,1,0,significant other
50867.0,7,-1.93,5,1,0,1,0,caucasian,39,181.06679398148148,17,7,0,separated
29582.0,4,-2.3,3,0,0,0,0,caucasian,39,1.2635648148148149,5,0,1,separated
59865.0,1,-3.5,1,0,0,0,0,caucasian,39,14.952638888888888,1,0,0,significant other
53425.0,3,-2.81,2,0,0,0,0,caucasian,39,54.22450231481481,0,0,0,single
28374.0,10,-1.02,8,0,0,0,0,african-american,39,3.7055671296296295,35,0,0,single
53733.0,2,-3.1,1,1,0,1,0,african-american,39,0.114699074074074,1,0,1,significant other
59279.0,1,-3.53,1,0,0,0,0,other,39,0.8337152777777778,0,0,1,significant other
52246.0,3,-2.99,1,1,0,0,0,african-american,39,0.1802083333333333,2,0,0,single
52159.0,1,-3.23,1,1,0,1,0,caucasian,39,0.2201851851851851,2,0,0,single
53175.0,5,-2.25,3,1,0,1,0,caucasian,39,1.1061574074074074,9,0,0,significant other
15379.0,8,-1.55,6,1,1,1,0,african-american,39,1.9591898148148148,13,0,0,single
57105.0,3,-2.48,3,0,0,0,0,caucasian,39,18.037210648148147,0,0,1,separated
54252.0,5,-2.99,1,0,0,0,0,african-american,39,0.2175578703703703,9,0,0,single
61351.0,10,-0.96,9,1,0,1,0,african-american,39,4.151701388888889,8,2,0,single
53915.0,1,-2.61,2,1,0,0,0,african-american,39,13.64724537037037,1,0,0,significant other
56325.0,9,-1.95,5,0,0,0,0,african-american,39,118.85506944444444,4,0,0,single
57915.0,4,-2.59,2,0,0,0,0,african-american,39,40.171655092592594,4,0,0,single
61119.0,3,-2.22,4,0,0,0,0,caucasian,39,0.3362615740740741,1,0,0,single
60158.0,1,-3.33,1,0,0,0,0,caucasian,39,1.2284375,0,0,1,single
58543.0,3,-2.56,2,1,0,1,0,african-american,39,3.0107523148148148,3,0,0,single
52998.0,3,-3.05,1,0,0,0,0,caucasian,39,8.193657407407407,2,0,0,separated
57558.0,6,-1.98,4,0,0,0,0,caucasian,39,20.20916666666667,8,0,0,single
18072.0,4,-2.28,3,0,0,0,1,caucasian,39,106.86686342592591,1,0,0,single
59763.0,10,-0.61,10,0,0,0,0,caucasian,39,194.10202546296296,21,0,0,significant other
51616.0,1,-3.42,1,0,0,0,0,african-american,39,47.232025462962966,2,0,1,single
58727.0,3,-3.17,1,1,0,1,0,african-american,39,2.861064814814815,6,0,0,single
51623.0,1,-3.53,1,0,0,0,0,african-american,39,0.8413541666666666,0,0,1,single
52772.0,2,-3.13,1,0,0,0,1,african-american,39,0.6486805555555556,1,0,0,single
58823.0,5,-2.86,2,1,0,1,1,african-american,39,2.1641666666666666,0,0,0,separated
57337.0,1,-3.56,1,0,0,0,0,african-american,39,18.072916666666668,0,0,0,single
67356.0,3,-2.82,1,0,0,0,1,caucasian,39,1.053599537037037,3,0,0,single
50970.0,1,-3.41,1,0,0,0,1,other,39,1.0617824074074074,0,0,0,single
54403.0,1,-3.1,1,0,0,0,0,caucasian,39,0.9108564814814816,1,0,0,significant other
60951.0,2,-3.36,1,0,0,0,0,caucasian,39,1.0171875,0,0,0,single
56710.0,4,-3.3,1,0,0,0,0,caucasian,39,0.2107060185185185,0,0,0,single
53435.0,8,-2.11,4,0,0,0,0,african-american,39,0.9632638888888888,1,0,0,single
61683.0,7,-2.82,2,1,0,1,1,african-american,39,2.8826388888888888,1,0,0,significant other
55859.0,2,-3.3,1,1,0,1,0,caucasian,39,4.966273148148148,2,0,0,separated
53777.0,1,-3.45,1,0,0,0,1,african-american,39,0.740474537037037,1,0,0,significant other
60346.0,1,-3.49,1,0,0,0,0,caucasian,39,0.7743865740740741,0,0,1,single
52774.0,4,-2.87,2,0,0,0,0,african-american,39,4.900740740740741,1,0,1,single
51076.0,2,-2.84,2,0,0,0,0,caucasian,39,0.2088888888888889,0,0,1,single
52982.0,6,-3.05,1,1,0,1,1,african-american,39,1.760960648148148,22,0,0,single
52899.0,1,-3.41,1,0,0,0,0,other,39,0.9042476851851852,0,0,0,single
57995.0,1,-3.52,1,0,0,0,0,caucasian,39,2.318958333333333,0,0,1,single
53190.0,1,-2.44,3,0,0,0,0,caucasian,39,1.265914351851852,8,0,0,single
56254.0,1,-3.48,1,0,0,0,0,caucasian,39,29.31679398148148,1,0,0,single
60383.0,1,-2.77,2,1,0,1,0,caucasian,39,0.4400925925925926,3,1,1,single
52759.0,4,-2.91,2,1,0,0,0,african-american,39,38.28515046296296,3,0,1,single
57067.0,3,-3.1,1,0,0,0,0,caucasian,39,5.910462962962963,0,0,0,significant other
53718.0,1,-3.25,1,0,0,0,0,hispanic,39,0.1567824074074074,0,0,0,other
54737.0,1,-3.24,1,0,0,0,0,caucasian,39,3.059664351851852,0,0,0,significant other
52864.0,3,-1.69,6,0,0,0,0,caucasian,39,0.8124074074074074,3,0,0,single
51944.0,1,-3.3,1,1,1,1,0,caucasian,39,1.102800925925926,3,0,0,single
53224.0,2,-2.44,3,0,0,0,0,african-american,39,1.254895833333333,3,0,0,single
54879.0,4,-2.55,3,1,1,1,0,african-american,39,34.202222222222225,3,0,0,single
57807.0,4,-2.72,2,0,0,0,0,african-american,39,1.0830439814814814,1,0,0,single
60892.0,5,-2.98,1,0,0,0,0,other,39,26.08685185185185,6,0,0,single
41432.0,4,-3.22,1,0,0,0,0,hispanic,39,13.904282407407408,3,0,0,single
55048.0,1,-3.39,1,0,0,0,1,other,39,1.1471296296296296,0,0,0,separated
55407.0,5,-1.85,5,0,0,0,1,african-american,39,62.73736111111111,1,0,0,single
53293.0,2,-3.18,1,0,0,0,0,caucasian,39,0.264386574074074,3,0,0,separated
8925.0,8,-1.64,6,1,1,1,0,african-american,39,0.1605902777777778,7,0,0,single
51803.0,7,-2.16,4,1,0,1,0,african-american,39,35.72612268518518,6,1,1,single
58218.0,1,-3.34,1,1,0,1,0,caucasian,39,2.2546296296296298,0,0,0,single
60755.0,1,-3.16,1,0,0,0,0,caucasian,39,1.0491087962962964,1,0,0,separated
53998.0,8,-1.96,5,1,0,1,0,caucasian,39,1.036736111111111,10,0,0,single
59018.0,2,-2.92,2,0,0,0,0,caucasian,39,18.345277777777778,2,0,0,separated
39369.0,9,-1.46,7,1,0,1,0,caucasian,39,35.22717592592593,16,0,0,separated
51596.0,6,-2.86,2,0,0,0,1,african-american,39,2.066493055555556,3,0,1,single
62122.0,3,-2.88,2,0,0,0,0,caucasian,39,1.0782291666666666,0,0,0,single
60609.0,4,-2.16,4,0,0,0,1,caucasian,39,7.275914351851852,1,0,0,single
17682.0,2,-3.01,1,1,0,1,0,african-american,39,0.8959027777777778,1,0,0,single
51164.0,3,-2.66,2,0,0,0,0,african-american,39,0.0939236111111111,0,0,0,significant other
51168.0,2,-2.8,2,0,0,0,0,hispanic,39,0.8019444444444445,1,0,1,significant other
54106.0,1,-3.22,1,0,0,0,0,caucasian,39,0.8032754629629629,1,0,0,single
32759.0,4,-2.87,2,0,0,0,0,african-american,39,40.18974537037037,8,0,0,single
49241.0,4,-2.18,3,1,1,1,1,hispanic,39,0.6882870370370371,10,2,0,separated
53143.0,2,-3.22,1,0,0,0,1,african-american,39,178.6275347222222,7,1,0,single
10467.0,3,-2.71,2,0,0,0,0,caucasian,39,18.818564814814813,5,0,0,single
53903.0,1,-3.09,1,1,0,1,0,african-american,39,1.1736111111111112,2,0,1,single
60157.0,1,-3.45,1,0,0,0,0,caucasian,39,1.1099652777777778,0,0,0,single
56272.0,1,-3.45,1,0,0,0,1,african-american,39,5.687731481481482,1,0,0,significant other
54124.0,9,-1.36,7,1,0,1,0,african-american,39,179.95128472222223,19,5,0,single
51819.0,3,-2.19,4,0,0,0,0,african-american,39,0.9126967592592592,0,0,1,single
54063.0,1,-3.48,1,0,0,0,0,caucasian,39,0.9029166666666668,1,0,0,single
61631.0,4,-1.98,4,1,0,1,0,caucasian,39,0.9223842592592592,0,0,0,single
63108.0,2,-2.9,1,1,1,1,0,other,39,0.6437152777777778,1,0,0,single
54556.0,5,-3.0,1,1,0,1,1,caucasian,39,0.9529861111111112,2,0,0,single
59898.0,4,-2.6,2,0,0,0,0,caucasian,39,0.1711342592592592,2,0,1,single
57080.0,4,-3.08,1,0,0,0,1,caucasian,39,39.1863425925926,1,0,0,single
54713.0,1,-3.21,1,1,1,0,0,african-american,39,1.1836226851851852,0,0,1,single
55298.0,1,-3.01,1,0,0,0,0,african-american,39,4.98175925925926,1,0,0,single
56730.0,1,-3.37,1,0,0,0,0,caucasian,39,0.8738541666666667,0,0,1,single
58830.0,2,-3.28,1,0,0,0,1,caucasian,39,0.2607407407407407,0,0,1,separated
56994.0,1,-3.41,1,1,1,1,1,caucasian,39,1.6877662037037038,0,0,0,significant other
57335.0,6,-2.6,2,0,0,0,0,caucasian,39,0.8961689814814815,6,0,0,single
58261.0,6,-1.42,7,1,1,1,0,african-american,38,202.61603009259255,6,0,0,single
29994.0,10,-1.11,8,0,0,0,0,caucasian,38,180.26940972222224,17,0,0,single
51030.0,7,-2.78,2,1,0,1,0,hispanic,38,1.1636342592592592,7,2,0,significant other
1851.0,7,-2.27,3,0,0,0,0,african-american,38,56.16226851851852,14,0,0,single
50907.0,3,-2.44,3,1,0,1,0,caucasian,38,0.3764814814814815,0,0,0,single
52298.0,6,-1.84,5,0,0,0,0,african-american,38,55.411458333333336,15,0,0,single
53049.0,5,-2.83,2,1,0,1,0,caucasian,38,0.1072453703703703,5,0,1,single
52170.0,1,-3.29,1,1,0,1,0,other,38,0.9579861111111112,0,0,0,single
51600.0,8,-1.71,6,0,0,0,0,african-american,38,5.014050925925926,0,0,0,single
57922.0,2,-2.57,2,1,0,0,0,caucasian,38,0.1519675925925926,0,0,1,separated
58132.0,1,-3.25,1,0,0,0,0,hispanic,38,0.1925925925925926,0,0,1,significant other
1476.0,2,-2.69,2,0,0,0,0,african-american,38,0.844224537037037,4,0,1,single
59693.0,3,-3.04,1,0,0,0,0,caucasian,38,1.2958564814814817,3,0,1,other
53993.0,1,-3.56,1,0,0,0,0,caucasian,38,2.274953703703704,0,0,0,single
53120.0,1,-3.26,1,0,0,0,0,african-american,38,1.2178472222222223,2,0,0,significant other
56874.0,1,-3.49,1,0,0,0,1,african-american,38,0.9105787037037038,0,0,1,separated
56948.0,6,-1.2,8,0,0,0,0,african-american,38,2.903587962962963,9,0,0,single
58826.0,1,-3.49,1,0,0,0,1,caucasian,38,1.2859027777777778,0,0,0,significant other
56821.0,1,-3.34,1,0,0,0,0,caucasian,38,0.8791550925925926,0,0,1,single
54527.0,1,-3.52,1,0,0,0,1,other,38,1.3619907407407408,0,0,1,significant other
51035.0,2,-3.18,1,1,0,1,0,african-american,38,4.352280092592593,3,0,0,single
55350.0,4,-2.33,3,0,0,0,0,african-american,38,52.03037037037037,6,1,0,single
55765.0,5,-2.8,2,1,0,1,1,caucasian,38,0.9913888888888888,2,0,0,single
60092.0,1,-3.4,1,0,0,0,1,other,38,0.8805324074074075,0,0,0,single
55259.0,9,-1.78,5,1,1,1,0,african-american,38,0.9338541666666668,19,0,0,single
59306.0,4,-2.87,2,0,0,0,0,african-american,38,5.615983796296296,5,0,1,significant other
60769.0,3,-2.36,3,1,0,1,0,other,38,0.2252662037037037,2,0,0,significant other
61039.0,3,-2.94,2,0,0,0,0,african-american,38,0.1432754629629629,4,0,0,single
55096.0,1,-3.48,1,0,0,0,0,african-american,38,9.962337962962962,0,0,0,single
52195.0,4,-2.74,2,0,0,0,0,caucasian,38,158.06181712962962,0,0,0,single
51378.0,10,-0.78,9,1,0,1,1,african-american,38,39.20841435185185,7,0,0,single
11081.0,5,-1.66,6,0,0,0,0,african-american,38,1.2444212962962964,3,0,0,single
59637.0,4,-1.93,5,0,0,0,0,hispanic,38,1.0931828703703703,0,0,0,separated
53499.0,7,-2.31,3,1,1,1,0,african-american,38,192.7977662037037,2,0,0,single
62415.0,7,-2.59,2,1,1,1,0,african-american,38,30.862094907407407,37,5,1,significant other
56406.0,9,-0.68,9,1,1,1,0,african-american,38,0.8936921296296296,22,5,1,single
52294.0,9,-2.41,3,0,0,0,0,african-american,38,1.7623958333333334,15,0,0,separated
59452.0,1,-2.61,2,1,0,1,0,caucasian,38,3.154525462962963,5,0,0,significant other
50411.0,2,-2.75,2,0,0,0,0,african-american,38,8.024942129629629,1,0,1,significant other
18546.0,7,-1.51,6,0,0,0,0,african-american,38,1.6124768518518515,8,1,1,single
50995.0,1,-3.43,1,0,0,0,0,caucasian,38,0.9643287037037036,0,0,0,single
51984.0,4,-3.04,1,0,0,0,0,african-american,38,1.027997685185185,3,0,0,single
62202.0,4,-2.98,1,0,0,0,1,african-american,38,1.0002662037037038,0,0,1,single
47525.0,9,-1.6,6,1,1,1,0,african-american,38,33.170150462962965,16,5,1,single
48654.0,1,-3.02,1,0,0,0,0,african-american,38,3.985532407407408,1,0,1,significant other
62295.0,1,-3.45,1,0,0,0,0,other,38,0.8594560185185185,2,0,0,single
4204.0,3,-2.59,2,0,0,0,0,african-american,38,1.2277662037037036,5,0,0,significant other
50952.0,2,-3.03,1,0,0,0,1,african-american,38,1.107002314814815,0,0,1,single
57696.0,1,-3.57,1,0,0,0,0,other,38,0.9723032407407408,1,0,0,single
60529.0,1,-3.37,1,0,0,0,0,african-american,38,1.320011574074074,0,0,0,single
51817.0,2,-2.7,2,1,0,1,0,caucasian,38,1.962789351851852,4,0,1,single
21295.0,7,-1.63,6,1,0,1,0,african-american,38,9.212094907407408,2,0,0,single
61034.0,1,-3.25,1,0,0,0,0,african-american,38,1.9969560185185184,0,0,0,significant other
50922.0,6,-2.35,3,0,0,0,0,caucasian,38,14.859085648148149,1,0,1,single
58479.0,6,-2.19,4,0,0,0,0,african-american,38,15.871481481481482,8,6,1,significant other
53308.0,1,-2.97,1,0,0,0,1,caucasian,38,2.664189814814814,0,0,0,separated
52284.0,4,-2.47,3,1,0,1,0,african-american,38,10.31306712962963,2,0,1,single
54763.0,1,-3.38,1,0,0,0,0,hispanic,38,1.095960648148148,0,0,1,single
53968.0,1,-3.24,1,0,0,0,1,african-american,38,0.9122222222222224,1,0,0,single
19588.0,2,-2.09,4,0,0,0,0,caucasian,38,0.079224537037037,8,0,0,single
53552.0,8,-1.21,8,1,0,1,0,african-american,38,749.073275462963,0,0,1,single
60264.0,3,-2.85,2,0,0,0,0,caucasian,38,19.035891203703702,2,0,0,single
58241.0,3,-2.62,2,0,0,0,1,caucasian,38,0.939386574074074,2,0,1,single
53399.0,2,-3.18,1,0,0,0,0,african-american,38,1.104479166666667,0,0,1,single
60021.0,1,-3.49,1,0,0,0,1,caucasian,38,1.7824421296296296,1,0,1,single
58621.0,1,-3.06,1,0,0,0,0,caucasian,38,7.320081018518518,0,0,0,single
51625.0,3,-3.22,1,1,1,1,0,caucasian,38,2.826724537037037,0,0,1,significant other
55332.0,1,-3.24,1,1,0,1,0,hispanic,38,1.9303009259259256,3,0,0,significant other
59796.0,9,-1.67,6,1,0,1,0,caucasian,38,1.863726851851852,3,0,0,significant other
60104.0,1,-3.09,1,1,0,1,0,african-american,38,7.811956018518519,1,0,0,single
56982.0,2,-3.25,1,0,0,0,0,other,38,1.232326388888889,0,0,1,single
42273.0,6,-2.66,2,0,0,0,0,african-american,38,18.05149305555556,11,0,0,significant other
42681.0,2,-3.14,1,0,0,0,0,caucasian,38,28.251284722222223,2,0,1,single
56556.0,1,-3.36,1,1,0,1,0,caucasian,38,0.8245370370370371,1,0,0,single
55112.0,5,-2.94,2,0,0,0,0,hispanic,38,126.23157407407408,1,0,1,significant other
57038.0,1,-3.26,1,0,0,0,0,caucasian,38,0.3904282407407407,0,0,0,single
58073.0,2,-3.04,1,0,0,0,1,hispanic,38,25.374259259259254,0,0,0,single
56305.0,1,-3.48,1,0,0,0,0,hispanic,38,1.1097685185185184,0,0,1,single
58669.0,1,-3.28,1,0,0,0,1,hispanic,38,0.903425925925926,0,0,0,separated
54157.0,1,-3.21,1,0,0,0,0,african-american,38,0.4441087962962963,0,0,1,single
23473.0,4,-2.4,3,1,0,1,0,caucasian,38,2.8444907407407407,5,0,1,significant other
53383.0,5,-3.42,1,0,0,0,0,african-american,38,1.269594907407407,0,0,0,separated
57300.0,1,-2.61,2,0,0,0,0,other,38,0.8969097222222222,1,0,1,significant other
53905.0,1,-3.51,1,0,0,0,1,african-american,38,4.359571759259259,0,0,0,single
58004.0,4,-3.06,1,0,0,0,0,hispanic,38,0.2403125,3,0,0,single
1116.0,3,-2.42,3,1,0,1,0,caucasian,38,9.224733796296295,2,0,0,separated
53464.0,1,-3.43,1,0,0,0,0,hispanic,38,1.1446875,0,0,0,significant other
32047.0,4,-2.55,3,1,0,1,0,african-american,38,10.326701388888887,10,1,0,single
62199.0,4,-3.2,1,1,0,1,0,african-american,38,1.1437037037037037,17,0,1,single
54471.0,5,-2.41,3,0,0,0,0,caucasian,38,0.934074074074074,12,0,0,single
56076.0,4,-2.83,2,1,0,1,0,caucasian,38,47.87077546296296,2,0,0,single
51901.0,6,-2.83,2,0,0,0,0,african-american,38,0.7344328703703704,10,1,1,significant other
52044.0,6,-2.21,4,1,1,1,1,caucasian,38,1.2041782407407406,1,0,1,significant other
54954.0,3,-2.44,3,0,0,0,0,other,38,0.9410185185185184,1,0,0,single
53276.0,4,-2.53,3,0,0,0,0,african-american,38,1.1295833333333334,0,0,0,significant other
53452.0,1,-3.25,1,1,0,0,0,african-american,38,0.8497337962962963,4,0,1,significant other
56333.0,1,-2.67,2,0,0,0,0,caucasian,38,1.232592592592593,2,0,1,single
22310.0,7,-2.67,2,1,0,1,0,caucasian,38,0.0208564814814814,5,0,0,single
58077.0,5,-2.33,3,1,0,1,0,caucasian,38,7.729050925925926,2,0,0,single
62007.0,1,-3.53,1,0,0,0,0,caucasian,38,0.8781828703703703,0,0,1,single
57659.0,10,-1.2,7,1,0,1,0,other,38,8.257916666666667,25,1,1,single
54833.0,6,-2.22,4,1,0,1,1,caucasian,38,41.77068287037037,5,0,0,single
53391.0,6,-1.11,8,0,0,0,0,african-american,38,197.79265046296297,7,0,1,single
59588.0,1,-3.44,1,0,0,0,0,caucasian,38,4.276701388888889,2,0,0,separated
53728.0,9,-2.34,3,1,1,1,1,hispanic,38,1.920949074074074,20,0,0,significant other
53067.0,4,-3.2,1,1,1,1,0,caucasian,38,0.0718518518518518,10,1,0,single
55078.0,3,-3.01,1,1,1,1,0,african-american,38,2.687025462962963,2,0,0,single
59643.0,4,-3.12,1,0,0,0,0,caucasian,38,1.100474537037037,5,0,0,single
52688.0,1,-3.27,1,0,0,0,1,caucasian,38,0.9678587962962965,0,0,1,separated
57923.0,2,-3.24,1,0,0,0,0,hispanic,38,29.340694444444445,2,0,1,single
59362.0,1,-3.42,1,0,0,0,0,other,38,8.279953703703704,2,0,0,significant other
50902.0,1,-3.46,1,0,0,0,1,hispanic,38,0.1812731481481481,0,0,0,separated
51165.0,2,-2.72,2,0,0,0,0,hispanic,38,1.2317476851851852,0,0,0,significant other
60067.0,4,-2.66,2,0,0,0,1,caucasian,38,0.9152083333333332,3,0,0,single
58797.0,4,-2.88,2,1,0,1,0,caucasian,38,268.00399305555555,11,0,0,single
60686.0,7,-1.82,5,1,0,0,0,african-american,38,0.2307523148148148,15,0,0,single
57061.0,1,-3.41,1,0,0,0,0,caucasian,38,1.004386574074074,2,0,0,significant other
39879.0,9,-0.47,10,1,1,1,0,african-american,38,241.8689699074074,16,1,0,single
58877.0,3,-2.39,3,1,0,1,0,african-american,38,1.1485648148148149,0,0,0,single
59887.0,1,-3.34,1,0,0,0,0,hispanic,38,4.184189814814815,1,0,0,significant other
52262.0,1,-3.46,1,0,0,0,0,other,38,0.7459259259259259,0,0,1,single
54126.0,8,-1.35,7,0,0,0,0,african-american,37,0.997337962962963,0,0,0,single
58971.0,2,-3.33,1,0,0,0,0,caucasian,37,0.8711111111111111,1,0,1,single
54149.0,2,-2.97,1,1,1,1,0,caucasian,37,1.048275462962963,0,0,0,single
40820.0,9,-1.41,7,0,0,0,0,african-american,37,169.72576388888888,2,0,0,single
55083.0,6,-2.01,4,0,0,0,0,caucasian,37,1.1123263888888888,1,0,1,single
24152.0,9,-2.2,4,1,0,1,0,african-american,37,17.264652777777776,23,0,0,single
60752.0,1,-3.52,1,0,0,0,0,other,37,1.1512962962962965,0,0,1,single
61726.0,1,-3.27,1,0,0,0,0,caucasian,37,2.8909375,3,0,0,single
52382.0,1,-3.18,1,0,0,0,0,other,37,5.04630787037037,1,0,0,single
3656.0,6,-2.05,4,0,0,0,0,african-american,37,1.133912037037037,8,0,0,single
52256.0,6,-1.77,5,1,0,1,0,african-american,37,0.9397685185185184,3,0,1,single
53432.0,3,-2.66,2,0,0,0,0,african-american,37,1.2982060185185185,4,0,0,single
59861.0,7,-3.1,1,1,0,1,0,caucasian,37,8.207511574074074,1,0,0,significant other
6456.0,5,-2.53,3,1,0,1,0,african-american,37,6.450243055555555,5,0,1,significant other
58656.0,1,-3.35,1,1,1,0,0,other,37,0.6231134259259259,0,0,1,significant other
56385.0,2,-3.08,1,0,0,0,0,caucasian,37,0.9856481481481482,2,0,0,single
59495.0,1,-3.44,1,0,0,0,1,other,37,1.0038310185185184,0,0,1,single
48640.0,9,-1.51,6,1,0,1,0,african-american,37,81.41804398148147,22,0,0,single
61502.0,5,-3.01,1,0,0,0,0,hispanic,37,1.931226851851852,1,0,0,other
58464.0,5,-2.33,3,1,0,1,0,hispanic,37,155.0436689814815,1,0,0,separated
53297.0,1,-3.42,1,0,0,0,1,african-american,37,0.8153587962962963,0,0,1,single
60034.0,2,-3.35,1,0,0,0,1,other,37,1.7272569444444446,2,0,1,significant other
51621.0,3,-2.89,2,0,0,0,0,african-american,37,80.91289351851852,3,0,1,significant other
51670.0,4,-2.45,3,1,1,1,0,caucasian,37,0.2448958333333333,4,0,1,single
54235.0,2,-2.7,2,1,0,1,0,hispanic,37,1.0178935185185185,6,0,0,separated
54069.0,1,-2.58,2,1,0,1,0,hispanic,37,83.41783564814814,3,0,0,significant other
52011.0,5,-2.25,3,1,1,1,0,hispanic,37,23.956122685185186,6,0,0,significant other
56500.0,2,-2.26,3,0,0,0,0,caucasian,37,12.10849537037037,2,0,1,single
53501.0,10,0.13,10,0,0,0,0,african-american,37,3.1571875,1,0,0,single
57036.0,1,-3.29,1,0,0,0,1,african-american,37,29.049340277777777,3,0,0,single
51842.0,1,-2.85,2,0,0,0,0,caucasian,37,0.9877314814814816,0,0,1,single
57986.0,4,-2.18,4,0,0,0,0,african-american,37,36.16508101851852,1,0,0,significant other
61217.0,1,-3.28,1,0,0,0,1,african-american,37,1.1650694444444445,0,0,1,separated
61475.0,1,-2.98,1,0,0,0,0,caucasian,37,19.02951388888889,0,0,0,single
54366.0,1,-3.34,1,1,0,1,1,other,37,0.8851851851851852,0,0,1,significant other
55478.0,1,-3.34,1,0,0,0,1,african-american,37,1.277951388888889,0,0,0,significant other
53494.0,2,-3.06,1,1,0,0,0,caucasian,37,0.9376967592592592,0,0,1,single
52805.0,7,-2.9,2,0,0,0,0,african-american,37,0.8296296296296296,0,0,1,single
53468.0,1,-3.33,1,1,0,1,0,hispanic,37,2.306458333333333,3,0,1,single
26021.0,3,-2.0,4,1,0,1,0,caucasian,37,1.850324074074074,4,0,0,single
54155.0,10,-2.22,4,0,0,0,1,caucasian,37,105.8564351851852,6,0,0,single
52648.0,2,-2.94,2,0,0,0,0,african-american,37,0.7359375,0,0,1,single
52040.0,1,-3.06,1,0,0,0,0,caucasian,37,0.7976041666666667,4,0,1,single
36402.0,9,-0.59,10,1,0,1,0,african-american,37,0.6992824074074074,12,2,1,single
57195.0,1,-3.39,1,0,0,0,1,caucasian,37,1.0149189814814814,1,0,0,single
58296.0,3,-3.16,1,0,0,0,0,other,37,1.05875,11,2,0,single
54326.0,2,-3.28,1,1,0,0,0,african-american,37,0.8275694444444445,3,0,1,significant other
50849.0,1,-3.14,1,0,0,0,1,caucasian,37,0.9057407407407408,0,0,1,significant other
59360.0,1,-3.43,1,0,0,0,1,african-american,37,0.788425925925926,2,0,0,single
52228.0,1,-3.26,1,1,0,1,0,caucasian,37,14.622349537037037,2,0,1,single
58829.0,3,-3.39,1,0,0,0,1,caucasian,37,0.2549768518518518,0,0,1,single
57740.0,1,-3.39,1,0,0,0,0,hispanic,37,0.8816898148148148,1,0,1,significant other
57459.0,2,-2.99,1,1,0,1,0,caucasian,37,0.043912037037037,1,0,0,single
51169.0,5,-2.74,2,1,0,0,0,african-american,37,14.16914351851852,8,0,0,single
54920.0,3,-2.86,2,0,0,0,1,african-american,37,0.9638194444444445,0,0,0,single
59540.0,4,-2.51,3,1,1,1,0,other,37,51.09333333333333,2,0,0,single
60139.0,4,-2.6,2,0,0,0,0,caucasian,37,38.96525462962963,3,0,0,single
60926.0,1,-3.39,1,1,1,1,0,hispanic,37,1.0218981481481482,4,0,1,significant other
28758.0,2,-2.4,3,1,0,1,0,african-american,37,1.1300578703703703,8,0,1,significant other
55637.0,6,-1.37,7,0,0,0,0,hispanic,37,48.73013888888889,9,0,0,significant other
57013.0,3,-2.94,2,0,0,0,0,african-american,37,7.303796296296296,2,0,0,single
57484.0,3,-3.24,1,0,0,0,0,african-american,37,2.772650462962963,0,0,1,single
59254.0,8,-1.59,6,1,0,1,0,african-american,37,1.8776273148148148,23,14,0,single
59069.0,2,-3.3,1,0,0,0,0,african-american,37,1.272361111111111,3,0,0,separated
51544.0,4,-2.29,3,0,0,0,1,african-american,37,5.143576388888889,0,0,1,single
43957.0,5,-3.12,1,0,0,0,0,caucasian,37,104.98927083333334,5,0,1,single
58180.0,7,-2.33,3,0,0,0,0,african-american,37,1.2275347222222222,7,0,0,single
29393.0,2,-2.87,2,0,0,0,0,african-american,37,1.0842129629629629,3,0,1,single
55424.0,3,-2.55,3,0,0,0,1,hispanic,37,0.6399421296296296,0,0,1,single
60576.0,4,-2.8,2,0,0,0,0,african-american,37,1.8645138888888888,11,0,0,single
56797.0,4,-2.94,2,0,0,0,0,african-american,37,92.97050925925926,4,0,0,single
35934.0,8,-0.88,9,1,0,1,0,african-american,37,0.989039351851852,13,1,0,single
50653.0,1,-3.48,1,1,0,1,0,caucasian,37,4.918263888888889,2,0,0,significant other
58211.0,4,-2.45,3,0,0,0,0,hispanic,37,0.2370949074074074,3,0,1,significant other
61449.0,1,-3.24,1,0,0,0,1,african-american,37,8.996030092592592,1,0,0,single
60371.0,7,-2.31,3,1,0,1,0,african-american,37,0.6872222222222222,1,0,1,significant other
27663.0,5,-1.93,5,0,0,0,0,african-american,37,1.0988773148148148,8,0,1,single
53731.0,8,-1.9,5,0,0,0,0,caucasian,37,241.9934953703704,3,0,0,significant other
56106.0,8,-2.3,3,0,0,0,0,african-american,37,1.0558449074074074,14,0,0,single
32659.0,2,-3.41,1,0,0,0,0,african-american,37,1.0614930555555555,8,0,0,single
56326.0,10,-1.23,8,1,0,1,0,african-american,37,1.8630208333333331,26,1,0,single
60934.0,1,-2.93,2,0,0,0,0,caucasian,37,0.2082291666666666,0,0,1,significant other
54470.0,1,-3.29,1,0,0,0,0,african-american,37,13.133263888888887,0,0,0,single
58546.0,9,-2.43,3,0,0,0,0,african-american,37,0.9695949074074074,0,0,0,single
60913.0,3,-3.43,1,0,0,0,1,hispanic,37,1.831377314814815,1,0,0,separated
60933.0,1,-3.43,1,1,0,1,1,hispanic,37,1.208125,0,0,1,significant other
52288.0,5,-2.37,3,0,0,0,0,caucasian,37,126.80873842592592,0,0,0,single
42796.0,5,-2.76,2,1,1,1,0,caucasian,37,0.1855787037037037,1,0,1,separated
51196.0,7,-1.71,6,0,0,0,0,african-american,37,0.1948958333333333,2,0,0,significant other
52377.0,2,-3.16,1,0,0,0,0,hispanic,37,1.1755092592592593,5,0,0,significant other
38149.0,9,-1.76,5,1,0,1,0,african-american,37,35.97456018518518,20,0,0,single
54711.0,9,-2.45,3,0,0,0,0,african-american,37,45.659050925925925,17,0,1,single
6953.0,2,-2.51,3,0,0,0,0,caucasian,37,0.9004282407407408,1,0,1,separated
1074.0,8,-1.55,6,1,0,1,0,african-american,37,1.2760069444444444,11,0,0,single
50685.0,1,-2.9,2,1,0,1,0,other,37,2.075127314814815,4,0,1,single
36486.0,9,-1.09,8,1,1,1,0,african-american,37,0.2178125,2,0,1,single
60136.0,1,-3.15,1,1,1,1,0,african-american,37,0.6888078703703704,0,0,0,single
62243.0,3,-2.62,2,0,0,0,0,caucasian,37,0.9669212962962964,0,0,0,single
7602.0,4,-2.14,4,1,0,1,0,caucasian,37,82.8591087962963,4,0,1,significant other
56145.0,1,-3.06,1,1,0,1,0,hispanic,37,1.0478819444444445,2,0,0,significant other
60894.0,1,-3.18,1,1,1,1,0,caucasian,37,1.1723263888888888,1,0,1,single
53666.0,2,-3.28,1,1,0,1,0,hispanic,37,0.7808912037037037,1,0,0,separated
60160.0,3,-3.06,1,0,0,0,0,caucasian,37,1.847858796296296,0,0,1,single
37797.0,1,-2.99,1,1,0,1,0,african-american,37,1.0345833333333334,3,0,0,separated
52346.0,6,-2.04,4,0,0,0,0,african-american,37,0.0716319444444444,5,0,0,single
36886.0,2,-3.09,1,0,0,0,0,african-american,37,1.037962962962963,4,0,0,significant other
1502.0,3,-1.95,5,0,0,0,0,african-american,37,1.1515393518518515,6,0,0,single
52047.0,2,-3.21,1,0,0,0,0,other,37,0.8640625,0,0,0,significant other
50887.0,6,-2.38,3,1,0,0,1,african-american,37,1.6261342592592594,13,0,0,single
56329.0,4,-2.26,3,0,0,0,0,hispanic,37,0.8085648148148148,4,0,1,single
59988.0,1,-2.84,2,0,0,0,0,other,37,1.136076388888889,6,0,1,significant other
55140.0,1,-3.18,1,1,0,0,0,hispanic,37,0.9790972222222222,2,0,1,single
60904.0,1,-3.27,1,0,0,0,0,african-american,37,0.9646296296296296,2,0,1,significant other
51934.0,5,-2.35,3,0,0,0,0,hispanic,37,2.157037037037037,9,0,0,single
55560.0,8,-2.68,2,1,0,1,0,caucasian,37,0.2856828703703704,8,0,0,single
55476.0,3,-2.92,2,0,0,0,0,hispanic,37,0.0774537037037037,1,0,0,single
51114.0,9,-1.15,8,1,0,1,0,african-american,37,0.2382523148148148,12,0,0,single
61328.0,4,-2.13,4,1,1,1,0,african-american,37,1.1984375,4,0,1,single
54066.0,1,-3.46,1,0,0,0,0,caucasian,37,1.014409722222222,2,0,1,single
62230.0,1,-3.43,1,0,0,0,0,hispanic,37,0.2418171296296296,0,0,1,other
47384.0,2,-3.17,1,1,0,1,1,caucasian,37,33.26908564814815,5,0,0,single
54137.0,1,-3.32,1,0,0,0,0,caucasian,37,0.8333333333333334,3,0,1,single
61802.0,1,-3.4,1,0,0,0,1,caucasian,37,1.1363194444444444,0,0,1,single
57256.0,6,-0.78,9,1,1,1,0,african-american,37,1.0418634259259258,9,0,0,single
53337.0,1,-3.07,1,1,1,1,0,african-american,37,1.023726851851852,0,0,1,significant other
56507.0,6,-2.59,2,1,0,1,1,caucasian,37,6.98582175925926,7,0,0,single
53046.0,1,-3.3,1,0,0,0,0,other,37,28.998449074074077,2,0,0,single
51677.0,3,-2.89,2,0,0,0,1,caucasian,37,1.1675694444444444,1,0,1,significant other
51350.0,4,-2.29,3,0,0,0,0,caucasian,37,0.1435532407407407,0,0,0,single
61116.0,8,-2.23,4,1,0,1,1,african-american,37,0.4452083333333333,23,0,1,significant other
59220.0,1,-3.08,1,0,0,0,0,other,37,0.9774074074074074,0,0,1,separated
58069.0,7,-2.76,2,1,0,1,0,african-american,37,0.7578472222222222,10,0,0,single
61060.0,8,-2.63,2,1,0,1,0,caucasian,37,1.0201041666666666,11,0,0,single
59312.0,3,-3.15,1,0,0,0,0,caucasian,37,10.959722222222222,5,0,0,single
58480.0,1,-3.16,1,1,0,1,0,caucasian,37,0.6548726851851852,1,0,1,significant other
51407.0,8,-2.04,4,0,0,0,0,african-american,37,19.955532407407407,24,5,0,significant other
53992.0,3,-2.98,1,0,0,0,1,african-american,37,1.918287037037037,7,1,0,single
17027.0,3,-2.77,2,0,0,0,0,african-american,37,25.18144675925926,12,0,0,significant other
54346.0,1,-3.34,1,0,0,0,0,caucasian,37,0.1084837962962963,0,0,1,single
62061.0,1,-3.27,1,0,0,0,0,hispanic,37,2.155636574074074,1,0,0,significant other
57076.0,6,-2.51,3,0,0,0,0,caucasian,37,0.8840162037037037,0,0,0,separated
60081.0,7,-2.28,3,0,0,0,0,caucasian,37,1.197476851851852,13,7,0,single
55173.0,2,-3.26,1,0,0,0,0,caucasian,37,6.92332175925926,3,0,0,single
61152.0,3,-2.4,3,0,0,0,0,hispanic,37,1.1538425925925926,2,1,1,single
52716.0,6,-2.31,3,0,0,0,0,caucasian,37,0.9623726851851852,0,0,0,single
60004.0,1,-3.46,1,0,0,0,1,caucasian,37,0.9070486111111112,0,0,1,significant other
54098.0,10,-0.93,9,0,0,0,0,african-american,37,52.31417824074074,12,3,1,single
51626.0,4,-2.99,1,0,0,0,0,caucasian,37,0.8988078703703704,0,0,1,single
52258.0,1,-3.29,1,1,1,0,0,african-american,37,1.7827777777777778,0,0,1,single
60334.0,5,-2.55,3,0,0,0,1,african-american,37,37.15952546296296,0,0,0,single
55038.0,7,-2.38,3,0,0,0,0,african-american,37,0.8509953703703703,3,0,1,single
60271.0,7,-2.04,4,0,0,0,1,african-american,37,28.13570601851852,3,0,0,single
53336.0,9,-0.86,9,0,0,0,0,african-american,37,1.0783333333333334,18,2,1,significant other
59357.0,2,-2.68,2,1,0,1,0,hispanic,37,0.1566203703703703,8,0,0,single
56719.0,9,-2.19,4,1,0,1,0,caucasian,37,0.8605208333333333,11,0,0,single
1279.0,4,-3.05,1,0,0,0,1,caucasian,36,25.20207175925926,3,1,0,single
55627.0,1,-3.38,1,1,1,1,0,caucasian,36,11.761319444444444,4,0,1,single
61219.0,2,-3.36,1,0,0,0,1,african-american,36,0.7590740740740741,4,0,0,single
51101.0,8,-2.02,4,1,0,1,0,african-american,36,0.9146527777777778,26,1,0,single
51761.0,7,-2.35,3,1,0,1,0,african-american,36,0.939988425925926,14,0,0,separated
60571.0,9,-2.29,3,1,0,1,1,caucasian,36,168.27555555555554,4,0,0,single
61703.0,7,-2.92,2,1,0,1,1,other,36,0.2168171296296296,6,1,0,single
50963.0,1,-3.33,1,1,0,1,0,other,36,1.0739467592592593,1,0,1,separated
52756.0,2,-2.07,4,1,0,1,0,african-american,36,219.0341203703704,1,0,0,significant other
53080.0,4,-2.67,2,0,0,0,0,other,36,3.81130787037037,0,0,0,single
61541.0,1,-3.17,1,1,0,1,1,caucasian,36,1.0793287037037036,3,0,0,significant other
56552.0,1,-3.29,1,0,0,0,0,african-american,36,0.1063194444444444,1,0,1,significant other
59907.0,3,-2.5,3,0,0,0,0,caucasian,36,0.6972916666666666,0,0,1,significant other
52136.0,8,-2.74,2,0,0,0,0,african-american,36,1.879525462962963,9,0,1,single
57559.0,5,-2.84,2,0,0,0,0,african-american,36,2.125555555555556,4,1,1,single
53228.0,3,-2.74,2,1,0,1,0,caucasian,36,0.8546643518518519,5,0,0,single
30274.0,4,-2.67,2,0,0,0,0,african-american,36,57.74028935185185,9,0,0,single
52059.0,1,-2.97,1,0,0,0,0,african-american,36,0.8312962962962963,0,0,0,single
35674.0,4,-2.8,2,0,0,0,0,african-american,36,0.8626967592592593,5,0,0,significant other
56075.0,1,-3.15,1,0,0,0,0,other,36,0.1527662037037037,0,0,1,single
61050.0,2,-3.17,1,0,0,0,0,african-american,36,0.895,2,0,0,significant other
57196.0,4,-3.15,1,1,0,1,0,caucasian,36,2.3236458333333334,1,0,0,significant other
53324.0,1,-3.29,1,0,0,0,0,caucasian,36,0.9667476851851852,2,0,1,single
34102.0,7,-2.48,3,1,0,0,0,african-american,36,0.878287037037037,11,0,0,single
54313.0,1,-3.23,1,0,0,0,0,african-american,36,0.9871180555555557,0,0,0,significant other
51502.0,5,-2.4,3,1,1,1,0,african-american,36,1.144826388888889,5,0,1,single
54524.0,7,-1.79,5,0,0,0,1,african-american,36,12.003263888888888,0,0,0,single
52432.0,3,-2.09,4,0,0,0,0,caucasian,36,0.9004861111111111,0,0,0,single
62138.0,1,-3.21,1,0,0,0,1,african-american,36,0.1979861111111111,0,0,1,significant other
57389.0,2,-3.03,1,0,0,0,0,hispanic,36,0.9840972222222222,5,0,0,significant other
58321.0,6,-3.16,1,0,0,0,0,african-american,36,0.8270717592592592,0,0,0,single
48793.0,5,-2.39,3,0,0,0,0,hispanic,36,3.994837962962963,1,0,1,single
8915.0,10,-0.88,9,1,0,1,0,african-american,36,2.0900694444444445,14,3,0,single
54087.0,4,-2.76,2,0,0,0,0,caucasian,36,0.2823263888888889,6,0,0,single
59691.0,2,-2.95,1,0,0,0,1,african-american,36,1.1341435185185185,1,0,0,single
52443.0,2,-3.19,1,0,0,0,1,caucasian,36,1.0164467592592592,0,0,0,separated
54529.0,6,-2.17,4,1,1,1,0,caucasian,36,2.1832291666666666,11,0,1,single
52434.0,9,-2.16,4,0,0,0,0,hispanic,36,14.152858796296297,1,0,1,significant other
54728.0,5,-2.32,3,0,0,0,0,african-american,36,1.094837962962963,4,0,0,single
51285.0,8,-2.1,4,1,0,1,0,african-american,36,0.1426273148148148,19,0,1,separated
33278.0,6,-2.73,2,0,0,0,1,african-american,36,0.851712962962963,0,0,1,significant other
56978.0,1,-3.17,1,0,0,0,0,caucasian,36,0.9814814814814816,0,0,1,single
55547.0,3,-2.86,2,1,0,1,0,caucasian,36,8.224594907407408,4,0,0,single
52951.0,1,-3.21,1,0,0,0,0,african-american,36,0.1948263888888889,0,0,0,single
58723.0,3,-3.1,1,0,0,0,0,caucasian,36,3.677743055555556,5,0,0,single
6594.0,10,-2.24,3,1,0,1,0,african-american,36,0.995335648148148,25,3,1,single
59449.0,2,-3.15,1,0,0,0,0,caucasian,36,1.0735532407407409,1,0,0,significant other
58867.0,3,-1.84,5,1,0,1,0,caucasian,36,0.6983564814814814,0,0,0,single
53068.0,3,-3.11,1,0,0,0,1,caucasian,36,0.8241898148148148,3,0,0,single
59818.0,5,-1.98,4,1,0,1,1,african-american,36,6.181041666666666,1,0,0,single
58088.0,7,-2.74,2,1,1,1,0,african-american,36,0.8408680555555555,0,0,1,significant other
52996.0,4,-3.08,1,1,0,1,0,african-american,36,47.126469907407404,2,0,0,single
57645.0,7,-2.26,3,0,0,0,0,caucasian,36,2.361817129629629,6,0,0,single
54528.0,2,-2.98,1,0,0,0,1,african-american,36,1.096712962962963,1,0,1,single
58320.0,9,-1.74,5,1,0,1,0,african-american,36,2.0094791666666665,13,0,0,single
52671.0,1,-3.21,1,0,0,0,0,caucasian,36,0.9281597222222222,0,0,1,single
43821.0,3,-3.0,1,1,0,1,0,other,36,2.9867476851851853,2,0,1,single
50989.0,4,-2.06,4,1,1,1,0,hispanic,36,106.82832175925924,1,0,0,significant other
54733.0,6,-2.49,3,1,0,1,0,african-american,36,0.8177083333333334,7,0,0,single
62147.0,2,-2.99,1,0,0,0,0,caucasian,36,0.800162037037037,1,0,0,single
58917.0,1,-3.18,1,0,0,0,0,hispanic,36,1.0442361111111111,0,0,1,single
53472.0,6,-2.17,4,1,0,1,0,african-american,36,36.00069444444444,11,0,0,single
62206.0,4,-2.95,1,0,0,0,0,african-american,36,0.9555902777777778,6,0,1,single
52974.0,1,-2.73,2,1,0,1,0,african-american,36,0.3933564814814815,2,0,0,single
54224.0,7,-1.88,5,1,0,1,0,african-american,36,173.88498842592594,14,10,0,single
50940.0,5,-1.8,5,0,0,0,0,african-american,36,84.29994212962963,6,0,0,single
61425.0,5,-3.1,1,0,0,0,1,african-american,36,0.9297685185185184,1,0,1,single
27034.0,6,-2.38,3,1,0,1,1,caucasian,36,2.1639699074074072,4,0,1,single
56956.0,8,-2.0,4,1,0,1,0,african-american,36,31.12641203703704,1,0,0,single
61188.0,5,-2.88,2,0,0,0,0,african-american,36,0.8324652777777778,0,0,0,single
52567.0,8,-2.73,2,0,0,0,0,african-american,36,1.116458333333333,0,0,0,single
51106.0,2,-3.05,1,1,0,1,0,african-american,36,1.006388888888889,3,0,0,single
50851.0,6,-2.2,4,1,1,1,1,african-american,36,0.8260995370370371,5,0,0,single
57290.0,6,-1.89,5,0,0,0,0,african-american,36,1.8554166666666667,0,0,1,single
46582.0,5,-1.78,5,0,0,0,0,african-american,36,7.895451388888889,7,2,1,single
53889.0,4,-2.35,3,0,0,0,0,african-american,36,280.2289583333333,0,0,0,single
60697.0,1,-3.36,1,1,0,1,1,hispanic,36,0.9071643518518518,9,0,0,single
59112.0,1,-3.33,1,0,0,0,0,caucasian,36,24.917916666666667,0,0,0,significant other
59810.0,8,-1.42,7,1,0,1,0,african-american,36,8.397534722222222,16,3,0,single
60356.0,2,-2.86,2,0,0,0,1,african-american,36,0.98875,1,0,1,significant other
51654.0,5,-2.2,4,1,1,1,0,caucasian,36,6.945393518518519,10,0,1,single
52866.0,5,-2.01,4,0,0,0,0,african-american,36,0.7614467592592593,2,0,0,significant other
3600.0,3,-2.83,2,0,0,0,0,african-american,36,11.13900462962963,5,0,0,separated
55155.0,2,-2.88,2,0,0,0,0,african-american,36,0.2585763888888889,2,0,1,single
51979.0,2,-2.53,3,1,1,0,0,caucasian,36,0.8438657407407407,1,0,0,separated
52317.0,7,-2.55,3,0,0,0,0,caucasian,36,0.979074074074074,9,0,0,single
60152.0,2,-2.55,3,0,0,0,0,caucasian,36,0.7093171296296297,1,0,1,single
27261.0,6,-2.8,2,1,0,1,1,caucasian,36,7.165358796296296,7,0,0,single
59329.0,8,-2.77,2,1,0,1,0,caucasian,36,37.74237268518519,4,0,0,single
55351.0,7,-1.67,6,0,0,0,0,hispanic,36,78.92570601851853,11,0,0,single
51668.0,1,-3.04,1,0,0,0,0,hispanic,36,0.1754166666666666,0,0,0,single
53720.0,2,-3.04,1,0,0,0,1,hispanic,36,0.1433449074074074,0,0,1,other
59527.0,1,-3.13,1,0,0,0,0,african-american,36,0.861099537037037,0,0,0,single
53567.0,7,-1.43,7,1,0,1,0,african-american,36,0.91125,9,0,0,significant other
61162.0,6,-1.47,7,1,0,1,1,caucasian,36,27.03484953703704,3,0,0,single
52738.0,1,-3.24,1,0,0,0,0,other,36,5.131481481481481,0,0,0,single
60766.0,4,-2.82,2,0,0,0,0,african-american,36,0.0736111111111111,4,0,0,single
7104.0,10,-1.81,5,1,0,1,0,african-american,36,32.77922453703704,10,0,0,single
50854.0,1,-3.15,1,0,0,0,0,caucasian,36,36.13804398148148,0,0,0,single
1680.0,1,-2.91,2,0,0,0,1,african-american,36,0.6450694444444445,1,0,1,significant other
52682.0,3,-3.09,1,1,0,0,0,african-american,36,1.0108912037037037,2,0,0,single
62163.0,2,-2.57,2,1,0,1,0,caucasian,36,18.93043981481481,1,0,0,single
60575.0,1,-3.29,1,0,0,0,0,other,36,2.626574074074074,0,0,1,significant other
53021.0,9,-2.27,3,0,0,0,0,african-american,36,1.1663310185185185,1,0,1,single
24842.0,1,-2.9,2,0,0,0,0,caucasian,36,13.30494212962963,12,0,0,single
61887.0,7,-0.78,9,1,1,1,0,caucasian,36,22.197407407407407,8,0,0,separated
56593.0,4,-3.07,1,1,0,1,0,caucasian,36,0.9098726851851852,14,0,0,single
57816.0,10,-1.1,8,0,0,0,0,african-american,36,1.952650462962963,5,2,0,single
55805.0,1,-2.95,1,0,0,0,0,caucasian,36,0.8912037037037037,2,0,0,single
68547.0,8,-2.89,3,1,0,1,0,african-american,36,19.3709375,5,0,1,single
60086.0,3,-3.14,1,0,0,0,1,hispanic,36,1.3907060185185185,1,0,1,single
55086.0,3,-3.14,1,1,0,1,0,african-american,36,1.094039351851852,0,0,1,significant other
52842.0,2,-3.0,1,0,0,0,1,african-american,36,0.5582638888888889,1,0,1,single
51384.0,2,-2.74,2,0,0,0,0,other,36,1.8643865740740744,8,0,1,single
61105.0,2,-3.09,1,0,0,0,0,african-american,36,2.956226851851852,0,0,1,single
51104.0,1,-3.35,1,0,0,0,0,other,36,40.83253472222222,1,0,0,single
50865.0,1,-3.23,1,0,0,0,1,african-american,36,0.4798611111111111,1,0,1,single
58926.0,3,-2.39,3,0,0,0,1,caucasian,36,1.8996064814814813,2,0,0,single
60332.0,2,-2.97,1,0,0,0,1,caucasian,36,0.6226967592592593,0,0,1,single
58925.0,1,-3.25,1,0,0,0,0,other,36,7.095405092592593,0,0,0,significant other
54148.0,3,-2.91,2,0,0,0,0,hispanic,36,95.10543981481482,1,0,0,single
32144.0,5,-2.35,3,1,0,1,0,african-american,36,2.63162037037037,4,0,1,single
42346.0,6,-2.04,4,1,1,1,0,caucasian,36,19.20875,9,0,0,single
67179.0,2,-2.95,1,1,0,1,0,african-american,36,1.9328125,7,0,0,single
61125.0,2,-3.04,1,0,0,0,0,hispanic,36,0.1985300925925926,1,0,1,significant other
60231.0,5,-3.1,1,0,0,0,0,african-american,36,1.8651851851851853,15,0,0,significant other
50944.0,10,-1.69,6,1,0,1,1,african-american,36,0.8529745370370371,4,0,0,single
57289.0,5,-3.11,1,0,0,0,0,caucasian,36,0.8744560185185185,1,0,0,significant other
52484.0,1,-3.15,1,0,0,0,0,caucasian,36,0.927175925925926,0,0,0,single
58503.0,5,-2.34,3,1,0,1,0,african-american,36,0.2279282407407407,16,0,0,single
58722.0,4,-2.32,3,1,1,1,0,other,36,45.86864583333333,3,0,1,significant other
60510.0,2,-3.21,1,0,0,0,0,caucasian,36,0.2988888888888888,1,0,0,single
61101.0,1,-3.33,1,0,0,0,1,caucasian,36,1.0914814814814815,0,0,1,single
58538.0,2,-2.81,2,1,1,1,0,african-american,36,2.404050925925926,3,0,1,single
58120.0,1,-3.11,1,0,0,0,0,caucasian,36,0.987175925925926,2,0,1,single
51343.0,1,-3.31,1,0,0,0,0,caucasian,36,0.2320717592592592,0,0,1,single
56176.0,3,-3.13,1,0,0,0,1,caucasian,35,1.8800694444444443,2,0,1,significant other
4389.0,4,-2.26,3,0,0,0,0,african-american,35,28.91820601851852,7,0,0,separated
56443.0,6,-2.53,3,0,0,0,0,african-american,35,1.198125,9,0,0,single
54826.0,5,-1.95,5,0,0,0,0,african-american,35,5.213414351851852,2,0,0,single
60542.0,4,-2.45,3,0,0,0,0,african-american,35,1.032037037037037,0,0,0,single
60105.0,6,-2.45,3,1,0,1,0,african-american,35,1.4133912037037035,12,1,1,single
56108.0,2,-3.15,1,0,0,0,0,african-american,35,0.9178587962962964,1,0,0,single
1013.0,6,-1.37,7,0,0,0,0,african-american,35,6.32875,4,0,1,other
40031.0,1,-3.17,1,1,1,1,0,african-american,35,1.118414351851852,1,0,0,single
58852.0,5,-2.09,4,1,1,1,0,caucasian,35,1.7450578703703703,6,0,0,single
54127.0,8,-1.33,7,0,0,0,1,african-american,35,173.87510416666666,9,2,0,single
25209.0,10,-1.64,6,0,0,0,0,african-american,35,1.216273148148148,27,0,0,single
58084.0,4,-2.65,2,0,0,0,1,african-american,35,0.9700925925925926,0,0,1,single
46711.0,4,-2.9,2,0,0,0,1,caucasian,35,0.2083217592592592,3,1,0,significant other
53195.0,6,-2.28,3,1,1,1,1,african-american,35,0.9741666666666666,3,0,1,single
52052.0,3,-2.94,2,0,0,0,0,african-american,35,0.9722453703703704,5,0,0,significant other
54516.0,4,-2.14,4,0,0,0,0,african-american,35,1.2693518518518518,1,0,1,single
59938.0,2,-2.93,2,1,0,1,0,caucasian,35,31.268368055555555,4,0,0,significant other
50828.0,7,-2.05,4,0,0,0,0,african-american,35,0.7707291666666667,2,0,1,single
58161.0,5,-3.07,1,1,0,1,0,caucasian,35,40.95297453703704,0,0,0,single
60545.0,2,-3.27,1,0,0,0,1,hispanic,35,1.036585648148148,0,0,1,significant other
52379.0,10,-1.85,5,0,0,0,0,african-american,35,0.8971296296296296,13,3,0,single
58126.0,3,-2.37,3,0,0,0,0,african-american,35,0.7317939814814814,6,0,0,single
57081.0,8,-1.49,7,1,0,1,0,african-american,35,5.049513888888889,13,0,0,single
57562.0,4,-3.21,1,0,0,0,0,caucasian,35,1.1222337962962965,3,2,0,single
60007.0,2,-2.94,2,0,0,0,0,african-american,35,11.275185185185183,3,0,1,significant other
50658.0,6,-2.89,2,0,0,0,0,african-american,35,1.158275462962963,7,0,0,single
60417.0,9,-1.96,5,0,0,0,0,caucasian,35,1.1280555555555556,2,0,0,single
56517.0,3,-2.58,2,0,0,0,0,african-american,35,1.0801041666666666,2,0,0,single
54959.0,8,-2.59,2,1,0,0,0,african-american,35,1.1305671296296296,0,0,0,single
60577.0,1,-3.08,1,0,0,0,0,african-american,35,9.17133101851852,1,0,1,single
62069.0,8,-1.52,6,1,0,1,0,african-american,35,57.24460648148148,0,0,1,significant other
60530.0,4,-2.54,3,0,0,0,0,african-american,35,1.1650810185185183,0,0,1,single
59447.0,7,-2.68,2,0,0,0,1,caucasian,35,1.8565277777777776,4,0,1,single
54646.0,7,-1.81,5,1,1,0,0,hispanic,35,0.2084259259259259,5,0,0,single
60981.0,10,-1.94,5,1,0,1,0,african-american,35,1.2324189814814814,1,0,1,single
40176.0,2,-3.2,1,0,0,0,1,african-american,35,0.4221180555555555,12,0,1,single
59056.0,1,-3.28,1,1,0,1,0,caucasian,35,0.8668865740740741,0,0,1,single
54229.0,7,-2.71,2,0,0,0,0,african-american,35,2.043356481481481,0,0,0,single
60946.0,1,-2.87,2,0,0,0,0,caucasian,35,0.8879050925925925,2,0,0,significant other
53433.0,2,-2.95,1,0,0,0,1,african-american,35,0.8451157407407407,1,0,1,single
62117.0,2,-3.09,1,0,0,0,1,hispanic,35,1.1835069444444444,0,0,0,single
35842.0,2,-2.33,3,1,1,1,0,caucasian,35,34.232002314814814,2,0,1,single
16099.0,9,-1.14,8,1,0,0,0,african-american,35,239.12663194444443,8,1,0,single
56551.0,3,-2.6,2,0,0,0,0,hispanic,35,1.0986689814814814,0,0,1,single
32728.0,6,-1.4,7,1,0,1,0,african-american,35,1.6074074074074074,5,0,0,single
53554.0,6,-1.85,5,1,1,0,0,african-american,35,64.16885416666666,1,0,1,significant other
59247.0,6,-1.81,5,0,0,0,0,african-american,35,1.173136574074074,9,0,0,single
27789.0,2,-3.16,1,0,0,0,0,caucasian,35,1.0182060185185184,1,1,0,single
61037.0,1,-3.13,1,0,0,0,0,african-american,35,0.1330324074074074,2,0,0,single
54080.0,8,-2.34,3,1,0,1,0,african-american,35,353.962962962963,4,0,0,single
54227.0,3,-2.94,2,1,0,0,0,caucasian,35,1.2620023148148147,3,0,1,single
60103.0,5,-1.75,5,0,0,0,0,african-american,35,1.575625,1,0,1,single
53673.0,3,-2.16,4,0,0,0,0,african-american,35,0.88875,0,0,0,single
60879.0,2,-3.05,1,0,0,0,0,hispanic,35,1.282164351851852,0,0,1,separated
56540.0,1,-3.26,1,0,0,0,0,african-american,35,0.8031712962962962,0,0,0,significant other
52190.0,2,-2.95,1,0,0,0,1,hispanic,35,0.1285532407407407,0,0,1,significant other
47287.0,5,-2.42,3,0,0,0,0,other,35,0.8825925925925926,2,0,0,single
52331.0,8,-1.52,6,1,0,1,0,african-american,35,191.2294097222222,16,0,0,single
56992.0,2,-3.09,1,1,0,1,1,african-american,35,2.038738425925926,7,0,0,single
44767.0,10,-1.47,7,1,1,1,0,african-american,35,2.075289351851852,22,0,0,single
51050.0,2,-3.06,1,0,0,0,0,hispanic,35,0.1998032407407407,5,0,1,single
53367.0,6,-1.64,6,1,1,1,0,hispanic,35,2.1421527777777776,5,0,1,single
59943.0,2,-3.17,1,0,0,0,1,african-american,35,0.7305439814814815,0,0,1,single
59701.0,7,-2.37,3,1,1,1,1,african-american,35,7.015104166666666,5,1,0,significant other
61872.0,1,-3.36,1,0,0,0,1,african-american,35,1.2290046296296295,1,0,0,single
51368.0,7,-2.02,4,0,0,0,0,hispanic,35,0.9882407407407408,0,0,0,single
57296.0,2,-2.88,2,0,0,0,0,african-american,35,1.9693634259259256,2,0,1,single
58035.0,1,-3.15,1,0,0,0,1,other,35,0.8944675925925926,0,0,1,significant other
61819.0,5,-2.16,4,1,0,1,0,caucasian,35,0.858738425925926,3,0,1,single
61934.0,1,-3.21,1,0,0,0,0,other,35,2.2608333333333333,0,0,0,separated
58539.0,2,-3.0,1,1,1,1,1,african-american,35,1.2539351851851852,6,0,0,single
13383.0,7,-2.21,4,0,0,0,0,hispanic,35,1.0759722222222223,7,0,0,single
59955.0,8,-1.92,5,0,0,0,0,african-american,35,6.450868055555556,5,1,0,single
59522.0,7,-2.55,3,1,0,1,1,african-american,35,0.8606134259259259,12,0,0,single
47519.0,8,-1.74,5,0,0,0,1,hispanic,35,30.73650462962963,10,0,0,single
36350.0,9,-1.63,6,0,0,0,0,hispanic,35,10.369004629629629,12,1,0,significant other
54244.0,6,-1.54,6,1,0,1,0,african-american,35,112.37162037037037,18,0,0,single
61641.0,1,-3.28,1,0,0,0,0,caucasian,35,1.0261342592592593,0,0,1,single
51279.0,4,-2.29,3,0,0,0,0,african-american,35,0.8051273148148148,1,0,0,single
61247.0,3,-2.69,2,0,0,0,0,caucasian,35,1.0193171296296295,2,0,0,significant other
57276.0,6,-2.73,2,1,0,1,0,african-american,35,0.9264467592592592,1,0,0,single
56952.0,2,-2.58,2,1,0,1,0,african-american,35,0.7763657407407407,3,2,1,significant other
56990.0,4,-1.92,5,0,0,0,0,african-american,35,11.030798611111113,4,0,0,single
53240.0,3,-2.77,2,0,0,0,0,caucasian,35,0.8992592592592593,5,0,0,separated
51393.0,4,-2.03,4,1,0,1,0,caucasian,35,9.83664351851852,3,0,1,single
45761.0,2,-2.69,2,1,1,1,0,hispanic,35,87.12350694444444,0,0,0,single
51900.0,6,-2.78,2,1,1,1,1,african-american,35,1.9958217592592595,7,0,0,single
58761.0,7,-2.53,3,0,0,0,0,hispanic,35,4.123981481481482,13,0,0,single
52024.0,4,-2.46,3,1,1,1,0,african-american,35,225.14952546296297,5,0,0,single
57200.0,3,-2.2,4,0,0,0,1,caucasian,35,13.915555555555557,4,0,0,single
59705.0,4,-2.35,3,0,0,0,0,african-american,35,1.9551851851851847,0,0,0,single
58615.0,1,-3.31,1,0,0,0,0,african-american,35,0.9699421296296296,0,0,1,single
57851.0,4,-2.36,3,1,0,1,0,caucasian,35,76.00813657407407,7,0,0,single
58419.0,7,-2.28,3,1,0,1,0,african-american,35,1.214340277777778,0,0,0,single
61514.0,2,-3.29,1,0,0,0,0,african-american,35,1.270775462962963,1,0,1,single
60919.0,8,-1.47,7,1,1,1,0,african-american,35,108.86135416666669,4,0,0,single
57838.0,2,-2.43,3,0,0,0,0,caucasian,35,74.0157175925926,1,0,0,significant other
54907.0,8,-2.48,3,1,1,1,0,african-american,35,0.5724652777777778,10,0,1,single
48948.0,6,-2.18,4,0,0,0,0,african-american,35,8.997037037037037,8,0,1,single
56713.0,5,-2.42,3,0,0,0,1,african-american,35,2.0206712962962965,4,0,0,significant other
51153.0,1,-3.06,1,0,0,0,0,african-american,35,0.9902314814814814,0,0,0,significant other
57647.0,6,-1.23,8,0,0,0,0,african-american,35,31.80261574074074,29,0,0,single
26144.0,3,-2.45,3,0,0,0,0,african-american,35,195.10261574074076,7,0,0,single
57024.0,5,-2.69,2,0,0,0,1,african-american,35,14.130856481481482,2,0,0,single
60405.0,9,-1.92,5,1,0,1,0,african-american,35,134.38559027777777,13,1,0,single
57260.0,4,-2.7,2,1,1,1,0,african-american,35,0.1804050925925926,7,0,0,significant other
56241.0,2,-3.13,1,0,0,0,0,caucasian,35,169.89653935185186,4,0,0,single
54643.0,5,-1.61,6,0,0,0,0,african-american,35,1.4088541666666667,4,0,1,single
51978.0,8,-1.43,7,1,1,1,0,african-american,35,1.7352546296296296,0,0,1,single
55104.0,1,-3.31,1,0,0,0,0,caucasian,35,0.0085763888888888,1,1,0,single
56826.0,3,-2.91,2,0,0,0,0,hispanic,35,1.8827430555555555,0,1,0,significant other
52166.0,3,-2.87,2,1,0,1,1,african-american,35,1.9190046296296297,0,0,0,single
50946.0,8,-1.39,7,1,0,1,0,african-american,35,0.947662037037037,12,0,0,single
1834.0,2,-2.48,3,0,0,0,0,caucasian,35,31.045324074074077,4,0,1,single
61825.0,2,-2.69,2,0,0,0,0,african-american,35,0.9864814814814816,1,0,1,single
59107.0,3,-2.41,3,0,0,0,1,african-american,35,0.8783564814814815,5,0,0,single
59497.0,1,-2.85,2,0,0,0,0,caucasian,35,0.8072569444444444,2,0,1,single
50858.0,4,-2.62,2,0,0,0,1,caucasian,35,0.6304861111111111,1,0,1,single
52191.0,3,-3.04,1,0,0,0,0,african-american,35,0.9947569444444444,0,0,0,single
53986.0,2,-3.03,1,0,0,0,1,african-american,35,1.225439814814815,2,0,0,single
57182.0,2,-3.15,1,0,0,0,0,caucasian,35,2.692222222222222,1,0,0,significant other
57027.0,8,-2.07,4,0,0,0,0,african-american,35,0.5239467592592593,1,0,0,single
25709.0,7,-2.01,4,1,0,1,0,african-american,35,62.07895833333333,8,0,1,single
59281.0,2,-2.65,2,0,0,0,0,caucasian,35,0.5960648148148148,0,0,0,significant other
59653.0,1,-3.23,1,0,0,0,0,hispanic,35,8.12136574074074,2,0,0,significant other
12222.0,5,-1.7,6,0,0,0,0,african-american,35,29.65337962962963,4,0,1,single
59718.0,2,-2.95,1,0,0,0,0,african-american,35,0.2179861111111111,1,0,0,single
29843.0,7,-2.23,4,0,0,0,0,african-american,35,1.2061342592592592,2,0,1,single
27710.0,8,-1.92,5,1,1,1,0,african-american,35,0.9014467592592592,6,0,0,single
50982.0,3,-2.13,4,1,0,0,0,caucasian,35,0.2646527777777778,2,0,1,significant other
57992.0,5,-2.67,2,0,0,0,1,caucasian,35,28.83591435185185,1,0,1,single
54831.0,6,-2.05,4,0,0,0,0,other,35,101.0685300925926,0,0,0,single
62325.0,2,-2.99,1,1,0,1,0,caucasian,35,2.068645833333333,2,0,0,single
49671.0,6,-2.91,2,0,0,0,1,african-american,35,14.878090277777778,2,0,0,single
51402.0,1,-2.56,2,1,0,1,0,other,35,1.107037037037037,3,0,1,significant other
55889.0,1,-3.13,1,0,0,0,0,hispanic,35,13.90144675925926,2,0,0,single
55102.0,5,-1.82,5,0,0,0,0,caucasian,34,0.8687847222222222,1,0,1,significant other
45111.0,6,-2.82,2,0,0,0,0,african-american,34,0.2915972222222222,5,1,0,separated
53043.0,9,-1.99,4,1,1,1,0,african-american,34,0.7713888888888889,10,1,0,single
59108.0,1,-3.23,1,0,0,0,1,african-american,34,2.17625,1,0,0,single
58965.0,1,-3.35,1,0,0,0,1,other,34,2.039224537037037,1,0,0,separated
53493.0,1,-2.97,1,0,0,0,0,hispanic,34,0.0567476851851851,0,0,1,single
53887.0,1,-3.05,1,0,0,0,0,caucasian,34,0.9683217592592592,0,0,1,significant other
51939.0,4,-2.51,3,1,0,1,0,african-american,34,5.139537037037037,5,0,0,single
51113.0,9,-1.55,6,1,0,1,0,african-american,34,33.30111111111111,21,6,0,single
57019.0,6,-2.94,2,0,0,0,1,caucasian,34,25.70984953703704,1,0,0,single
54262.0,6,-1.99,4,0,0,0,0,caucasian,34,2.8252314814814814,1,0,0,single
22722.0,6,-2.67,2,1,0,1,0,hispanic,34,1.040277777777778,5,0,0,single
53908.0,2,-3.03,1,0,0,0,0,caucasian,34,0.9087962962962964,0,1,0,single
56580.0,2,-3.07,1,0,0,0,1,caucasian,34,1.097951388888889,0,0,1,single
53436.0,1,-3.29,1,1,0,1,0,caucasian,34,1.0075925925925926,0,0,0,single
51117.0,5,-1.84,5,0,0,0,0,caucasian,34,1.0617592592592593,4,0,0,separated
60150.0,4,-2.83,2,0,0,0,0,caucasian,34,0.8784143518518519,0,0,1,single
60177.0,1,-3.18,1,1,0,1,0,african-american,34,0.1938194444444444,0,0,1,other
57809.0,4,-2.38,3,0,0,0,0,caucasian,34,28.064155092592596,0,0,0,single
52902.0,1,-3.19,1,1,0,1,0,african-american,34,1.606458333333333,1,0,1,significant other
57244.0,3,-2.71,2,1,0,1,0,african-american,34,3.159664351851852,5,0,1,significant other
53470.0,5,-1.68,6,0,0,0,0,caucasian,34,0.8352893518518518,4,0,0,single
51718.0,4,-2.59,2,1,0,1,0,african-american,34,2.817708333333333,5,0,0,single
59225.0,7,-2.4,3,1,0,1,1,other,34,97.00876157407409,4,0,0,single
56473.0,5,-2.13,4,0,0,0,0,caucasian,34,33.22756944444444,13,0,0,single
26441.0,4,-2.47,3,0,0,0,0,caucasian,34,1.3860416666666666,11,0,0,single
52741.0,6,-2.54,3,0,0,0,0,african-american,34,0.8516550925925926,1,0,0,single
58962.0,5,-1.8,5,1,0,1,1,african-american,34,24.88989583333333,5,0,0,single
56296.0,7,-2.43,3,0,0,0,0,caucasian,34,51.131712962962965,1,0,0,single
54168.0,4,-2.85,2,0,0,0,1,african-american,34,52.065127314814816,6,0,0,single
57445.0,2,-2.88,2,0,0,0,0,african-american,34,1.0651967592592593,1,0,0,single
61193.0,2,-2.88,2,0,0,0,0,african-american,34,0.9748611111111112,4,0,1,single
27054.0,8,-2.1,4,0,0,0,0,african-american,34,1.086863425925926,19,7,1,single
53460.0,1,-2.59,2,0,0,0,0,african-american,34,0.2997916666666667,0,0,0,single
51568.0,6,-1.61,6,0,0,0,0,african-american,34,0.0116550925925925,4,0,1,single
52554.0,2,-3.21,1,1,0,1,1,caucasian,34,0.8842476851851852,0,1,0,single
59989.0,1,-3.13,1,0,0,0,0,other,34,1.2519097222222222,2,0,1,single
58325.0,1,-3.23,1,0,0,0,0,caucasian,34,1.0928125,3,0,0,single
61605.0,9,-2.78,2,1,0,1,0,african-american,34,1.005949074074074,16,0,0,single
52097.0,1,-2.89,2,0,0,0,0,african-american,34,1.1427662037037036,0,0,0,single
7663.0,6,-1.69,6,0,0,0,0,african-american,34,2.078981481481481,5,0,1,single
55377.0,7,-1.64,6,1,0,0,0,african-american,34,61.95692129629629,12,0,0,single
54165.0,8,-1.0,8,1,1,1,0,african-american,34,0.845474537037037,11,4,0,single
55799.0,7,-1.71,6,0,0,0,0,african-american,34,94.97582175925926,3,0,0,other
31989.0,9,-1.07,8,0,0,0,1,african-american,34,3.9104513888888888,14,0,0,single
54075.0,1,-2.83,2,0,0,0,0,african-american,34,0.9632060185185184,1,0,0,single
52370.0,7,-1.2,8,1,0,1,0,african-american,34,29.13826388888889,0,0,1,single
52480.0,3,-2.68,2,1,1,0,1,african-american,34,1.1290393518518518,0,0,1,single
61155.0,7,-1.6,6,0,0,0,0,caucasian,34,1.0390625,15,1,0,single
62039.0,1,-2.79,2,0,0,0,0,african-american,34,1.108310185185185,0,0,0,single
54341.0,1,-3.04,1,0,0,0,0,african-american,34,0.7765972222222223,3,0,1,single
44324.0,7,-2.55,3,1,0,0,0,african-american,34,1.1135185185185186,8,0,1,significant other
33964.0,7,-1.7,6,1,1,1,0,african-american,34,73.76027777777777,19,0,0,significant other
54046.0,2,-3.01,1,1,1,1,0,african-american,34,530.1407870370371,4,0,0,single
55065.0,3,-2.74,2,1,0,1,1,caucasian,34,62.805034722222224,0,0,0,single
53450.0,1,-3.25,1,1,1,1,0,african-american,34,2.244375,0,0,1,significant other
58541.0,4,-2.98,1,0,0,0,0,african-american,34,0.8590625,2,0,0,single
58884.0,4,-2.8,2,0,0,0,1,caucasian,34,0.7689467592592593,4,0,1,significant other
7342.0,10,-0.57,10,1,1,1,0,african-american,34,5.775532407407408,21,1,1,significant other
49263.0,3,-3.05,1,1,0,1,0,african-american,34,131.02476851851853,6,0,0,separated
58122.0,2,-2.74,2,0,0,0,0,other,34,108.04739583333334,0,0,0,single
61268.0,4,-2.83,2,0,0,0,0,caucasian,34,2.6433796296296297,2,0,0,single
61604.0,1,-3.26,1,1,1,1,1,african-american,34,1.0818402777777778,0,0,1,separated
57691.0,7,-2.29,3,1,1,1,1,african-american,34,116.02339120370372,1,0,0,single
56898.0,5,-2.77,2,0,0,0,0,caucasian,34,1.196435185185185,1,0,0,single
56954.0,9,-2.37,3,1,0,1,0,african-american,34,216.72408564814816,6,0,0,single
61281.0,2,-2.57,2,0,0,0,0,other,34,0.8471180555555555,3,0,1,single
52895.0,7,-2.65,2,1,0,1,0,african-american,34,1.0951273148148148,22,0,0,single
56149.0,5,-2.69,2,0,0,0,1,caucasian,34,10.013726851851851,3,0,1,single
59053.0,9,-1.16,8,1,1,1,0,african-american,34,2.350486111111111,0,0,0,significant other
35022.0,1,-2.74,2,0,0,0,0,african-american,34,4.081643518518519,5,0,0,single
56825.0,5,-2.05,4,0,0,0,0,caucasian,34,0.8225925925925925,1,0,0,single
7970.0,9,-1.37,7,1,0,1,0,african-american,34,118.08675925925924,27,0,0,single
58586.0,7,-2.13,4,0,0,0,0,caucasian,34,69.09645833333333,8,0,0,single
54367.0,3,-2.85,2,0,0,0,1,african-american,34,0.698599537037037,6,0,0,single
28290.0,2,-2.17,4,1,1,1,0,caucasian,34,6.082488425925926,5,0,1,separated
55276.0,3,-3.01,1,0,0,0,1,hispanic,34,3.811458333333333,1,0,1,significant other
57135.0,3,-2.97,1,0,0,0,1,caucasian,34,1.1645486111111112,0,0,0,single
32013.0,2,-2.62,2,0,0,0,0,hispanic,34,5.236689814814815,3,0,1,single
61075.0,1,-3.22,1,0,0,0,0,caucasian,34,1.0564583333333333,5,0,0,single
60702.0,1,-3.11,1,0,0,0,1,other,34,0.7097106481481481,0,0,1,significant other
52809.0,4,-2.35,3,1,0,1,0,caucasian,34,1.0032291666666666,3,0,1,single
13550.0,8,-2.2,4,1,0,1,0,african-american,34,1.2157407407407408,11,1,0,single
53987.0,3,-2.51,3,1,0,0,1,african-american,34,1.1904861111111111,5,0,0,single
59052.0,1,-2.92,2,0,0,0,0,caucasian,34,0.9941782407407408,0,0,1,single
61461.0,5,-2.5,3,0,0,0,0,caucasian,34,1.2938773148148148,1,0,1,significant other
53864.0,2,-2.28,3,0,0,0,0,hispanic,34,0.9705555555555556,0,0,0,separated
51930.0,6,-2.79,2,1,0,1,1,caucasian,34,12.895127314814816,1,0,0,single
56775.0,1,-3.29,1,1,0,1,0,hispanic,34,0.8770833333333333,1,0,0,significant other
61443.0,2,-2.7,2,1,0,1,0,other,34,2.141481481481481,0,0,0,single
54134.0,7,-1.52,6,1,0,1,0,caucasian,34,0.8188194444444444,2,0,0,single
45796.0,7,-2.37,3,0,0,0,0,african-american,34,0.8646180555555556,27,1,1,single
19434.0,8,-2.41,3,1,1,1,0,caucasian,34,18.852372685185184,13,0,0,single
7906.0,9,-0.98,9,1,0,1,0,hispanic,34,40.73569444444445,14,0,0,single
61272.0,2,-2.83,2,0,0,0,0,caucasian,34,1.0580208333333334,0,0,1,significant other
55328.0,1,-3.29,1,0,0,0,0,african-american,34,1.6164467592592593,1,0,0,significant other
57941.0,1,-2.93,2,0,0,0,0,african-american,34,23.1728125,1,0,0,single
19319.0,6,-1.09,8,1,0,1,0,hispanic,34,39.96478009259259,17,0,0,single
59377.0,4,-2.09,4,0,0,0,0,african-american,34,0.9628703703703704,5,0,1,single
36967.0,3,-2.8,2,1,0,0,0,hispanic,34,0.2056944444444444,2,0,1,significant other
51796.0,2,-2.68,2,1,0,0,0,caucasian,34,1.164212962962963,5,0,0,significant other
59908.0,1,-3.15,1,1,0,1,0,hispanic,34,31.77803240740741,4,0,0,single
60703.0,1,-3.23,1,0,0,0,1,african-american,34,0.8862847222222222,0,0,0,single
54996.0,4,-2.89,2,0,0,0,1,hispanic,34,1.0889699074074075,5,0,0,single
52651.0,2,-2.76,2,1,0,1,0,other,34,0.2242013888888888,1,0,1,single
60351.0,10,-0.64,9,0,0,0,0,african-american,34,1.6375,0,0,0,single
57540.0,2,-2.92,2,0,0,0,0,hispanic,34,4.016307870370371,1,0,0,significant other
56485.0,6,-2.24,3,1,0,1,0,african-american,34,0.9852430555555556,4,0,0,single
4584.0,5,-2.28,3,1,0,1,0,african-american,34,0.6911805555555556,7,0,0,single
51888.0,7,-1.8,5,0,0,0,0,african-american,34,1.0764699074074071,10,0,0,single
58091.0,2,-3.08,1,0,0,0,0,african-american,34,1.1041203703703704,2,0,0,single
53991.0,2,-2.76,2,0,0,0,0,african-american,34,1.0090162037037036,4,0,1,single
19639.0,6,-1.67,6,1,0,1,0,caucasian,34,1.0516435185185184,16,0,0,single
17876.0,10,-1.65,6,1,0,1,0,african-american,34,4.741770833333334,19,3,0,single
60614.0,3,-2.92,2,1,0,0,0,african-american,34,12.224525462962964,2,0,0,significant other
4698.0,9,-1.99,4,0,0,0,0,african-american,34,1.993993055555556,22,0,0,single
48511.0,2,-3.19,1,1,0,1,0,caucasian,34,8.23582175925926,3,0,0,single
60540.0,4,-2.11,4,0,0,0,0,caucasian,34,1.1935763888888888,5,0,1,single
57079.0,1,-3.09,1,0,0,0,0,hispanic,34,0.7210763888888889,1,0,1,significant other
58228.0,2,-3.13,1,1,0,1,0,caucasian,34,29.945486111111112,0,0,1,significant other
54965.0,3,-2.63,2,1,1,0,0,caucasian,34,0.8531712962962963,0,0,0,single
54286.0,7,-1.31,7,0,0,0,0,african-american,34,6.240995370370371,15,0,0,single
60968.0,1,-3.21,1,0,0,0,0,caucasian,34,0.2104861111111111,1,0,1,separated
51933.0,1,-3.16,1,1,1,1,0,african-american,34,33.85542824074074,3,1,0,single
55651.0,1,-2.65,2,0,0,0,1,caucasian,34,1.0857175925925926,1,0,1,single
51601.0,3,-3.07,1,1,1,1,0,african-american,34,10.07738425925926,0,0,0,single
56103.0,10,-1.88,5,1,0,1,0,african-american,34,17.079074074074075,9,0,0,single
52031.0,9,-1.42,7,0,0,0,0,african-american,34,1.0487037037037037,3,0,1,single
51892.0,2,-3.07,1,1,1,0,1,other,34,13.425243055555557,0,0,0,single
59305.0,1,-2.97,1,0,0,0,0,african-american,34,2.307488425925926,0,0,0,single
51466.0,8,-0.77,9,1,1,1,0,african-american,34,13.993125,6,0,0,single
51588.0,3,-2.93,2,0,0,0,1,caucasian,34,1.1305092592592592,2,0,0,single
58533.0,1,-3.17,1,1,0,1,0,caucasian,34,0.0870833333333333,0,0,1,single
16861.0,6,-2.62,2,1,0,1,0,african-american,34,1.186087962962963,12,0,0,significant other
52229.0,5,-1.9,5,0,0,0,0,caucasian,34,14.923900462962964,0,0,0,single
57578.0,6,-1.85,5,1,0,1,0,caucasian,34,0.2595717592592592,5,1,0,single
51649.0,1,-2.95,1,0,0,0,0,caucasian,34,116.24484953703704,0,0,0,single
59905.0,7,-2.26,3,1,0,1,1,caucasian,34,2.1226273148148147,0,0,1,single
53783.0,2,-3.03,1,0,0,0,0,caucasian,34,0.9615046296296296,1,0,0,single
54121.0,6,-2.63,2,1,0,1,0,african-american,34,0.2254629629629629,7,0,0,single
59991.0,5,-1.96,5,0,0,0,0,caucasian,34,0.9452430555555555,3,1,1,single
56104.0,1,-2.73,2,0,0,0,0,african-american,34,0.7079050925925926,3,0,0,single
59698.0,2,-3.04,1,0,0,0,0,other,34,1.0177199074074077,0,0,1,significant other
55428.0,2,-2.87,2,0,0,0,0,african-american,34,2.212523148148148,1,0,1,single
43541.0,9,-1.39,7,0,0,0,1,african-american,34,21.31412037037037,1,0,1,single
60862.0,2,-2.98,1,1,0,0,0,african-american,34,25.71866898148148,2,0,1,single
12389.0,1,-3.17,1,0,0,0,0,african-american,34,1.0521296296296296,3,0,0,significant other
61755.0,2,-2.93,2,0,0,0,0,african-american,34,2.115300925925926,1,0,1,single
52271.0,1,-3.23,1,0,0,0,1,african-american,34,1.0203819444444444,1,0,1,significant other
61038.0,7,-1.96,5,0,0,0,0,african-american,34,34.71078703703704,12,0,0,single
53829.0,2,-3.04,1,0,0,0,0,caucasian,34,0.8280092592592593,0,0,0,single
54750.0,1,-3.1,1,0,0,0,0,caucasian,34,0.0596527777777777,0,0,1,significant other
51290.0,7,-2.59,2,0,0,0,0,african-american,34,8.756342592592592,5,3,1,single
51054.0,5,-2.41,3,0,0,0,0,african-american,34,1.1674074074074074,1,0,0,single
5745.0,9,-1.56,6,1,0,1,0,african-american,34,1.0123842592592591,16,0,0,single
51913.0,2,-3.02,1,0,0,0,1,african-american,34,15.815196759259258,1,0,1,separated
65204.0,2,-3.15,1,1,0,1,1,african-american,34,9.198611111111113,5,0,0,single
52491.0,7,-2.71,2,0,0,0,0,african-american,34,0.1466435185185185,1,0,0,significant other
31208.0,2,-2.89,2,0,0,0,0,caucasian,34,1.0824074074074077,2,0,1,single
56243.0,1,-3.04,1,0,0,0,0,hispanic,34,76.96445601851852,0,0,1,separated
56094.0,2,-3.03,1,0,0,0,0,other,34,2.000509259259259,0,0,0,single
61257.0,4,-2.13,4,0,0,0,0,african-american,33,0.1550462962962963,3,0,0,single
62232.0,1,-3.21,1,0,0,0,0,caucasian,33,0.9688541666666668,0,0,1,single
52579.0,2,-2.94,2,0,0,0,1,african-american,33,0.6146643518518519,1,0,0,single
56230.0,5,-2.18,4,0,0,0,0,african-american,33,45.00726851851852,0,0,0,single
59282.0,1,-3.21,1,1,0,1,1,caucasian,33,0.908101851851852,0,0,1,single
52862.0,1,-2.99,1,1,0,1,0,caucasian,33,0.9572916666666668,0,0,0,single
54926.0,1,-3.24,1,1,0,1,0,other,33,0.5994791666666667,2,0,0,significant other
58972.0,8,-1.9,5,0,0,0,0,african-american,33,67.71346064814814,14,0,0,single
58254.0,4,-2.58,2,0,0,0,1,hispanic,33,2.0238425925925925,2,0,1,single
57560.0,1,-3.08,1,0,0,0,1,african-american,33,1.0090162037037036,1,0,0,significant other
53833.0,1,-3.19,1,0,0,0,0,caucasian,33,0.8340393518518519,0,0,0,single
26135.0,8,-1.88,5,1,0,1,0,african-american,33,1.8341666666666667,28,14,0,separated
59169.0,2,-3.18,1,0,0,0,1,other,33,0.7327199074074074,0,0,0,single
57022.0,9,-1.67,6,0,0,0,1,african-american,33,7.183715277777778,0,0,1,single
19348.0,7,-0.93,9,1,1,1,0,african-american,33,78.68527777777778,7,0,0,single
58162.0,6,-2.53,3,1,0,1,1,caucasian,33,4.254895833333333,1,0,1,single
59045.0,5,-2.63,2,1,0,1,0,african-american,33,0.2858333333333333,5,0,0,significant other
56336.0,3,-2.97,1,0,0,0,0,caucasian,33,1.8797106481481485,2,0,0,single
59606.0,2,-3.14,1,0,0,0,0,caucasian,33,5.40380787037037,0,0,0,single
50917.0,7,-1.29,7,0,0,0,0,african-american,33,258.82820601851853,2,0,0,single
60535.0,8,-2.07,4,1,1,1,0,african-american,33,0.9582523148148148,14,0,0,significant other
8739.0,6,-1.66,6,1,0,1,0,caucasian,33,119.27300925925924,5,0,0,single
52020.0,3,-2.91,2,0,0,0,1,caucasian,33,0.2331018518518518,2,0,0,single
41698.0,8,-1.31,7,1,0,1,0,caucasian,33,14.79241898148148,3,0,0,single
59839.0,3,-2.79,2,0,0,0,1,african-american,33,2.2814236111111112,0,0,0,single
57695.0,1,-3.28,1,0,0,0,1,caucasian,33,1.0236921296296295,0,0,0,single
34031.0,2,-3.1,1,0,0,0,0,african-american,33,0.2568981481481481,3,0,0,significant other
60528.0,8,-1.58,6,1,0,1,0,african-american,33,1.071273148148148,0,0,1,single
54406.0,1,-2.73,2,0,0,0,1,african-american,33,1.980636574074074,1,0,1,single
32776.0,3,-2.92,2,1,0,1,0,caucasian,33,1.7280439814814814,2,0,1,single
59899.0,3,-3.04,1,0,0,0,0,caucasian,33,0.2733796296296296,3,0,1,significant other
18271.0,10,-1.44,7,1,0,1,0,african-american,33,0.867025462962963,19,0,0,single
14321.0,4,-2.69,2,0,0,0,0,caucasian,33,1.0835185185185183,10,0,1,single
51335.0,1,-3.23,1,1,0,1,0,caucasian,33,0.0970601851851851,0,0,1,single
52174.0,6,-2.29,3,1,0,1,1,caucasian,33,1.167337962962963,0,0,1,single
62213.0,2,-2.11,4,1,0,1,0,african-american,33,1.0147685185185185,4,0,0,single
55874.0,5,-2.64,2,0,0,0,1,african-american,33,0.8099305555555556,1,0,0,single
53036.0,2,-2.96,1,1,0,1,0,african-american,33,1.9580092592592595,3,0,1,single
55133.0,2,-2.99,1,0,0,0,0,hispanic,33,0.6616435185185185,0,0,1,single
60693.0,2,-2.21,4,0,0,0,0,hispanic,33,46.83460648148148,1,0,1,significant other
57713.0,3,-2.63,2,1,0,1,0,caucasian,33,0.8815393518518518,0,0,1,single
56081.0,9,-2.3,3,1,0,1,0,caucasian,33,0.6855324074074074,0,0,0,single
54825.0,2,-2.79,2,0,0,0,0,caucasian,33,0.904525462962963,1,0,0,significant other
60969.0,9,-1.64,6,1,0,1,0,african-american,33,2.281689814814815,10,0,0,significant other
61763.0,3,-2.84,2,1,0,1,1,african-american,33,2.061145833333333,2,0,0,single
56349.0,2,-2.91,2,0,0,0,1,caucasian,33,0.705775462962963,1,0,1,significant other
54379.0,3,-2.89,2,1,0,0,0,other,33,2.399039351851852,5,0,0,single
8814.0,9,-1.97,5,1,0,1,0,caucasian,33,49.03042824074074,9,0,0,single
57271.0,7,-2.59,2,0,0,0,0,other,33,0.9215162037037036,3,0,0,single
27923.0,3,-2.32,3,0,0,0,0,caucasian,33,0.172511574074074,3,0,1,single
51717.0,6,-1.93,5,1,0,0,0,african-american,33,1.919351851851852,8,0,0,single
51444.0,3,-2.65,2,0,0,0,1,caucasian,33,0.7382638888888889,1,0,1,single
24330.0,6,-2.85,2,0,0,0,0,african-american,33,0.1765393518518518,4,0,0,single
53103.0,2,-2.56,2,0,0,0,0,caucasian,33,0.0680324074074074,2,0,1,single
28532.0,5,-2.65,2,1,1,1,0,african-american,33,0.7452083333333334,8,0,1,single
55827.0,5,-2.54,3,0,0,0,0,caucasian,33,40.964050925925925,3,0,0,single
59321.0,1,-3.12,1,0,0,0,0,caucasian,33,0.6552430555555555,0,0,1,separated
54653.0,10,-1.34,7,1,0,1,0,african-american,33,7.166365740740741,8,2,0,single
26857.0,5,-2.75,2,1,0,1,1,caucasian,33,43.156851851851854,2,0,0,single
54623.0,9,-1.75,5,1,0,1,0,african-american,33,28.343252314814816,2,0,0,single
61629.0,1,-3.08,1,0,0,0,0,other,33,0.863275462962963,0,0,1,significant other
59641.0,1,-3.12,1,0,0,0,0,african-american,33,0.9166782407407408,0,0,0,single
52861.0,2,-2.55,3,0,0,0,0,other,33,0.8805555555555555,0,0,1,separated
58840.0,6,-2.83,2,0,0,0,1,caucasian,33,0.7708680555555556,7,0,1,single
54552.0,1,-2.95,1,0,0,0,0,african-american,33,0.5702546296296296,0,0,0,single
62205.0,3,-3.01,1,0,0,0,0,african-american,33,1.3096990740740742,4,0,1,significant other
52900.0,1,-2.7,2,0,0,0,0,other,33,10.889212962962963,0,0,1,single
7109.0,7,-2.42,3,1,0,1,0,african-american,33,0.7292361111111111,16,0,1,single
29332.0,9,-1.23,8,0,0,0,0,caucasian,33,70.09407407407407,14,1,0,single
60885.0,1,-2.82,2,1,0,1,0,african-american,33,1.0990277777777775,1,0,1,single
57436.0,7,-0.72,9,1,1,1,0,other,33,54.27159722222222,9,1,1,single
58726.0,4,-2.2,4,0,0,0,0,african-american,33,1.097962962962963,2,0,1,single
52292.0,7,-1.47,7,0,0,0,0,african-american,33,0.8061111111111111,0,0,1,single
51605.0,3,-2.29,3,1,1,1,0,african-american,33,1.8786689814814812,6,1,1,single
51098.0,6,-2.79,2,1,0,1,0,african-american,33,7.154386574074074,3,0,0,single
57880.0,4,-2.81,2,0,0,0,0,african-american,33,0.2318287037037037,5,0,0,single
56714.0,4,-2.39,3,1,0,1,0,african-american,33,0.8777083333333333,1,0,0,single
57231.0,7,-1.92,5,0,0,0,1,caucasian,33,84.75505787037036,1,0,0,significant other
56151.0,3,-2.86,2,0,0,0,1,african-american,33,1.0966087962962965,0,0,0,single
60962.0,1,-3.08,1,0,0,0,0,african-american,33,0.969849537037037,0,0,0,single
36713.0,9,-1.24,8,1,0,1,0,african-american,33,369.89475694444445,23,0,0,single
37617.0,6,-2.04,4,1,0,1,0,african-american,33,11.916759259259258,3,0,0,single
65916.0,2,-2.81,2,0,0,0,1,african-american,33,1.7586921296296296,0,0,0,single
61286.0,1,-3.28,1,0,0,0,1,caucasian,33,0.6079976851851852,0,0,1,separated
59274.0,6,-2.06,4,1,0,1,0,african-american,33,114.97175925925926,3,0,1,single
62118.0,1,-3.12,1,0,0,0,1,african-american,33,1.0692592592592594,0,0,1,single
60665.0,3,-2.93,2,1,0,1,0,other,33,1.8278703703703705,4,0,0,single
55374.0,4,-2.68,2,1,0,1,1,hispanic,33,9.070081018518518,2,0,0,single
53446.0,2,-2.84,2,0,0,0,0,caucasian,33,1.658900462962963,2,0,1,single
48648.0,6,-2.75,2,1,0,1,0,african-american,33,44.77729166666666,11,0,0,single
52429.0,6,-2.19,4,1,0,1,0,african-american,33,0.2592939814814815,13,0,0,single
59734.0,8,-2.36,3,1,1,1,0,other,33,116.025,7,1,0,single
51546.0,6,-1.56,6,0,0,0,0,caucasian,33,1.187523148148148,3,0,0,single
60551.0,5,-2.63,2,0,0,0,0,caucasian,33,21.926875,5,0,0,significant other
59085.0,2,-2.84,2,0,0,0,1,other,33,0.8560532407407407,0,0,0,single
59089.0,2,-3.14,1,0,0,0,0,african-american,33,0.8401273148148148,1,0,0,single
61086.0,4,-2.57,2,0,0,0,0,hispanic,33,0.2463310185185185,1,0,1,single
54077.0,2,-2.86,2,0,0,0,0,caucasian,33,53.90135416666666,0,0,0,single
61814.0,2,-2.92,2,0,0,0,1,african-american,33,1.175023148148148,3,0,1,single
45569.0,6,-1.35,7,1,1,1,0,african-american,33,1.969675925925926,7,0,1,single
50544.0,9,-1.46,7,1,0,1,0,african-american,33,2.1911111111111112,12,1,1,single
57903.0,4,-2.21,4,0,0,0,0,african-american,33,130.2594560185185,3,0,0,single
5052.0,7,-1.59,6,1,0,1,0,african-american,33,17.060717592592592,4,0,1,single
34331.0,9,-0.71,9,1,1,1,0,african-american,33,33.00194444444445,16,0,1,single
56135.0,1,-2.91,2,0,0,0,0,caucasian,33,0.8498611111111111,0,0,0,single
52707.0,10,-1.55,6,0,0,0,0,african-american,33,141.98482638888888,0,0,0,single
53809.0,2,-2.85,2,0,0,0,0,hispanic,33,0.9568055555555556,3,0,1,significant other
54507.0,2,-1.95,5,0,0,0,0,caucasian,33,20.13310185185185,1,0,0,significant other
56727.0,1,-2.76,2,0,0,0,0,african-american,33,1.0628472222222225,2,0,1,significant other
36952.0,8,-1.61,6,1,1,1,0,african-american,33,339.1695254629629,4,0,0,single
56612.0,1,-2.71,2,0,0,0,0,other,33,1.2553472222222222,0,0,0,significant other
60691.0,1,-3.24,1,0,0,0,1,caucasian,33,0.2840972222222222,1,0,1,single
54089.0,6,-2.4,3,1,1,1,0,caucasian,33,0.1668634259259259,0,0,0,single
59574.0,7,-2.15,4,1,0,1,1,other,33,2.0541087962962963,5,0,0,single
58053.0,2,-2.88,2,0,0,0,0,caucasian,33,21.864131944444445,2,2,1,single
56011.0,2,-3.09,1,0,0,0,1,caucasian,33,0.9786458333333332,0,0,1,single
48566.0,2,-2.63,2,0,0,0,0,african-american,33,7.942523148148148,4,0,0,single
52854.0,3,-2.88,2,0,0,0,0,caucasian,33,1.2761921296296297,1,0,1,single
54275.0,1,-2.98,1,0,0,0,0,other,33,1.0604976851851853,0,0,0,significant other
61663.0,1,-3.2,1,0,0,0,0,african-american,33,0.2173148148148148,0,0,1,single
52847.0,1,-3.11,1,0,0,0,0,caucasian,33,1.0867824074074075,0,0,1,single
49107.0,8,-1.65,6,1,0,1,0,african-american,33,5.827719907407407,5,0,1,single
53294.0,3,-2.44,3,0,0,0,0,african-american,33,40.082939814814814,0,0,0,significant other
60493.0,2,-2.88,2,0,0,0,1,african-american,33,1.7130902777777777,0,0,1,single
52892.0,1,-3.22,1,0,0,0,0,hispanic,33,0.8721180555555555,0,0,1,single
61510.0,1,-2.92,2,0,0,0,0,caucasian,33,6.925127314814815,0,0,0,single
54937.0,3,-2.07,4,0,0,0,0,hispanic,33,4.426377314814815,2,0,1,single
55248.0,2,-3.02,1,0,0,0,1,hispanic,33,0.8923611111111112,0,0,0,single
32337.0,9,-2.52,3,1,0,1,0,african-american,33,0.884525462962963,16,0,0,single
51222.0,6,-2.63,2,1,0,1,0,african-american,33,0.8415972222222222,7,0,0,significant other
54895.0,6,-2.73,2,1,1,1,1,caucasian,33,1.898912037037037,3,0,0,single
52275.0,6,-2.7,2,0,0,0,0,african-american,33,0.820162037037037,6,0,0,single
10630.0,7,-1.9,5,0,0,0,1,african-american,33,186.7038425925926,5,0,0,single
59348.0,5,-2.67,2,1,0,1,1,caucasian,33,11.150787037037038,4,0,1,single
56843.0,3,-2.87,2,0,0,0,1,hispanic,33,30.152280092592594,2,0,0,single
62066.0,4,-2.71,2,0,0,0,1,caucasian,33,14.032361111111111,2,0,0,separated
54590.0,9,-1.16,8,0,0,0,0,caucasian,33,117.75883101851852,10,0,0,single
53909.0,4,-2.29,3,0,0,0,0,caucasian,33,0.2295254629629629,9,0,0,single
11734.0,10,-0.97,9,1,0,1,0,african-american,33,1.1624074074074071,18,0,0,single
62201.0,4,-3.05,1,0,0,0,1,african-american,33,1.0734375,3,0,1,single
58783.0,8,-1.34,7,1,0,1,0,african-american,33,57.4203587962963,11,5,0,single
57288.0,2,-2.65,2,1,0,1,0,african-american,33,3.222766203703704,1,0,0,single
61811.0,1,-3.24,1,0,0,0,0,other,33,1.366458333333333,0,0,1,single
59204.0,5,-2.11,4,0,0,0,0,african-american,33,1.9150810185185183,1,0,0,other
59498.0,1,-2.67,2,0,0,0,0,caucasian,33,1.246388888888889,0,0,0,significant other
54729.0,2,-2.74,2,1,0,1,0,african-american,33,0.1911805555555555,2,0,1,single
57349.0,1,-3.19,1,0,0,0,1,caucasian,33,0.6335300925925926,0,0,1,single
51589.0,5,-2.1,4,0,0,0,0,african-american,33,0.8991203703703704,6,0,1,single
46908.0,3,-3.13,3,0,0,0,0,african-american,33,0.4063425925925926,2,0,1,single
58310.0,2,-3.11,1,0,0,0,1,african-american,33,0.1308912037037037,2,0,0,single
51152.0,9,-1.64,6,1,0,1,0,african-american,33,6.235104166666667,16,4,0,significant other
53799.0,9,-0.89,9,1,0,1,0,african-american,33,2.734537037037037,9,2,1,single
59414.0,1,-3.08,1,0,0,0,0,other,33,3.033333333333333,3,0,0,significant other
52465.0,10,-1.4,7,1,0,1,0,african-american,33,1.015625,12,4,0,single
51943.0,5,-1.62,6,1,0,1,0,african-american,33,0.8293171296296297,0,0,0,single
24234.0,4,-2.27,3,0,0,0,1,african-american,33,2.042060185185185,3,0,1,single
4074.0,9,-0.67,8,1,0,1,0,african-american,33,0.8895833333333333,18,3,0,single
52784.0,4,-2.3,3,0,0,0,0,caucasian,33,3.224733796296296,1,0,0,single
61158.0,1,-2.75,2,1,0,1,0,african-american,33,3.782476851851852,0,0,0,single
60876.0,4,-2.81,2,0,0,0,0,caucasian,33,14.23554398148148,2,0,0,single
53282.0,1,-3.13,1,1,0,1,0,african-american,33,1.1161805555555555,1,0,1,single
52035.0,4,-2.69,2,1,0,1,1,african-american,33,4.864768518518519,3,0,1,single
59294.0,1,-2.99,1,0,0,0,0,hispanic,33,1.264837962962963,0,0,0,significant other
61317.0,4,-1.7,3,1,1,1,0,caucasian,33,11.782013888888889,3,0,1,single
56428.0,6,-1.8,5,0,0,0,0,caucasian,33,56.01033564814815,4,0,0,single
53939.0,2,-3.13,1,0,0,0,1,caucasian,33,0.5974537037037037,2,0,0,significant other
61621.0,2,-3.17,1,1,0,1,0,african-american,33,0.9654166666666668,0,0,0,single
12257.0,9,-0.82,9,1,0,1,0,african-american,33,2.871087962962963,12,0,0,single
50886.0,1,-2.85,2,1,1,1,0,other,33,83.64662037037037,0,0,0,significant other
60127.0,5,-2.53,3,0,0,0,0,african-american,33,2.7950694444444446,8,0,0,single
51823.0,2,-3.05,1,0,0,0,1,african-american,33,0.9057175925925924,1,0,0,significant other
4411.0,9,-0.83,9,1,0,1,1,african-american,33,26.179525462962964,7,0,0,single
46435.0,4,-2.01,4,1,0,0,0,caucasian,32,2.0359606481481483,8,1,0,single
60986.0,2,-2.95,1,0,0,0,1,african-american,32,0.8923958333333334,0,0,1,single
52666.0,2,-3.05,1,0,0,0,0,african-american,32,1.1494328703703705,0,0,0,significant other
8215.0,9,-1.59,6,1,1,1,0,african-american,32,2.0983680555555555,14,0,0,single
59729.0,2,-3.03,1,0,0,0,0,caucasian,32,0.8314699074074074,2,0,0,single
52289.0,2,-2.39,3,1,0,1,0,caucasian,32,2.792141203703704,6,0,0,single
52811.0,5,-2.78,2,0,0,0,0,african-american,32,0.6061574074074074,0,0,1,single
55888.0,1,-3.01,1,0,0,0,0,hispanic,32,0.0149305555555555,1,0,0,significant other
65917.0,1,-2.88,2,0,0,0,0,other,32,1.103738425925926,0,0,0,single
59730.0,9,-1.06,8,0,0,0,0,african-american,32,1.154050925925926,14,1,0,single
59309.0,1,-3.27,1,0,0,0,1,african-american,32,0.0900231481481481,5,0,0,single
15207.0,6,-2.65,2,1,0,1,0,african-american,32,38.736041666666665,9,0,1,single
35278.0,10,-0.9,9,0,0,0,0,african-american,32,3.9774074074074073,4,3,0,single
57187.0,1,-3.06,1,0,0,0,0,other,32,1.1996064814814815,0,0,1,single
52070.0,2,-2.6,2,1,0,0,0,african-american,32,5.0571875,7,3,0,significant other
59035.0,3,-2.56,2,0,0,0,0,caucasian,32,1.3033680555555556,1,0,0,single
59633.0,2,-3.03,1,0,0,0,1,caucasian,32,2.025601851851852,1,0,0,single
59102.0,1,-3.02,1,0,0,0,0,african-american,32,0.2254398148148148,0,0,1,significant other
12411.0,9,-1.4,7,0,0,0,0,african-american,32,0.8004861111111111,9,4,0,single
40286.0,9,-1.12,8,1,0,1,0,african-american,32,38.806041666666665,13,0,1,single
60570.0,1,-2.85,2,1,1,1,0,caucasian,32,0.6597800925925926,1,0,0,single
8371.0,9,-0.59,10,1,1,1,0,african-american,32,0.2595949074074074,22,1,0,single
60527.0,1,-3.23,1,1,0,1,0,caucasian,32,0.2302662037037037,1,0,0,single
62287.0,1,-3.15,1,1,1,1,1,african-american,32,0.1871759259259259,0,0,1,significant other
59171.0,9,-1.64,6,1,0,1,0,caucasian,32,70.8952662037037,15,3,0,single
60481.0,2,-2.45,3,0,0,0,0,african-american,32,0.9301388888888888,1,0,0,single
54150.0,3,-2.86,2,0,0,0,0,caucasian,32,1.0593287037037038,0,0,0,single
52422.0,5,-1.98,4,1,1,1,0,caucasian,32,0.9210648148148148,5,0,0,single
53266.0,9,-1.88,5,1,0,1,0,african-american,32,1.7613194444444444,11,0,1,single
52640.0,1,-3.13,1,0,0,0,0,caucasian,32,0.208761574074074,0,0,0,significant other
39814.0,3,-2.67,2,0,0,0,1,african-american,32,77.66339120370371,2,0,0,single
13921.0,10,-0.41,10,1,0,1,0,caucasian,32,314.7336805555556,11,1,0,single
61665.0,2,-3.15,1,1,0,1,1,caucasian,32,28.920891203703704,1,0,1,separated
53832.0,7,-2.91,2,0,0,0,0,african-american,32,1.8400694444444443,0,0,1,separated
61795.0,1,-3.27,1,0,0,0,1,hispanic,32,10.004143518518518,0,0,1,significant other
48502.0,5,-2.22,4,1,0,1,0,african-american,32,1.170787037037037,11,3,0,single
22711.0,1,-2.74,2,1,1,1,0,african-american,32,2.7828819444444446,3,0,0,significant other
59066.0,2,-2.86,2,1,0,0,1,caucasian,32,4.595243055555556,5,0,0,single
3523.0,5,-2.12,4,1,0,1,0,african-american,32,2.1180671296296296,6,0,1,single
59217.0,1,-3.14,1,1,0,1,0,hispanic,32,1.8516898148148149,0,0,1,single
52976.0,10,-1.3,7,0,0,0,0,african-american,32,27.902430555555554,2,0,0,single
57345.0,9,-2.22,4,0,0,0,0,african-american,32,1.0124074074074074,8,1,0,single
53630.0,6,-2.4,3,1,1,1,0,african-american,32,1.004988425925926,4,0,0,single
58277.0,7,-1.68,6,1,1,1,0,african-american,32,190.7231365740741,4,0,0,single
53309.0,2,-2.97,1,0,0,0,1,hispanic,32,0.9677083333333332,1,0,0,single
52770.0,1,-3.17,1,0,0,0,0,hispanic,32,0.9858796296296296,0,0,1,separated
59652.0,4,-2.81,3,0,0,0,0,african-american,32,57.160752314814815,9,0,0,significant other
16573.0,2,-2.65,2,0,0,0,0,african-american,32,1.6720601851851853,2,0,1,single
61503.0,3,-2.85,2,0,0,0,0,hispanic,32,0.1932407407407407,1,0,0,separated
57675.0,5,-2.82,2,1,0,1,0,hispanic,32,0.9060300925925926,2,0,1,single
42171.0,8,-1.78,5,0,0,0,0,african-american,32,109.27202546296296,2,0,1,single
30731.0,9,-0.33,10,1,0,1,0,caucasian,32,0.897962962962963,8,0,0,single
54698.0,3,-2.2,4,0,0,0,0,other,32,1.788425925925926,0,0,1,single
61290.0,8,-1.13,8,0,0,0,0,caucasian,32,0.2483101851851852,6,0,0,single
55097.0,8,-1.82,5,1,0,1,0,african-american,32,7.103935185185185,15,2,0,single
7532.0,8,-1.0,8,1,0,0,0,african-american,32,111.9367824074074,9,0,0,single
60695.0,1,-3.02,1,0,0,0,0,other,32,1.2819675925925926,0,0,1,significant other
60455.0,2,-3.03,1,0,0,0,1,caucasian,32,0.1729629629629629,4,1,0,single
52169.0,6,-1.49,7,1,1,1,0,african-american,32,414.033275462963,4,0,0,single
51324.0,4,-2.0,4,0,0,0,0,african-american,32,1.0120601851851851,5,0,1,single
59696.0,1,-3.13,1,0,0,0,1,african-american,32,0.8126736111111111,1,0,1,significant other
57104.0,5,-3.05,1,0,0,0,0,caucasian,32,5.116736111111111,4,0,0,significant other
56193.0,7,-2.52,3,1,0,1,0,african-american,32,17.41880787037037,0,0,0,single
49851.0,9,-1.28,7,1,1,1,0,african-american,32,1.551238425925926,12,1,0,single
51815.0,4,-2.8,2,0,0,0,0,african-american,32,4.214201388888889,8,1,0,single
59050.0,1,-3.22,1,0,0,0,0,other,32,0.8766319444444445,0,0,0,significant other
60142.0,8,-1.72,6,1,1,1,0,african-american,32,19.298703703703705,2,0,0,single
33232.0,7,-2.2,4,0,0,0,1,african-american,32,0.2460069444444444,11,0,0,single
51647.0,2,-2.79,2,0,0,0,1,caucasian,32,1.013148148148148,0,0,0,separated
9980.0,5,-2.28,3,1,0,1,0,caucasian,32,6.616203703703704,5,0,0,significant other
52506.0,3,-2.09,4,0,0,0,0,african-american,32,0.0408796296296296,1,0,1,separated
21599.0,10,-0.87,9,0,0,0,0,caucasian,32,141.27475694444445,11,0,0,single
38982.0,9,-2.51,3,1,0,1,0,caucasian,32,55.10907407407407,5,0,0,single
61154.0,1,-3.18,1,1,0,1,0,african-american,32,0.6699537037037037,0,0,0,significant other
58219.0,1,-3.06,1,0,0,0,0,hispanic,32,2.9174074074074072,1,0,0,significant other
56403.0,3,-2.81,2,0,0,0,0,african-american,32,1.1544097222222225,0,0,0,single
56686.0,2,-2.79,2,1,0,1,1,african-american,32,0.994074074074074,3,0,0,separated
44418.0,7,-1.56,6,1,0,1,0,hispanic,32,0.9043171296296296,2,1,1,single
52032.0,3,-2.84,2,1,0,1,0,other,32,0.8434027777777777,0,0,1,single
52560.0,2,-2.93,2,0,0,0,1,african-american,32,30.35528935185185,3,0,0,single
60307.0,1,-2.96,1,0,0,0,0,caucasian,32,0.6741782407407407,0,0,1,single
59512.0,2,-2.78,2,0,0,0,0,other,32,0.2477083333333333,0,0,1,single
55636.0,5,-1.8,5,0,0,0,0,african-american,32,0.4173611111111111,1,0,0,single
51501.0,7,-2.2,4,1,1,1,0,african-american,32,23.02012731481481,9,1,1,single
23847.0,6,-1.32,7,1,0,1,0,african-american,32,51.0366087962963,7,1,0,single
17227.0,3,-2.75,2,0,0,0,0,hispanic,32,0.2556365740740741,3,0,0,single
33552.0,9,-0.73,9,1,1,1,0,african-american,32,37.04298611111111,7,0,0,single
51790.0,1,-2.87,2,0,0,0,0,african-american,32,0.2683217592592593,0,0,0,significant other
54362.0,1,-3.17,1,0,0,0,1,other,32,0.800787037037037,0,0,1,separated
53912.0,7,-2.09,4,1,0,1,0,caucasian,32,4.906805555555556,9,0,1,single
61816.0,6,-2.22,4,0,0,0,1,african-american,32,1.1770833333333333,3,0,1,single
52970.0,8,-2.44,3,1,0,1,0,african-american,32,1.833425925925926,1,0,0,single
38097.0,10,-1.04,8,1,0,1,0,african-american,32,1.021076388888889,26,2,0,separated
55167.0,1,-2.98,1,0,0,0,0,caucasian,32,1.0090625,2,0,0,significant other
60148.0,3,-2.42,3,0,0,0,0,caucasian,32,0.564837962962963,0,0,1,single
61277.0,2,-3.04,1,0,0,0,1,african-american,32,0.9608680555555555,0,0,0,single
41077.0,2,-2.86,2,1,0,1,0,caucasian,32,5.206898148148148,2,0,1,separated
5665.0,10,0.15,10,1,1,1,0,african-american,32,14.989965277777776,19,0,0,single
58655.0,2,-2.89,2,0,0,0,1,other,32,2.0602199074074075,0,0,1,significant other
23392.0,5,-2.58,2,0,0,0,0,african-american,32,108.02327546296296,4,0,0,significant other
57770.0,2,-2.81,2,0,0,0,0,african-american,32,0.8963425925925926,1,0,0,single
51216.0,8,-1.5,6,1,0,0,0,african-american,32,1.197488425925926,12,0,0,single
61679.0,8,-1.72,6,1,1,1,0,african-american,32,0.9499652777777776,7,4,0,single
36631.0,8,-1.55,6,1,0,1,0,african-american,32,130.13605324074075,6,0,0,single
60610.0,3,-2.74,2,0,0,0,1,african-american,32,0.7373148148148149,0,0,0,single
55043.0,8,-1.41,7,1,0,1,0,african-american,32,112.8876851851852,17,11,0,single
40929.0,5,-1.98,4,1,0,1,0,caucasian,32,1.0628472222222225,8,0,1,significant other
54727.0,6,-2.56,2,1,0,1,0,caucasian,32,0.2432754629629629,3,0,0,single
51965.0,2,-2.74,2,0,0,0,0,african-american,32,1.136273148148148,3,0,0,single
61602.0,7,-2.72,2,0,0,0,0,african-american,32,1.235798611111111,1,0,0,single
52812.0,3,-2.75,2,0,0,0,0,other,32,0.4175694444444444,4,0,0,single
52074.0,2,-2.48,3,0,0,0,0,hispanic,32,0.1237037037037037,0,0,1,single
57622.0,3,-2.51,3,1,0,1,1,hispanic,32,2.041539351851852,1,0,0,single
56829.0,10,-1.48,7,1,0,1,0,african-american,32,97.1635300925926,13,0,0,single
18577.0,5,-2.6,2,0,0,0,0,caucasian,32,120.9665162037037,3,0,0,single
58881.0,1,-2.77,2,1,0,1,1,caucasian,32,0.9004050925925926,0,0,0,single
53713.0,4,-2.52,3,0,0,0,0,african-american,32,0.6299421296296296,0,0,1,single
24690.0,4,-2.68,2,1,1,1,0,african-american,32,3.9769791666666663,1,0,1,single
61818.0,1,-3.18,1,1,0,1,0,caucasian,32,0.9934953703703704,1,0,1,single
59110.0,5,-2.12,4,0,0,0,0,african-american,32,1.2738773148148148,2,0,1,single
59176.0,5,-2.13,4,0,0,0,0,caucasian,32,27.872685185185187,6,0,1,single
58094.0,10,-1.19,8,0,0,0,0,african-american,32,115.06184027777778,1,0,1,single
5110.0,6,-1.88,5,1,0,1,0,african-american,32,3.836944444444444,10,3,0,single
55211.0,4,-2.64,2,0,0,0,0,african-american,32,9.19699074074074,5,1,0,single
52280.0,7,-2.5,3,0,0,0,1,african-american,32,1.101365740740741,5,0,0,single
62417.0,2,-2.86,2,0,0,0,1,hispanic,32,10.966527777777776,1,0,1,significant other
59813.0,5,-2.79,2,1,1,1,1,hispanic,32,7.007094907407407,8,1,1,single
56525.0,9,-1.48,7,0,0,0,0,african-american,32,0.9071296296296296,0,0,1,single
50852.0,10,-1.33,7,0,0,0,0,hispanic,32,0.9167013888888887,20,2,0,single
27420.0,4,-2.56,2,1,0,1,0,african-american,32,1.1935069444444444,4,0,1,single
50633.0,9,-0.78,9,1,0,1,0,caucasian,32,90.93826388888888,15,1,0,separated
59025.0,4,-2.56,2,1,0,1,0,african-american,32,1.0869675925925926,4,0,0,significant other
52483.0,1,-3.11,1,0,0,0,1,caucasian,32,1.0623958333333334,0,1,1,single
14531.0,9,-1.11,8,1,0,1,0,african-american,32,64.0622337962963,21,0,0,single
54549.0,10,-1.5,6,1,1,1,0,african-american,32,1.753599537037037,12,4,1,significant other
43080.0,7,-2.51,3,1,0,1,0,african-american,32,8.062337962962962,3,0,0,single
54078.0,2,-2.82,2,0,0,0,0,caucasian,32,0.8850462962962963,2,0,0,single
51251.0,4,-2.5,3,0,0,0,0,african-american,32,0.2481828703703703,1,0,0,single
58618.0,2,-2.73,2,0,0,0,0,african-american,32,98.76149305555556,1,0,0,single
51269.0,2,-2.9,2,0,0,0,0,caucasian,32,69.87594907407407,2,1,0,significant other
59115.0,4,-2.85,2,1,0,1,0,african-american,32,0.9880324074074074,5,0,0,single
56759.0,7,-1.8,5,1,1,1,0,african-american,32,1.0663194444444444,2,0,0,single
49153.0,7,-2.65,2,1,1,1,0,caucasian,32,36.93333333333333,5,1,0,single
56788.0,2,-3.03,1,0,0,0,1,african-american,32,0.0790509259259259,0,0,0,single
59468.0,10,-1.12,8,1,0,1,0,caucasian,32,0.3131481481481482,4,0,0,single
60130.0,2,-2.77,2,0,0,0,0,hispanic,32,6.050127314814815,0,0,1,single
55420.0,1,-3.03,1,0,0,0,0,other,32,15.313842592592591,1,0,0,single
60659.0,1,-2.87,2,1,1,1,0,caucasian,32,5.815150462962963,0,0,0,single
62215.0,1,-3.08,1,0,0,0,0,african-american,32,0.7242824074074075,7,0,0,single
52750.0,1,-2.9,2,0,0,0,0,hispanic,32,0.9514583333333332,1,0,0,single
57845.0,2,-3.13,1,0,0,0,1,african-american,32,0.2250462962962963,2,0,0,single
54360.0,3,-2.42,3,1,0,1,0,african-american,32,0.6144675925925925,8,0,0,single
51617.0,1,-3.02,1,0,0,0,0,african-american,32,2.1887962962962964,0,0,0,single
60201.0,7,-2.02,4,0,0,0,0,african-american,32,24.687650462962964,0,0,0,single
50353.0,4,-1.93,5,1,0,1,1,african-american,32,3.905601851851852,6,0,0,significant other
57113.0,2,-3.13,1,0,0,0,1,hispanic,32,0.3240046296296296,0,0,0,significant other
53698.0,7,-2.46,3,0,0,0,0,hispanic,32,1.1444328703703703,7,0,0,single
53971.0,1,-2.75,2,0,0,0,0,caucasian,32,0.9428587962962964,0,0,0,single
12228.0,7,-2.06,4,0,0,0,0,caucasian,32,0.1736111111111111,6,2,1,single
57194.0,2,-2.99,1,0,0,0,0,caucasian,32,0.939849537037037,0,0,0,single
37450.0,8,-0.77,9,1,0,1,0,african-american,32,0.3860069444444444,13,1,1,single
56969.0,5,-2.57,2,0,0,0,0,caucasian,32,7.079652777777778,0,0,0,single
19311.0,9,-2.23,4,1,0,1,0,african-american,32,1.1410763888888888,19,3,0,single
2854.0,5,-2.54,3,0,0,0,0,african-american,32,0.9413541666666668,4,0,0,single
59681.0,5,-2.43,3,1,0,1,0,caucasian,32,6.725127314814815,10,3,0,single
58796.0,5,-1.8,5,1,1,1,0,african-american,32,19.82417824074074,1,0,0,significant other
57044.0,4,-2.2,4,0,0,0,0,caucasian,32,40.0615162037037,2,0,0,single
16757.0,4,-2.19,4,0,0,0,0,caucasian,32,86.13465277777777,3,0,0,single
36505.0,10,-1.7,6,0,0,0,0,african-american,32,56.090069444444445,9,3,0,single
53994.0,3,-2.63,2,1,0,1,1,african-american,32,1.1363310185185185,0,0,1,single
58060.0,7,-2.01,4,1,1,1,0,african-american,32,4.064618055555556,6,0,0,single
53726.0,1,-3.02,1,0,0,0,0,caucasian,32,19.073564814814816,0,0,1,single
61431.0,3,-2.14,4,1,0,1,0,african-american,32,1.0503703703703704,4,0,0,significant other
62216.0,9,-1.72,6,0,0,0,0,african-american,32,0.0496875,0,0,0,significant other
44355.0,6,-2.15,4,1,1,1,0,african-american,32,34.699930555555554,6,0,0,single
60019.0,2,-2.93,2,1,0,1,0,african-american,31,0.8211921296296296,6,0,0,single
60866.0,1,-3.13,1,0,0,0,1,african-american,31,0.0055902777777777,0,0,1,single
50951.0,6,-1.54,6,0,0,0,0,african-american,31,25.92388888888889,6,2,0,single
4367.0,7,-2.1,4,1,0,1,0,african-american,31,0.8636805555555556,8,0,1,single
59595.0,5,-1.37,7,0,0,0,0,caucasian,31,32.08125,3,0,1,single
57040.0,1,-2.86,2,1,0,1,0,african-american,31,0.155625,3,1,0,single
54490.0,8,-2.18,4,0,0,0,0,caucasian,31,0.4156712962962963,10,0,1,single
20209.0,7,-1.45,7,1,0,1,0,african-american,31,1.0507638888888888,11,0,1,significant other
51245.0,1,-2.98,1,0,0,0,0,caucasian,31,0.9523611111111112,0,0,0,single
52013.0,2,-2.91,2,0,0,0,0,hispanic,31,0.1277314814814814,0,0,1,single
57711.0,2,-2.68,2,0,0,0,0,african-american,31,0.1339699074074074,0,0,1,single
54016.0,3,-1.86,5,0,0,0,0,hispanic,31,1.3694791666666666,1,1,1,single
54324.0,4,-1.71,6,0,0,0,0,african-american,31,2.0358564814814817,2,0,1,single
52800.0,9,-2.7,2,0,0,0,0,caucasian,31,28.21265046296296,8,0,1,single
52197.0,7,-2.05,4,1,0,1,0,caucasian,31,35.32478009259259,0,0,0,single
57946.0,2,-2.71,2,0,0,0,1,african-american,31,1.148113425925926,2,0,0,single
27065.0,3,-2.37,3,0,0,0,0,hispanic,31,0.9760185185185184,3,0,0,single
60321.0,7,-0.8,9,0,0,0,0,caucasian,31,0.1343634259259259,3,0,1,single
61404.0,5,-2.68,2,0,0,0,0,caucasian,31,38.97078703703704,0,0,1,single
47893.0,9,-2.31,3,1,1,1,0,african-american,31,0.9405092592592592,5,1,1,single
52859.0,9,-1.35,7,1,0,1,0,hispanic,31,2.747800925925926,8,3,1,single
55268.0,3,-2.62,2,0,0,0,1,caucasian,31,0.9022337962962964,0,0,1,significant other
44233.0,9,-1.74,5,1,0,1,0,african-american,31,0.9779050925925926,8,0,0,single
54432.0,2,-2.74,2,1,0,0,0,african-american,31,2.211400462962963,2,0,0,single
59202.0,6,-2.32,3,0,0,0,0,african-american,31,2.001377314814815,0,0,0,other
60594.0,7,-1.6,6,0,0,0,0,caucasian,31,0.1560763888888889,0,0,0,single
54639.0,3,-2.66,2,1,0,1,0,caucasian,31,0.2246875,6,0,1,single
54687.0,7,-1.98,4,1,0,1,1,caucasian,31,1.1906018518518515,3,0,0,single
56926.0,5,-2.59,2,0,0,0,0,caucasian,31,0.7094791666666667,1,0,0,single
53863.0,5,-2.06,4,1,0,1,0,african-american,31,0.1661921296296296,2,0,0,single
57537.0,7,-2.58,2,1,1,1,0,hispanic,31,0.9948611111111112,19,1,0,single
54193.0,8,-2.62,2,1,0,1,1,african-american,31,0.6808449074074074,9,0,0,single
58650.0,6,-2.17,4,0,0,0,1,african-american,31,4.139467592592593,0,0,1,single
60154.0,5,-2.78,2,1,0,1,1,african-american,31,1.074282407407407,7,0,0,single
52492.0,10,-1.48,7,0,0,0,0,african-american,31,104.05028935185184,15,0,0,single
59314.0,5,-2.53,3,0,0,0,1,african-american,31,61.85084490740741,3,0,0,single
43041.0,7,-1.94,5,1,0,1,1,caucasian,31,26.6253125,9,0,0,separated
56744.0,7,-2.24,3,0,0,0,0,caucasian,31,10.237083333333333,6,0,1,single
53962.0,5,-1.82,5,1,0,0,0,african-american,31,0.9188541666666666,5,0,1,single
33171.0,8,-1.48,7,1,0,1,0,african-american,31,117.88091435185186,25,3,1,single
54495.0,1,-3.06,1,1,1,1,0,other,31,0.7096643518518518,3,0,1,single
51457.0,10,-1.31,7,1,0,1,0,african-american,31,336.9075462962963,5,1,0,single
56636.0,9,-1.4,7,1,0,1,0,african-american,31,291.03725694444444,12,3,0,single
51438.0,3,-2.84,2,1,0,0,0,african-american,31,229.8485300925926,1,0,0,single
53439.0,3,-2.32,3,1,0,1,0,caucasian,31,0.3134490740740741,3,0,1,single
56652.0,7,-2.11,4,0,0,0,0,african-american,31,6.900775462962963,5,0,0,single
53942.0,7,-2.63,2,0,0,0,0,hispanic,31,5.9268171296296295,1,0,0,single
53296.0,3,-2.4,3,0,0,0,0,other,31,67.58839120370371,0,0,0,single
60151.0,2,-2.79,2,0,0,0,1,african-american,31,0.6707175925925926,0,0,1,single
59285.0,1,-3.03,1,0,0,0,0,other,31,0.952650462962963,1,0,1,significant other
53422.0,8,-2.13,4,1,0,1,0,african-american,31,1.0630671296296297,6,0,0,single
61287.0,3,-3.04,1,0,0,0,1,african-american,31,0.1258101851851852,0,0,0,single
53696.0,3,-2.79,2,0,0,0,0,african-american,31,0.8135648148148148,0,0,0,single
24479.0,6,-2.01,4,1,0,1,0,caucasian,31,470.06717592592594,9,3,0,single
55693.0,8,-1.58,6,1,1,1,0,african-american,31,0.9581828703703704,9,0,0,single
61245.0,3,-2.97,1,1,0,1,1,hispanic,31,1.105949074074074,2,0,0,significant other
53727.0,7,-1.3,7,1,0,1,0,african-american,31,77.93638888888889,7,0,0,single
61823.0,3,-2.89,2,0,0,0,0,caucasian,31,1.2055092592592591,7,0,1,single
60543.0,10,0.16,10,0,0,0,0,african-american,31,0.231875,0,0,0,separated
54558.0,5,-2.74,2,1,0,1,1,african-american,31,0.2531828703703703,0,0,0,single
59894.0,4,-2.16,4,0,0,0,0,african-american,31,0.6323032407407407,0,0,1,single
53405.0,1,-3.06,1,0,0,0,0,caucasian,31,81.75640046296296,0,0,0,single
51395.0,6,-2.6,2,1,0,1,0,african-american,31,181.9207638888889,10,1,0,single
53917.0,9,-1.77,5,1,0,1,0,hispanic,31,1.1141666666666667,7,1,1,single
53707.0,4,-2.74,2,0,0,0,0,african-american,31,41.04844907407407,6,0,0,single
41515.0,10,-1.53,6,1,1,1,0,african-american,31,31.34609953703704,6,3,0,significant other
58093.0,7,-1.2,8,0,0,0,0,african-american,31,1.187824074074074,1,0,1,single
51818.0,2,-2.68,2,0,0,0,0,african-american,31,3.817835648148148,0,0,1,significant other
51373.0,5,-2.48,3,1,0,1,0,african-american,31,1.0559722222222223,10,4,0,single
57384.0,3,-2.1,4,1,0,1,0,african-american,31,0.925787037037037,4,0,0,single
54120.0,5,-2.07,4,0,0,0,0,caucasian,31,2.2690277777777776,0,0,0,single
45763.0,10,-0.96,9,1,0,1,0,african-american,31,0.6824768518518518,13,0,1,single
42487.0,6,-2.59,2,0,0,0,1,african-american,31,0.9034375,10,0,0,single
56519.0,2,-3.04,1,0,0,0,0,african-american,31,0.0043287037037037,0,0,0,single
59196.0,8,-1.16,8,1,0,1,0,african-american,31,1.6335300925925926,0,0,0,single
61601.0,1,-3.11,1,0,0,0,0,other,31,2.808738425925926,0,0,1,separated
60339.0,9,-2.08,4,0,0,0,0,african-american,31,1.8733796296296297,0,0,1,single
56114.0,3,-2.5,3,1,0,1,1,caucasian,31,0.2604629629629629,1,0,0,single
55824.0,4,-2.36,3,1,0,0,0,caucasian,31,10.819953703703703,2,0,1,single
50848.0,1,-2.84,2,0,0,0,0,caucasian,31,5.186678240740741,0,0,1,significant other
57338.0,8,-1.79,5,0,0,0,1,african-american,31,2.051875,0,0,0,single
51371.0,5,-2.64,2,1,0,1,0,african-american,31,11.045393518518518,5,0,0,single
57808.0,2,-2.22,4,0,0,0,0,african-american,31,1.070509259259259,0,0,0,single
50912.0,5,-2.48,4,1,0,1,1,caucasian,31,10.695925925925923,1,0,1,single
52869.0,6,-2.09,4,1,0,0,0,other,31,3.1675,5,0,0,single
30343.0,7,-2.25,3,1,0,1,0,african-american,31,0.9233680555555556,9,0,1,single
51032.0,2,-2.95,1,1,0,1,1,african-american,31,1.866828703703704,1,0,1,single
27354.0,5,-1.45,7,1,0,0,0,african-american,31,135.97283564814813,15,1,0,single
1296.0,3,-2.65,2,1,0,1,0,african-american,31,1.0188194444444445,4,0,1,significant other
58414.0,4,-2.71,2,0,0,0,0,african-american,31,1.1040277777777778,7,0,1,single
51463.0,2,-2.69,2,1,0,1,1,african-american,31,0.5439467592592593,3,0,1,single
6436.0,8,-1.14,8,0,0,0,1,african-american,31,1.813125,14,0,0,single
60718.0,7,-1.4,7,1,1,1,0,caucasian,31,26.804548611111112,4,0,1,single
53801.0,7,-2.25,3,0,0,0,0,african-american,31,0.0027777777777777,0,0,0,single
7022.0,10,-1.98,4,1,0,1,0,african-american,31,4.72894675925926,15,4,1,single
57188.0,10,-1.73,6,0,0,0,0,african-american,31,0.9079050925925926,1,0,0,single
46183.0,8,-1.56,6,0,0,0,0,african-american,31,0.154074074074074,6,0,0,single
56144.0,10,-1.78,5,0,0,0,1,caucasian,31,0.9955787037037036,14,2,0,single
2361.0,3,-2.41,3,1,0,1,0,hispanic,31,13.03519675925926,8,0,0,single
60561.0,5,-1.98,4,0,0,0,0,caucasian,31,0.2934953703703704,3,0,1,single
52833.0,2,-2.88,2,0,0,0,1,hispanic,31,0.9157060185185184,0,0,1,significant other
59532.0,2,-2.75,2,0,0,0,0,other,31,9.079236111111111,0,0,1,significant other
58612.0,2,-2.71,2,1,0,1,0,other,31,1.2468402777777778,6,0,1,significant other
46280.0,6,-1.62,6,1,0,1,0,hispanic,31,37.19517361111111,5,0,0,single
58879.0,9,-1.83,5,0,0,0,1,caucasian,31,4.933194444444444,0,0,1,significant other
54649.0,6,-2.11,4,1,0,1,0,african-american,31,8.040277777777778,10,0,0,single
55927.0,9,-1.32,7,1,0,1,0,hispanic,31,117.22524305555557,8,0,0,single
55040.0,9,-1.65,6,1,0,1,0,african-american,31,4.6628125,10,5,0,single
52526.0,2,-2.83,2,0,0,0,0,african-american,31,0.919525462962963,2,0,0,single
32908.0,9,-0.97,9,1,0,1,0,african-american,31,0.8124074074074074,19,0,0,single
56887.0,5,-2.7,2,0,0,0,0,african-american,31,8.012337962962963,0,0,0,single
51787.0,5,-2.5,3,0,0,0,1,african-american,31,0.8602314814814814,1,0,1,single
50393.0,3,-2.54,3,1,0,1,0,caucasian,31,15.130208333333334,2,0,1,single
58734.0,1,-2.91,2,0,0,0,0,african-american,31,13.982025462962962,1,0,0,single
61273.0,6,-1.97,5,0,0,0,1,african-american,31,2.397083333333333,0,0,1,single
50925.0,6,-1.54,6,0,0,0,0,african-american,31,6.595069444444444,1,0,0,single
18100.0,10,-1.04,8,1,1,1,0,african-american,31,47.96710648148148,4,0,1,single
56733.0,5,-2.92,2,1,0,1,0,african-american,31,0.9567824074074074,1,0,1,significant other
54268.0,4,-2.31,3,0,0,0,0,african-american,31,21.826793981481483,0,0,1,single
54429.0,2,-2.85,2,0,0,0,0,other,31,1.2955324074074075,5,1,1,single
59735.0,4,-2.27,3,1,0,0,0,african-american,31,2.1294791666666666,5,0,0,single
59717.0,2,-2.76,2,0,0,0,1,caucasian,31,0.7727777777777778,0,0,1,separated
58169.0,9,-0.79,9,1,0,1,0,african-american,31,53.054282407407406,6,0,0,significant other
54607.0,3,-2.74,2,0,0,0,0,hispanic,31,49.74861111111111,2,0,0,single
59799.0,2,-2.96,1,0,0,0,0,african-american,31,70.00121527777777,4,0,0,single
51166.0,8,-2.11,4,1,1,1,0,caucasian,31,116.9178587962963,9,0,0,significant other
62336.0,1,-2.43,3,1,0,1,0,african-american,31,43.34634259259259,2,1,0,single
62286.0,4,-3.08,1,1,0,1,1,caucasian,31,27.183263888888888,2,0,0,single
53354.0,5,-1.94,5,0,0,0,0,african-american,31,0.9480671296296296,3,1,0,single
52378.0,4,-1.9,5,0,0,0,0,caucasian,31,77.8950462962963,0,0,0,single
55075.0,8,-2.34,3,0,0,0,0,african-american,31,0.1830555555555555,15,0,0,significant other
56997.0,10,-0.12,10,0,0,0,0,african-american,31,0.2536111111111111,5,0,1,single
51132.0,4,-2.24,3,1,0,1,0,caucasian,31,0.8249884259259259,3,0,1,significant other
51163.0,8,-1.02,8,1,0,1,0,caucasian,31,29.166030092592592,4,0,0,single
60262.0,2,-2.71,2,1,0,1,0,caucasian,31,0.1404282407407407,1,0,1,single
53269.0,8,-1.8,5,1,0,1,0,african-american,31,40.03431712962963,12,3,1,significant other
61137.0,8,-2.11,4,0,0,0,1,african-american,31,1.2356712962962964,10,2,0,single
20972.0,8,-1.17,8,1,1,1,0,african-american,31,27.03717592592593,9,0,1,single
58382.0,1,-2.95,1,0,0,0,0,caucasian,31,0.8364467592592593,0,0,0,single
56444.0,1,-3.02,1,0,0,0,0,other,31,1.103726851851852,0,0,1,single
53665.0,7,-2.15,4,0,0,0,0,african-american,31,0.9703819444444444,0,0,0,single
51176.0,10,-1.61,6,1,0,1,0,hispanic,31,482.587974537037,16,0,0,single
59041.0,5,-2.22,4,1,1,1,0,caucasian,31,1.053263888888889,6,0,0,single
60709.0,4,-2.69,2,1,0,1,0,caucasian,31,0.8670833333333333,3,1,1,single
56651.0,1,-2.82,2,0,0,0,0,other,31,1.3144675925925926,5,1,0,single
55120.0,2,-2.96,1,0,0,0,1,caucasian,31,0.6448726851851851,1,0,0,single
57243.0,10,-1.62,6,1,0,1,0,african-american,31,0.1334837962962963,1,0,0,single
31075.0,4,-2.01,4,1,0,1,0,african-american,31,54.28269675925926,7,0,0,single
51592.0,2,-2.91,2,0,0,0,0,hispanic,31,1.675011574074074,0,0,0,single
57842.0,4,-2.48,3,0,0,0,0,caucasian,31,3.0700810185185183,6,0,0,single
52674.0,6,-2.15,4,1,0,1,0,caucasian,31,0.295625,5,0,0,single
55943.0,2,-3.02,2,0,0,0,0,other,31,0.2142824074074074,0,0,1,significant other
55794.0,8,-2.52,3,1,0,1,0,african-american,31,19.905763888888888,3,0,1,single
60145.0,4,-2.69,2,0,0,0,0,african-american,31,1.0644097222222222,1,0,1,single
53052.0,1,-3.04,1,0,0,0,0,hispanic,31,1.1616435185185183,0,0,0,single
52494.0,1,-2.92,2,0,0,0,0,hispanic,31,0.5591087962962963,0,0,1,single
55217.0,6,-1.8,5,0,0,0,0,hispanic,31,117.18748842592592,1,0,1,single
55790.0,6,-2.1,4,1,1,1,1,african-american,31,1.922824074074074,0,0,1,single
54714.0,1,-2.92,2,0,0,0,0,african-american,31,1.1573842592592594,1,0,1,significant other
50883.0,5,-2.58,2,1,0,1,0,african-american,31,0.923761574074074,3,0,0,single
59295.0,8,-1.7,6,1,1,1,0,caucasian,31,1.9886226851851847,4,2,0,significant other
8206.0,10,-1.95,5,1,0,1,0,african-american,31,0.8345023148148148,6,0,1,significant other
61864.0,1,-3.07,1,0,0,0,1,caucasian,31,1.6910185185185185,2,0,0,single
55934.0,2,-2.96,1,0,0,0,0,hispanic,31,3.131111111111111,1,0,1,significant other
60033.0,1,-2.86,2,0,0,0,0,caucasian,31,0.9756597222222222,0,0,1,single
56773.0,2,-2.86,2,1,0,1,1,african-american,31,0.8856712962962963,2,0,0,single
43996.0,3,-2.89,2,0,0,0,0,caucasian,31,0.226261574074074,2,0,1,single
56445.0,8,-1.2,8,1,0,1,0,hispanic,31,17.07790509259259,1,0,0,single
59487.0,8,-2.48,3,1,1,1,0,african-american,31,24.19019675925926,4,0,0,single
47971.0,3,-2.74,2,1,0,1,0,caucasian,31,39.03820601851852,1,0,0,single
57132.0,1,-3.06,1,0,0,0,0,african-american,31,0.1868287037037037,1,0,1,single
51123.0,8,-2.26,3,0,0,0,0,african-american,31,0.997662037037037,5,1,1,single
59303.0,10,-0.85,9,1,1,1,0,hispanic,31,0.1757407407407407,0,0,0,single
34412.0,8,-1.83,5,0,0,0,1,african-american,31,0.7885763888888889,4,0,0,single
61574.0,3,-2.68,2,0,0,0,1,african-american,31,2.0005208333333333,2,0,1,single
54433.0,2,-2.19,4,1,1,1,0,other,31,13.353078703703703,2,0,0,significant other
59221.0,9,-1.72,6,1,0,1,0,african-american,31,52.93274305555556,16,4,0,single
55047.0,10,-1.27,7,0,0,0,0,hispanic,31,80.9890625,0,0,0,single
2247.0,5,-1.8,5,0,0,0,0,caucasian,31,1.2090625,6,0,1,single
53101.0,5,-1.9,5,0,0,0,0,caucasian,31,16.141585648148148,2,0,0,single
60191.0,5,-2.67,2,0,0,0,0,hispanic,31,0.7279629629629629,0,0,1,single
54211.0,6,-2.32,3,0,0,0,1,caucasian,31,117.11548611111112,2,0,1,separated
58104.0,8,-1.86,5,1,1,0,0,african-american,31,19.24086805555556,6,0,1,single
39518.0,6,-1.62,6,1,0,1,0,caucasian,31,3.859699074074074,2,1,1,significant other
54401.0,2,-2.65,2,0,0,0,0,other,31,0.8534953703703704,1,0,0,single
52518.0,10,-1.45,7,1,1,1,0,caucasian,31,471.25944444444445,13,0,0,single
14837.0,8,-2.68,2,1,0,1,0,caucasian,31,1.1715972222222222,9,0,1,single
58002.0,5,-2.08,4,1,0,1,1,caucasian,31,1.2197337962962962,2,2,0,single
53393.0,2,-2.68,2,0,0,0,0,caucasian,31,1.2452430555555556,1,0,0,single
56758.0,1,-3.0,1,1,0,0,0,caucasian,31,0.0633217592592592,1,0,1,single
52219.0,5,-2.26,3,1,0,1,0,caucasian,31,1.623449074074074,3,0,0,single
58428.0,1,-3.1,1,0,0,0,1,african-american,31,2.2900347222222224,0,0,0,significant other
53230.0,2,-2.94,2,0,0,0,1,caucasian,31,3.906550925925926,0,0,1,single
60903.0,2,-2.61,2,0,0,0,0,african-american,31,0.8324189814814815,0,0,0,single
3857.0,10,-0.62,10,1,1,1,0,african-american,31,3.785474537037037,8,2,1,single
52290.0,3,-2.33,3,0,0,0,0,other,31,1.181469907407407,0,0,1,single
53295.0,1,-2.98,1,0,0,0,0,hispanic,31,1.045613425925926,0,0,1,separated
56955.0,1,-2.85,2,0,0,0,0,african-american,31,1.2299305555555555,1,0,0,single
60538.0,5,-2.57,2,1,0,1,0,caucasian,31,1.0886111111111112,5,0,0,single
52623.0,7,-2.33,3,0,0,0,0,african-american,31,0.8961921296296296,9,0,0,significant other
51274.0,2,-2.29,3,1,0,0,0,african-american,31,1.0678125,1,0,1,significant other
57164.0,2,-2.92,2,0,0,0,1,african-american,31,1.1273032407407408,0,0,0,single
60032.0,5,-2.1,4,1,0,1,1,african-american,31,176.13666666666666,2,0,0,single
53691.0,3,-2.71,2,0,0,0,0,african-american,30,5.940439814814815,4,0,0,single
56996.0,4,-2.41,3,0,0,0,0,caucasian,30,0.994074074074074,2,0,0,single
54682.0,1,-2.96,1,1,0,1,0,african-american,30,0.2428703703703703,0,0,1,significant other
59095.0,2,-2.7,2,0,0,0,0,caucasian,30,3.813726851851852,1,0,1,single
51807.0,10,-0.98,9,0,0,0,0,african-american,30,117.14429398148148,11,5,0,single
46884.0,4,-1.97,5,0,0,0,0,hispanic,30,37.75349537037037,7,0,1,single
52706.0,1,-2.94,2,0,0,0,0,african-american,30,0.9051388888888888,1,0,0,single
53267.0,7,-1.94,5,1,1,1,0,african-american,30,1.245925925925926,4,0,1,single
56195.0,5,-2.48,3,1,0,1,0,african-american,30,1.0162962962962965,2,0,0,single
62379.0,1,-3.0,1,0,0,0,0,african-american,30,0.8108101851851852,0,0,1,significant other
58471.0,1,-3.0,1,0,0,0,0,african-american,30,2.197754629629629,0,0,0,significant other
12715.0,4,-1.61,6,1,1,1,0,hispanic,30,55.15091435185185,14,1,0,significant other
52668.0,6,-1.66,6,1,1,1,0,african-american,30,1.090173611111111,5,1,0,single
54164.0,9,-1.63,6,0,0,0,0,african-american,30,93.73332175925924,10,1,0,single
40426.0,2,-2.94,2,0,0,0,0,caucasian,30,62.38092592592593,4,0,0,single
47480.0,6,-1.99,4,1,0,1,0,african-american,30,0.9480208333333332,10,0,0,single
53079.0,2,-2.33,3,0,0,0,0,african-american,30,0.8028356481481481,1,0,1,single
53634.0,3,-2.8,2,1,0,0,0,african-american,30,17.172905092592593,1,0,0,significant other
52017.0,2,-2.45,3,0,0,0,0,caucasian,30,0.2845023148148148,2,0,0,single
56345.0,6,-2.51,3,1,0,1,1,caucasian,30,2.8691203703703705,0,0,0,single
52717.0,2,-2.77,2,0,0,0,0,african-american,30,0.1272800925925926,4,0,0,single
36458.0,4,-1.97,5,0,0,0,0,hispanic,30,2.1136921296296296,3,0,1,separated
60644.0,2,-2.92,2,0,0,0,0,african-american,30,1.875324074074074,1,1,1,other
52657.0,7,-1.19,8,0,0,0,0,african-american,30,70.12737268518518,1,0,0,single
51522.0,1,-2.94,2,1,0,1,0,african-american,30,0.1388888888888889,0,0,1,single
50943.0,8,-2.33,3,1,0,1,0,other,30,5.7296875,5,0,1,single
3467.0,9,-1.42,7,1,0,1,0,african-american,30,2.0697337962962963,14,1,0,single
62247.0,2,-2.54,3,0,0,0,1,african-american,30,0.1426967592592592,0,0,0,single
23615.0,9,-0.94,9,1,0,1,0,african-american,30,64.96542824074074,8,0,0,single
59963.0,3,-2.87,2,0,0,0,0,african-american,30,1.8776967592592595,7,1,0,single
61838.0,1,-3.1,1,0,0,0,0,african-american,30,0.2731597222222222,0,0,1,single
61485.0,1,-2.98,1,1,0,1,0,caucasian,30,1.1560300925925926,1,0,0,single
53022.0,2,-2.98,1,0,0,0,1,african-american,30,0.8569907407407408,1,0,0,single
22566.0,8,-2.41,3,1,0,1,0,african-american,30,64.1130787037037,14,0,0,single
53333.0,2,-2.75,2,0,0,0,0,african-american,30,7.161273148148148,4,0,0,single
14639.0,8,-2.16,4,1,0,1,1,african-american,30,1.0797222222222222,15,0,1,single
58352.0,2,-2.83,2,0,0,0,0,african-american,30,1.0127777777777778,0,0,0,significant other
54880.0,2,-2.57,2,1,0,1,0,african-american,30,5.760462962962963,3,0,1,significant other
28633.0,9,-1.98,4,1,0,1,0,african-american,30,20.12125,15,0,0,single
59117.0,3,-2.92,2,0,0,0,0,caucasian,30,0.0308564814814814,0,0,1,single
54792.0,2,-2.82,2,0,0,0,1,caucasian,30,0.6659490740740741,0,0,1,separated
60115.0,1,-2.98,1,0,0,0,0,hispanic,30,1.0103125,0,0,1,significant other
56456.0,2,-2.69,2,0,0,0,0,hispanic,30,17.013483796296295,1,0,0,significant other
61747.0,2,-2.9,2,0,0,0,0,african-american,30,1.0309143518518518,3,0,0,single
52503.0,2,-2.7,2,0,0,0,0,other,30,5.905763888888889,0,0,0,significant other
55135.0,2,-2.59,2,0,0,0,0,african-american,30,16.184733796296296,2,0,0,single
54502.0,4,-2.29,3,0,0,0,0,caucasian,30,1.8385416666666667,0,0,0,single
61689.0,1,-2.94,2,0,0,0,0,african-american,30,1.3253703703703703,0,0,0,single
58670.0,1,-2.96,1,0,0,0,0,hispanic,30,0.7402777777777778,0,0,1,significant other
59476.0,4,-2.86,2,1,0,1,0,african-american,30,1.179398148148148,0,0,0,single
53366.0,6,-2.09,4,1,1,0,0,african-american,30,0.8486458333333333,8,2,0,single
54736.0,7,-2.06,4,0,0,0,1,african-american,30,2.7984375,2,0,0,single
57020.0,2,-2.64,2,0,0,0,0,hispanic,30,6.008078703703704,2,0,0,single
53338.0,7,-2.06,4,1,0,1,1,caucasian,30,530.0848958333333,3,0,0,single
53089.0,1,-2.92,2,0,0,0,0,african-american,30,4.470625,1,0,1,single
59545.0,9,-1.46,7,1,0,1,1,african-american,30,0.1954050925925926,15,0,0,single
59310.0,7,-2.26,3,1,0,1,1,african-american,30,6.05113425925926,11,0,0,single
50913.0,6,-2.21,4,1,0,1,0,african-american,30,1.2035879629629629,6,0,0,separated
57089.0,2,-2.64,2,0,0,0,0,african-american,30,0.9332291666666668,1,0,0,single
34284.0,3,-2.78,2,1,0,1,0,african-american,30,1.212349537037037,9,0,0,single
47196.0,8,-2.17,4,1,1,1,0,african-american,30,32.77873842592592,8,1,1,single
10984.0,3,-2.52,3,0,0,0,0,african-american,30,0.9677546296296295,7,0,0,single
60141.0,10,-0.99,9,1,0,1,1,african-american,30,0.2728587962962963,10,5,0,single
53927.0,9,-1.19,8,1,1,1,0,other,30,0.8887615740740741,4,0,1,single
56348.0,2,-2.73,2,1,0,1,0,other,30,0.8842129629629629,1,0,1,significant other
52167.0,6,-2.62,2,0,0,0,1,african-american,30,1.8651157407407408,4,1,0,single
52855.0,4,-2.23,4,1,0,1,0,caucasian,30,96.09616898148148,4,3,0,single
52520.0,4,-2.26,3,1,0,1,0,african-american,30,132.00586805555557,1,0,0,single
59678.0,2,-2.72,2,1,1,1,0,african-american,30,0.9216435185185186,0,0,0,single
60706.0,8,-1.52,6,0,0,0,0,african-american,30,0.9891550925925926,1,0,1,single
60761.0,2,-2.88,2,0,0,0,0,caucasian,30,0.2195717592592592,0,0,0,single
51462.0,2,-2.83,2,0,0,0,0,other,30,10.144780092592592,0,0,0,single
55489.0,4,-1.65,6,0,0,0,0,african-american,30,2.2438541666666665,1,0,1,single
57631.0,10,-1.62,6,0,0,0,0,african-american,30,54.05804398148148,4,0,1,single
59474.0,1,-2.96,1,0,0,0,0,other,30,0.891875,0,0,0,single
53906.0,4,-2.53,3,0,0,0,0,african-american,30,3.852048611111111,0,0,0,single
55115.0,4,-2.66,2,1,0,1,0,african-american,30,2.084988425925926,3,0,0,single
58473.0,2,-2.85,2,0,0,0,1,other,30,1.1125694444444445,1,0,0,single
52763.0,5,-2.78,2,1,1,1,0,caucasian,30,108.85371527777778,10,0,0,single
52208.0,2,-2.64,2,1,0,1,0,african-american,30,0.8863194444444444,3,0,0,single
59803.0,9,-2.26,3,1,0,1,1,african-american,30,8.178055555555556,1,0,0,single
5390.0,7,-2.46,3,1,0,1,0,african-american,30,0.1667939814814814,6,1,1,single
54097.0,4,-2.15,4,1,1,1,0,caucasian,30,12.355648148148148,3,0,0,single
62160.0,8,-2.1,4,1,1,1,0,african-american,30,0.9147685185185184,2,0,0,single
53872.0,8,-1.55,6,1,1,1,0,caucasian,30,0.1221643518518518,1,0,1,separated
56537.0,10,-1.11,8,0,0,0,0,african-american,30,17.86634259259259,18,3,1,single
60146.0,5,-2.93,2,1,0,1,1,african-american,30,0.9985300925925926,0,0,1,single
13032.0,2,-2.48,3,0,0,0,0,african-american,30,1.868391203703704,1,0,1,single
61813.0,2,-2.77,2,0,0,0,0,african-american,30,1.122025462962963,4,0,1,single
35599.0,5,-2.52,3,0,0,0,0,african-american,30,2.152002314814814,3,0,0,single
5287.0,8,-2.39,3,1,0,1,1,african-american,30,1.4823958333333334,8,0,0,single
61419.0,8,-2.58,2,1,0,1,0,caucasian,30,36.3425,2,0,1,single
55567.0,4,-2.67,2,0,0,0,0,caucasian,30,3.831435185185185,4,0,0,single
50983.0,10,-1.37,7,1,1,1,1,african-american,30,5.162361111111111,14,5,0,single
57672.0,8,-2.11,4,1,0,1,0,african-american,30,0.2717361111111111,7,0,0,single
54285.0,1,-2.78,2,0,0,0,0,caucasian,30,0.1337731481481481,0,0,1,single
51805.0,4,-2.43,3,0,0,0,1,african-american,30,2.018738425925926,1,0,1,single
60013.0,4,-2.46,3,0,0,0,0,african-american,30,5.873912037037037,2,0,1,single
29601.0,3,-2.77,2,1,0,1,0,african-american,30,1.9400578703703704,2,0,0,single
51547.0,1,-2.84,2,0,0,0,0,other,30,1.2464699074074077,0,0,0,significant other
58417.0,3,-2.8,2,0,0,0,0,caucasian,30,1.843912037037037,0,0,0,single
60003.0,6,-1.48,7,1,0,1,0,african-american,30,22.941631944444445,14,0,0,single
51363.0,1,-2.88,2,0,0,0,0,caucasian,30,0.7028935185185186,0,0,0,single
55116.0,1,-3.02,1,0,0,0,0,caucasian,30,0.8964236111111111,1,0,1,single
52234.0,3,-2.69,2,1,0,0,0,other,30,0.8835995370370371,6,0,1,significant other
51689.0,4,-2.29,3,1,1,1,0,african-american,30,1.0438888888888889,5,0,0,single
53152.0,6,-2.57,2,1,0,1,0,african-american,30,7.183784722222223,10,1,0,single
60531.0,6,-1.87,5,1,0,1,0,caucasian,30,7.030578703703704,9,0,1,single
52002.0,2,-2.8,2,1,0,1,0,hispanic,30,0.4678009259259259,1,0,0,single
58231.0,5,-2.59,2,0,0,0,1,african-american,30,1.0311574074074077,4,0,0,single
57139.0,3,-2.74,2,0,0,0,1,caucasian,30,0.1892824074074074,1,0,1,single
40315.0,9,-0.43,10,1,0,1,0,caucasian,30,44.211226851851855,9,0,0,single
51380.0,4,-1.89,5,0,0,0,0,caucasian,30,56.376921296296295,0,0,1,single
51127.0,2,-2.6,2,0,0,0,0,caucasian,30,35.23939814814815,1,0,1,single
52984.0,5,-2.77,2,0,0,0,1,caucasian,30,1.127349537037037,0,0,0,single
56857.0,4,-2.58,2,0,0,0,0,caucasian,30,5.971076388888889,0,0,0,single
4973.0,9,-1.88,5,1,1,1,0,other,30,1.1859837962962962,13,0,0,single
57505.0,9,-1.45,7,0,0,0,0,african-american,30,0.1675925925925926,1,0,0,single
53370.0,4,-2.29,3,0,0,0,0,caucasian,30,0.6579166666666667,3,0,1,single
56544.0,4,-1.57,6,1,0,1,0,african-american,30,180.7532175925926,5,0,0,single
53183.0,10,-1.41,7,1,0,1,0,african-american,30,602.9508449074074,7,0,0,single
51403.0,2,-2.56,2,0,0,0,0,african-american,30,18.180729166666666,2,0,1,single
51932.0,9,-1.4,7,0,0,0,0,african-american,30,1.2639583333333333,0,0,1,single
57279.0,3,-2.73,2,0,0,0,0,hispanic,30,1.366898148148148,0,0,1,significant other
57710.0,1,-2.86,2,0,0,0,0,caucasian,30,0.1850925925925926,0,0,1,single
25670.0,7,-1.1,8,0,0,0,0,caucasian,30,6.906342592592592,6,0,0,single
53280.0,8,-2.22,4,0,0,0,0,african-american,30,5.336724537037037,4,0,1,single
58493.0,7,-2.26,3,0,0,0,1,caucasian,30,17.923564814814814,7,0,1,single
61056.0,1,-2.88,2,0,0,0,0,caucasian,30,0.2021412037037037,0,0,1,single
51124.0,8,-2.43,3,0,0,0,0,caucasian,30,1.0932060185185186,1,0,0,single
58707.0,2,-2.94,2,0,0,0,1,african-american,30,0.6088078703703703,0,0,1,single
51975.0,6,-2.22,4,1,1,1,0,african-american,30,0.929375,1,0,0,single
57777.0,2,-2.9,2,0,0,0,1,african-american,30,0.9437152777777778,0,0,1,single
53065.0,2,-2.76,2,0,0,0,0,caucasian,30,25.92806712962963,3,0,0,single
52093.0,9,-1.75,5,1,1,1,1,african-american,30,243.09060185185183,9,0,0,single
27796.0,7,-2.06,4,0,0,0,0,african-american,30,0.9210995370370372,1,0,1,significant other
58391.0,1,-2.86,2,0,0,0,0,african-american,30,83.32851851851852,2,0,0,single
51793.0,1,-2.88,2,0,0,0,0,other,30,1.038923611111111,2,0,0,significant other
52333.0,7,-2.27,3,1,0,1,0,african-american,30,1.2338194444444444,21,2,0,single
51681.0,7,-1.71,6,0,0,0,0,african-american,30,1.0194212962962963,2,0,1,significant other
56134.0,7,-1.3,7,1,0,0,0,african-american,30,5.980567129629629,14,1,0,single
50967.0,5,-1.75,5,1,1,1,0,african-american,30,1.906898148148148,3,0,1,single
61817.0,3,-2.67,2,0,0,0,0,caucasian,30,1.0782407407407408,3,0,1,single
59236.0,2,-2.47,3,1,0,1,0,caucasian,30,1.3214467592592594,0,0,1,single
52500.0,3,-2.6,2,1,0,1,1,hispanic,30,1.010185185185185,0,0,1,separated
52489.0,2,-2.84,2,0,0,0,0,hispanic,30,0.0930555555555555,0,0,0,single
59481.0,6,-1.94,5,1,0,1,0,other,30,1.0170717592592593,0,0,1,single
52172.0,6,-1.84,5,1,0,1,0,african-american,30,1.7324421296296295,2,0,0,single
53852.0,2,-2.82,2,1,0,1,0,hispanic,30,5.973460648148148,2,0,1,single
34614.0,5,-2.64,2,0,0,0,0,african-american,30,21.765196759259258,1,0,0,single
28533.0,7,-2.07,4,1,0,1,1,other,30,1.7835648148148149,4,0,0,single
61777.0,1,-2.84,2,0,0,0,0,hispanic,30,0.2233680555555555,0,0,0,significant other
52762.0,3,-2.48,3,0,0,0,1,african-american,30,0.6693402777777778,4,0,0,single
58779.0,3,-2.54,3,0,0,0,1,african-american,30,1.2432175925925926,0,0,1,significant other
60159.0,6,-1.96,5,0,0,0,1,caucasian,30,29.632106481481483,4,0,0,single
9305.0,10,-1.04,8,1,0,1,0,african-american,30,1.7726736111111112,15,3,0,single
48248.0,7,-1.89,5,1,0,1,1,african-american,30,45.19802083333333,8,0,0,single
59189.0,1,-2.86,2,0,0,0,0,african-american,30,1.982974537037037,0,0,0,single
59656.0,1,-2.8,2,1,0,1,0,caucasian,30,0.2467824074074074,0,0,1,separated
52915.0,3,-2.59,2,1,0,1,0,african-american,30,0.1935532407407407,0,0,0,single
51161.0,7,-2.63,2,1,1,1,0,african-american,30,8.03400462962963,9,1,0,single
58013.0,1,-2.95,1,0,0,0,0,hispanic,30,0.2962962962962963,0,0,1,single
21973.0,4,-2.1,4,0,0,0,1,african-american,30,26.10329861111111,3,0,0,single
54554.0,3,-2.62,2,1,0,1,0,caucasian,30,0.7978703703703703,1,0,0,separated
54431.0,9,-1.57,6,1,1,1,0,african-american,30,2.0948148148148147,5,1,0,single
54656.0,8,-1.46,7,1,1,1,0,hispanic,30,0.277349537037037,7,0,0,single
55742.0,6,-1.91,5,0,0,0,1,african-american,30,0.0373842592592592,3,0,1,single
51666.0,10,-1.14,8,1,0,1,1,caucasian,30,7.205763888888889,5,0,0,single
57275.0,9,-2.25,3,1,0,1,0,african-american,30,0.0746296296296296,12,0,0,single
52704.0,3,-2.53,3,0,0,0,0,caucasian,30,65.32885416666667,3,2,0,single
59739.0,5,-2.82,2,0,0,0,0,caucasian,30,28.98043981481481,1,0,0,single
57039.0,2,-2.94,2,0,0,0,1,caucasian,30,1.0150462962962965,0,0,1,single
53466.0,2,-2.88,2,0,0,0,1,caucasian,30,0.1260879629629629,1,1,0,single
50921.0,5,-2.51,3,1,0,1,0,african-american,30,0.5660069444444444,6,0,0,single
58397.0,6,-1.95,5,0,0,0,0,african-american,30,0.1974421296296296,0,0,0,single
60341.0,2,-2.79,2,0,0,0,1,african-american,30,0.8057523148148148,3,0,0,single
3294.0,10,-1.18,8,1,0,1,0,african-american,30,61.83586805555556,18,2,0,single
54900.0,5,-2.21,4,1,0,1,0,other,30,62.39055555555556,5,0,0,single
36615.0,4,-1.85,5,1,1,1,0,african-american,30,1.948923611111111,10,0,1,single
59343.0,3,-2.76,2,1,0,1,0,caucasian,30,0.8048726851851852,1,0,1,single
52336.0,1,-2.88,2,0,0,0,0,other,30,0.9509027777777778,0,0,0,separated
4722.0,8,-2.29,3,1,0,1,0,african-american,30,1.9256712962962963,8,0,0,single
60865.0,3,-2.6,2,0,0,0,1,african-american,30,0.008599537037037,0,0,1,single
51401.0,7,-2.36,3,0,0,0,0,hispanic,30,23.26761574074074,0,0,1,single
51295.0,7,-1.68,6,1,1,1,1,african-american,30,0.9817361111111113,4,0,1,single
18283.0,8,-2.12,4,1,0,1,0,caucasian,30,4.917407407407407,4,0,0,single
58762.0,9,-1.37,7,0,0,0,0,hispanic,30,1.300717592592593,7,0,0,single
61640.0,1,-2.92,2,0,0,0,0,caucasian,30,0.5560879629629629,0,0,0,significant other
58182.0,2,-2.74,2,0,0,0,0,african-american,30,83.71363425925927,1,0,0,significant other
57122.0,1,-2.94,2,0,0,0,0,african-american,30,0.9080787037037036,1,0,0,significant other
53144.0,3,-2.9,2,0,0,0,1,caucasian,30,0.1191898148148148,1,0,0,single
62374.0,1,-2.92,2,0,0,0,0,african-american,30,0.858912037037037,0,0,1,significant other
19164.0,10,-0.99,9,1,0,1,0,african-american,30,93.99457175925926,15,0,0,single
51465.0,9,-1.25,8,1,1,1,0,african-american,30,0.7815046296296296,8,6,1,significant other
46149.0,7,-1.49,7,0,0,0,0,african-american,30,206.1770717592593,3,0,1,single
33731.0,9,-1.71,6,1,0,1,0,african-american,30,9.133229166666666,12,4,0,single
51248.0,2,-2.53,3,0,0,0,0,african-american,30,0.6619560185185185,2,0,0,single
2766.0,5,-1.35,7,0,0,0,0,african-american,30,105.229375,10,0,0,single
57570.0,2,-3.02,1,0,0,0,0,caucasian,30,0.2085416666666666,0,0,1,single
60578.0,2,-2.78,2,0,0,0,1,african-american,30,0.9168402777777778,2,0,0,single
54409.0,8,-2.53,3,0,0,0,0,african-american,30,0.9589467592592592,11,4,0,single
53475.0,2,-2.73,2,1,0,1,0,caucasian,30,0.9908217592592592,2,0,1,significant other
52731.0,6,-2.37,3,1,0,1,0,african-american,30,1.2411689814814817,9,1,0,single
56859.0,3,-2.72,2,0,0,0,1,african-american,30,0.9224421296296296,2,0,1,significant other
62533.0,4,-2.6,3,0,0,0,0,caucasian,30,70.04564814814815,3,0,0,single
52151.0,8,-1.8,5,0,0,0,1,caucasian,30,0.1931597222222222,0,0,1,significant other
51213.0,2,-2.82,2,0,0,0,0,african-american,30,2.833946759259259,0,0,0,single
60436.0,1,-2.78,2,0,0,0,0,african-american,30,47.902453703703706,1,0,0,single
57130.0,2,-2.94,2,0,0,0,0,african-american,30,1.3408564814814814,1,0,0,single
51369.0,4,-2.2,4,0,0,0,0,african-american,30,133.63280092592592,6,0,0,single
59552.0,2,-2.85,2,1,0,1,0,hispanic,30,0.0208333333333333,1,0,0,single
11711.0,9,-1.33,7,1,1,1,0,other,30,17.799016203703705,6,0,0,single
55082.0,2,-2.49,3,0,0,0,0,caucasian,30,0.9814583333333332,0,0,1,single
60656.0,2,-2.71,2,1,0,1,0,other,30,0.6160763888888889,1,0,0,single
59760.0,1,-2.86,2,0,0,0,0,hispanic,30,7.942175925925926,1,0,1,single
56110.0,3,-2.73,2,0,0,0,0,african-american,30,0.901539351851852,5,0,1,single
51963.0,4,-2.17,4,1,0,1,0,caucasian,30,0.1441087962962963,2,1,1,single
46443.0,2,-2.92,2,1,0,0,0,african-american,30,0.7011342592592592,3,1,0,single
35882.0,8,-1.09,8,1,0,1,0,caucasian,30,2.865,5,0,0,single
58764.0,8,-1.06,8,1,0,1,0,african-american,30,15.98199074074074,4,0,1,single
57474.0,1,-2.94,2,0,0,0,0,other,30,1.29875,0,0,0,significant other
54421.0,10,-1.49,7,1,0,1,0,african-american,30,50.12895833333334,9,0,0,single
61104.0,9,-1.26,7,0,0,0,0,caucasian,30,6.006886574074074,2,0,1,significant other
13888.0,9,-1.06,8,1,0,0,0,african-american,30,1.380590277777778,5,0,1,single
58007.0,3,-2.86,2,0,0,0,1,caucasian,30,41.8302662037037,1,0,0,single
61194.0,3,-3.05,1,0,0,0,0,caucasian,30,6.144305555555556,0,0,0,single
59731.0,9,-0.75,9,1,0,1,0,african-american,30,38.70373842592593,7,1,0,single
53285.0,1,-3.0,1,0,0,0,0,other,30,0.9503703703703704,3,2,1,significant other
53480.0,3,-2.69,2,1,0,1,0,hispanic,30,0.9629745370370372,6,0,1,single
52375.0,10,-0.74,9,1,1,1,0,african-american,30,1.2308912037037036,8,0,1,single
10634.0,10,-0.93,9,1,0,1,0,african-american,30,2.8978125,13,4,0,single
26082.0,9,-1.8,5,1,0,1,0,african-american,30,317.0991550925926,20,2,0,single
49888.0,3,-2.37,3,0,0,0,0,caucasian,30,0.9267013888888888,1,1,0,single
53550.0,8,-2.19,4,1,0,1,0,african-american,30,2.652476851851852,11,0,0,single
61017.0,4,-2.09,4,1,0,1,0,african-american,30,1.2843402777777777,9,1,1,single
57599.0,6,-2.37,3,1,1,1,1,african-american,30,12.027210648148149,3,0,0,single
61852.0,9,-1.74,5,1,0,1,0,caucasian,30,0.6315277777777778,3,0,1,significant other
60344.0,2,-2.82,2,0,0,0,1,african-american,30,0.2454629629629629,0,0,1,single
51704.0,6,-2.64,2,0,0,0,1,caucasian,30,7.967719907407408,1,0,1,single
42680.0,10,-1.42,7,1,0,1,0,african-american,30,9.263333333333334,19,1,0,single
60612.0,3,-2.64,2,0,0,0,0,caucasian,30,63.05633101851852,2,0,0,single
54703.0,1,-2.8,2,0,0,0,0,caucasian,30,0.8870833333333333,0,0,1,significant other
60508.0,5,-2.72,2,0,0,0,1,caucasian,30,0.9607523148148148,3,0,0,single
51499.0,5,-2.45,3,1,1,1,0,african-american,30,2.933912037037037,6,0,0,single
53233.0,6,-2.58,2,0,0,0,1,caucasian,30,3.905451388888889,0,0,1,single
53066.0,5,-2.26,3,0,0,0,0,african-american,30,0.1188078703703703,0,0,0,single
56746.0,1,-2.88,2,0,0,0,0,other,30,1.8142592592592592,1,0,0,significant other
52039.0,3,-2.65,2,1,0,0,0,african-american,29,2.247002314814815,7,0,0,single
58658.0,7,-1.98,4,1,0,1,1,caucasian,29,8.870497685185185,2,0,0,single
54532.0,6,-2.4,3,0,0,0,0,african-american,29,37.79248842592592,2,0,0,single
52522.0,2,-2.55,3,1,1,1,0,caucasian,29,1.1299189814814814,0,0,0,single
59489.0,3,-2.68,2,0,0,0,0,caucasian,29,0.7526157407407408,1,0,1,single
61627.0,1,-2.82,2,0,0,0,0,african-american,29,1.2474074074074073,0,0,0,single
44921.0,7,-2.03,4,1,1,1,0,african-american,29,4.754155092592592,9,0,0,single
56426.0,5,-2.03,4,0,0,0,1,african-american,29,179.60936342592592,1,0,0,significant other
23661.0,9,-1.22,8,1,0,1,0,caucasian,29,18.3053125,6,0,0,single
52912.0,3,-2.47,3,1,0,1,0,caucasian,29,0.9829629629629628,0,0,0,single
54672.0,10,-1.09,8,1,0,0,0,african-american,29,2.1988310185185185,5,0,0,single
42656.0,9,-1.8,5,1,0,1,0,african-american,29,18.960185185185185,4,0,0,single
60713.0,1,-2.94,2,1,1,1,0,caucasian,29,0.8032060185185185,0,0,1,single
43241.0,2,-2.21,4,1,0,1,0,african-american,29,0.1305208333333333,12,0,0,single
56066.0,6,-1.01,8,1,0,1,0,african-american,29,0.8457754629629629,6,3,0,single
15784.0,3,-2.11,4,0,0,0,0,african-american,29,1.8329976851851848,7,0,0,single
6431.0,7,-1.81,5,1,0,1,0,african-american,29,5.009895833333333,5,0,0,single
53989.0,3,-2.54,3,0,0,0,1,other,29,47.917569444444446,0,0,0,single
60020.0,1,-2.94,2,0,0,0,0,caucasian,29,13.990682870370373,0,0,0,significant other
57862.0,8,-1.38,7,1,0,1,0,african-american,29,0.2389467592592592,5,0,0,single
58370.0,7,-1.86,5,0,0,0,0,african-american,29,0.1092129629629629,6,1,0,single
60016.0,1,-2.94,2,0,0,0,0,caucasian,29,0.8321759259259259,0,0,1,single
56383.0,5,-2.17,4,0,0,0,1,african-american,29,0.9466087962962964,3,0,0,single
53064.0,7,-2.45,3,1,0,0,1,african-american,29,1.2108796296296296,5,0,0,single
52593.0,2,-2.31,3,1,0,1,0,african-american,29,1.0289351851851851,0,0,1,single
59475.0,8,-1.21,8,1,1,1,0,african-american,29,60.23150462962963,3,1,1,single
56539.0,3,-2.58,2,0,0,0,0,african-american,29,27.071597222222223,2,0,0,single
61845.0,1,-3.02,1,0,0,0,0,african-american,29,0.9934606481481482,0,0,1,single
58224.0,2,-2.64,2,0,0,0,0,african-american,29,72.83431712962962,0,0,0,single
42961.0,9,-1.57,6,1,1,1,0,african-american,29,1.2380324074074074,8,0,1,single
15247.0,7,-1.89,5,1,0,1,1,african-american,29,14.739710648148147,9,0,0,single
61784.0,1,-2.9,2,1,0,1,0,african-american,29,1.625960648148148,0,0,1,single
57414.0,4,-2.62,2,1,1,1,1,hispanic,29,1.2418518518518518,0,0,0,single
61512.0,5,-2.1,4,0,0,0,1,african-american,29,2.973912037037037,0,0,0,single
53086.0,10,-0.58,10,0,0,0,0,caucasian,29,11.193252314814815,1,0,1,single
56196.0,5,-2.19,4,1,0,1,0,african-american,29,0.5658912037037037,0,0,0,single
38924.0,8,-1.52,6,1,0,1,1,african-american,29,214.0279050925926,9,3,1,single
55063.0,4,-1.97,5,1,1,1,0,african-american,29,1.1224421296296296,1,0,0,single
34944.0,9,-2.2,4,0,0,0,0,african-american,29,5.105208333333334,8,0,1,significant other
11116.0,10,-0.7,9,1,1,1,0,african-american,29,6.9444791666666665,8,1,0,single
56001.0,3,-2.9,2,0,0,0,1,african-american,29,15.21662037037037,1,0,0,single
54196.0,8,-2.22,4,1,0,1,0,african-american,29,0.7570833333333333,6,0,0,separated
59902.0,3,-2.36,3,0,0,0,0,african-american,29,0.1870486111111111,0,0,0,separated
51561.0,8,-1.49,7,0,0,0,0,caucasian,29,0.6803472222222222,4,0,0,single
59203.0,1,-2.76,2,0,0,0,0,hispanic,29,2.009733796296296,1,0,0,significant other
52958.0,4,-2.59,2,0,0,0,0,african-american,29,0.2420717592592592,0,0,0,single
58346.0,6,-1.93,5,1,0,1,0,african-american,29,99.40185185185184,1,0,1,single
57281.0,1,-2.72,2,1,0,1,0,african-american,29,0.9607986111111112,1,0,1,single
59957.0,1,-2.96,1,0,0,0,0,caucasian,29,0.1229629629629629,0,0,1,single
15638.0,9,-1.09,8,1,0,1,0,african-american,29,1.3152314814814814,17,1,0,single
56545.0,2,-2.36,3,0,0,0,0,caucasian,29,3.809224537037037,2,0,0,single
18644.0,10,-0.79,9,1,0,1,0,african-american,29,39.77373842592593,6,0,0,single
9358.0,7,-1.97,5,0,0,0,0,other,29,0.1502314814814815,3,0,1,single
51774.0,2,-2.82,2,1,0,0,1,african-american,29,0.0432638888888888,1,0,1,single
54754.0,2,-2.86,2,1,0,1,0,caucasian,29,0.1003009259259259,1,0,0,single
53732.0,1,-2.86,2,0,0,0,0,caucasian,29,0.932175925925926,0,0,1,single
38682.0,9,-1.45,7,1,0,1,0,caucasian,29,78.64067129629629,8,0,1,single
51413.0,10,-0.73,9,1,0,1,0,african-american,29,8.676805555555555,7,0,1,single
62011.0,1,-3.02,1,0,0,0,0,hispanic,29,1.1595833333333334,0,0,1,significant other
9544.0,10,-1.3,7,1,0,1,0,african-american,29,19.154282407407408,11,1,0,single
62012.0,1,-3.02,1,0,0,0,0,african-american,29,0.6949652777777777,2,0,1,single
33757.0,7,-1.82,5,1,0,1,0,african-american,29,23.08959490740741,10,1,0,single
57882.0,2,-2.76,2,0,0,0,1,african-american,29,1.183287037037037,0,0,1,single
51182.0,4,-2.71,2,0,0,0,0,hispanic,29,0.9213078703703704,2,0,1,single
51026.0,9,-1.38,7,0,0,0,0,african-american,29,290.10349537037035,1,0,0,single
52247.0,2,-2.58,2,0,0,0,0,caucasian,29,0.8810185185185185,0,0,1,single
53802.0,2,-2.74,2,0,0,0,1,caucasian,29,0.3033101851851852,0,0,1,single
1636.0,7,-1.5,6,1,1,1,0,caucasian,29,45.62952546296296,7,0,1,single
57023.0,4,-1.99,4,0,0,0,0,hispanic,29,0.8852893518518519,1,0,0,single
58948.0,6,-2.28,3,1,0,1,0,african-american,29,22.038043981481483,6,0,0,single
62285.0,4,-2.18,4,1,1,1,0,caucasian,29,1.003263888888889,0,0,1,other
57580.0,1,-2.84,2,0,0,0,0,caucasian,29,1.014224537037037,2,0,1,single
56549.0,3,-2.23,4,0,0,0,0,caucasian,29,0.6138194444444445,1,0,0,single
54225.0,9,-1.53,6,0,0,0,0,african-american,29,1.1756828703703703,7,0,0,single
58853.0,2,-2.53,3,0,0,0,0,caucasian,29,22.98599537037037,2,0,0,single
19329.0,8,-1.34,7,1,0,1,0,african-american,29,2.255474537037037,7,3,0,significant other
53855.0,1,-2.86,2,0,0,0,0,african-american,29,2.092476851851852,0,0,0,single
59273.0,4,-2.37,3,1,0,1,0,african-american,29,1.9189699074074076,4,2,0,single
58964.0,4,-2.57,2,0,0,0,0,african-american,29,0.9872800925925926,4,0,1,significant other
53810.0,2,-2.28,3,0,0,0,0,african-american,29,1.031215277777778,0,0,1,single
59400.0,3,-2.74,2,0,0,0,0,caucasian,29,43.1221875,1,0,1,single
59800.0,9,-2.33,3,0,0,0,0,hispanic,29,0.9540972222222224,1,0,1,single
51120.0,2,-2.4,3,1,0,1,0,african-american,29,1.0419907407407407,3,0,0,single
58871.0,2,-2.24,3,0,0,0,0,african-american,29,0.7582986111111111,0,0,1,single
56337.0,4,-2.88,2,1,0,1,0,caucasian,29,1.007777777777778,3,0,0,single
29963.0,2,-2.53,3,0,0,0,0,caucasian,29,2.931238425925926,1,0,0,single
60989.0,3,-2.43,3,1,0,1,1,african-american,29,10.291331018518518,2,0,0,single
54894.0,6,-1.93,5,0,0,0,0,other,29,258.16106481481484,5,0,0,single
61118.0,3,-1.87,5,0,0,0,0,african-american,29,1.8598611111111112,0,0,1,single
57727.0,2,-2.88,2,0,0,0,0,african-american,29,5.092372685185185,6,0,1,single
60240.0,2,-2.93,2,1,1,1,0,african-american,29,1.1610763888888889,2,0,0,single
22489.0,10,-1.79,5,0,0,0,0,african-american,29,0.8995486111111111,11,0,1,single
53996.0,1,-2.94,2,0,0,0,0,african-american,29,1.2738773148148148,3,0,1,single
58124.0,2,-2.92,2,1,0,1,1,other,29,0.1504398148148148,2,0,1,single
52243.0,7,-2.03,4,1,0,1,1,african-american,29,1.8570949074074077,7,1,0,single
60119.0,4,-1.77,5,0,0,0,0,african-american,29,0.7201157407407407,2,0,1,single
53178.0,1,-2.79,2,0,0,0,0,caucasian,29,1.1519560185185185,0,0,0,single
53862.0,6,-2.31,3,1,0,1,0,african-american,29,150.06104166666665,6,0,0,single
60172.0,3,-2.92,2,0,0,0,0,caucasian,29,2.0784375,2,0,0,single
54764.0,8,-2.22,4,0,0,0,0,african-american,29,2.845011574074074,0,0,0,single
56632.0,3,-2.66,2,0,0,0,0,caucasian,29,0.6929398148148148,1,0,0,single
56143.0,2,-2.62,2,0,0,0,0,hispanic,29,1.82,0,0,1,single
54212.0,4,-2.41,3,0,0,0,0,african-american,29,0.1609722222222222,0,0,0,significant other
37324.0,10,-1.49,7,1,1,1,0,african-american,29,5.968541666666667,12,0,0,single
62077.0,6,-2.0,4,0,0,0,0,caucasian,29,0.2216550925925925,1,0,1,significant other
58863.0,10,-1.02,8,1,0,1,0,african-american,29,0.7175115740740741,16,1,0,single
53820.0,10,-1.28,7,0,0,0,0,african-american,29,17.01167824074074,16,1,0,single
56609.0,2,-2.9,2,1,1,1,1,hispanic,29,1.1488078703703704,0,0,1,significant other
61087.0,2,-2.69,2,0,0,0,0,african-american,29,26.21783564814815,6,3,0,single
56194.0,2,-2.72,2,1,0,1,0,african-american,29,0.9542824074074074,0,0,1,single
24318.0,8,-2.47,4,1,0,1,0,african-american,29,35.83462962962963,6,0,0,single
52498.0,1,-2.79,2,0,0,0,0,other,29,0.8735185185185185,0,0,0,single
56322.0,7,-1.62,6,1,0,1,0,african-american,29,4.0135300925925925,7,2,0,single
50975.0,6,-2.36,3,1,0,1,0,african-american,29,1.1298032407407408,5,0,0,single
51687.0,4,-2.55,3,1,0,0,0,african-american,29,50.79721064814815,2,1,1,single
55110.0,1,-2.86,2,0,0,0,0,caucasian,29,0.6924768518518518,1,0,0,single
50842.0,2,-2.69,2,1,0,1,0,caucasian,29,0.983900462962963,1,0,0,single
14288.0,10,-1.05,8,1,0,1,0,african-american,29,108.7019675925926,10,0,1,single
51210.0,9,-1.75,5,1,1,1,0,caucasian,29,2.741030092592593,10,5,0,single
52328.0,3,-2.07,4,1,0,1,0,african-american,29,1.1417708333333334,3,0,1,single
56105.0,2,-2.65,2,0,0,0,1,african-american,29,0.8041087962962963,1,0,1,single
11150.0,8,-2.25,3,1,1,1,0,african-american,29,0.8864120370370371,7,0,1,single
61196.0,10,-1.81,5,1,1,1,0,african-american,29,119.05826388888887,3,1,0,single
58706.0,3,-2.84,2,0,0,0,1,caucasian,29,0.243287037037037,3,0,0,single
61218.0,10,-1.49,7,0,0,0,1,african-american,29,1.826076388888889,0,0,0,single
59795.0,1,-2.76,2,0,0,0,0,african-american,29,0.6611921296296296,0,0,0,significant other
52829.0,4,-2.78,2,0,0,0,0,caucasian,29,14.227662037037035,1,0,0,separated
13747.0,7,-2.16,4,1,0,1,0,african-american,29,1.2288310185185185,9,1,0,single
61764.0,4,-1.87,5,1,0,1,1,african-american,29,8.928356481481481,5,0,0,separated
54499.0,7,-1.87,5,1,0,1,0,caucasian,29,0.9556944444444444,0,0,1,single
53371.0,2,-2.55,3,0,0,0,0,african-american,29,1.1807407407407406,0,0,1,single
57744.0,7,-1.41,7,0,0,0,0,african-american,29,0.3266203703703704,0,0,0,single
59126.0,6,-2.33,3,0,0,0,0,african-american,29,1.0617939814814814,0,0,0,single
51432.0,3,-2.55,3,0,0,0,0,caucasian,29,1.9735532407407408,2,0,0,single
51396.0,1,-2.83,2,0,0,0,0,african-american,29,0.4344097222222222,0,0,0,single
53565.0,8,-1.37,7,1,0,1,0,caucasian,29,1.8830671296296293,9,2,0,single
52069.0,5,-2.58,2,0,0,0,0,african-american,29,1.880023148148148,0,0,1,single
58674.0,8,-1.97,5,0,0,0,1,african-american,29,0.8144907407407408,11,0,0,single
54595.0,8,-2.4,3,1,0,1,0,african-american,29,1.1486226851851853,13,0,0,single
51938.0,9,-1.74,5,1,0,1,1,african-american,29,23.14353009259259,11,1,0,single
44871.0,9,-1.62,6,0,0,0,0,african-american,29,160.02203703703702,2,0,0,single
45766.0,8,-1.4,7,1,0,1,0,african-american,29,65.22400462962963,11,0,0,single
58885.0,2,-2.46,3,0,0,0,0,other,29,1.2508912037037037,0,0,0,single
31059.0,6,-2.23,4,1,0,1,0,caucasian,29,39.11902777777778,12,0,1,single
58387.0,6,-1.9,5,0,0,0,0,african-american,29,1.8914699074074075,2,0,0,single
59710.0,2,-2.9,2,0,0,0,1,african-american,29,0.5933217592592592,0,0,0,single
53925.0,2,-2.55,3,0,0,0,0,caucasian,29,0.9933101851851852,0,0,0,single
53898.0,6,-2.55,3,0,0,0,0,african-american,29,0.9957638888888888,0,0,1,single
54320.0,3,-2.51,3,0,0,0,1,hispanic,29,0.1086805555555555,0,0,0,significant other
51081.0,1,-2.67,2,0,0,0,0,african-american,29,0.1434953703703703,1,0,1,single
55724.0,3,-2.98,1,0,0,0,0,caucasian,29,0.9933796296296296,0,0,1,single
31249.0,5,-2.27,3,0,0,0,0,african-american,29,42.21982638888889,0,0,1,single
62333.0,4,-2.61,2,1,0,1,0,caucasian,29,0.657974537037037,6,0,0,single
51598.0,3,-2.12,4,1,1,1,0,african-american,29,2.099351851851852,2,1,1,significant other
56258.0,2,-2.77,2,0,0,0,0,african-american,29,0.9013541666666668,0,0,1,single
59296.0,1,-2.74,2,0,0,0,0,african-american,29,1.1545833333333333,0,0,1,single
51042.0,10,-0.31,10,0,0,0,1,african-american,29,2.344224537037037,2,0,0,single
6776.0,3,-2.13,4,1,0,1,0,african-american,29,1.8661805555555555,11,0,0,single
59040.0,9,-1.57,6,0,0,0,0,african-american,29,1.0015046296296295,0,0,0,significant other
55966.0,5,-2.06,4,1,0,0,0,caucasian,29,1.9864814814814813,2,0,1,significant other
18604.0,4,-2.22,4,1,1,1,0,african-american,29,8.221319444444445,4,0,0,single
45573.0,5,-2.05,4,1,1,1,0,african-american,29,3.1027314814814817,1,0,0,single
3574.0,5,-1.57,6,1,0,0,0,african-american,29,0.9936342592592592,4,0,1,single
54505.0,8,-1.82,5,1,0,1,0,african-american,29,12.224097222222222,12,2,0,single
62408.0,3,-2.36,3,0,0,0,0,african-american,29,0.9643171296296296,1,0,1,single
54223.0,2,-2.55,3,0,0,0,0,african-american,29,1.2173148148148147,0,0,0,single
50968.0,6,-2.34,3,0,0,0,0,african-american,29,0.9693402777777778,2,0,0,single
54096.0,9,-1.53,6,1,0,1,0,african-american,29,0.957523148148148,3,1,0,single
53999.0,4,-2.43,3,0,0,0,1,caucasian,29,28.223240740740746,0,0,0,significant other
56077.0,5,-2.51,3,0,0,0,0,african-american,29,1.0855555555555556,2,0,1,single
54601.0,4,-2.78,2,0,0,0,0,african-american,29,3.264178240740741,2,0,1,single
52463.0,4,-2.31,3,0,0,0,1,hispanic,29,1.247650462962963,1,0,0,single
52352.0,4,-2.47,3,1,1,1,0,african-american,29,0.0027893518518518,3,0,0,single
52281.0,1,-2.75,2,1,0,1,0,african-american,29,1.4922800925925923,2,0,0,significant other
58244.0,2,-2.66,2,1,0,1,0,other,29,1.7304745370370371,2,0,0,significant other
2715.0,9,-2.13,4,1,0,1,0,african-american,29,29.188506944444445,10,0,0,single
60165.0,4,-2.53,3,0,0,0,1,african-american,29,1.7291203703703704,1,0,1,single
42708.0,6,-2.46,3,1,1,1,0,caucasian,29,7.00125,4,0,1,single
59031.0,5,-2.39,3,1,0,0,0,african-american,29,0.2204976851851851,2,1,1,single
53736.0,4,-2.79,2,0,0,0,1,african-american,29,0.5812152777777778,0,0,0,single
59461.0,8,-2.0,4,0,0,0,0,caucasian,29,0.022199074074074,8,1,1,single
23410.0,9,-1.15,8,1,0,1,0,caucasian,29,0.7403009259259259,2,0,1,single
55223.0,3,-2.59,2,0,0,0,1,hispanic,29,0.9039699074074076,0,0,1,single
3794.0,4,-2.35,3,1,0,0,0,african-american,29,1.2317476851851852,7,0,0,single
52501.0,3,-2.33,3,0,0,0,0,caucasian,29,0.8581481481481481,0,0,0,single
61660.0,7,-2.8,2,1,0,1,0,african-american,29,0.1956365740740741,0,0,0,single
55008.0,3,-2.38,3,0,0,0,0,caucasian,29,0.9704976851851852,0,0,1,single
37963.0,8,-1.03,8,0,0,0,0,african-american,29,40.877291666666665,1,0,0,single
50889.0,5,-1.98,4,1,0,1,0,hispanic,29,6.818784722222222,0,0,0,single
58415.0,2,-2.7,2,0,0,0,1,caucasian,29,1.9079166666666667,0,0,1,single
59430.0,2,-2.7,2,1,0,1,0,african-american,29,12.9959375,0,0,0,significant other
50885.0,1,-2.82,2,0,0,0,0,other,29,1.1393287037037036,0,0,0,single
57386.0,4,-2.37,3,1,0,1,0,african-american,29,0.7733449074074074,2,0,0,single
55777.0,6,-2.35,3,0,0,0,0,caucasian,29,0.9183449074074074,1,0,0,single
56334.0,8,-2.3,3,0,0,0,0,caucasian,29,89.93952546296296,0,0,0,significant other
53645.0,6,-2.43,3,0,0,0,1,caucasian,29,0.4705671296296296,0,0,1,single
56531.0,6,-1.67,6,1,0,1,0,african-american,29,0.8142708333333334,10,0,0,single
51981.0,5,-2.16,4,1,0,1,0,other,29,0.8339004629629629,4,0,1,single
57704.0,4,-1.73,6,1,0,1,0,caucasian,29,33.58574074074074,1,0,0,single
58741.0,2,-2.58,2,0,0,0,0,other,29,33.03899305555556,1,0,0,significant other
17711.0,5,-2.64,2,1,1,1,0,caucasian,29,0.7769675925925926,6,0,0,single
51962.0,10,-0.66,9,1,1,1,0,african-american,29,355.17967592592595,4,3,0,single
52664.0,7,-2.44,3,0,0,0,1,caucasian,29,0.9302546296296296,0,0,1,significant other
54697.0,6,-2.56,2,0,0,0,0,other,29,177.95018518518518,3,0,0,single
54910.0,4,-2.36,3,0,0,0,0,african-american,29,3.3289351851851854,1,0,1,single
58114.0,2,-2.77,2,0,0,0,0,hispanic,29,0.163449074074074,0,0,0,significant other
57998.0,2,-2.56,2,1,0,0,0,african-american,29,1.1608564814814817,4,0,0,single
3438.0,10,-1.68,6,1,0,1,0,african-american,29,15.207824074074074,17,1,0,single
47826.0,3,-2.39,3,1,0,1,0,african-american,29,13.88417824074074,5,0,0,single
54492.0,2,-2.51,3,1,1,1,0,other,29,3.1546412037037035,4,0,0,single
57493.0,9,-2.13,4,1,0,1,0,hispanic,29,0.6652546296296297,7,0,0,single
60133.0,2,-2.82,2,0,0,0,1,african-american,29,0.9071875,0,0,0,separated
56613.0,1,-2.39,3,1,0,1,0,caucasian,29,0.8161689814814815,2,0,0,significant other
53340.0,5,-2.46,3,0,0,0,0,african-american,29,1.0432291666666669,0,0,0,single
59973.0,2,-2.66,2,0,0,0,0,african-american,29,0.6423148148148148,0,0,1,significant other
53667.0,5,-1.75,5,0,0,0,0,african-american,29,1.859537037037037,2,1,0,single
52883.0,7,-2.34,3,0,0,0,1,caucasian,29,0.2313194444444444,0,0,0,single
51253.0,2,-2.62,2,0,0,0,0,caucasian,29,0.2461574074074074,0,0,1,single
61098.0,4,-2.09,4,1,0,1,0,caucasian,29,1.1959606481481482,3,0,0,single
58412.0,2,-2.47,3,0,0,0,0,caucasian,29,0.2706365740740741,5,0,0,single
35360.0,10,-0.78,9,0,0,0,0,african-american,29,87.62425925925926,8,0,0,single
7560.0,8,-0.96,9,1,1,0,0,african-american,29,80.08141203703704,4,0,0,single
4694.0,2,-2.72,2,0,0,0,0,other,29,1.9333680555555557,0,0,0,significant other
33139.0,8,-2.23,4,0,0,0,0,african-american,29,1.0373726851851852,5,0,0,single
56136.0,2,-2.64,2,0,0,0,1,african-american,28,0.945949074074074,1,0,0,single
16609.0,8,-1.68,6,1,0,0,0,other,28,36.95333333333333,9,0,0,single
58237.0,2,-2.48,3,0,0,0,0,african-american,28,0.9502777777777778,0,0,0,single
22888.0,5,-2.08,7,1,0,1,0,african-american,28,51.690625,5,0,1,single
42445.0,5,-1.91,5,0,0,0,0,african-american,28,0.0083912037037037,4,0,0,single
12806.0,8,-1.1,8,1,1,1,0,hispanic,28,165.20546296296297,3,0,0,single
57840.0,2,-2.3,3,1,1,1,0,caucasian,28,10.04599537037037,2,0,0,single
59837.0,2,-2.94,2,0,0,0,1,african-american,28,0.944050925925926,0,0,1,separated
54315.0,4,-2.51,3,1,0,0,0,african-american,28,2.867453703703704,2,0,1,significant other
53868.0,5,-2.66,2,1,0,1,0,caucasian,28,0.2978125,3,0,1,significant other
52130.0,1,-2.74,2,0,0,0,0,caucasian,28,1.1874189814814815,2,0,1,single
51870.0,2,-2.68,2,0,0,0,0,hispanic,28,8.72775462962963,1,0,0,single
57738.0,7,-2.15,4,1,0,1,0,caucasian,28,30.84614583333333,1,0,0,single
61278.0,4,-2.55,3,1,1,1,0,caucasian,28,4.0079976851851855,1,0,0,single
56256.0,1,-2.75,2,0,0,0,0,african-american,28,0.2153472222222222,0,0,1,single
57655.0,5,-2.28,3,0,0,0,0,caucasian,28,6.169641203703704,1,0,0,single
56535.0,2,-2.51,3,0,0,0,0,african-american,28,1.066875,1,0,1,single
56242.0,4,-2.1,4,0,0,0,0,african-american,28,0.4143634259259259,5,0,0,single
56717.0,2,-2.72,2,0,0,0,0,african-american,28,0.8381481481481482,3,0,0,single
17175.0,6,-1.53,6,1,1,1,0,african-american,28,0.6931944444444444,6,0,1,separated
53334.0,6,-2.12,4,1,0,1,0,african-american,28,0.7681597222222222,2,0,0,single
7329.0,6,-2.65,2,1,0,1,1,caucasian,28,0.2207291666666666,3,0,0,single
59811.0,4,-2.26,3,0,0,0,1,caucasian,28,0.2367592592592592,0,0,1,single
53279.0,2,-2.56,2,0,0,0,0,caucasian,28,1.0629513888888888,1,0,1,single
57054.0,2,-2.63,2,1,0,1,0,african-american,28,0.203287037037037,1,0,0,single
61487.0,1,-2.79,2,0,0,0,0,african-american,28,0.9602199074074074,6,0,0,separated
52806.0,3,-2.23,4,0,0,0,1,african-american,28,191.03554398148148,0,0,0,single
58657.0,10,-1.97,5,0,0,0,0,african-american,28,26.009340277777778,11,3,0,single
60897.0,1,-2.54,3,0,0,0,0,african-american,28,1.0092708333333331,0,0,0,single
60171.0,4,-2.25,3,0,0,0,0,caucasian,28,2.075833333333333,6,0,0,single
52380.0,2,-2.66,2,0,0,0,1,african-american,28,0.7979861111111111,1,0,0,single
56309.0,7,-1.11,8,0,0,0,0,african-american,28,0.1821643518518518,3,0,0,single
52957.0,4,-1.95,5,0,0,0,0,african-american,28,0.2430555555555555,0,0,0,single
60397.0,3,-2.74,2,0,0,0,0,african-american,28,2.1447453703703703,1,0,0,single
61634.0,3,-2.53,3,1,1,1,0,other,28,1.1329976851851853,1,0,0,single
9982.0,7,-2.29,3,1,0,1,0,african-american,28,1.0589351851851851,12,1,1,single
54780.0,2,-2.74,2,0,0,0,1,other,28,0.2162847222222222,1,1,0,significant other
53970.0,7,-2.21,4,1,0,1,1,african-american,28,3.555451388888889,10,0,1,significant other
53843.0,5,-2.19,4,0,0,0,1,hispanic,28,7.345902777777778,2,0,1,separated
58363.0,5,-2.3,3,1,0,1,0,african-american,28,20.23353009259259,10,0,0,significant other
61616.0,1,-2.86,2,1,1,1,0,african-american,28,0.3335879629629629,1,0,0,single
54964.0,3,-2.72,2,0,0,0,0,caucasian,28,50.76569444444444,3,0,0,significant other
58256.0,3,-2.51,3,0,0,0,1,african-american,28,1.0027199074074074,0,0,1,single
51254.0,2,-2.38,3,1,0,1,0,caucasian,28,1.228125,1,0,0,single
14432.0,8,-2.28,3,1,0,1,0,african-american,28,0.3587268518518518,20,0,0,single
57192.0,4,-2.52,3,0,0,0,0,caucasian,28,190.0354861111111,4,0,0,single
28048.0,7,-2.36,3,0,0,0,1,african-american,28,2.116851851851852,4,0,0,single
58429.0,2,-2.72,2,0,0,0,1,caucasian,28,0.8982986111111111,0,0,1,single
51574.0,3,-2.49,3,1,1,1,0,caucasian,28,2.165578703703704,2,0,0,single
51683.0,7,-1.47,7,1,0,1,0,caucasian,28,37.03465277777778,3,0,0,single
61984.0,3,-2.88,2,0,0,0,0,caucasian,28,13.215497685185186,0,0,1,single
44229.0,5,-1.89,5,0,0,0,0,african-american,28,1.8476967592592592,12,1,0,significant other
54883.0,1,-2.84,2,0,0,0,0,caucasian,28,3.273252314814815,1,0,0,single
51174.0,2,-2.62,2,0,0,0,1,african-american,28,0.2395486111111111,0,0,1,single
59886.0,8,-2.03,4,1,0,1,0,african-american,28,1.1765046296296295,9,0,0,single
52273.0,3,-2.52,3,1,0,1,0,caucasian,28,0.9720949074074074,3,0,1,single
33606.0,6,-1.53,6,1,0,0,0,african-american,28,40.67671296296297,8,1,0,single
1499.0,6,-1.73,6,1,0,1,0,african-american,28,3.4634953703703704,8,0,0,single
6768.0,8,-1.57,6,0,0,0,0,caucasian,28,116.9747800925926,9,2,1,single
11169.0,10,-1.33,7,1,1,1,0,african-american,28,12.070601851851851,18,0,0,single
58663.0,1,-2.83,2,0,0,0,0,other,28,1.9476041666666664,2,0,1,single
54130.0,1,-2.7,2,1,0,1,0,hispanic,28,0.263912037037037,0,0,1,significant other
51783.0,7,-2.36,3,1,0,0,1,caucasian,28,9.84037037037037,1,0,0,significant other
12856.0,6,-1.79,5,1,1,1,0,african-american,28,5.975833333333333,12,0,1,single
54596.0,2,-2.44,3,1,0,1,0,african-american,28,0.8987615740740741,0,0,1,single
25296.0,7,-1.55,6,1,0,1,0,african-american,28,243.6782986111111,10,1,0,single
53462.0,4,-1.88,5,1,0,1,0,african-american,28,5.212349537037037,1,0,0,single
40921.0,5,-2.52,3,1,0,1,0,african-american,28,77.87474537037038,7,0,0,single
14425.0,6,-1.94,5,1,0,1,1,caucasian,28,6.806284722222222,7,0,0,single
57144.0,10,-0.5,10,0,0,0,0,african-american,28,1.1680671296296297,5,0,0,single
54269.0,2,-2.7,2,0,0,0,1,caucasian,28,0.9466782407407408,0,0,1,single
61291.0,3,-2.45,3,1,1,1,0,african-american,28,15.150787037037038,0,0,0,single
49366.0,8,-1.44,7,1,0,1,0,african-american,28,20.286527777777778,8,0,0,single
58659.0,5,-2.48,3,1,0,1,0,hispanic,28,0.8984837962962963,3,0,0,single
9795.0,8,-1.4,7,1,1,1,0,african-american,28,2.996215277777778,8,0,0,single
61546.0,2,-2.66,2,0,0,0,0,african-american,28,0.9098032407407408,1,0,0,single
59531.0,1,-2.75,2,0,0,0,0,caucasian,28,1.848391203703704,0,0,1,significant other
44965.0,9,-1.55,6,0,0,0,1,caucasian,28,144.8705324074074,7,0,0,significant other
56486.0,7,-2.07,4,0,0,0,0,caucasian,28,53.60993055555556,0,0,0,single
52291.0,5,-1.45,7,0,0,0,0,african-american,28,31.20232638888889,2,0,0,single
1923.0,10,-1.51,6,0,0,0,0,african-american,28,1.8229166666666667,7,1,0,single
57582.0,2,-2.59,2,1,0,1,0,african-american,28,2.136435185185185,4,0,0,significant other
33217.0,9,-2.53,3,0,0,0,0,caucasian,28,0.8681944444444445,14,0,0,single
55164.0,2,-2.1,4,1,0,1,0,hispanic,28,2.32931712962963,0,0,1,single
53151.0,2,-2.78,2,0,0,0,1,african-american,28,0.9122337962962964,0,0,1,single
27433.0,6,-1.79,5,0,0,0,0,african-american,28,27.850381944444443,5,1,1,single
43536.0,9,-1.56,6,1,0,0,0,african-american,28,51.24881944444444,5,0,0,single
40810.0,9,-1.35,7,0,0,0,0,african-american,28,76.69217592592592,3,0,1,single
53911.0,2,-2.74,2,0,0,0,0,african-american,28,0.1736805555555555,3,0,1,single
16964.0,6,-1.91,5,1,1,1,0,african-american,28,2.217453703703704,11,0,0,single
63579.0,3,-2.33,4,0,0,0,1,caucasian,28,0.8309837962962963,0,0,1,separated
3506.0,10,-1.36,7,1,0,1,0,african-american,28,0.8248611111111112,7,0,0,single
59470.0,5,-2.2,4,0,0,0,0,hispanic,28,1.658460648148148,1,0,0,single
59323.0,2,-2.63,2,0,0,0,1,caucasian,28,0.9011805555555557,0,0,0,single
59055.0,2,-2.71,2,0,0,0,1,other,28,0.9307638888888888,0,0,0,single
52713.0,10,-0.57,10,0,0,0,0,caucasian,28,14.049976851851852,1,0,0,single
53551.0,3,-2.5,3,0,0,0,0,african-american,28,1.8163888888888888,1,0,1,significant other
8105.0,8,-1.62,6,1,0,1,0,african-american,28,0.2710763888888889,11,2,0,single
58817.0,5,-2.14,4,0,0,0,1,african-american,28,16.231875,3,0,0,single
53716.0,7,-2.32,3,0,0,0,0,caucasian,28,1.043425925925926,0,0,0,single
50857.0,9,-1.38,7,0,0,0,1,african-american,28,38.83116898148148,1,0,0,single
53907.0,2,-2.73,2,0,0,0,0,caucasian,28,0.7203935185185185,0,0,0,single
55118.0,6,-2.32,3,0,0,0,1,caucasian,28,2.0041319444444445,0,0,0,single
12229.0,10,-0.35,10,1,1,0,0,african-american,28,1.0589351851851851,21,2,0,single
6505.0,9,-1.16,8,1,1,1,0,african-american,28,2.871724537037037,6,1,0,single
56677.0,1,-2.82,2,0,0,0,0,african-american,28,48.64958333333333,1,0,0,single
48304.0,3,-2.7,2,0,0,0,0,african-american,28,0.1273263888888889,10,0,0,single
58846.0,4,-2.42,3,0,0,0,1,african-american,28,0.2452546296296296,4,1,0,single
60029.0,2,-2.59,2,1,0,1,0,african-american,28,1.1221990740740742,0,0,1,significant other
53004.0,7,-2.31,3,0,0,0,0,african-american,28,1.865,1,0,1,single
51503.0,2,-2.54,3,1,1,1,0,caucasian,28,2.812962962962963,0,0,1,single
42341.0,7,-1.88,5,1,0,1,0,african-american,28,43.3424537037037,9,0,0,single
47021.0,7,-1.19,8,1,1,1,0,african-american,28,0.9130092592592592,14,0,0,single
56765.0,4,-2.17,4,0,0,0,0,hispanic,28,0.2903009259259259,0,0,0,single
57745.0,4,-1.39,7,1,0,1,1,african-american,28,0.8740509259259259,1,1,1,single
53488.0,5,-1.93,5,0,0,0,1,african-american,28,1.3352893518518518,1,0,0,single
58582.0,5,-2.06,4,0,0,0,0,african-american,28,0.741712962962963,2,0,1,single
54117.0,4,-2.82,2,0,0,0,0,hispanic,28,0.0761689814814814,0,0,0,single
53166.0,5,-2.06,3,1,0,1,1,african-american,28,2.070162037037037,6,0,1,single
57343.0,4,-1.95,5,1,0,1,0,african-american,28,1.0858449074074077,2,1,0,single
59483.0,3,-2.4,3,0,0,0,1,african-american,28,1.0451041666666667,3,0,0,single
15371.0,5,-2.09,4,1,0,1,0,african-american,28,2.025925925925926,2,0,1,single
37543.0,8,-1.55,6,0,0,0,0,hispanic,28,3.217060185185185,2,0,0,single
28378.0,3,-2.79,2,0,0,0,0,caucasian,28,1.091550925925926,3,0,0,single
62212.0,3,-2.34,3,1,0,1,0,hispanic,28,1.9836689814814812,3,1,0,single
57863.0,3,-2.14,4,0,0,0,0,caucasian,28,24.236342592592592,1,0,1,single
60354.0,3,-2.79,2,1,0,1,0,african-american,28,0.4114583333333333,3,0,1,single
47819.0,7,-1.69,6,0,0,0,0,caucasian,28,6.360150462962963,5,0,1,single
4349.0,5,-1.86,5,0,0,0,0,hispanic,28,0.7546527777777777,3,0,1,single
55106.0,4,-1.75,5,1,0,0,0,african-american,28,15.910694444444443,1,0,0,significant other
51976.0,4,-2.33,3,0,0,0,0,caucasian,28,13.118391203703704,2,1,1,significant other
55448.0,5,-2.12,4,1,0,1,0,caucasian,28,20.90857638888889,5,0,0,single
38886.0,7,-1.49,7,0,0,0,0,african-american,28,0.1377893518518518,1,0,0,single
57240.0,8,-2.19,4,0,0,0,1,african-american,28,0.9519560185185184,5,0,0,single
39564.0,10,-1.39,7,1,0,1,0,african-american,28,76.27211805555555,12,10,0,single
52545.0,8,-1.51,6,1,0,1,0,hispanic,28,56.70667824074074,8,0,1,single
54222.0,3,-2.67,2,0,0,0,0,caucasian,28,1.9417592592592592,0,0,0,single
58123.0,6,-1.58,6,0,0,0,0,caucasian,28,0.2982986111111111,2,0,0,single
53642.0,3,-2.5,3,1,0,1,1,african-american,28,1.872673611111111,1,0,0,single
61150.0,2,-2.47,3,0,0,0,0,african-american,28,0.8655902777777778,0,0,0,single
43712.0,8,-0.83,9,1,1,1,0,african-american,28,1.1609606481481485,16,9,0,single
58129.0,3,-2.58,2,0,0,0,1,caucasian,28,35.8824537037037,2,0,0,significant other
31761.0,4,-2.47,3,0,0,0,1,caucasian,28,45.09577546296296,3,1,1,single
62008.0,2,-2.67,2,1,0,1,0,african-american,28,0.5539004629629629,4,0,1,significant other
51242.0,2,-2.42,3,1,0,0,0,african-american,28,125.07400462962964,2,0,0,single
54515.0,4,-2.58,2,0,0,0,0,african-american,28,6.052291666666667,2,0,1,single
53290.0,5,-2.7,2,1,0,1,0,african-american,28,0.216099537037037,5,0,0,single
50956.0,10,-0.62,10,0,0,0,0,african-american,28,136.87579861111112,5,2,0,significant other
7881.0,7,-2.11,4,0,0,0,0,african-american,28,0.7837384259259259,7,0,1,single
13459.0,9,-0.95,9,1,1,1,1,african-american,28,12.018321759259258,9,0,1,single
54912.0,4,-2.69,2,0,0,0,0,caucasian,28,4.28443287037037,1,0,0,single
53441.0,4,-2.38,3,1,1,1,0,caucasian,28,1.151400462962963,0,0,1,single
54273.0,3,-2.15,4,0,0,0,0,other,28,49.0609837962963,2,0,0,significant other
43011.0,5,-1.9,5,1,1,1,0,african-american,28,170.95424768518518,5,1,0,single
44649.0,10,-0.93,9,1,0,1,1,caucasian,28,30.8690625,6,0,1,single
53461.0,4,-1.95,5,0,0,0,0,caucasian,28,0.9178472222222224,0,0,1,single
36003.0,5,-1.99,4,0,0,0,0,caucasian,28,0.1773842592592592,5,0,0,single
51170.0,5,-2.39,3,0,0,0,1,caucasian,28,1.077974537037037,0,0,0,single
52257.0,6,-2.33,3,1,0,1,0,african-american,28,1.825960648148148,3,0,1,single
55770.0,3,-2.36,3,0,0,0,0,african-american,28,0.900787037037037,0,0,1,single
52260.0,5,-2.3,3,1,0,1,0,african-american,28,0.895150462962963,5,0,0,significant other
29728.0,7,-1.43,7,0,0,0,0,hispanic,28,0.9711689814814816,11,0,1,single
58436.0,6,-2.16,4,0,0,0,0,african-american,28,0.9961226851851852,1,0,0,single
56263.0,5,-2.72,2,0,0,0,1,caucasian,28,0.6315972222222223,1,0,1,single
53625.0,3,-2.45,3,1,0,0,0,african-american,28,74.02451388888889,2,0,0,significant other
59651.0,8,-1.33,7,1,0,1,0,african-american,28,39.141875,7,1,0,single
60886.0,6,-2.34,3,1,0,1,0,caucasian,28,1.0776157407407407,4,3,1,single
58003.0,9,-1.73,6,1,0,1,1,caucasian,28,1.0216782407407408,7,0,0,single
9376.0,5,-1.6,6,1,0,1,0,african-american,28,1.118136574074074,2,0,0,single
58034.0,8,-1.6,6,0,0,0,0,african-american,28,1.0813541666666666,5,0,1,single
51757.0,2,-2.38,3,0,0,0,0,african-american,28,5.19474537037037,0,0,1,single
56301.0,2,-2.5,3,0,0,0,0,african-american,28,0.1599189814814814,0,0,0,separated
41449.0,7,-1.93,5,1,0,1,0,african-american,28,1.148136574074074,10,0,1,single
54024.0,2,-2.62,2,0,0,0,0,hispanic,28,1.0984606481481485,0,0,0,single
59986.0,3,-2.34,3,1,1,1,0,african-american,28,1.1188425925925929,1,0,1,single
52673.0,3,-2.6,2,1,1,1,0,hispanic,28,1.978460648148148,2,0,0,single
61213.0,4,-2.14,4,0,0,0,1,caucasian,28,1.2776157407407407,1,0,1,single
57532.0,2,-2.76,2,0,0,0,1,african-american,28,0.9176620370370372,0,0,1,single
62127.0,1,-2.8,2,1,0,1,0,caucasian,28,0.0087268518518518,1,0,0,single
21513.0,8,-2.34,3,1,0,1,0,african-american,28,1.2766782407407409,6,0,1,significant other
53301.0,7,-0.86,9,0,0,0,0,african-american,28,29.88880787037037,4,0,0,single
53899.0,2,-2.3,3,1,0,1,0,caucasian,28,1.067939814814815,0,0,0,single
51063.0,7,-1.07,8,1,0,1,0,african-american,28,2.057233796296296,5,3,0,single
48223.0,3,-2.16,4,1,0,1,0,african-american,28,16.172488425925927,9,0,0,significant other
58733.0,7,-1.39,7,1,0,1,0,african-american,28,0.0066435185185185,0,0,1,single
53023.0,4,-2.41,3,1,0,1,0,caucasian,28,1.8161805555555557,6,0,1,significant other
53027.0,6,-2.59,2,0,0,0,0,african-american,28,1.128275462962963,5,0,1,single
61672.0,5,-2.44,3,0,0,0,0,caucasian,28,1.181863425925926,1,0,0,single
58252.0,3,-2.62,2,0,0,0,0,hispanic,28,0.6189583333333334,1,0,0,significant other
4855.0,8,-1.32,7,1,0,0,0,african-american,28,52.147025462962965,4,0,0,single
34179.0,7,-1.95,5,1,1,1,0,caucasian,28,26.14324074074074,5,0,1,single
57046.0,6,-2.06,4,1,0,1,0,african-american,28,32.015081018518515,3,0,0,single
60306.0,4,-2.58,2,1,0,1,0,african-american,28,0.9386342592592593,1,0,0,single
53661.0,2,-2.58,2,0,0,0,1,hispanic,28,2.3810416666666665,0,0,0,single
53193.0,4,-2.31,3,1,0,1,0,african-american,28,0.2088888888888889,0,0,1,single
54198.0,2,-2.58,2,0,0,0,0,caucasian,28,0.1756597222222222,0,0,0,single
56320.0,8,-2.04,4,0,0,0,0,african-american,28,34.91041666666667,5,0,0,single
62327.0,4,-2.0,4,1,0,1,1,african-american,28,4.7096875,3,0,0,single
59562.0,8,-0.65,9,1,0,1,0,african-american,28,25.96695601851852,25,0,0,single
53926.0,1,-2.62,2,0,0,0,0,other,28,2.0914814814814813,0,0,1,separated
58074.0,4,-2.3,3,0,0,0,0,caucasian,28,0.8876388888888889,9,1,1,single
51756.0,6,-1.79,5,1,0,0,0,caucasian,28,1.1005555555555555,11,0,0,single
53438.0,3,-2.66,2,0,0,0,0,caucasian,28,0.8770949074074074,0,0,0,single
51653.0,7,-1.69,6,1,0,1,0,african-american,28,5.676620370370371,4,0,0,single
53037.0,3,-2.54,3,1,1,1,1,african-american,28,2.22349537037037,0,0,0,separated
57075.0,9,-1.67,6,1,0,1,0,african-american,28,0.9919791666666666,6,0,0,single
34642.0,6,-1.86,5,1,1,1,0,african-american,28,21.049479166666668,4,0,0,single
56910.0,2,-2.31,3,1,0,1,0,african-american,28,1.4077662037037038,2,0,0,single
53008.0,2,-2.35,3,1,0,1,0,caucasian,28,0.2242361111111111,1,0,1,single
23464.0,4,-2.1,4,0,0,0,0,african-american,28,0.6139351851851852,2,0,0,single
53729.0,2,-2.62,2,0,0,0,1,african-american,28,1.0604398148148149,2,0,1,single
60793.0,3,-2.42,3,0,0,0,1,african-american,28,0.649537037037037,0,0,0,single
59116.0,2,-2.48,3,1,1,1,0,african-american,28,0.9582175925925924,4,0,1,single
57148.0,7,-1.11,8,0,0,0,0,caucasian,28,0.5728935185185186,2,0,0,single
51741.0,7,-2.45,3,0,0,0,0,hispanic,28,33.669641203703705,1,0,1,single
52255.0,8,-1.43,7,0,0,0,1,african-american,28,2.001504629629629,5,0,1,single
41373.0,3,-2.12,4,1,1,1,0,african-american,28,34.09444444444444,4,0,1,significant other
27232.0,10,0.11,10,1,1,1,0,african-american,28,80.9711574074074,6,0,0,single
56483.0,5,-2.02,4,0,0,0,0,african-american,28,1.6414467592592592,9,0,1,single
63177.0,4,-1.37,3,0,0,0,0,african-american,28,1.0538541666666668,4,1,0,single
56716.0,4,-2.26,3,1,0,1,1,caucasian,28,0.9017476851851852,0,0,0,single
57280.0,6,-1.42,7,1,0,1,0,caucasian,28,37.05813657407408,0,0,0,single
62425.0,6,-1.07,8,1,0,1,0,caucasian,28,30.979189814814816,8,0,0,single
58498.0,8,-1.53,6,0,0,0,1,african-american,28,29.11747685185185,0,0,0,single
57860.0,3,-2.08,4,1,1,1,0,caucasian,28,1.216550925925926,2,0,1,significant other
39483.0,2,-2.59,2,0,0,0,0,caucasian,28,0.9040625,1,0,1,single
11314.0,9,-0.54,10,1,0,1,0,caucasian,28,1.186226851851852,7,0,0,single
53278.0,2,-2.45,3,0,0,0,0,caucasian,27,1.0096527777777775,0,0,1,single
58575.0,3,-2.25,3,0,0,0,0,african-american,27,37.92605324074074,3,0,1,single
60411.0,2,-2.44,3,0,0,0,0,african-american,27,17.226550925925928,0,0,0,single
60090.0,9,-1.44,7,0,0,0,0,caucasian,27,1.1453703703703704,1,0,0,single
58232.0,4,-1.99,4,1,0,1,0,african-american,27,0.8828356481481482,0,0,0,single
54509.0,5,-2.38,3,0,0,0,1,african-american,27,0.8819212962962963,3,0,0,single
51062.0,3,-2.18,4,0,0,0,0,caucasian,27,4.956550925925926,0,0,0,single
57861.0,1,-2.78,2,0,0,0,0,african-american,27,2.3641087962962963,1,0,0,single
58225.0,4,-2.32,3,1,0,0,0,caucasian,27,1.2780092592592591,6,4,0,single
58406.0,3,-2.5,3,0,0,0,1,caucasian,27,1.0330555555555556,2,0,0,single
61385.0,2,-2.86,2,0,0,0,1,caucasian,27,5.136898148148148,0,0,0,single
61432.0,3,-2.48,3,0,0,0,0,african-american,27,0.85,2,0,0,single
59978.0,2,-2.78,2,1,0,1,0,african-american,27,0.8972800925925926,2,0,0,single
61941.0,3,-2.56,2,0,0,0,1,african-american,27,2.1137384259259258,1,1,0,single
61741.0,6,-2.13,4,1,0,1,1,african-american,27,0.8328935185185186,12,0,1,single
58208.0,1,-2.78,2,0,0,0,0,other,27,0.9232986111111112,0,0,1,significant other
48922.0,8,-1.32,7,1,1,1,0,african-american,27,0.2230671296296296,10,1,0,single
57971.0,2,-2.59,2,0,0,0,0,caucasian,27,0.893587962962963,1,0,1,single
2607.0,7,-2.68,2,0,0,0,0,caucasian,27,41.97177083333333,4,0,0,single
47035.0,5,-2.48,3,1,0,1,0,african-american,27,0.6762268518518518,6,0,0,single
50962.0,5,-2.17,4,0,0,0,0,caucasian,27,2.034618055555556,0,0,1,single
59638.0,2,-2.16,4,0,0,0,0,african-american,27,1.0217592592592593,0,0,0,single
5689.0,4,-1.78,5,1,0,1,0,african-american,27,24.12238425925926,2,1,0,single
50919.0,5,-2.37,3,1,0,1,0,african-american,27,15.017256944444444,2,0,1,single
52272.0,5,-2.32,3,1,0,1,0,african-american,27,6.299513888888889,5,1,1,single
59251.0,4,-2.12,4,0,0,0,0,caucasian,27,1.080451388888889,0,0,0,single
2223.0,4,-1.98,4,0,0,0,0,african-american,27,0.974212962962963,4,0,0,single
60450.0,2,-2.38,3,1,1,1,0,african-american,27,1.0544444444444443,0,0,1,significant other
49873.0,4,-2.5,3,1,0,1,0,african-american,27,2.1216319444444443,7,0,0,single
53890.0,5,-2.38,3,0,0,0,0,african-american,27,0.9627430555555556,1,0,1,single
58686.0,2,-2.46,3,0,0,0,0,african-american,27,3.118564814814815,1,0,0,single
53734.0,1,-2.69,2,0,0,0,0,african-american,27,0.8005208333333333,0,0,1,single
53730.0,6,-1.48,7,1,1,1,0,caucasian,27,1.7170486111111112,0,0,0,single
51671.0,1,-2.65,2,0,0,0,0,other,27,2.192800925925926,0,0,0,single
60882.0,8,-1.71,6,0,0,0,0,hispanic,27,2.0906712962962963,0,0,1,single
51920.0,3,-2.5,3,0,0,0,0,hispanic,27,0.9859837962962964,1,0,0,single
57472.0,2,-2.54,3,1,0,1,0,hispanic,27,0.1719097222222222,0,0,0,other
57492.0,3,-2.34,3,0,0,0,1,african-american,27,44.58513888888889,1,0,0,other
22345.0,2,-2.74,2,1,0,1,0,african-american,27,1.0204513888888889,4,0,0,single
49377.0,2,-2.68,2,0,0,0,0,african-american,27,31.61825231481481,2,0,1,single
22759.0,7,-1.84,5,1,1,1,0,african-american,27,0.668587962962963,8,1,1,single
51173.0,7,-2.15,4,1,0,1,0,hispanic,27,2.0452199074074078,1,0,0,single
23407.0,10,-0.19,10,1,0,1,0,african-american,27,34.51988425925926,7,0,0,single
52423.0,5,-2.31,3,0,0,0,0,caucasian,27,68.1407175925926,8,0,0,single
53226.0,2,-2.45,3,1,0,1,0,other,27,54.00751157407407,0,0,0,significant other
55928.0,8,-1.4,7,1,0,1,1,caucasian,27,54.67568287037037,4,0,1,single
53167.0,7,-2.18,4,1,1,1,0,african-american,27,1.1443865740740742,17,2,0,single
51078.0,3,-2.41,3,1,1,1,1,african-american,27,0.7606944444444445,0,0,0,single
6944.0,9,-0.54,10,0,0,0,0,african-american,27,3.1497337962962964,11,3,0,single
51225.0,6,-2.18,4,1,1,1,1,african-american,27,4.037476851851852,2,0,0,single
55089.0,2,-2.51,3,0,0,0,0,hispanic,27,1.7115393518518518,1,0,0,single
57536.0,5,-2.16,4,1,0,1,1,african-american,27,0.9557175925925926,3,0,1,single
60182.0,3,-2.24,3,1,0,1,0,caucasian,27,0.189074074074074,0,0,1,single
57667.0,1,-2.66,2,0,0,0,0,african-american,27,1.0232175925925926,0,0,1,single
42702.0,9,-1.02,8,1,0,1,0,african-american,27,1.7849768518518518,9,1,0,single
61285.0,6,-2.57,2,1,0,1,1,african-american,27,0.994039351851852,4,0,0,single
61812.0,2,-2.76,2,0,0,0,0,hispanic,27,1.20875,1,0,1,single
54032.0,2,-2.57,2,0,0,0,0,hispanic,27,2.9582407407407407,1,0,0,single
52244.0,3,-2.3,3,0,0,0,1,caucasian,27,1.1792592592592592,0,0,1,single
782.0,10,-0.91,9,0,0,0,1,caucasian,27,1.1955324074074074,6,0,0,single
50338.0,3,-2.45,3,1,0,1,0,caucasian,27,1.1199074074074074,1,0,1,single
29185.0,2,-1.74,5,0,0,0,0,african-american,27,6.950081018518518,1,0,0,significant other
20342.0,3,-2.13,4,1,0,1,0,african-american,27,3.211446759259259,5,0,0,single
51155.0,2,-2.44,3,0,0,0,0,african-american,27,1.344872685185185,0,0,1,significant other
16568.0,7,-2.28,3,1,1,1,0,african-american,27,2.072951388888889,13,0,0,single
54330.0,1,-2.69,2,0,0,0,0,african-american,27,1.1630092592592594,0,0,1,single
58854.0,9,-2.1,4,1,0,1,0,african-american,27,4.236365740740741,5,0,0,single
59486.0,4,-2.5,3,1,1,1,0,caucasian,27,1.2100462962962963,2,1,1,single
12708.0,10,-0.92,9,1,1,1,0,african-american,27,27.61516203703704,8,0,0,single
34493.0,5,-2.1,4,1,0,1,0,hispanic,27,1.3252314814814814,8,2,0,single
61283.0,3,-2.31,3,0,0,0,0,african-american,27,1.2605324074074074,0,0,1,single
54029.0,7,-2.05,4,0,0,0,0,african-american,27,5.855810185185185,1,0,0,single
56726.0,9,-1.34,7,0,0,0,0,caucasian,27,1.1922337962962963,5,0,1,single
25116.0,10,-0.84,9,1,0,1,0,african-american,27,37.04042824074074,5,0,1,single
38240.0,7,-1.64,6,0,0,0,0,african-american,27,83.14611111111111,2,0,0,single
60658.0,3,-2.54,3,0,0,0,1,african-american,27,1.0827430555555555,0,0,1,single
56332.0,2,-2.42,3,1,0,1,0,african-american,27,2.085486111111111,0,0,1,single
61113.0,8,-1.97,5,1,0,1,0,caucasian,27,47.282465277777774,0,0,0,single
59246.0,1,-2.72,2,0,0,0,0,african-american,27,0.8292013888888888,1,0,1,single
59953.0,9,-1.29,7,1,0,1,0,african-american,27,7.792465277777778,3,0,0,single
59686.0,2,-2.46,3,0,0,0,0,caucasian,27,1.8631597222222225,2,0,0,single
57185.0,5,-2.07,4,1,0,1,0,african-american,27,9.221180555555556,2,0,1,single
34856.0,7,-2.22,4,1,0,1,0,caucasian,27,0.1617939814814814,4,0,0,single
51936.0,2,-2.03,4,0,0,0,0,african-american,27,1.838645833333333,0,0,0,single
54846.0,3,-2.73,2,1,0,1,0,african-american,27,0.2588888888888889,5,0,1,single
61099.0,3,-2.27,3,0,0,0,0,caucasian,27,3.2494444444444444,3,0,1,significant other
51786.0,8,-0.99,9,0,0,0,0,african-american,27,1.975648148148148,1,0,0,single
24573.0,7,-1.16,8,1,0,1,0,african-american,27,0.894375,6,1,0,single
52479.0,5,-2.45,3,1,0,1,1,caucasian,27,62.10697916666667,2,0,0,single
53339.0,2,-2.48,3,0,0,0,0,african-american,27,2.731423611111111,0,0,1,single
55076.0,8,-1.21,8,1,0,1,0,african-american,27,1.148576388888889,10,0,0,single
57077.0,1,-2.78,2,0,0,0,0,african-american,27,0.8630555555555556,0,0,1,single
55818.0,3,-2.73,2,0,0,0,1,caucasian,27,0.5762962962962963,0,0,0,single
50978.0,6,-1.76,5,1,0,1,0,african-american,27,0.0119560185185185,2,0,1,single
11494.0,6,-2.2,4,0,0,0,0,african-american,27,4.663414351851852,7,0,0,single
50969.0,2,-2.56,2,0,0,0,0,african-american,27,1.797974537037037,0,0,1,single
58993.0,1,-2.66,2,0,0,0,0,caucasian,27,0.9155439814814816,0,0,0,single
25699.0,8,-1.9,5,1,0,1,0,african-american,27,0.1860532407407407,6,1,0,single
43501.0,9,-1.63,6,1,0,1,0,african-american,27,1.1777083333333334,10,0,0,single
53796.0,6,-1.5,6,1,0,1,0,caucasian,27,6.177986111111111,5,0,0,single
54594.0,2,-2.54,3,0,0,0,0,caucasian,27,1.7085185185185183,0,0,1,single
30696.0,8,-0.98,9,1,0,1,0,african-american,27,34.9353125,6,0,0,single
47684.0,6,-2.12,4,1,0,1,1,african-american,27,16.029328703703705,1,0,1,single
58738.0,7,-2.12,4,0,0,0,0,other,27,0.9400462962962964,3,0,1,single
11743.0,6,-1.73,6,1,0,0,0,hispanic,27,14.160613425925924,6,0,0,single
20838.0,5,-2.12,4,0,0,0,0,african-american,27,20.92020833333333,2,0,0,single
51801.0,10,-0.55,10,0,0,0,0,african-american,27,1.0095023148148148,6,4,1,single
56614.0,2,-2.57,2,0,0,0,0,caucasian,27,0.8887847222222223,0,0,1,single
59184.0,6,-1.51,6,1,0,1,0,african-american,27,3.2183449074074075,0,0,0,significant other
56572.0,5,-2.56,2,0,0,0,0,african-american,27,2.092928240740741,1,0,1,single
51897.0,10,-1.85,5,1,1,1,0,african-american,27,799.7926388888889,9,1,0,single
55786.0,6,-2.23,4,0,0,0,1,african-american,27,9.124212962962964,2,0,0,single
53006.0,3,-2.34,3,1,0,1,0,african-american,27,1.2865393518518518,1,0,0,single
58087.0,4,-1.7,6,1,0,1,0,caucasian,27,1.1120138888888889,4,4,1,single
53960.0,9,-1.03,8,1,0,1,0,african-american,27,1.0829050925925925,2,0,0,single
60022.0,5,-2.52,3,0,0,0,1,caucasian,27,0.790775462962963,0,0,1,single
56071.0,9,-1.04,8,1,0,1,0,african-american,27,39.84418981481482,2,1,0,single
54197.0,10,-0.65,9,1,0,1,0,african-american,27,223.17061342592592,11,0,0,single
56417.0,7,-1.15,8,1,0,1,0,african-american,27,168.20519675925925,1,0,0,single
57479.0,2,-2.54,3,1,1,1,0,other,27,1.8605092592592596,2,0,1,single
51688.0,7,-2.17,4,1,0,1,0,caucasian,27,28.22591435185185,1,0,1,single
43166.0,5,-1.82,5,1,0,1,0,african-american,27,10.050694444444444,7,0,0,single
27533.0,7,-2.35,3,0,0,0,0,african-american,27,1.2170601851851852,3,0,1,single
60700.0,4,-2.39,3,0,0,0,0,african-american,27,8.018159722222222,1,1,0,single
57626.0,4,-2.31,3,1,0,1,0,caucasian,27,0.9909027777777778,2,0,0,single
25222.0,7,-1.12,8,1,1,1,0,african-american,27,49.2104050925926,8,0,0,single
51523.0,3,-2.44,3,0,0,0,1,hispanic,27,0.1998032407407407,0,0,1,single
54300.0,4,-2.27,3,0,0,0,0,african-american,27,0.8621064814814815,3,0,0,single
61803.0,3,-2.74,2,0,0,0,0,caucasian,27,1.0664583333333333,1,0,0,single
38763.0,8,-1.95,5,1,0,1,0,african-american,27,31.945150462962964,12,0,0,single
61883.0,2,-2.74,2,1,0,1,1,hispanic,27,0.9806712962962963,0,0,1,single
52709.0,9,-1.36,7,1,1,1,0,african-american,27,0.1440856481481481,4,0,0,single
53745.0,2,-2.52,3,0,0,0,1,african-american,27,0.8969097222222222,0,0,1,single
7301.0,10,0.03,10,1,0,1,0,african-american,27,1.6369791666666669,14,2,0,significant other
43281.0,5,-1.55,6,1,1,1,0,african-american,27,7.2275,2,0,1,single
59284.0,9,-1.23,8,1,0,1,0,caucasian,27,0.2204398148148148,0,0,0,single
62087.0,5,-2.46,3,0,0,0,0,african-american,27,2.184710648148148,1,0,1,single
14080.0,6,-1.82,5,1,0,1,0,caucasian,27,3.083275462962963,6,0,0,single
60024.0,4,-2.18,4,0,0,0,0,other,27,5.921701388888889,1,0,0,single
54508.0,5,-1.08,8,0,0,0,0,african-american,27,16.020127314814815,1,2,1,single
53963.0,2,-2.36,3,0,0,0,0,caucasian,27,43.79995370370371,0,0,0,single
53648.0,6,-2.15,4,1,0,0,1,african-american,27,3.044259259259259,8,0,0,single
48516.0,7,-1.5,6,1,0,1,0,african-american,27,1.9242939814814812,6,0,0,single
29205.0,9,-1.87,5,1,1,1,0,african-american,27,9.039039351851851,3,0,0,single
54414.0,4,-2.26,3,0,0,0,1,caucasian,27,0.9652777777777778,1,0,0,single
51252.0,7,-0.82,9,1,0,1,0,african-american,27,27.68865740740741,7,0,1,single
30172.0,6,-1.84,5,1,0,1,0,african-american,27,0.1606018518518518,4,0,1,single
26591.0,8,-1.17,8,1,1,1,0,african-american,27,52.11946759259259,9,0,0,single
58497.0,4,-2.63,2,1,0,1,0,caucasian,27,0.0301273148148148,0,0,1,other
2753.0,4,-2.32,3,0,0,0,0,caucasian,27,0.8923032407407407,5,0,0,single
57084.0,4,-2.37,3,0,0,0,0,african-american,27,3.013240740740741,2,0,0,single
42734.0,2,-2.19,4,0,0,0,0,african-american,27,2.2337037037037035,1,0,1,single
59550.0,2,-2.82,2,1,0,1,1,caucasian,27,0.1425925925925926,0,0,1,single
58855.0,5,-2.38,3,1,0,1,1,african-american,27,1.0006597222222222,3,0,0,single
8687.0,10,-0.88,9,1,1,1,0,african-american,27,0.0767476851851851,27,6,1,single
58931.0,8,-1.46,7,1,1,1,0,african-american,27,60.93303240740741,0,0,0,single
59992.0,3,-2.32,3,1,0,1,0,african-american,27,12.168726851851853,3,0,1,significant other
61620.0,2,-2.19,4,0,0,0,0,african-american,27,1.143900462962963,3,0,1,single
51715.0,5,-1.57,6,0,0,0,0,african-american,27,0.9650925925925926,0,0,0,single
54621.0,5,-2.19,4,0,0,0,1,african-american,27,26.846226851851853,1,1,0,single
51136.0,8,-1.28,7,1,0,0,0,african-american,27,0.1507291666666666,8,0,1,single
60299.0,2,-2.78,2,0,0,0,1,caucasian,27,1.0942129629629629,0,0,0,single
57772.0,3,-2.79,2,0,0,0,0,african-american,27,3.746030092592593,2,0,0,single
51420.0,2,-2.68,2,0,0,0,1,other,27,0.937164351851852,0,0,1,single
10655.0,9,-1.41,7,1,0,1,0,african-american,27,1.234409722222222,5,0,0,single
58994.0,1,-2.65,2,0,0,0,0,other,27,1.132789351851852,0,0,1,significant other
45346.0,5,-2.25,3,1,0,0,0,african-american,27,1.9745717592592595,2,0,0,single
21372.0,10,-0.59,10,1,0,1,0,african-american,27,0.9507523148148148,13,1,0,single
59106.0,6,-2.48,3,1,0,1,0,caucasian,27,6.901296296296296,2,0,0,single
62183.0,2,-2.48,3,0,0,0,0,hispanic,27,0.9385185185185184,1,0,1,single
57886.0,2,-2.45,3,0,0,0,0,caucasian,27,1.832650462962963,0,0,1,single
62274.0,3,-2.48,3,1,0,1,1,caucasian,27,1.012025462962963,6,0,0,single
62014.0,2,-2.56,2,1,0,1,0,african-american,27,0.9699421296296296,1,0,0,single
66275.0,4,-1.48,9,1,0,1,0,african-american,27,64.13085648148149,5,0,1,single
57064.0,1,-2.69,2,0,0,0,0,african-american,27,1.1261458333333334,0,0,1,single
26139.0,7,-2.14,4,1,0,1,1,caucasian,27,88.25082175925925,3,0,0,single
42622.0,10,0.18,10,0,0,0,0,caucasian,27,229.67282407407407,1,0,0,single
56402.0,3,-2.61,2,0,0,0,0,hispanic,27,10.008599537037036,2,0,0,single
61115.0,4,-2.11,4,1,0,1,0,other,27,1.0896180555555557,6,0,0,single
60100.0,4,-2.52,3,0,0,0,0,caucasian,27,2.044351851851852,5,0,1,single
61184.0,6,-1.32,7,0,0,0,0,african-american,27,2.016446759259259,0,0,0,single
60788.0,5,-1.98,4,0,0,0,0,african-american,27,3.2763194444444443,0,0,0,single
34724.0,8,-2.18,4,1,1,1,0,african-american,27,1.0161805555555556,12,0,0,single
54199.0,8,-0.45,10,1,0,1,0,african-american,27,0.791238425925926,4,2,1,single
7790.0,6,-2.38,3,0,0,0,0,african-american,27,131.9925810185185,2,0,0,single
52418.0,9,-1.07,8,1,0,1,1,african-american,27,14.938842592592591,10,1,0,single
52934.0,2,-2.32,3,1,0,0,0,african-american,27,0.8463773148148148,1,0,0,single
53401.0,3,-2.2,4,0,0,0,0,african-american,27,0.2978703703703704,2,0,0,single
47524.0,5,-2.16,4,0,0,0,0,african-american,27,0.8502662037037036,5,0,1,single
57627.0,2,-2.69,2,0,0,0,0,african-american,27,1.1014930555555555,0,0,1,single
52893.0,8,-1.76,5,0,0,0,0,african-american,27,33.0359375,4,0,0,single
56132.0,2,-2.53,3,0,0,0,0,african-american,27,1.0262384259259258,0,0,1,single
54699.0,7,-2.36,3,0,0,0,0,african-american,27,0.9898611111111112,10,0,0,single
56140.0,2,-2.49,3,0,0,0,0,caucasian,27,1.1235300925925926,0,0,0,single
48838.0,5,-2.04,4,1,0,1,1,african-american,27,0.1758101851851851,1,0,0,significant other
56068.0,3,-2.4,3,1,0,1,0,african-american,27,0.8847916666666666,2,0,1,single
54428.0,2,-2.64,2,0,0,0,1,african-american,27,1.2855439814814815,0,0,1,single
56743.0,8,-1.54,6,0,0,0,0,african-american,27,4.832222222222223,11,1,0,significant other
54530.0,3,-2.55,3,1,1,1,0,african-american,27,17.000833333333333,8,0,0,single
57914.0,4,-2.44,3,1,0,1,1,african-american,27,0.2036458333333333,3,0,0,single
55730.0,6,-1.88,5,0,0,0,0,caucasian,27,1.224375,0,0,0,single
58563.0,4,-2.31,3,0,0,0,0,caucasian,27,8.985104166666666,0,0,0,single
61639.0,1,-2.78,2,0,0,0,0,hispanic,27,0.7530324074074074,1,0,1,single
51853.0,10,-1.9,5,1,0,1,0,caucasian,27,27.782847222222223,0,0,0,single
55142.0,3,-2.15,4,0,0,0,0,caucasian,27,31.283252314814813,1,0,1,single
52850.0,2,-2.52,3,0,0,0,0,african-american,27,0.2118981481481481,0,1,0,significant other
52844.0,5,-2.06,4,0,0,0,0,caucasian,27,0.2831481481481481,2,0,0,single
58891.0,1,-2.74,2,0,0,0,0,caucasian,27,1.0550810185185184,1,0,0,single
10497.0,6,-2.32,3,1,0,1,0,caucasian,27,0.8738773148148148,2,0,0,single
58067.0,9,-1.93,5,1,1,1,0,african-american,27,0.600949074074074,5,1,0,single
57026.0,7,-1.46,7,1,0,1,0,african-american,27,132.29107638888888,2,0,0,single
55094.0,3,-2.4,3,0,0,0,1,african-american,27,0.8204976851851852,0,0,0,single
50860.0,9,-2.09,4,1,0,0,0,african-american,27,1.0769328703703704,2,1,1,single
54365.0,5,-2.48,3,0,0,0,0,other,27,1.9746875,0,0,1,significant other
47433.0,8,-0.64,9,1,1,1,0,african-american,27,1.14375,13,0,1,single
52431.0,7,-2.03,4,1,0,1,0,african-american,27,1.0851041666666668,8,1,0,single
53776.0,9,-1.73,6,1,0,1,0,african-american,27,0.2393518518518518,18,3,0,single
51693.0,5,-1.97,5,0,0,0,0,african-american,27,119.17848379629628,6,0,0,significant other
44612.0,4,-2.19,4,1,0,1,0,african-american,27,1.1431944444444444,6,0,1,single
52373.0,4,-2.47,3,0,0,0,0,hispanic,27,0.7878125,2,0,1,single
31536.0,10,-1.83,5,1,0,1,0,african-american,27,0.8727546296296296,2,0,0,single
59426.0,8,-1.68,6,1,1,1,1,caucasian,27,0.1761458333333333,0,0,1,significant other
54464.0,3,-2.48,3,1,1,0,1,african-american,27,1.1394444444444445,0,0,1,single
54076.0,5,-1.63,6,0,0,0,0,caucasian,27,0.876087962962963,0,0,0,single
61524.0,4,-2.36,3,0,0,0,0,caucasian,27,36.00587962962963,2,0,1,single
11206.0,5,-1.97,5,1,1,1,0,caucasian,27,57.09489583333333,13,3,0,single
7197.0,6,-1.96,5,1,0,1,0,caucasian,27,21.776064814814816,1,0,1,single
56588.0,2,-2.6,2,1,0,1,1,african-american,27,0.7751967592592592,1,0,0,single
60790.0,2,-2.62,2,0,0,0,0,african-american,27,1.042662037037037,1,0,0,single
62002.0,3,-2.75,2,0,0,0,0,african-american,27,12.22494212962963,3,0,0,significant other
52209.0,9,-1.19,8,1,0,1,0,african-american,27,4.0646875,7,0,0,single
52562.0,2,-2.31,3,1,0,0,0,african-american,27,0.4058912037037037,1,0,0,single
56993.0,2,-2.4,3,0,0,0,0,hispanic,27,0.8670601851851852,0,0,1,single
39488.0,7,-1.34,7,1,0,1,0,african-american,27,246.095625,2,0,0,single
59215.0,5,-1.7,6,1,1,1,0,african-american,27,50.85283564814815,4,0,0,single
8538.0,6,-1.67,6,0,0,0,0,african-american,27,1.6679745370370371,4,0,1,single
53884.0,4,-2.31,3,0,0,0,0,caucasian,27,12.123090277777775,0,0,0,single
57455.0,2,-2.72,2,0,0,0,1,african-american,27,0.8731481481481481,1,0,1,single
58140.0,6,-2.46,3,0,0,0,0,caucasian,27,30.009756944444444,5,0,0,single
8187.0,9,-1.22,8,0,0,0,0,african-american,27,7.862847222222222,10,0,0,single
59456.0,5,-2.29,3,0,0,0,1,caucasian,27,0.259537037037037,0,0,0,single
51461.0,2,-2.59,2,1,0,1,0,african-american,26,0.5617939814814815,0,0,1,single
53663.0,3,-2.31,3,0,0,0,0,caucasian,26,0.6189583333333334,0,0,0,single
9691.0,7,-1.27,7,1,0,1,0,african-american,26,0.9481018518518518,5,1,0,single
55016.0,6,-1.52,6,0,0,0,0,african-american,26,40.56540509259259,8,1,0,single
53677.0,7,-2.35,3,1,0,1,0,caucasian,26,1.845289351851852,0,0,0,single
51831.0,2,-2.35,3,0,0,0,0,caucasian,26,1.119375,0,0,1,single
4721.0,6,-1.54,6,0,0,0,0,african-american,26,1.1437037037037037,1,0,0,single
57460.0,7,-1.19,8,1,0,1,0,african-american,26,0.2747453703703704,5,0,0,single
28536.0,6,-1.88,5,1,1,1,1,african-american,26,3.140509259259259,6,0,0,single
54899.0,2,-2.46,3,0,0,0,0,caucasian,26,1.0607986111111112,0,0,1,single
51275.0,6,-1.68,6,0,0,0,1,caucasian,26,0.9626736111111112,0,0,0,single
55712.0,2,-2.72,2,0,0,0,1,caucasian,26,0.311099537037037,0,0,1,single
52474.0,10,-1.53,6,1,0,1,0,african-american,26,2.0972800925925927,9,3,0,single
2609.0,4,-2.18,4,0,0,0,0,hispanic,26,1.690752314814815,7,1,1,single
55117.0,2,-2.64,2,0,0,0,0,hispanic,26,0.7816666666666666,0,1,0,single
53227.0,4,-2.26,3,0,0,0,0,caucasian,26,5.971759259259259,1,0,0,single
52308.0,6,-2.1,4,0,0,0,1,caucasian,26,8.885219907407407,1,0,0,single
60492.0,3,-2.44,3,0,0,0,1,african-american,26,2.121400462962963,4,1,0,single
57063.0,5,-2.03,4,0,0,0,1,african-american,26,1.7554976851851851,1,0,0,single
53492.0,2,-2.51,3,0,0,0,0,caucasian,26,1.2662847222222222,2,0,0,single
53300.0,3,-2.32,3,0,0,0,0,hispanic,26,2.3365625,0,0,0,single
60710.0,6,-2.67,2,0,0,0,0,caucasian,26,0.8670949074074074,0,0,1,significant other
51139.0,8,-2.15,4,1,0,1,0,caucasian,26,0.1081481481481481,7,0,0,single
57670.0,2,-2.58,2,0,0,0,0,caucasian,26,9.093171296296296,0,0,1,single
7549.0,10,-0.5,10,1,0,1,0,african-american,26,1.8206944444444444,10,1,0,single
3580.0,10,-1.44,7,1,1,1,0,caucasian,26,41.89310185185185,8,3,0,single
58066.0,4,-2.31,3,0,0,0,0,african-american,26,0.9234722222222222,1,0,0,single
60283.0,5,-1.75,5,0,0,0,1,african-american,26,1.0216898148148148,3,1,1,single
47770.0,10,-0.4,10,1,0,1,0,african-american,26,7.302465277777777,13,0,1,separated
53930.0,4,-2.23,4,1,0,0,0,caucasian,26,2.276493055555556,3,1,1,single
51652.0,4,-2.17,4,1,1,1,0,african-american,26,1.8865046296296295,9,0,1,single
53108.0,8,-1.61,6,0,0,0,0,african-american,26,0.9147453703703704,7,0,1,single
57255.0,7,-1.92,5,1,0,1,1,african-american,26,0.9290046296296296,4,0,0,single
55229.0,4,-2.26,3,1,0,0,1,caucasian,26,0.7455902777777778,1,0,1,significant other
56574.0,4,-2.14,4,0,0,0,0,caucasian,26,2.07505787037037,8,0,0,single
61754.0,8,-1.44,7,1,1,1,0,african-american,26,2.6513425925925924,9,0,0,single
53299.0,7,-1.93,5,1,1,1,0,caucasian,26,1.234849537037037,9,0,1,single
1172.0,9,-1.45,7,1,0,1,0,african-american,26,0.8282638888888889,1,0,0,single
52472.0,3,-2.35,3,0,0,0,0,african-american,26,1.0742708333333333,0,0,1,single
44850.0,8,-1.53,6,0,0,0,0,african-american,26,10.285891203703704,6,0,1,single
56516.0,2,-2.28,3,1,0,0,0,caucasian,26,1.9578587962962963,0,0,0,significant other
60815.0,7,-2.09,4,1,0,1,0,caucasian,26,293.1022106481482,4,0,1,single
62214.0,2,-2.47,3,0,0,0,0,caucasian,26,0.8313888888888888,0,0,0,separated
52867.0,3,-2.23,4,1,0,1,0,caucasian,26,0.7627430555555555,1,0,0,significant other
48197.0,3,-2.59,2,0,0,0,0,hispanic,26,0.7354050925925926,5,0,0,single
54693.0,3,-2.31,3,0,0,0,0,african-american,26,7.342615740740741,2,1,0,single
60345.0,3,-2.42,3,0,0,0,1,caucasian,26,0.7591898148148148,3,0,1,single
51782.0,4,-2.39,3,1,1,1,0,african-american,26,0.9669907407407408,0,0,1,single
56912.0,7,-1.96,5,1,0,1,0,african-american,26,1.2886458333333333,8,0,0,single
59490.0,2,-2.72,2,0,0,0,1,african-american,26,0.7117708333333334,0,0,1,single
54169.0,8,-2.3,3,1,0,1,0,african-american,26,1.0140162037037035,6,2,0,single
47687.0,7,-1.65,6,0,0,0,0,african-american,26,323.85957175925927,5,0,1,single
60888.0,5,-2.04,4,0,0,0,0,caucasian,26,1.0473379629629629,0,0,1,single
51526.0,3,-2.23,4,0,0,0,0,caucasian,26,7.961793981481481,1,0,1,single
14870.0,10,-0.75,9,0,0,0,0,caucasian,26,0.1491666666666666,3,0,1,single
52735.0,2,-2.35,3,0,0,0,0,african-american,26,1.056099537037037,0,0,0,single
53369.0,4,-2.32,3,0,0,0,0,african-american,26,2.953425925925926,5,0,0,single
51931.0,8,-2.18,4,0,0,0,0,african-american,26,0.9029050925925926,0,0,0,single
31916.0,9,-1.67,6,1,1,1,0,african-american,26,0.7226736111111111,10,2,0,single
60743.0,6,-2.46,3,0,0,0,1,caucasian,26,0.8947453703703704,0,0,1,single
51937.0,8,-2.2,4,0,0,0,1,african-american,26,1.2009722222222223,0,0,1,single
34087.0,9,-1.56,6,0,0,0,0,african-american,26,42.966400462962966,15,0,0,single
55686.0,4,-2.11,4,1,1,0,0,caucasian,26,19.00761574074074,4,0,1,single
53860.0,10,-1.73,6,1,0,1,0,african-american,26,1.1890625,1,1,0,single
20922.0,8,-0.83,9,1,1,1,0,african-american,26,1.0302083333333334,4,1,1,single
54264.0,2,-2.55,3,0,0,0,0,other,26,1.230162037037037,0,0,1,single
60581.0,5,-2.0,4,0,0,0,1,african-american,26,1.1402777777777775,1,0,0,single
56522.0,2,-2.56,2,0,0,0,1,african-american,26,0.5516898148148148,0,0,1,single
56827.0,7,-1.63,6,1,0,1,0,african-american,26,1.937025462962963,4,0,0,single
60683.0,8,-1.93,5,1,0,1,0,african-american,26,0.8813078703703704,4,0,0,single
60546.0,1,-2.64,2,0,0,0,0,african-american,26,14.227002314814817,1,0,1,single
30613.0,3,-2.19,4,1,0,1,0,african-american,26,148.14287037037036,2,0,0,single
1356.0,6,-2.0,4,0,0,0,1,other,26,0.8638888888888889,1,0,1,single
52734.0,2,-2.47,3,0,0,0,0,caucasian,26,0.9050810185185184,0,0,1,single
51066.0,4,-1.31,7,0,0,0,0,caucasian,26,1.6039699074074074,2,0,0,single
51517.0,8,-2.25,3,1,0,1,1,caucasian,26,0.2945254629629629,1,0,0,single
3818.0,8,-1.59,6,0,0,0,0,african-american,26,75.91273148148149,4,1,1,single
61276.0,4,-2.24,3,0,0,0,1,african-american,26,1.2885763888888888,0,0,1,single
52265.0,5,-2.13,4,1,0,0,0,african-american,26,0.4137384259259259,0,0,1,single
17967.0,10,-0.53,10,1,1,1,0,african-american,26,85.87459490740741,24,4,1,single
8639.0,7,-0.65,9,1,1,1,0,african-american,26,47.09333333333333,3,0,0,single
21705.0,10,-0.8,9,1,1,1,0,african-american,26,3.8513888888888888,3,1,0,single
54882.0,5,-2.38,3,0,0,0,1,african-american,26,27.369756944444443,3,0,0,single
51292.0,7,-1.35,7,0,0,0,0,african-american,26,0.0746759259259259,2,0,1,single
61013.0,4,-2.25,3,0,0,0,0,caucasian,26,56.251469907407404,11,0,0,single
3251.0,9,-0.83,9,1,0,1,0,african-american,26,18.063738425925926,6,0,0,single
53081.0,6,-2.22,4,1,1,1,0,caucasian,26,18.02611111111111,7,0,0,significant other
54325.0,3,-2.11,4,1,0,1,0,african-american,26,2.119571759259259,2,0,0,separated
58828.0,4,-2.32,3,1,1,1,1,african-american,26,2.004224537037037,1,0,0,single
59679.0,2,-2.42,3,1,0,0,0,african-american,26,8.916412037037038,2,0,0,single
57689.0,4,-2.5,3,0,0,0,0,caucasian,26,0.9993981481481482,1,0,1,single
57082.0,2,-2.67,2,0,0,0,1,african-american,26,1.1575925925925925,1,0,1,single
56080.0,2,-2.59,2,0,0,0,1,african-american,26,0.1902314814814814,0,0,1,single
51028.0,4,-1.96,5,1,0,1,0,other,26,2.2889351851851854,1,0,0,single
33556.0,8,-2.09,4,1,0,1,0,caucasian,26,1.0459375,2,0,0,single
52037.0,7,-1.72,6,0,0,0,1,african-american,26,2.0191319444444447,1,0,0,single
57996.0,5,-2.09,4,1,0,0,0,african-american,26,1.1252083333333334,1,0,0,single
42731.0,5,-2.05,4,0,0,0,1,caucasian,26,0.1321296296296296,2,0,1,single
52508.0,5,-2.13,4,0,0,0,1,caucasian,26,0.5997800925925926,0,0,0,single
19187.0,8,-1.81,5,1,0,0,0,african-american,26,11.139340277777778,13,0,1,single
61720.0,2,-2.36,3,0,0,0,0,caucasian,26,0.895,0,0,1,single
29822.0,6,-1.42,7,0,0,0,0,african-american,26,1.135787037037037,5,1,0,single
58416.0,2,-2.56,2,0,0,0,1,african-american,26,1.2559375,0,0,1,significant other
53398.0,3,-2.33,3,0,0,0,0,african-american,26,1.944074074074074,0,0,0,single
48433.0,7,-1.52,6,1,1,1,0,african-american,26,6.920578703703704,5,0,0,single
51415.0,1,-2.53,3,1,0,1,0,hispanic,26,0.7378587962962962,0,0,1,single
61438.0,7,-2.22,4,1,0,1,0,african-american,26,1.1899305555555555,11,2,0,single
54960.0,6,-1.9,5,0,0,0,0,caucasian,26,68.97024305555556,7,0,1,single
59032.0,2,-2.28,3,0,0,0,0,african-american,26,2.967013888888889,0,0,0,single
52672.0,6,-1.76,5,1,0,1,0,african-american,26,29.9121875,1,0,1,single
52685.0,4,-2.26,3,1,0,1,0,african-american,26,0.0237962962962962,0,0,0,single
8812.0,10,-0.73,9,1,0,1,0,african-american,26,1.8371064814814813,9,2,1,significant other
54026.0,2,-2.47,3,0,0,0,0,caucasian,26,1.245648148148148,1,0,1,single
44584.0,4,-1.99,4,0,0,0,0,caucasian,26,0.1304282407407407,5,0,1,single
7034.0,3,-2.12,4,0,0,0,0,african-american,26,0.3022916666666667,2,0,1,single
54332.0,5,-2.12,4,1,0,0,1,african-american,26,0.9650347222222222,3,0,0,significant other
56913.0,5,-2.32,3,0,0,0,0,hispanic,26,0.5880671296296296,1,0,0,single
52839.0,5,-2.28,3,1,0,1,0,caucasian,26,0.89875,3,0,0,single
54334.0,3,-2.36,3,0,0,0,0,african-american,26,0.1425925925925926,2,0,1,single
8012.0,8,-1.37,7,1,0,1,0,african-american,26,1.2373148148148148,10,0,0,single
61230.0,2,-2.36,3,1,1,1,0,caucasian,26,16.28002314814815,1,0,0,single
51422.0,9,-1.4,7,1,0,0,0,african-american,26,0.9232638888888888,4,0,0,single
52886.0,2,-2.49,3,1,0,1,0,hispanic,26,0.7797800925925926,1,0,1,single
52521.0,5,-2.36,3,0,0,0,0,african-american,26,0.8934375,0,0,1,single
58150.0,6,-2.32,3,1,0,1,0,african-american,26,13.069525462962964,1,0,1,single
62228.0,3,-2.44,3,0,0,0,1,hispanic,26,0.2412384259259259,0,0,1,other
61189.0,4,-2.64,2,0,0,0,0,caucasian,26,0.8937037037037037,0,0,0,single
18698.0,8,-1.26,7,1,0,1,0,african-american,26,14.149976851851852,8,2,0,single
57398.0,9,-1.42,7,0,0,0,1,african-american,26,6.416736111111111,0,0,1,single
60525.0,2,-2.48,3,0,0,0,0,caucasian,26,3.164849537037037,2,0,0,single
61537.0,5,-2.44,3,0,0,0,0,caucasian,26,1.0591666666666666,7,0,0,single
50864.0,2,-2.33,3,0,0,0,0,caucasian,26,0.8293865740740741,0,0,1,single
51232.0,5,-2.2,4,0,0,0,0,african-american,26,0.070949074074074,1,0,1,single
57512.0,4,-2.23,4,0,0,0,0,african-american,26,0.0923611111111111,0,0,1,single
8021.0,5,-2.04,4,0,0,0,0,caucasian,26,0.5568402777777778,2,0,0,single
59511.0,5,-2.38,3,0,0,0,0,caucasian,26,0.6094791666666667,0,0,1,single
55964.0,4,-2.14,4,0,0,0,0,african-american,26,37.21655092592592,2,0,0,single
56720.0,1,-2.71,2,0,0,0,0,hispanic,26,1.6738425925925926,1,0,1,single
26020.0,8,-1.75,5,1,0,1,0,african-american,26,0.267199074074074,8,0,0,single
51682.0,6,-1.22,8,1,0,0,0,caucasian,26,0.7283333333333334,2,1,0,single
52128.0,2,-2.37,3,0,0,0,0,african-american,26,1.2172337962962962,1,0,0,single
16248.0,3,-2.27,3,1,0,1,0,caucasian,26,19.098553240740745,2,1,0,single
59536.0,4,-2.24,3,0,0,0,0,caucasian,26,2.916215277777778,0,0,1,single
34467.0,5,-2.22,4,1,0,1,0,african-american,26,0.0227199074074074,6,0,1,single
10282.0,7,-1.55,6,1,0,1,0,caucasian,26,3.031701388888889,1,0,0,single
9377.0,7,-1.34,7,1,1,1,0,african-american,26,6.047037037037037,5,3,0,single
54797.0,2,-2.61,2,1,0,1,0,caucasian,26,0.8192939814814815,3,0,1,single
54620.0,5,-2.07,4,1,0,1,0,hispanic,26,221.93756944444445,1,1,0,single
52210.0,7,-1.85,5,0,0,0,0,other,26,0.813599537037037,0,0,0,single
57241.0,3,-2.16,4,1,0,1,0,african-american,26,0.9483796296296296,0,0,1,single
51911.0,9,-1.42,7,1,0,1,0,caucasian,26,143.85306712962964,7,0,1,single
38528.0,9,-0.79,9,1,0,1,0,caucasian,26,50.3208912037037,9,1,0,single
8041.0,9,-1.24,8,1,0,1,0,african-american,26,0.089224537037037,14,4,0,single
56327.0,6,-2.18,4,1,0,1,1,caucasian,26,1.095613425925926,3,0,0,single
59267.0,7,-1.67,6,0,0,0,0,african-american,26,19.093321759259258,7,0,0,single
60985.0,2,-2.64,2,0,0,0,0,african-american,26,2.2416666666666667,0,0,1,single
54100.0,4,-2.19,4,0,0,0,0,caucasian,26,1.0945717592592592,0,0,1,significant other
54195.0,9,-0.8,9,1,0,1,0,african-american,26,205.03346064814812,3,3,1,single
55085.0,2,-2.33,3,0,0,0,0,african-american,26,2.039340277777778,0,0,0,significant other
57893.0,1,-2.63,2,0,0,0,0,hispanic,26,0.8279398148148148,0,0,1,single
53692.0,6,-2.08,4,0,0,0,0,african-american,26,33.29893518518519,2,0,0,single
45938.0,4,-1.53,6,0,0,0,0,african-american,26,14.755995370370371,4,0,1,single
59604.0,2,-2.4,3,0,0,0,0,caucasian,26,1.9781712962962965,0,0,0,single
52397.0,7,-1.59,7,0,0,0,0,african-american,26,0.2589814814814815,6,2,0,single
4619.0,6,-2.12,4,1,1,1,1,african-american,26,1.9079050925925929,9,0,1,single
59404.0,3,-2.44,3,0,0,0,1,caucasian,26,0.8759837962962963,0,0,0,single
60198.0,2,-2.48,3,1,0,1,0,caucasian,26,1.0636689814814817,1,0,0,single
52849.0,4,-2.17,4,1,0,1,1,african-american,26,0.7613310185185185,2,0,1,single
53223.0,7,-2.01,4,1,0,1,0,caucasian,26,1.0789467592592592,3,0,0,single
53792.0,5,-2.44,6,0,0,0,0,caucasian,26,5.714652777777777,5,0,1,significant other
62006.0,4,-2.32,3,0,0,0,0,caucasian,26,0.0122337962962962,0,0,0,single
52701.0,5,-2.29,3,0,0,0,0,hispanic,26,1.1325925925925926,1,0,1,single
54774.0,5,-1.99,4,1,1,1,0,caucasian,26,27.094386574074075,2,0,0,single
54311.0,4,-2.17,4,0,0,0,0,caucasian,26,0.2041319444444444,0,0,0,single
57069.0,6,-1.88,5,0,0,0,1,caucasian,26,1.0722800925925926,1,0,1,significant other
58239.0,1,-2.67,2,1,0,1,0,other,26,2.222847222222222,0,0,0,single
61986.0,4,-2.59,2,0,0,0,0,other,26,1.1980439814814814,0,0,1,single
27487.0,10,-1.39,7,1,1,1,0,african-american,26,0.2934837962962963,24,1,0,single
3037.0,10,-0.92,9,1,0,0,0,african-american,26,1.926076388888889,3,0,1,single
57619.0,5,-1.97,5,0,0,0,0,african-american,26,2.117835648148148,2,0,1,single
61156.0,1,-2.6,2,0,0,0,0,hispanic,26,0.1574652777777777,2,1,1,single
4164.0,7,-2.28,3,1,0,1,0,caucasian,26,2.035810185185185,4,0,0,single
18532.0,10,-1.37,7,1,0,1,0,african-american,26,197.89655092592596,18,2,0,single
58326.0,2,-2.45,3,1,0,1,0,caucasian,26,0.1728472222222222,2,0,0,single
33422.0,7,-1.45,7,1,1,1,0,african-american,26,11.197337962962964,9,0,0,single
19384.0,7,-1.82,5,1,0,1,1,african-american,26,1.2269444444444444,5,0,0,single
41847.0,9,-0.85,9,1,0,1,0,hispanic,26,0.1194560185185185,5,0,0,single
59888.0,4,-2.23,4,0,0,0,1,african-american,26,0.9264814814814816,0,0,0,single
60595.0,3,-2.61,2,1,0,1,0,african-american,26,0.3951273148148148,4,0,0,single
7845.0,10,-0.71,9,1,0,1,0,african-american,26,2.8273958333333336,7,0,0,single
2300.0,4,-2.06,4,0,0,0,0,african-american,26,0.7608796296296296,2,0,0,single
42676.0,7,-1.61,6,1,1,1,0,african-american,26,2.0498842592592594,6,0,0,single
53502.0,2,-2.41,3,0,0,0,0,african-american,26,1.0485069444444444,2,0,0,single
56659.0,2,-2.39,3,0,0,0,0,african-american,26,0.9686921296296296,0,0,1,single
56812.0,2,-2.31,3,0,0,0,0,other,26,41.11143518518519,3,0,0,significant other
56795.0,4,-2.17,4,0,0,0,0,african-american,26,0.0774074074074074,0,0,0,single
42846.0,9,-1.66,6,1,0,1,0,african-american,26,1.0009722222222222,8,0,0,single
52029.0,5,-1.62,6,0,0,0,0,caucasian,26,0.6240625,2,0,0,single
61378.0,5,-2.58,2,0,0,0,0,african-american,26,0.8817708333333333,0,2,0,single
7805.0,10,-1.08,8,1,0,1,0,african-american,26,1.8897569444444444,7,0,0,single
54274.0,8,-1.12,8,1,0,1,0,african-american,26,0.8190046296296296,2,0,0,single
57762.0,3,-2.61,2,0,0,0,1,african-american,26,44.168680555555554,1,0,0,single
54336.0,5,-2.29,3,0,0,0,0,caucasian,26,0.221574074074074,2,0,0,single
52743.0,6,-1.65,6,0,0,0,0,hispanic,26,0.0942592592592592,4,0,0,significant other
57012.0,2,-2.54,3,0,0,0,0,caucasian,26,1.0647453703703704,3,0,1,single
53154.0,6,-1.33,7,1,0,1,0,african-american,26,0.9022800925925926,1,0,0,single
53134.0,9,-1.15,8,0,0,0,0,african-american,26,0.1718518518518518,1,0,0,single
57443.0,4,-2.26,3,1,0,1,0,african-american,26,1.1800810185185184,0,0,0,single
57943.0,10,-0.45,10,1,0,1,0,african-american,26,3.7387615740740734,6,1,1,single
52755.0,3,-2.35,3,1,0,1,0,african-american,26,0.1458564814814814,1,0,1,single
53465.0,2,-2.37,3,0,0,0,0,hispanic,26,173.31797453703703,0,0,0,single
5705.0,7,-1.57,6,1,0,1,0,african-american,26,27.15578703703704,5,0,0,single
53106.0,8,-1.53,8,0,0,0,0,caucasian,26,12.122465277777778,6,2,1,single
51551.0,6,-2.1,4,1,0,0,0,african-american,26,1.8269328703703704,3,1,0,single
18290.0,2,-2.4,3,1,1,1,0,african-american,26,3.8231828703703705,2,0,0,single
47062.0,6,-2.08,4,1,0,1,0,african-american,26,0.97375,3,0,0,single
55751.0,4,-2.23,4,0,0,0,0,caucasian,26,0.2015277777777777,2,0,0,single
53882.0,4,-2.29,3,0,0,0,0,african-american,26,33.05365740740741,3,0,0,single
56341.0,10,-0.43,10,1,0,1,0,african-american,26,57.17443287037037,1,0,0,single
42066.0,7,-1.47,7,1,0,1,0,african-american,26,83.42770833333333,4,0,0,single
45429.0,4,-1.84,5,0,0,0,0,african-american,26,0.9632523148148148,5,0,0,single
57233.0,6,-2.19,4,1,0,1,1,african-american,26,27.87534722222222,1,0,0,single
15576.0,10,-0.59,10,1,0,1,0,african-american,26,33.84928240740741,3,0,0,single
57087.0,1,-2.67,2,0,0,0,0,african-american,26,32.08935185185185,1,0,1,single
48079.0,10,-2.0,4,1,0,1,0,african-american,26,1.132951388888889,6,0,1,single
51954.0,6,-2.2,4,1,0,1,1,caucasian,26,33.022893518518515,2,0,0,single
51089.0,5,-1.76,5,1,0,1,0,african-american,26,22.91888888888889,1,0,0,single
54302.0,3,-2.3,3,1,0,1,0,african-american,26,1.1339814814814817,0,0,0,single
51084.0,2,-2.52,3,0,0,0,0,african-american,26,0.5987731481481482,0,0,0,single
56620.0,5,-1.73,6,1,1,1,0,african-american,26,21.879166666666663,2,0,0,single
60195.0,4,-1.78,5,0,0,0,1,african-american,26,0.748912037037037,1,0,1,single
38968.0,5,-2.02,4,0,0,0,0,african-american,26,1.9136689814814816,6,1,1,single
56189.0,9,-1.44,7,1,0,1,0,african-american,26,2.254641203703704,6,0,0,significant other
54627.0,2,-2.41,3,0,0,0,0,african-american,26,1.100787037037037,0,0,1,single
53342.0,7,-2.12,4,1,0,0,0,african-american,26,0.2188310185185185,3,0,0,single
52320.0,3,-2.45,3,1,0,1,1,caucasian,26,0.5789814814814814,4,0,0,single
55617.0,4,-2.16,4,0,0,0,0,african-american,26,28.925509259259258,2,0,1,single
56745.0,9,-0.45,10,0,0,0,0,african-american,26,1.0086805555555556,0,0,0,single
22577.0,6,-1.63,6,0,0,0,0,african-american,26,1.6704050925925926,6,0,0,single
65542.0,4,-2.4,3,0,0,0,1,hispanic,26,5.08244212962963,1,0,1,single
34398.0,8,-2.06,4,1,0,1,0,african-american,26,0.1685532407407407,13,2,0,single
54489.0,5,-2.11,4,0,0,0,0,african-american,26,1.1128125,5,1,1,single
53173.0,6,-1.73,6,0,0,0,0,african-american,26,1.1392476851851852,7,0,0,single
60173.0,7,-1.78,5,1,0,1,0,hispanic,26,0.8938657407407408,9,1,0,single
56784.0,4,-2.48,3,1,0,1,0,african-american,26,0.819212962962963,2,0,0,single
56767.0,6,-2.21,4,0,0,0,0,hispanic,26,0.1896296296296296,0,0,0,significant other
53964.0,2,-2.32,3,0,0,0,0,african-american,26,0.8048611111111111,2,0,1,single
54677.0,5,-2.18,4,1,0,1,0,other,26,0.5808333333333333,0,0,0,single
54526.0,9,-1.4,7,0,0,0,1,caucasian,26,3.040300925925926,1,0,0,single
57528.0,4,-2.39,3,1,1,1,0,caucasian,26,2.8278587962962964,4,0,0,significant other
52467.0,6,-1.89,5,1,0,1,0,african-american,26,2.076701388888889,3,1,1,single
54122.0,6,-1.55,6,1,0,1,0,caucasian,26,5.128611111111111,0,0,1,single
53040.0,3,-2.09,4,1,0,0,0,african-american,26,7.102199074074074,1,0,1,single
51504.0,3,-2.37,3,0,0,0,0,caucasian,26,0.0755671296296296,1,0,0,single
53395.0,8,-0.76,9,1,0,1,0,african-american,26,36.24587962962963,5,0,0,single
51679.0,3,-1.93,5,1,1,1,0,other,26,199.6888888888889,2,0,0,single
4750.0,4,-1.49,7,0,0,0,0,other,26,1.0999421296296297,1,0,1,single
55810.0,5,-1.87,5,0,0,0,0,caucasian,26,7.349085648148148,1,0,0,single
54027.0,10,-1.14,8,1,0,1,0,african-american,26,1.141689814814815,2,0,0,single
60206.0,8,-0.96,9,0,0,0,1,african-american,26,3.725092592592592,1,0,0,single
61504.0,6,-2.16,4,1,0,1,0,african-american,26,5.991886574074074,10,0,1,single
45420.0,5,-2.13,4,1,1,1,0,african-american,25,31.995219907407407,4,0,0,single
51642.0,7,-2.1,4,0,0,0,1,caucasian,25,0.3264583333333333,5,0,0,single
61182.0,5,-1.82,5,1,0,1,0,caucasian,25,1.2235416666666667,2,0,0,single
19580.0,8,-1.42,7,1,0,1,0,african-american,25,531.9413657407407,11,0,1,single
54975.0,4,-2.17,4,0,0,0,1,caucasian,25,2.2941666666666665,0,0,1,single
52027.0,2,-2.52,3,1,0,1,0,african-american,25,0.919050925925926,1,0,0,single
56255.0,3,-2.21,4,0,0,0,0,african-american,25,0.1570138888888889,1,0,0,single
34115.0,9,-0.18,10,1,0,1,1,african-american,25,95.16333333333333,7,0,0,single
51061.0,10,-1.23,8,1,0,1,0,caucasian,25,43.17835648148148,7,0,0,single
52437.0,4,-2.05,4,0,0,0,0,caucasian,25,42.73688657407408,2,0,0,single
61900.0,2,-2.47,3,1,0,1,0,african-american,25,0.9227314814814814,2,0,1,single
27249.0,9,-1.42,7,1,0,1,0,african-american,25,29.60668981481481,11,0,1,single
1186.0,5,-2.17,4,1,0,1,0,african-american,25,32.88421296296296,4,1,0,single
21308.0,6,-2.25,3,0,0,0,0,caucasian,25,1.0385416666666667,4,0,0,single
56658.0,7,-1.86,5,0,0,0,1,african-american,25,5.151423611111111,0,0,0,single
56290.0,6,-1.89,5,1,0,1,1,hispanic,25,36.1253587962963,4,0,0,single
59373.0,3,-2.19,4,0,0,0,0,african-american,25,34.313726851851854,0,0,0,single
57334.0,2,-2.21,4,0,0,0,0,african-american,25,7.257766203703704,0,0,1,single
34002.0,9,-1.17,8,1,0,1,0,african-american,25,84.73869212962963,9,0,0,single
59293.0,4,-2.01,4,0,0,0,0,african-american,25,7.047939814814815,0,0,0,single
56005.0,4,-2.13,4,1,0,1,1,caucasian,25,0.9816203703703704,1,0,1,single
61732.0,3,-2.19,4,0,0,0,0,african-american,25,1.121400462962963,0,0,0,single
56130.0,3,-2.21,4,0,0,0,1,african-american,25,4.144050925925926,1,0,0,single
57056.0,3,-2.09,4,1,0,1,0,african-american,25,1.022523148148148,0,0,1,single
54602.0,4,-2.34,3,1,0,1,0,african-american,25,2.666851851851852,0,0,0,single
56182.0,9,-1.39,7,1,0,1,0,caucasian,25,172.0348148148148,3,0,1,single
59492.0,7,-2.31,3,0,0,0,1,african-american,25,0.849849537037037,5,0,0,single
51119.0,6,-2.25,4,0,0,0,1,hispanic,25,0.8643287037037037,14,3,0,single
46634.0,8,-2.32,3,1,0,1,0,african-american,25,0.5965972222222222,4,0,0,single
53924.0,8,-1.35,7,1,1,0,0,caucasian,25,10.004699074074074,5,4,1,single
53125.0,6,-1.77,5,0,0,0,0,african-american,25,1.0016203703703703,1,0,1,single
53920.0,3,-2.17,4,0,0,0,0,caucasian,25,3.103993055555556,0,0,1,single
57270.0,2,-2.49,3,0,0,0,1,african-american,25,0.9829050925925926,0,0,1,single
60623.0,4,-2.55,3,1,0,1,0,caucasian,25,12.204085648148148,2,0,0,single
62329.0,10,-0.77,9,1,1,1,0,caucasian,25,6.965127314814815,9,0,1,single
55119.0,3,-2.32,3,0,0,0,1,african-american,25,0.9776041666666668,0,0,1,single
58267.0,5,-1.48,7,1,0,1,0,caucasian,25,11.023090277777778,2,0,1,single
53380.0,2,-2.4,3,0,0,0,0,caucasian,25,0.1985648148148148,0,0,0,single
59491.0,3,-1.98,4,0,0,0,0,caucasian,25,0.0039814814814814,0,0,0,single
54468.0,9,-1.06,8,1,1,1,0,other,25,1.2138310185185186,0,0,0,single
51611.0,6,-1.56,6,0,0,0,0,african-american,25,1.9335879629629629,1,0,0,single
62426.0,9,-1.52,6,0,0,0,0,caucasian,25,0.5789236111111111,0,0,1,single
60128.0,9,-1.92,5,0,0,0,1,african-american,25,0.2247800925925926,1,0,1,single
50897.0,3,-2.15,4,0,0,0,0,african-american,25,37.3575462962963,1,0,0,single
60445.0,3,-2.31,3,0,0,0,1,caucasian,25,0.6078356481481482,0,0,1,single
62197.0,2,-2.39,3,1,1,1,0,african-american,25,90.2534375,0,0,0,single
55126.0,2,-2.4,3,0,0,0,0,caucasian,25,0.3127314814814815,0,0,1,single
58584.0,7,-1.47,7,0,0,0,0,african-american,25,85.08137731481482,5,0,0,single
59736.0,3,-2.37,3,0,0,0,1,caucasian,25,1.967754629629629,0,0,1,single
11417.0,10,-0.84,9,0,0,0,0,african-american,25,1.145324074074074,3,0,0,single
56630.0,3,-2.42,3,0,0,0,0,caucasian,25,0.220636574074074,1,0,0,single
55574.0,9,-0.77,9,1,1,1,0,african-american,25,49.79734953703704,9,3,0,single
53028.0,3,-2.08,4,0,0,0,0,african-american,25,1.9413078703703703,0,0,0,single
8157.0,9,-0.94,9,1,0,1,0,african-american,25,0.1630208333333333,7,0,0,single
51521.0,7,-1.78,5,0,0,0,0,caucasian,25,0.9334375,0,0,1,single
54105.0,5,-2.16,4,0,0,0,0,african-american,25,0.9552430555555556,0,0,0,single
58675.0,4,-2.2,4,0,0,0,0,hispanic,25,1.216712962962963,4,0,0,single
6225.0,6,-1.93,5,1,0,0,0,african-american,25,6.00037037037037,6,0,0,single
50923.0,4,-1.8,5,1,1,1,0,african-american,25,0.6522800925925926,1,0,0,single
57682.0,3,-1.97,5,0,0,0,0,caucasian,25,0.6265162037037038,1,0,0,single
13274.0,8,-1.12,8,1,0,1,0,african-american,25,1.177476851851852,1,0,0,single
56526.0,7,-1.95,5,0,0,0,0,african-american,25,32.77884259259259,6,1,1,single
56799.0,7,-1.97,5,1,1,1,0,caucasian,25,54.56880787037037,6,0,1,single
7564.0,4,-2.32,3,1,0,1,0,caucasian,25,5.19287037037037,13,5,0,single
869.0,2,-2.37,3,0,0,0,0,other,25,0.4032291666666667,2,0,0,single
59586.0,2,-2.25,3,0,0,0,0,hispanic,25,31.980451388888888,1,0,0,single
56247.0,9,-1.27,7,0,0,0,0,caucasian,25,1.325208333333333,4,0,0,single
61884.0,2,-2.55,3,0,0,0,0,african-american,25,0.1250925925925926,1,0,0,single
52053.0,5,-1.95,5,1,1,1,0,african-american,25,1.1698726851851853,2,0,0,single
59051.0,4,-2.33,3,0,0,0,1,caucasian,25,0.8488310185185185,0,0,1,single
54119.0,5,-2.14,4,0,0,0,0,caucasian,25,0.1911689814814814,0,0,0,single
58869.0,10,-0.72,9,1,0,1,0,african-american,25,80.56325231481482,3,1,1,single
60721.0,10,-1.21,8,0,0,0,1,african-american,25,1.228553240740741,3,0,1,single
62090.0,4,-2.16,4,0,0,0,1,african-american,25,0.7623148148148148,2,0,1,significant other
54310.0,2,-2.29,3,1,1,1,0,african-american,25,1.1602430555555556,1,0,1,single
5748.0,2,-2.3,3,1,0,1,0,other,25,0.982488425925926,2,0,1,single
51918.0,5,-2.28,3,0,0,0,0,african-american,25,0.1929398148148148,0,0,0,single
53099.0,6,-1.55,6,0,0,0,0,caucasian,25,1.0236689814814814,2,0,1,single
52896.0,7,-1.7,6,0,0,0,0,african-american,25,1.2190972222222225,3,1,0,single
20792.0,9,-1.39,7,1,0,1,0,caucasian,25,0.6666435185185186,5,0,0,single
59809.0,9,-1.43,7,1,1,1,1,caucasian,25,0.8866319444444445,2,0,0,single
53750.0,4,-2.32,3,0,0,0,1,hispanic,25,0.226724537037037,0,0,0,single
57465.0,10,-1.37,7,1,0,1,0,african-american,25,83.00271990740741,14,8,0,single
53218.0,3,-2.42,3,0,0,0,0,other,25,1.1242476851851853,1,0,0,single
59804.0,6,-1.77,5,0,0,0,1,african-american,25,1.938599537037037,2,0,0,single
59194.0,4,-2.08,4,0,0,0,0,african-american,25,1.0687731481481482,2,0,0,single
43099.0,6,-1.78,5,1,0,1,0,african-american,25,2.047152777777778,3,0,1,single
52569.0,4,-1.96,5,1,0,1,0,african-american,25,0.7095370370370371,1,0,0,single
56985.0,3,-2.03,4,0,0,0,1,african-american,25,13.00087962962963,1,0,0,single
51966.0,6,-2.29,3,0,0,0,0,african-american,25,7.2034375,3,2,1,single
60941.0,4,-2.01,4,0,0,0,0,african-american,25,0.807662037037037,0,0,1,single
7683.0,6,-1.31,7,1,0,0,0,caucasian,25,0.3142129629629629,2,0,0,single
25072.0,5,-1.44,7,0,0,0,0,african-american,25,36.84980324074074,5,0,0,single
29099.0,9,-0.81,9,1,0,1,0,african-american,25,117.7590625,21,14,0,single
54704.0,2,-2.24,3,0,0,0,0,caucasian,25,0.2234606481481481,0,0,0,single
54849.0,3,-2.36,3,1,0,1,0,caucasian,25,0.2244907407407407,1,0,1,single
62356.0,2,-2.51,3,0,0,0,0,african-american,25,2.0450925925925927,1,0,0,single
8156.0,8,-2.03,4,1,0,1,0,african-american,25,0.3956828703703703,3,2,1,single
21491.0,10,-1.91,5,1,1,1,0,caucasian,25,35.05803240740741,5,0,0,single
53724.0,2,-2.4,3,0,0,0,0,african-american,25,0.9657986111111112,1,0,0,single
46588.0,8,-1.8,5,1,0,1,0,african-american,25,0.6154282407407408,8,4,1,single
2305.0,9,-0.91,9,0,0,0,0,african-american,25,1.7291087962962963,5,0,1,single
59500.0,3,-2.11,4,1,0,1,0,african-american,25,5.806550925925926,3,0,0,single
60807.0,6,-1.91,5,1,0,1,0,african-american,25,29.013171296296296,8,0,0,other
53478.0,3,-2.34,3,0,0,0,0,african-american,25,0.0389467592592592,1,0,1,single
46713.0,6,-1.91,5,1,0,1,0,african-american,25,43.246805555555554,4,0,0,single
50891.0,5,-2.24,3,0,0,0,0,african-american,25,26.91925925925926,2,0,0,single
59478.0,7,-1.77,5,0,0,0,0,hispanic,25,0.8323379629629629,0,0,0,single
51353.0,7,-1.52,6,1,0,1,1,african-american,25,12.0075,6,0,0,single
5754.0,9,-1.08,8,0,0,0,0,african-american,25,274.14153935185186,2,1,0,single
58702.0,7,-2.17,4,1,0,1,1,african-american,25,0.1635763888888889,4,0,0,single
50996.0,5,-2.33,3,0,0,0,0,other,25,266.04760416666664,1,0,0,single
57028.0,3,-2.12,4,0,0,0,0,african-american,25,0.3413194444444444,0,0,0,single
55143.0,9,-1.35,7,1,0,0,0,african-american,25,1.085787037037037,2,1,0,single
52946.0,3,-2.24,3,0,0,0,0,hispanic,25,3.1129050925925927,1,0,0,significant other
7574.0,8,-0.79,9,0,0,0,0,african-american,25,12.77150462962963,7,1,0,single
54701.0,2,-2.6,2,0,0,0,1,african-american,25,0.9129861111111112,0,1,1,significant other
57945.0,3,-1.59,6,0,0,0,0,hispanic,25,0.8481481481481481,0,0,0,single
56381.0,4,-1.69,6,1,1,1,0,other,25,58.04973379629629,1,0,1,single
60795.0,2,-2.49,3,0,0,0,1,other,25,0.9127314814814816,0,0,0,single
51680.0,5,-2.25,3,0,0,0,0,caucasian,25,9.040104166666667,2,0,0,single
56876.0,7,-2.13,4,1,1,1,0,african-american,25,0.1139930555555555,6,0,0,single
51893.0,6,-1.87,5,1,0,1,0,african-american,25,28.947569444444444,1,0,0,single
52905.0,5,-2.25,3,1,1,1,0,hispanic,25,0.6761342592592593,2,0,0,significant other
57339.0,2,-2.28,3,1,0,1,0,african-american,25,1.9193171296296296,1,0,1,single
60533.0,4,-2.35,3,0,0,0,1,caucasian,25,1.1016435185185185,0,0,0,single
30176.0,8,-1.75,5,1,0,1,0,other,25,1.8409837962962965,3,0,0,single
7481.0,9,-1.14,8,1,1,1,0,caucasian,25,14.933923611111112,5,1,1,separated
58386.0,7,-1.96,5,1,0,1,0,african-american,25,0.8562847222222222,6,2,1,single
52654.0,5,-1.93,5,0,0,0,0,african-american,25,2.326608796296296,0,0,0,single
51180.0,8,-1.42,7,1,0,1,1,african-american,25,408.09061342592594,2,0,0,single
57413.0,8,-1.64,6,0,0,0,0,african-american,25,1.8638310185185183,0,0,0,single
52054.0,5,-1.64,6,0,0,0,0,caucasian,25,2.047662037037037,2,0,0,single
12180.0,9,-0.74,9,1,0,1,0,caucasian,25,87.9929050925926,9,1,0,single
57015.0,2,-2.4,3,0,0,0,0,african-american,25,8.861793981481481,1,0,0,single
51381.0,9,-1.73,6,1,1,0,0,other,25,0.8145833333333333,7,0,0,single
52254.0,3,-1.97,5,0,0,0,0,african-american,25,1.6079398148148147,0,0,1,single
51809.0,2,-2.29,3,0,0,0,0,caucasian,25,0.8273726851851851,0,0,1,significant other
58152.0,3,-2.56,2,0,0,0,0,caucasian,25,1.2873263888888888,1,0,0,single
61808.0,5,-2.25,3,1,0,1,0,african-american,25,1.9408680555555555,0,0,1,single
59448.0,2,-2.49,3,0,0,0,0,african-american,25,0.9719675925925926,1,0,0,single
52103.0,7,-1.81,5,0,0,0,0,african-american,25,0.3158101851851851,0,0,0,single
54141.0,6,-2.35,3,0,0,0,1,african-american,25,0.166574074074074,1,0,1,single
54308.0,3,-2.2,4,1,0,1,0,african-american,25,4.148310185185185,0,0,1,single
30618.0,4,-1.98,4,0,0,0,0,african-american,25,18.383460648148148,2,0,0,single
54276.0,3,-1.97,5,0,0,0,0,african-american,25,1.0208449074074073,0,0,1,single
61482.0,8,-1.31,7,1,0,1,0,african-american,25,127.20806712962964,7,0,0,single
61097.0,1,-2.57,2,1,0,1,0,african-american,25,1.2914930555555555,0,0,1,single
66131.0,7,-2.5,3,1,1,1,1,african-american,25,16.086909722222224,4,0,1,single
57186.0,8,-1.57,6,1,1,1,0,african-american,25,3.726238425925926,5,0,1,significant other
52950.0,4,-2.13,4,1,0,1,1,caucasian,25,0.1944212962962963,0,0,0,single
15644.0,10,-0.35,10,1,0,0,0,african-american,25,14.90304398148148,7,0,0,single
27121.0,3,-1.76,5,1,1,1,0,hispanic,25,1.0351157407407408,2,0,1,single
54759.0,2,-2.24,3,0,0,0,0,african-american,25,0.0299652777777777,0,2,1,single
50045.0,7,-1.41,7,1,0,1,1,african-american,25,47.3371412037037,5,0,1,single
39729.0,10,-0.4,10,1,1,1,0,african-american,25,1.8191550925925928,8,0,1,single
59967.0,5,-2.25,3,0,0,0,0,caucasian,25,1.1848958333333333,1,0,0,single
51056.0,4,-2.01,4,0,0,0,0,caucasian,25,183.17355324074077,4,0,0,single
36630.0,8,-1.48,7,1,0,1,0,african-american,25,0.9776157407407408,5,0,0,single
57574.0,8,-1.84,5,1,0,1,0,caucasian,25,1.1470023148148147,6,0,0,single
31396.0,8,-1.14,8,1,0,1,1,african-american,25,0.5889814814814814,2,0,0,single
45869.0,10,-0.94,9,0,0,0,0,african-american,25,185.37155092592596,8,5,0,single
61721.0,5,-2.41,3,0,0,0,0,caucasian,25,1.0165625,1,0,0,single
2160.0,9,-0.63,9,1,0,1,0,african-american,25,4.916539351851852,5,1,0,single
62270.0,2,-2.41,3,0,0,0,0,african-american,25,0.8058796296296297,0,0,0,single
59864.0,4,-2.34,3,0,0,0,0,other,25,1.7256712962962963,0,0,0,single
10247.0,9,-1.7,6,1,0,1,0,african-american,25,260.8753472222222,10,1,0,single
52496.0,4,-2.3,3,1,0,1,0,african-american,25,0.9169675925925926,2,0,0,significant other
39783.0,3,-2.08,4,0,0,0,0,caucasian,25,42.25768518518519,1,0,1,single
59924.0,2,-2.25,3,0,0,0,0,caucasian,25,0.6223032407407407,0,0,1,single
52250.0,5,-1.68,6,0,0,0,0,african-american,25,58.01457175925926,2,0,0,single
16722.0,9,-1.35,7,1,0,1,0,african-american,25,82.12780092592592,10,0,0,single
51985.0,6,-1.44,7,1,0,1,0,african-american,25,33.96924768518519,0,0,1,single
57783.0,5,-1.54,6,0,0,0,1,african-american,25,1.0139699074074071,1,0,0,single
56139.0,5,-2.2,4,0,0,0,1,african-american,25,44.23260416666667,0,0,1,significant other
8772.0,10,-0.53,10,1,1,1,0,african-american,25,20.21148148148148,7,1,0,single
52102.0,7,-2.28,3,1,0,1,0,african-american,25,0.871087962962963,2,1,0,single
9014.0,8,-1.58,6,0,0,0,0,african-american,25,35.14668981481481,5,0,0,single
58561.0,5,-1.56,6,0,0,0,0,african-american,25,0.2379166666666666,1,0,0,single
56387.0,2,-2.36,3,0,0,0,0,other,25,0.9210416666666666,0,0,0,significant other
33391.0,6,-1.98,4,0,0,0,0,african-american,25,0.9582523148148148,2,0,0,single
51977.0,5,-2.13,4,0,0,0,1,african-american,25,1.1990162037037038,4,0,0,significant other
39888.0,7,-1.2,8,1,0,1,0,hispanic,25,39.97607638888889,6,0,1,single
50212.0,7,-2.15,4,0,0,0,0,african-american,25,12.503391203703703,9,1,0,single
42327.0,8,-1.18,8,1,0,0,0,african-american,25,104.74828703703704,1,1,1,single
59869.0,5,-2.47,3,1,0,1,1,caucasian,25,11.763125,2,0,0,single
58441.0,5,-2.3,3,0,0,0,1,caucasian,25,0.9050810185185184,0,0,0,single
26662.0,7,-1.45,7,1,0,1,0,african-american,25,0.1291203703703703,7,0,0,single
8293.0,6,-2.04,4,0,0,0,0,african-american,25,18.123877314814816,7,0,0,single
52077.0,2,-2.37,3,1,1,1,0,hispanic,25,0.1108564814814814,0,0,0,single
52356.0,7,-2.29,3,1,0,1,0,caucasian,25,19.25326388888889,3,0,0,single
14073.0,9,-0.69,9,1,0,1,0,african-american,25,155.005625,5,3,0,significant other
53127.0,10,-1.24,8,1,0,1,0,african-american,25,236.21846064814812,5,1,0,single
56232.0,6,-2.01,4,1,0,1,0,african-american,25,2.072800925925926,3,0,0,single
56138.0,10,-1.29,7,1,0,1,0,african-american,25,86.35644675925926,4,2,0,single
49551.0,10,-1.2,8,0,0,0,1,caucasian,25,181.1311921296296,2,0,0,single
52527.0,5,-1.9,5,1,1,1,1,african-american,25,1.1138078703703704,0,0,0,single
51792.0,5,-1.94,5,1,0,1,0,african-american,25,0.8557175925925926,7,2,1,single
57884.0,3,-2.51,3,0,0,0,0,hispanic,25,0.9907060185185184,1,1,0,single
60010.0,2,-2.21,4,1,0,1,0,caucasian,25,21.35521990740741,0,0,1,single
40919.0,6,-1.47,7,0,0,0,0,african-american,25,0.7690856481481482,6,4,1,single
57877.0,5,-2.28,3,0,0,0,0,caucasian,25,0.1752199074074074,0,0,0,single
55136.0,6,-1.88,5,0,0,0,0,african-american,25,0.7402199074074074,0,0,1,single
53172.0,2,-2.17,4,1,1,1,0,other,25,20.22736111111111,0,0,0,single
61646.0,8,-1.54,6,0,0,0,0,african-american,25,62.07623842592593,2,0,0,single
61103.0,4,-1.79,5,1,0,1,1,african-american,25,1.772199074074074,0,0,1,single
36720.0,4,-1.95,5,1,0,1,0,african-american,25,4.889571759259259,2,0,1,single
25291.0,7,-2.1,4,0,0,0,0,african-american,25,2.289548611111111,9,1,0,single
59882.0,1,-2.56,2,0,0,0,0,other,25,0.0628009259259259,0,0,1,single
61580.0,3,-2.4,3,0,0,0,0,caucasian,25,57.97150462962963,3,0,0,single
35758.0,6,-2.28,3,0,0,0,0,caucasian,25,1.0420833333333333,1,0,0,single
54316.0,3,-1.72,6,0,0,0,0,african-american,25,0.8306712962962963,1,0,0,single
6719.0,5,-1.17,8,0,0,0,0,african-american,25,4.042511574074074,4,0,1,single
58065.0,6,-2.1,4,0,0,0,0,caucasian,25,2.0636805555555555,0,0,0,single
59906.0,4,-1.83,5,0,0,0,1,caucasian,25,3.039270833333333,2,0,0,single
52975.0,9,-1.35,7,1,1,1,0,african-american,25,2.0059375,15,4,0,single
15195.0,9,-0.85,9,0,0,0,0,caucasian,25,54.13082175925926,9,3,0,single
54925.0,7,-2.17,4,0,0,0,1,caucasian,25,24.860347222222224,6,0,0,single
51712.0,5,-2.06,4,1,0,1,1,caucasian,25,0.8729398148148149,1,0,1,single
44153.0,6,-1.96,5,1,1,0,0,african-american,25,2.868333333333333,2,0,1,single
55640.0,3,-2.09,4,1,0,1,0,african-american,25,0.9911226851851852,1,0,0,single
54928.0,9,-1.0,8,1,1,1,0,african-american,25,6.8978125,11,1,0,single
51110.0,4,-2.2,4,1,0,1,1,caucasian,25,1.0465625,2,0,1,single
51958.0,8,-2.0,4,0,0,0,0,caucasian,25,12.212685185185183,2,0,1,single
55962.0,3,-2.08,4,1,0,1,0,hispanic,25,0.8777546296296296,1,0,0,single
29986.0,10,-0.25,10,1,1,1,0,african-american,25,7.142523148148148,14,8,0,single
60998.0,2,-2.49,3,0,0,0,0,caucasian,25,0.1274074074074074,0,0,1,single
60009.0,5,-2.31,3,1,0,1,0,caucasian,25,2.232291666666667,0,0,1,single
41486.0,4,-1.87,5,1,0,1,0,caucasian,25,101.88127314814815,5,0,0,single
54924.0,2,-2.13,4,0,0,0,0,hispanic,25,4.1453125,0,0,1,separated
51105.0,6,-1.56,6,0,0,0,0,african-american,25,0.4732407407407407,1,0,0,single
60018.0,8,-1.26,7,1,0,1,0,african-american,25,0.124386574074074,8,2,0,single
52499.0,3,-2.29,3,0,0,0,1,african-american,25,4.070775462962963,1,0,0,single
54923.0,10,-0.68,9,1,0,1,0,caucasian,25,33.097488425925924,4,0,0,single
56791.0,6,-1.76,5,0,0,0,0,caucasian,25,29.040902777777777,2,0,0,single
41454.0,6,-1.55,6,0,0,0,0,other,25,64.25119212962963,2,0,1,single
54337.0,3,-2.25,3,0,0,0,1,hispanic,25,0.0913194444444444,0,0,1,single
10580.0,5,-1.91,5,1,0,1,0,african-american,25,26.84199074074074,3,0,0,single
51221.0,2,-2.36,3,0,0,0,0,other,25,0.6752199074074074,1,0,0,single
56340.0,4,-2.09,4,0,0,0,1,caucasian,25,0.9192592592592592,0,0,1,significant other
59460.0,2,-2.14,4,0,0,0,0,african-american,25,1.2204166666666667,0,0,1,single
19347.0,10,-1.44,7,0,0,0,0,caucasian,25,1.1270833333333334,4,2,1,single
55882.0,2,-2.37,3,1,0,1,0,caucasian,25,0.9609722222222222,1,0,1,single
52277.0,9,-0.87,9,1,0,1,0,hispanic,25,7.848564814814814,10,5,0,single
59802.0,2,-2.37,3,0,0,0,0,african-american,25,0.2547337962962963,1,0,1,single
61543.0,9,-1.14,8,1,1,1,0,african-american,25,169.92689814814815,4,1,0,single
61243.0,2,-2.24,3,0,0,0,0,african-american,25,0.6808217592592593,0,0,1,single
52309.0,4,-2.24,3,1,0,1,0,caucasian,25,1.0233333333333334,2,0,1,single
52237.0,5,-2.0,4,1,0,1,0,african-american,25,49.2683912037037,5,0,0,single
48897.0,9,-0.89,9,0,0,0,0,caucasian,25,59.04519675925926,1,0,0,single
53220.0,4,-1.92,5,1,0,1,0,african-american,25,0.9228935185185184,0,0,0,single
39363.0,7,-1.88,5,0,0,0,0,african-american,25,57.03127314814815,5,0,0,single
52636.0,2,-2.4,3,0,0,0,0,african-american,25,1.0678125,0,0,0,single
52033.0,9,-1.12,8,1,1,1,0,african-american,25,9.99451388888889,0,0,0,significant other
61484.0,2,-2.17,4,0,0,0,0,caucasian,25,1.0700347222222222,0,0,0,significant other
53119.0,3,-2.08,4,0,0,0,0,caucasian,25,1.136388888888889,0,0,0,single
53482.0,4,-2.01,4,0,0,0,1,african-american,25,0.9167361111111112,1,0,0,single
53788.0,6,-2.07,4,0,0,0,1,caucasian,25,0.8776851851851852,0,0,0,single
59891.0,5,-1.86,5,1,0,1,0,african-american,25,0.4487731481481481,0,0,1,single
56450.0,8,-0.96,9,1,1,1,0,african-american,25,0.995925925925926,3,2,0,significant other
11339.0,9,-1.12,8,1,0,1,0,african-american,25,321.0475578703704,11,2,0,single
51797.0,8,-1.6,6,1,0,1,0,african-american,25,0.2078819444444444,0,0,0,single
52043.0,6,-2.16,4,1,1,1,0,hispanic,25,0.8484837962962963,3,0,0,single
54189.0,9,-1.81,5,1,0,1,1,african-american,25,0.8283680555555556,5,0,0,single
57361.0,2,-2.13,4,0,0,0,0,african-american,25,0.7599768518518518,0,0,0,single
60178.0,4,-2.2,4,0,0,0,0,african-american,25,1.0173958333333333,1,0,0,single
53316.0,7,-2.0,4,1,0,1,0,caucasian,25,0.0928356481481481,5,2,1,single
53029.0,3,-2.12,4,1,1,0,0,african-american,25,0.7087037037037037,0,0,1,single
6761.0,9,-1.65,6,1,0,1,0,african-american,25,3.0815972222222223,7,1,1,single
40847.0,4,-2.28,3,0,0,0,0,caucasian,25,1.9006828703703704,6,1,0,single
34054.0,5,-2.18,4,0,0,0,0,caucasian,25,0.7197800925925926,2,1,0,single
59976.0,3,-2.4,3,0,0,0,1,caucasian,25,0.9970486111111112,0,0,1,single
56199.0,4,-2.04,4,1,0,1,0,african-american,25,0.6751967592592593,1,0,0,single
60200.0,3,-2.13,4,0,0,0,0,caucasian,24,2.2734259259259257,0,0,0,single
25778.0,7,-1.75,5,0,0,0,0,african-american,24,1.1332638888888888,2,0,0,single
51214.0,4,-1.86,5,0,0,0,0,caucasian,24,18.595659722222223,0,0,0,single
58318.0,6,-2.05,4,1,0,1,0,caucasian,24,3.949756944444444,1,0,0,single
58210.0,2,-2.33,3,1,0,0,0,caucasian,24,1.042337962962963,1,0,1,single
53895.0,5,-2.0,4,0,0,0,1,african-american,24,0.2318981481481481,0,0,0,significant other
16779.0,6,-1.35,7,0,0,0,1,african-american,24,310.0059837962963,6,0,1,single
58071.0,2,-2.13,4,1,0,1,0,african-american,24,22.87767361111111,0,0,0,single
57902.0,4,-2.29,3,0,0,0,1,caucasian,24,2.8219212962962965,2,0,0,single
53078.0,3,-2.28,3,1,0,1,0,african-american,24,0.9950694444444445,1,0,0,single
53804.0,2,-2.28,3,0,0,0,0,caucasian,24,1.225324074074074,0,0,0,single
57485.0,4,-1.64,6,1,0,1,0,caucasian,24,0.1871064814814814,3,2,0,single
52045.0,5,-1.96,5,1,1,1,0,african-american,24,0.9747800925925926,0,0,1,single
51615.0,8,-1.6,6,0,0,0,0,african-american,24,1.106898148148148,0,0,0,single
62121.0,3,-2.4,3,1,0,1,1,african-american,24,2.1569907407407407,4,0,0,single
57899.0,7,-1.96,5,0,0,0,1,african-american,24,0.7959837962962963,0,0,0,single
57294.0,2,-2.49,3,1,0,1,0,caucasian,24,1.1265972222222222,1,0,1,significant other
59359.0,4,-1.27,3,1,0,1,0,african-american,24,1.085763888888889,4,1,0,single
55854.0,3,-2.09,4,0,0,0,0,african-american,24,0.5668402777777778,0,0,0,single
55978.0,3,-2.41,3,0,0,0,1,african-american,24,0.9161458333333332,0,0,0,single
57723.0,7,-1.76,5,1,1,1,1,caucasian,24,29.161435185185184,1,0,1,single
20581.0,9,-1.74,5,0,0,0,0,african-american,24,0.8501388888888889,10,3,1,single
54102.0,4,-1.96,5,0,0,0,0,african-american,24,0.781724537037037,0,0,1,single
61033.0,2,-2.36,3,0,0,0,0,caucasian,24,1.075474537037037,0,0,0,single
54255.0,8,-2.04,4,0,0,0,0,hispanic,24,0.0308680555555555,8,0,0,single
51029.0,3,-1.96,5,1,0,1,0,african-american,24,1.4676967592592594,1,0,0,significant other
62190.0,3,-2.42,3,0,0,0,0,african-american,24,0.9811458333333334,0,1,0,single
51130.0,3,-1.76,5,0,0,0,0,african-american,24,0.4653935185185185,0,1,0,single
54312.0,10,-1.27,7,0,0,0,0,hispanic,24,1.036898148148148,0,0,0,single
54114.0,7,-2.06,4,0,0,0,1,african-american,24,2.017071759259259,0,0,0,single
44428.0,10,-0.88,9,1,0,1,0,african-american,24,506.1961111111111,2,1,1,single
58857.0,3,-2.05,4,1,0,1,0,african-american,24,0.942037037037037,3,0,0,single
59634.0,1,-2.56,2,0,0,0,0,caucasian,24,0.6623263888888888,0,0,1,significant other
57388.0,6,-1.84,5,1,0,1,0,african-american,24,1.139386574074074,3,1,0,single
60138.0,2,-2.24,3,1,0,1,0,caucasian,24,0.6829976851851852,0,0,0,single
61992.0,7,-2.09,4,1,0,1,0,african-american,24,1.9263541666666664,2,0,0,single
53775.0,3,-1.96,5,0,0,0,0,other,24,1.0594212962962963,0,0,0,single
52873.0,3,-2.32,3,0,0,0,1,hispanic,24,0.5666203703703704,1,0,1,single
53697.0,4,-2.2,4,1,0,1,0,caucasian,24,1.117210648148148,3,2,0,single
55200.0,5,-2.21,4,1,0,1,0,caucasian,24,39.1009375,3,0,0,single
50888.0,2,-2.32,3,0,0,0,0,african-american,24,0.2046875,0,0,0,single
51772.0,5,-1.96,5,1,0,0,0,african-american,24,0.8719444444444444,1,0,0,single
48595.0,10,-0.96,9,1,0,1,1,african-american,24,1.0069212962962963,3,0,0,single
60030.0,3,-2.2,4,0,0,0,0,african-american,24,1.106064814814815,0,0,0,single
42967.0,7,-1.16,8,1,0,1,1,african-american,24,14.000185185185185,2,0,1,single
61724.0,4,-1.93,5,0,0,0,0,caucasian,24,1.6795949074074077,3,3,1,significant other
59624.0,2,-2.41,3,0,0,0,0,african-american,24,0.8963425925925926,0,0,0,single
51848.0,4,-2.1,4,0,0,0,0,african-american,24,2.2739814814814814,1,0,1,single
13400.0,4,-2.08,4,1,0,1,0,african-american,24,3.2239814814814816,4,0,0,single
60608.0,2,-2.24,3,0,0,0,0,african-american,24,0.6658449074074074,0,0,1,single
60336.0,7,-1.49,7,0,0,0,0,african-american,24,0.126724537037037,1,0,0,single
61545.0,3,-2.12,4,0,0,0,0,other,24,1.2016782407407407,0,0,1,single
60391.0,2,-2.24,3,1,1,1,0,african-american,24,6.0099884259259255,1,0,0,single
41419.0,9,-0.47,10,1,1,1,0,african-american,24,47.00275462962963,8,2,0,single
8641.0,9,-1.45,7,0,0,0,0,african-american,24,1.0669675925925926,7,2,1,single
19512.0,8,-1.46,7,1,0,1,0,african-american,24,2.8865162037037035,7,2,1,single
57507.0,6,-1.8,5,0,0,0,0,caucasian,24,0.0112268518518518,2,0,0,single
55454.0,9,-1.04,8,1,0,1,1,african-american,24,77.0996875,11,1,1,single
40689.0,10,-0.98,9,1,1,1,0,african-american,24,0.2291087962962963,10,6,0,single
58961.0,5,-1.77,5,1,1,1,0,african-american,24,1.0019097222222222,0,0,1,single
51099.0,3,-2.19,4,1,1,1,0,african-american,24,33.00987268518519,2,0,1,single
57471.0,7,-1.68,6,0,0,0,0,african-american,24,93.22868055555556,3,0,0,significant other
57539.0,2,-2.04,4,1,1,1,0,african-american,24,1.9614351851851848,1,0,1,significant other
59356.0,6,-2.05,4,0,0,0,0,caucasian,24,0.6678240740740741,1,0,0,single
52620.0,8,-1.76,5,1,0,1,0,caucasian,24,0.5592708333333334,1,0,0,single
9274.0,10,-0.83,9,1,0,1,0,hispanic,24,218.83844907407408,6,1,0,single
59384.0,4,-2.32,3,0,0,0,0,african-american,24,6.109351851851852,2,0,0,significant other
50862.0,2,-2.28,3,0,0,0,0,caucasian,24,15.034675925925926,0,0,0,single
33818.0,10,-1.2,8,1,1,1,0,caucasian,24,10.089907407407408,9,1,1,single
27194.0,10,-0.43,10,1,1,1,0,other,24,4.621539351851852,9,1,0,single
56960.0,4,-2.13,4,0,0,0,1,hispanic,24,0.0091782407407407,0,0,1,significant other
62376.0,4,-2.07,4,1,0,1,0,african-american,24,0.5590162037037038,2,0,1,single
57985.0,10,-0.86,9,1,1,1,0,african-american,24,0.7289236111111111,4,0,0,single
60118.0,2,-2.13,4,0,0,0,0,african-american,24,0.7098842592592592,1,1,0,single
55924.0,8,-1.43,7,1,0,1,1,caucasian,24,125.39361111111111,7,1,1,single
55815.0,4,-2.02,4,0,0,0,0,african-american,24,0.7482291666666666,1,0,0,single
17505.0,10,-0.68,9,1,1,1,0,african-american,24,2.0659375,15,6,0,single
61942.0,4,-2.2,4,0,0,0,1,other,24,1.2068402777777778,0,0,0,single
57473.0,5,-1.93,5,0,0,0,1,caucasian,24,0.8601967592592593,0,1,0,single
59738.0,4,-1.89,5,0,0,0,0,caucasian,24,2.997916666666667,0,0,0,single
54927.0,5,-1.96,5,0,0,0,1,caucasian,24,0.6947800925925925,0,0,1,single
53404.0,9,-1.51,6,1,0,1,0,african-american,24,15.177939814814817,0,0,1,single
23508.0,8,-1.64,6,1,0,1,0,african-american,24,35.08373842592592,3,1,0,single
51412.0,4,-2.04,4,0,0,0,0,hispanic,24,10.847731481481482,1,0,0,single
56362.0,5,-2.06,4,1,1,1,1,african-american,24,0.2325231481481481,1,0,1,single
60817.0,3,-1.97,5,0,0,0,0,hispanic,24,0.3024305555555555,0,0,1,single
59828.0,4,-2.21,4,0,0,0,0,caucasian,24,2.0763541666666665,1,1,0,single
59677.0,5,-2.06,4,0,0,0,1,caucasian,24,0.919988425925926,0,0,0,single
56738.0,5,-2.04,4,1,0,1,1,african-american,24,3.083645833333333,2,0,0,single
56409.0,4,-1.66,6,1,0,1,0,caucasian,24,1.087002314814815,1,0,1,significant other
53922.0,4,-2.04,4,0,0,0,1,african-american,24,1.2504166666666667,2,0,0,single
54579.0,2,-2.4,3,0,0,0,0,caucasian,24,0.9949652777777778,0,0,1,single
62196.0,6,-2.03,4,0,0,0,0,other,24,0.9955439814814816,0,0,0,single
51729.0,4,-2.03,4,1,0,1,0,african-american,24,0.1798958333333333,1,0,0,single
53719.0,9,-0.83,9,1,0,0,0,caucasian,24,37.08310185185185,8,0,0,single
54628.0,5,-2.1,4,0,0,0,0,caucasian,24,0.8413078703703704,3,2,0,single
60813.0,3,-2.29,3,0,0,0,1,caucasian,24,0.1973958333333333,0,0,1,single
42501.0,3,-1.9,5,0,0,0,0,african-american,24,0.6191550925925926,1,0,1,single
51409.0,10,-1.63,6,0,0,0,0,african-american,24,0.9573726851851851,0,0,0,single
57973.0,8,-1.83,5,0,0,0,1,caucasian,24,36.77537037037037,0,0,0,single
48274.0,9,-0.83,9,1,0,1,0,african-american,24,123.97400462962965,1,0,1,single
39898.0,6,-1.82,5,0,0,0,0,other,24,1.0615046296296295,5,0,0,single
62062.0,4,-2.24,3,1,1,1,1,african-american,24,0.9734837962962964,0,0,0,single
55064.0,3,-2.17,4,1,0,1,0,african-american,24,182.1019328703704,0,0,0,single
59683.0,3,-2.13,4,1,1,1,0,caucasian,24,1.027951388888889,1,0,0,significant other
61993.0,2,-2.33,3,0,0,0,0,african-american,24,1.3070023148148149,0,0,1,single
60479.0,2,-2.45,3,0,0,0,1,african-american,24,0.6330902777777778,0,0,1,single
42166.0,3,-2.1,4,1,0,1,0,other,24,49.65314814814815,3,0,0,single
52679.0,5,-2.03,4,0,0,0,0,caucasian,24,1.5736805555555555,0,0,0,significant other
51189.0,6,-1.9,5,1,0,1,0,african-american,24,0.1730208333333333,2,0,1,single
59626.0,6,-1.3,7,1,0,1,0,african-american,24,210.56310185185183,1,2,0,single
54430.0,3,-2.0,4,1,0,1,0,african-american,24,1.9435069444444444,2,1,0,single
12087.0,10,-1.23,8,1,1,1,0,hispanic,24,0.6069907407407408,11,0,0,single
60362.0,3,-2.37,3,0,0,0,0,caucasian,24,0.6373032407407407,1,0,0,single
18294.0,6,-1.69,6,1,0,1,0,african-american,24,1.1128703703703704,6,0,0,single
57989.0,6,-1.93,5,1,1,1,1,african-american,24,0.9235532407407409,1,0,0,single
57906.0,5,-1.89,5,0,0,0,0,african-american,24,0.8662268518518519,0,0,1,single
47650.0,6,-1.67,6,1,0,1,0,african-american,24,0.9644097222222222,3,0,0,single
62357.0,5,-2.21,4,1,0,1,0,african-american,24,1.8469675925925928,5,1,0,single
62194.0,2,-2.36,3,0,0,0,0,hispanic,24,1.973113425925926,0,0,1,single
54493.0,9,-0.69,7,1,1,1,0,african-american,24,4.111423611111111,9,2,1,single
53312.0,3,-2.12,4,0,0,0,0,hispanic,24,9.056157407407408,2,0,0,single
57193.0,2,-2.13,4,0,0,0,0,caucasian,24,1.1212847222222222,2,0,0,single
50308.0,5,-1.7,6,1,0,1,0,african-american,24,1.2637962962962963,4,3,0,single
52656.0,10,-0.98,9,1,0,1,0,african-american,24,1.2880787037037038,0,0,0,single
54101.0,3,-2.12,4,0,0,0,0,african-american,24,1.0196875,0,0,1,single
60855.0,5,-1.98,4,1,0,1,0,caucasian,24,7.189930555555556,3,0,0,single
58795.0,10,-0.87,9,1,1,1,0,african-american,24,44.108402777777776,3,3,0,single
50974.0,4,-1.84,5,1,0,0,0,african-american,24,0.9753703703703704,0,0,0,significant other
51102.0,3,-2.0,4,0,0,0,0,african-american,24,0.6955902777777778,1,0,0,single
61070.0,2,-2.49,3,0,0,0,1,african-american,24,2.441099537037037,0,0,1,single
43265.0,4,-1.9,5,0,0,0,0,african-american,24,155.9444675925926,1,0,0,single
52286.0,7,-1.78,5,0,0,0,0,african-american,24,24.970046296296296,1,0,1,single
21361.0,10,-0.72,9,0,0,0,0,african-american,24,17.11664351851852,12,3,1,single
50964.0,6,-1.65,6,0,0,0,1,caucasian,24,0.8088310185185185,1,0,0,single
57732.0,2,-2.24,3,0,0,0,0,african-american,24,58.35466435185185,1,0,0,significant other
14331.0,6,-1.52,6,1,0,1,0,caucasian,24,12.189375,8,3,0,single
62252.0,9,-1.03,8,0,0,0,0,caucasian,24,37.61758101851852,1,0,0,single
53914.0,7,-2.1,4,0,0,0,0,african-american,24,0.7368865740740741,0,0,1,single
54829.0,9,-0.89,9,1,1,1,0,african-american,24,0.8887268518518519,8,3,0,single
53259.0,6,-2.06,4,0,0,0,0,other,24,5.350150462962963,5,0,1,single
21126.0,9,-1.44,7,1,0,1,0,african-american,24,6.792523148148148,5,0,0,single
57362.0,4,-2.04,4,1,0,1,0,african-american,24,1.8727199074074077,2,0,0,single
51488.0,2,-2.28,3,0,0,0,0,caucasian,24,15.197685185185184,0,0,0,single
52865.0,7,-1.78,5,1,0,0,1,african-american,24,0.9464236111111112,0,0,1,single
56277.0,10,-1.77,5,0,0,0,0,hispanic,24,6.022881944444444,1,0,0,single
62262.0,6,-1.9,5,1,0,1,0,african-american,24,0.9574189814814816,2,0,0,single
59579.0,9,-0.96,9,1,0,1,0,african-american,24,6.763506944444444,0,2,0,single
59140.0,5,-2.02,4,0,0,0,1,caucasian,24,1.0409837962962962,0,0,1,single
43482.0,7,-1.92,5,1,1,1,1,african-american,24,7.874479166666666,2,0,1,single
51698.0,3,-2.2,4,1,0,0,1,african-american,24,14.167962962962964,1,0,0,single
59671.0,4,-2.09,4,0,0,0,1,african-american,24,1.1713657407407407,0,0,0,single
58942.0,8,-1.76,5,1,0,1,0,caucasian,24,0.2065972222222222,3,2,0,single
59072.0,3,-2.26,3,1,0,1,0,african-american,24,0.0574189814814814,0,3,0,single
56520.0,3,-2.0,4,1,0,1,0,african-american,24,1.9395949074074077,1,0,0,single
12528.0,9,-1.77,5,1,0,1,0,african-american,24,3.1053819444444444,9,1,1,single
61868.0,9,-0.93,9,0,0,0,0,african-american,24,1.361261574074074,0,0,0,single
51925.0,2,-2.13,4,0,0,0,0,african-american,24,0.226875,1,0,1,single
53722.0,8,-1.29,7,0,0,0,0,african-american,24,1.2991435185185185,0,0,0,single
57792.0,4,-1.96,5,0,0,0,1,caucasian,24,0.7625925925925926,0,0,0,single
52700.0,3,-1.84,5,0,0,0,0,caucasian,24,15.010127314814817,2,0,1,single
62311.0,2,-2.24,3,0,0,0,0,caucasian,24,0.2112962962962963,2,0,1,single
60091.0,7,-1.98,4,0,0,0,1,caucasian,24,1.1356828703703703,7,2,1,single
12045.0,9,-1.37,7,0,0,0,0,caucasian,24,1.0706712962962963,6,2,0,single
56575.0,5,-2.08,4,0,0,0,1,caucasian,24,1.0534027777777777,1,0,0,single
61687.0,6,-2.21,4,0,0,0,0,african-american,24,0.1566435185185185,5,0,0,significant other
53231.0,3,-2.0,4,0,0,0,0,african-american,24,0.4659722222222222,0,0,0,single
54351.0,8,-0.96,9,1,0,1,0,african-american,24,97.41314814814815,7,1,1,single
56579.0,3,-2.24,3,0,0,0,1,african-american,24,0.9380439814814816,0,0,0,single
64409.0,5,-1.63,4,1,0,1,0,african-american,24,0.6664930555555556,0,0,0,single
60051.0,2,-2.29,3,0,0,0,0,caucasian,24,0.0716898148148148,0,0,0,single
54438.0,5,-1.64,6,0,0,0,0,caucasian,24,0.1374652777777777,3,3,1,single
12698.0,9,-1.43,7,0,0,0,1,african-american,24,1.1149421296296296,7,0,0,single
58856.0,3,-2.12,4,0,0,0,0,african-american,24,0.5495717592592593,0,0,0,single
51323.0,8,-1.23,8,1,1,1,0,african-american,24,1.8321759259259256,0,0,1,single
60222.0,2,-2.16,4,0,0,0,0,hispanic,24,1.0307291666666667,1,0,1,single
30377.0,8,-1.3,7,1,0,1,0,caucasian,24,8.9328125,3,0,1,single
58238.0,6,-1.89,5,0,0,0,1,african-american,24,1.0291435185185185,0,0,1,single
51935.0,9,-1.88,5,0,0,0,1,african-american,24,3.7816666666666663,1,0,0,single
54911.0,6,-1.98,4,0,0,0,1,caucasian,24,23.79005787037037,0,0,1,single
44969.0,10,-1.13,8,1,0,1,1,caucasian,24,8.880775462962964,9,0,1,single
50895.0,6,-1.42,7,0,0,0,0,african-american,24,0.2909027777777778,2,3,1,single
36468.0,7,-1.4,7,0,0,0,0,african-american,24,6.608113425925926,3,0,1,single
13771.0,4,-1.5,6,1,1,1,0,other,24,4.917546296296297,1,0,0,single
53326.0,6,-1.84,5,1,0,1,0,hispanic,24,0.8598263888888888,0,0,0,significant other
43195.0,10,-1.75,5,0,0,0,0,caucasian,24,7.212916666666667,6,2,0,single
57442.0,6,-1.98,4,0,0,0,0,african-american,24,1.1976041666666666,1,0,1,single
52523.0,3,-1.88,5,1,0,1,0,caucasian,24,1.0851967592592593,2,0,0,single
24652.0,9,-1.74,5,1,0,1,0,african-american,24,51.130127314814814,11,0,0,single
61581.0,2,-2.25,3,0,0,0,0,african-american,24,137.29788194444444,1,0,0,single
51075.0,2,-2.32,3,0,0,0,0,other,24,0.1776157407407407,0,0,1,single
52025.0,5,-1.88,5,1,0,1,0,african-american,24,0.8094212962962963,2,2,0,significant other
53454.0,2,-2.36,3,0,0,0,0,caucasian,24,0.730625,0,0,0,single
47194.0,7,-1.26,7,1,0,1,0,african-american,24,49.77289351851852,8,0,0,single
62284.0,5,-1.75,5,1,1,1,0,caucasian,24,36.95446759259259,0,0,0,single
18689.0,4,-1.37,7,0,0,0,0,african-american,24,3.99693287037037,2,0,1,single
52927.0,4,-2.12,4,0,0,0,1,african-american,24,13.859456018518518,2,0,0,single
56704.0,5,-1.06,5,1,0,1,1,caucasian,24,0.609525462962963,3,1,1,single
54284.0,5,-1.84,5,0,0,0,1,other,24,0.1276157407407407,0,0,0,significant other
35407.0,8,-1.57,6,1,1,0,0,hispanic,24,91.71100694444443,2,0,0,single
56988.0,5,-1.96,5,0,0,0,0,african-american,24,2.032719907407408,0,0,0,single
47225.0,7,-2.11,4,0,0,0,0,african-american,24,4.865196759259259,4,1,0,single
48820.0,8,-1.51,6,1,0,1,0,african-american,24,13.822129629629629,1,0,1,single
51733.0,5,-2.34,3,1,0,1,0,caucasian,24,49.174814814814816,2,0,0,single
57947.0,2,-2.36,3,0,0,0,0,african-american,24,0.7068981481481481,1,0,0,single
24763.0,8,-1.32,7,1,0,1,0,african-american,24,0.4226851851851851,3,1,0,single
55830.0,5,-1.45,7,1,0,0,0,other,24,40.149675925925926,4,0,0,significant other
54294.0,5,-1.96,5,0,0,0,1,caucasian,24,0.2286805555555555,0,0,0,single
30936.0,6,-2.04,4,1,0,1,0,african-american,24,116.90313657407408,5,0,0,single
19282.0,6,-1.9,5,1,0,1,0,hispanic,24,0.9078472222222222,4,1,0,single
53445.0,5,-2.02,4,0,0,0,0,hispanic,24,32.061516203703704,0,0,0,single
37453.0,7,-1.44,7,1,1,1,0,african-american,24,12.040648148148149,2,0,1,single
51194.0,3,-2.08,4,0,0,0,0,other,24,0.1424884259259259,0,0,1,single
31727.0,9,-1.07,8,1,0,1,0,african-american,24,45.96561342592592,6,1,0,single
58022.0,6,-1.98,4,1,0,1,0,caucasian,24,18.89149305555556,5,0,0,single
54494.0,10,-0.79,9,1,0,1,0,other,24,241.95445601851853,2,10,0,single
51898.0,4,-1.78,5,1,0,1,0,caucasian,24,0.8774189814814815,8,0,0,single
56084.0,5,-2.16,4,0,0,0,0,caucasian,24,35.86832175925926,3,0,0,single
60393.0,2,-2.21,4,0,0,0,0,other,24,1.9750347222222224,0,0,0,significant other
40605.0,6,-1.82,5,0,0,0,1,african-american,24,30.893402777777776,2,0,1,single
17083.0,9,-0.4,10,1,0,1,0,caucasian,24,35.33273148148148,8,2,0,single
52133.0,5,-1.96,5,0,0,0,1,african-american,24,0.9322569444444444,0,0,1,single
51735.0,9,-0.79,9,1,1,1,0,african-american,24,36.96368055555556,12,5,1,single
58418.0,2,-2.24,3,0,0,0,0,hispanic,24,6.163368055555556,0,0,0,single
58998.0,5,-2.0,4,0,0,0,1,african-american,24,0.7056828703703704,1,0,0,single
53886.0,2,-2.32,3,0,0,0,0,caucasian,24,1.0238194444444444,0,0,0,single
56262.0,2,-2.2,4,1,0,1,0,hispanic,24,13.953229166666668,1,0,0,single
53457.0,10,-1.46,7,0,0,0,0,caucasian,24,15.945046296296296,0,0,0,separated
52012.0,4,-1.8,5,1,0,1,0,hispanic,24,0.9953125,1,0,0,single
53320.0,6,-1.92,5,0,0,0,1,caucasian,24,0.2998726851851852,0,0,1,single
52997.0,6,-1.96,5,0,0,0,0,african-american,24,2.228981481481481,0,0,0,single
22959.0,3,-2.14,4,1,0,1,0,african-american,24,0.9823726851851852,5,0,0,single
58258.0,4,-2.08,4,0,0,0,1,african-american,24,0.7861111111111111,0,0,0,single
57656.0,4,-2.24,3,0,0,0,0,caucasian,24,0.1944560185185185,1,0,0,single
51941.0,7,-1.74,5,0,0,0,1,caucasian,24,2.178796296296296,2,0,0,single
58403.0,10,-1.6,6,0,0,0,1,caucasian,24,0.3271064814814814,0,0,1,single
37668.0,5,-1.37,7,1,0,1,0,african-american,24,75.02697916666666,1,0,0,single
57509.0,2,-2.28,3,0,0,0,0,caucasian,24,2.908773148148148,1,0,1,single
61815.0,8,-1.97,5,1,0,1,0,caucasian,24,1.0604976851851853,3,0,1,single
15663.0,6,-1.74,6,1,0,1,0,hispanic,24,97.95734953703705,3,0,0,single
62161.0,8,-0.88,9,1,0,1,0,african-american,24,1.198738425925926,5,5,0,single
61264.0,2,-2.13,4,0,0,0,0,african-american,24,1.3039814814814814,0,1,0,single
54233.0,4,-1.8,5,0,0,0,0,african-american,24,2.144537037037037,0,0,0,single
24047.0,5,-1.69,6,1,1,1,0,caucasian,24,5.884444444444444,5,1,0,single
51822.0,8,-1.45,7,0,0,0,0,hispanic,24,0.660625,0,0,1,single
56688.0,7,-1.93,5,0,0,0,1,african-american,24,1.0039236111111112,0,0,0,single
26419.0,7,-1.58,6,1,0,1,0,african-american,24,0.8776273148148148,7,0,0,single
21268.0,7,-1.86,5,0,0,0,0,caucasian,24,1.0036458333333331,1,0,0,single
62018.0,3,-2.03,4,0,0,0,0,african-american,24,1.7875,0,0,1,single
54506.0,5,-1.82,5,1,0,1,0,african-american,24,0.8544907407407407,2,0,1,single
60384.0,4,-2.04,4,0,0,0,1,caucasian,24,3.258159722222222,1,0,0,single
16814.0,8,-1.6,6,1,0,1,0,caucasian,24,6.122395833333333,3,0,0,single
61334.0,2,-2.48,3,1,0,1,0,caucasian,24,1.3561342592592591,0,0,0,single
52848.0,8,-1.98,4,0,0,0,0,caucasian,24,0.9328703703703703,4,0,1,single
53885.0,5,-2.2,4,1,0,1,0,caucasian,24,21.65875,1,1,0,single
51246.0,3,-1.6,6,0,0,0,0,african-american,24,1.0993055555555555,1,0,0,single
15910.0,7,-1.23,8,1,1,1,0,hispanic,24,0.7257523148148148,3,0,1,single
58249.0,9,-1.32,7,0,0,0,0,caucasian,24,2.247395833333333,0,0,0,single
52591.0,4,-2.04,4,1,0,1,0,other,24,1.1251273148148149,0,0,1,single
59741.0,3,-2.32,3,0,0,0,1,other,24,1.0502430555555555,0,0,0,single
61332.0,4,-2.12,4,1,0,1,0,african-american,24,1.8940972222222223,3,0,0,single
21732.0,8,-1.41,7,1,0,0,0,african-american,24,75.8029050925926,3,0,0,single
60863.0,4,-1.55,6,1,1,1,0,african-american,24,0.8637037037037038,1,0,1,single
16300.0,10,-0.58,10,1,0,1,0,african-american,24,0.7686689814814814,3,1,0,single
50945.0,7,-1.34,7,0,0,0,0,african-american,24,33.278252314814814,1,1,0,single
56886.0,8,-1.76,5,1,0,1,0,african-american,24,26.86351851851852,4,1,0,single
53010.0,7,-1.28,7,0,0,0,0,african-american,24,3.008587962962963,0,0,1,single
56631.0,3,-2.14,4,1,0,1,0,african-american,24,1.1132060185185184,2,0,0,single
59344.0,6,-1.93,5,1,0,1,0,african-american,24,57.87222222222222,1,0,0,single
45426.0,7,-0.77,9,0,0,0,0,african-american,24,141.0278125,1,0,0,single
61598.0,4,-1.98,4,0,0,0,0,caucasian,24,36.40335648148148,1,0,1,single
58085.0,5,-1.42,7,0,0,0,0,african-american,24,4.009178240740741,0,0,0,single
59480.0,3,-2.24,3,0,0,0,0,other,24,1.1673958333333334,1,0,0,single
53335.0,9,-0.77,9,1,1,1,0,african-american,24,19.12195601851852,2,1,0,single
54501.0,6,-1.96,5,0,0,0,0,caucasian,24,32.88783564814815,2,2,0,single
32226.0,9,-0.86,9,1,0,1,0,african-american,24,6.2055439814814815,1,2,1,single
56268.0,3,-2.0,4,1,0,1,0,african-american,24,9.891967592592591,0,0,0,single
51554.0,8,-0.48,10,0,0,0,1,african-american,24,0.0455671296296296,3,0,0,single
60352.0,6,-2.07,4,1,0,1,1,african-american,24,57.99771990740741,2,0,0,single
53258.0,7,-1.8,5,1,0,1,0,caucasian,24,10.005555555555556,2,0,0,single
51249.0,5,-2.18,4,1,0,1,0,caucasian,24,0.9793402777777778,0,0,1,single
53655.0,9,-1.54,6,1,0,1,0,african-american,24,199.78989583333333,7,0,0,single
59922.0,5,-2.12,4,1,1,1,0,caucasian,24,1.0756944444444445,3,3,1,single
57665.0,7,-1.4,7,1,0,1,0,african-american,24,0.926539351851852,0,0,0,single
57773.0,4,-2.21,4,0,0,0,0,african-american,24,1.1816087962962962,1,0,1,single
54467.0,5,-1.46,7,1,0,1,0,african-american,24,2.024074074074074,1,0,1,single
60467.0,4,-2.42,3,0,0,0,0,african-american,24,0.5480208333333333,0,0,0,single
60893.0,3,-2.12,4,0,0,0,0,african-american,24,1.1792939814814816,0,0,1,single
59881.0,6,-2.32,3,1,1,1,1,hispanic,24,0.9695138888888888,2,0,0,single
54731.0,8,-1.67,6,1,0,1,0,african-american,24,49.766030092592594,2,0,1,single
61940.0,3,-2.04,4,0,0,0,0,african-american,24,0.7435532407407407,0,0,0,single
54638.0,4,-2.0,4,0,0,0,1,african-american,24,0.8406365740740741,1,0,0,single
51429.0,2,-2.1,4,1,1,1,0,african-american,24,0.4391550925925926,1,2,1,single
61518.0,3,-2.2,4,0,0,0,1,african-american,24,0.9861111111111112,0,0,0,single
45823.0,9,-0.63,9,1,0,1,0,african-american,24,51.03196759259259,4,0,0,single
54345.0,4,-2.0,4,0,0,0,1,caucasian,24,0.7421296296296296,1,4,1,single
59945.0,6,-2.22,4,1,1,1,0,other,24,0.0354629629629629,4,0,0,single
53638.0,3,-2.1,4,0,0,0,0,caucasian,24,0.6024537037037037,1,2,0,single
53304.0,3,-1.98,4,0,0,0,0,other,24,0.918738425925926,0,0,0,single
56635.0,4,-2.04,4,0,0,0,1,african-american,23,0.828587962962963,1,0,1,single
37973.0,8,-1.0,8,1,1,1,0,african-american,23,0.9880555555555556,3,2,0,single
23292.0,5,-1.56,6,0,0,0,0,caucasian,23,9.672881944444445,3,0,0,single
32788.0,7,-1.91,5,0,0,0,1,african-american,23,17.776446759259258,6,0,1,single
58402.0,5,-1.6,6,0,0,0,0,african-american,23,2.102766203703704,1,0,0,single
57298.0,3,-2.04,4,0,0,0,0,other,23,0.948726851851852,0,0,1,single
52718.0,2,-2.22,4,0,0,0,0,african-american,23,0.1507986111111111,0,0,0,single
51850.0,5,-1.99,4,1,0,1,0,african-american,23,1.0730787037037035,0,0,0,single
53784.0,10,-0.27,9,1,1,1,0,caucasian,23,12.740983796296296,5,3,1,single
56335.0,6,-1.92,5,0,0,0,1,caucasian,23,11.87934027777778,0,0,0,single
54956.0,9,-1.2,8,0,0,0,0,african-american,23,0.9185648148148148,0,0,1,single
61553.0,5,-1.94,5,1,0,1,0,caucasian,23,0.6516666666666666,0,0,0,single
56925.0,4,-2.32,3,0,0,0,0,caucasian,23,1.1152083333333334,0,3,1,single
57776.0,2,-2.2,4,0,0,0,0,caucasian,23,1.0519907407407407,0,0,0,single
18516.0,10,-0.43,10,0,0,0,0,african-american,23,31.02694444444445,4,4,0,single
56729.0,6,-1.9,5,1,0,1,0,african-american,23,6.067118055555556,2,0,0,single
53900.0,4,-2.02,4,0,0,0,1,african-american,23,0.8076967592592592,0,0,1,single
58544.0,5,-1.54,6,0,0,0,0,african-american,23,1.8494328703703704,0,0,0,single
23645.0,9,-0.7,9,1,0,1,0,african-american,23,1.6702314814814814,5,0,0,single
44458.0,9,-1.61,6,1,0,1,0,african-american,23,255.07625,8,2,0,single
19184.0,5,-1.37,7,1,0,1,1,caucasian,23,0.7559953703703703,5,4,0,single
24649.0,6,-1.12,8,1,1,1,0,other,23,9.28525462962963,7,2,0,single
30818.0,9,-1.4,7,1,0,1,0,african-american,23,6.001712962962963,2,0,0,single
52777.0,2,-2.26,3,1,0,1,0,african-american,23,0.8691435185185186,3,0,1,single
49884.0,7,-1.19,8,1,1,1,0,hispanic,23,276.9059027777778,3,0,1,single
52175.0,10,-0.77,9,1,1,1,1,african-american,23,116.15746527777776,2,0,0,single
29546.0,10,-0.82,9,1,0,1,0,caucasian,23,3.9094907407407407,11,10,0,separated
35141.0,8,-1.26,7,1,0,0,1,african-american,23,37.01466435185185,3,0,0,single
59975.0,2,-2.16,4,0,0,0,0,caucasian,23,0.9752893518518518,0,0,1,single
45590.0,4,-1.54,6,0,0,0,0,other,23,1.0437847222222223,2,0,1,single
61619.0,2,-2.48,3,0,0,0,1,african-american,23,1.2482291666666667,0,0,1,significant other
62300.0,8,-1.94,5,1,0,1,0,african-american,23,0.9071064814814814,4,2,0,single
54228.0,7,-1.72,6,1,1,1,0,african-american,23,6.180150462962963,2,0,0,single
56461.0,5,-1.5,6,0,0,0,0,african-american,23,6.273969907407407,3,0,1,significant other
57979.0,2,-2.28,3,1,0,0,0,caucasian,23,1.1195833333333334,0,0,0,single
46497.0,8,-1.9,5,0,0,0,0,african-american,23,2.0288310185185185,1,0,0,single
51707.0,6,-2.0,4,1,0,1,0,hispanic,23,1.2572800925925929,1,1,0,single
29581.0,7,-1.36,7,1,0,1,0,hispanic,23,5.111180555555555,6,0,1,single
31994.0,7,-0.81,9,0,0,0,0,other,23,45.02599537037037,2,0,1,single
54192.0,5,-1.96,5,1,0,1,1,african-american,23,0.6804166666666667,0,0,0,single
56133.0,6,-1.45,7,0,0,0,0,caucasian,23,0.9763078703703704,0,0,1,single
51902.0,4,-1.91,5,1,0,0,0,other,23,1.9217708333333332,2,0,0,single
59127.0,2,-2.08,4,0,0,0,0,african-american,23,39.379618055555554,1,0,1,single
18326.0,6,-1.59,6,1,1,0,0,african-american,23,0.8699421296296296,6,5,0,single
51811.0,7,-1.68,6,0,0,0,0,african-american,23,5.231979166666667,2,0,1,single
53639.0,3,-2.1,4,1,0,0,1,hispanic,23,0.4269444444444444,1,0,1,single
59275.0,9,-0.75,9,1,0,1,0,african-american,23,1.8716319444444445,3,1,0,single
65018.0,4,-1.63,4,1,0,1,0,caucasian,23,41.24888888888889,3,1,0,single
54116.0,3,-2.26,3,0,0,0,0,african-american,23,1.0616087962962963,0,0,0,single
22510.0,10,-1.59,6,1,0,1,0,african-american,23,2.904664351851852,8,0,0,single
60864.0,6,-1.88,5,0,0,0,0,african-american,23,1.091550925925926,1,1,0,single
56903.0,4,-2.18,4,1,0,1,0,african-american,23,0.2340393518518518,2,3,0,single
60390.0,2,-2.16,4,0,0,0,0,caucasian,23,5.025995370370371,0,0,0,single
54479.0,4,-1.59,6,0,0,0,0,african-american,23,0.9819212962962964,0,0,1,single
54352.0,3,-2.18,4,0,0,0,0,hispanic,23,5.183541666666667,1,0,1,single
20491.0,7,-1.72,6,1,0,0,0,caucasian,23,70.29907407407407,10,1,0,single
51716.0,4,-2.1,4,1,1,0,1,african-american,23,1.6563541666666666,0,0,1,single
61214.0,5,-1.96,5,1,0,1,0,african-american,23,3.846122685185185,3,0,0,single
55360.0,6,-1.9,5,1,0,1,1,hispanic,23,1.5442476851851852,0,0,0,single
34873.0,7,-1.86,5,0,0,0,0,african-american,23,1.1269212962962962,3,0,0,single
51319.0,2,-2.18,4,1,1,0,0,african-american,23,2.3387962962962963,1,2,0,single
60636.0,7,-2.02,4,0,0,0,1,african-american,23,0.2723726851851852,0,0,0,single
55976.0,5,-1.94,5,0,0,0,0,caucasian,23,40.4175,1,0,0,single
52742.0,5,-1.94,5,0,0,0,0,african-american,23,0.9417245370370372,1,1,0,single
53711.0,5,-1.23,8,0,0,0,0,african-american,23,3.859085648148149,0,0,0,single
51433.0,3,-2.14,4,1,0,0,0,other,23,0.6195486111111111,0,0,1,single
52769.0,6,-2.02,4,0,0,0,1,caucasian,23,0.8853935185185186,2,0,1,single
53083.0,5,-1.3,7,0,0,0,0,african-american,23,2.0491319444444445,0,0,0,single
57741.0,8,-1.72,6,0,0,0,0,caucasian,23,2.884583333333333,0,0,0,single
20833.0,7,-1.88,5,0,0,0,0,african-american,23,18.268680555555555,2,1,0,single
52980.0,7,-1.74,5,1,0,1,0,african-american,23,5.131412037037037,0,0,0,single
27494.0,10,-1.56,6,1,0,1,0,african-american,23,135.96814814814817,6,4,0,single
59190.0,7,-1.86,5,0,0,0,0,african-american,23,1.903391203703704,0,0,0,single
59179.0,3,-2.24,3,0,0,0,1,caucasian,23,0.2780555555555555,0,0,0,single
39444.0,9,-0.8,9,1,0,1,0,african-american,23,7.658877314814815,2,0,1,single
32468.0,9,-1.92,5,1,0,1,1,caucasian,23,133.2441550925926,4,0,1,single
55149.0,2,-2.18,4,0,0,0,0,african-american,23,0.5940856481481481,2,1,0,single
56514.0,4,-1.8,5,0,0,0,0,caucasian,23,0.0100925925925925,0,0,0,single
59261.0,7,-1.96,5,0,0,0,1,african-american,23,0.8995717592592593,0,0,1,significant other
54868.0,3,-2.26,3,0,0,0,1,african-american,23,1.9763425925925928,1,0,0,single
53283.0,3,-2.3,3,0,0,0,1,caucasian,23,0.8644328703703704,0,0,1,significant other
52259.0,7,-1.46,7,1,0,1,0,african-american,23,3.967199074074074,2,0,1,single
57828.0,3,-2.22,4,1,0,1,0,african-american,23,1.0602546296296296,1,0,1,single
35899.0,6,-1.5,7,1,1,1,0,african-american,23,1.1019791666666667,6,0,0,single
41024.0,9,-1.64,6,1,1,1,0,caucasian,23,5.905868055555556,6,0,0,single
32316.0,7,-0.98,9,0,0,0,0,african-american,23,89.84137731481482,4,0,0,single
56774.0,4,-2.14,4,0,0,0,0,other,23,0.8775462962962963,0,0,0,single
52427.0,3,-2.14,4,1,0,1,0,caucasian,23,0.3167592592592592,1,0,0,single
57480.0,4,-1.53,6,0,0,0,1,hispanic,23,1.3461689814814817,2,1,1,significant other
51057.0,3,-2.04,4,0,0,0,0,african-american,23,1.9253125,0,0,0,single
57824.0,6,-2.06,4,1,0,1,0,african-american,23,4.17355324074074,3,0,1,single
61222.0,2,-2.32,3,0,0,0,1,caucasian,23,0.1690277777777777,1,2,1,single
51945.0,4,-1.62,6,0,0,0,0,african-american,23,2.65494212962963,1,0,1,single
56685.0,7,-1.97,5,0,0,0,0,hispanic,23,1.1531828703703704,0,0,1,single
61248.0,4,-1.86,5,1,0,1,0,african-american,23,3.6932638888888887,1,0,0,single
46315.0,9,-1.8,5,0,0,0,0,african-american,23,71.85234953703704,2,0,0,single
52048.0,7,-1.79,5,0,0,0,0,african-american,23,0.7761574074074075,0,0,0,single
56957.0,7,-1.8,5,1,0,1,0,african-american,23,43.12634259259259,3,0,0,single
58709.0,4,-1.96,5,0,0,0,0,african-american,23,0.9209722222222222,1,0,0,single
50892.0,9,-0.89,9,1,1,1,0,caucasian,23,18.860023148148148,0,1,0,single
60163.0,2,-2.16,4,1,0,1,0,african-american,23,1.0371064814814814,0,0,1,single
61444.0,4,-2.16,4,0,0,0,0,caucasian,23,0.1295138888888889,0,0,1,single
60948.0,2,-2.08,4,1,0,1,0,african-american,23,0.805324074074074,1,3,1,single
51265.0,3,-1.84,5,0,0,0,0,caucasian,23,2.111863425925926,0,0,1,single
54531.0,4,-2.02,4,1,0,1,0,caucasian,23,0.9349652777777778,4,1,0,single
61022.0,6,-1.96,5,1,0,1,0,african-american,23,1.1402314814814816,2,1,0,single
41603.0,9,-0.93,9,0,0,0,0,african-american,23,5.005150462962963,1,1,1,single
52840.0,7,-1.88,5,1,0,1,1,african-american,23,1.086261574074074,2,0,1,single
28599.0,9,-0.26,10,0,0,0,0,african-american,23,33.63143518518518,3,2,0,single
54420.0,9,-0.86,9,1,0,1,0,caucasian,23,0.1224421296296296,2,2,0,single
57103.0,3,-1.74,5,0,0,0,0,hispanic,23,0.0413888888888888,0,0,0,single
54030.0,9,-1.1,8,0,0,0,1,african-american,23,1.2429282407407407,1,0,0,single
52030.0,4,-1.72,6,0,0,0,0,african-american,23,3.093391203703704,0,0,0,single
59704.0,6,-1.15,8,1,1,1,0,african-american,23,120.30538194444443,1,0,0,single
25191.0,9,-1.12,8,1,1,1,0,african-american,23,44.0068287037037,3,0,0,single
49180.0,6,-1.68,6,1,1,1,0,african-american,23,0.9626041666666668,1,0,0,single
59375.0,3,-2.0,4,0,0,0,0,caucasian,23,1.2909722222222222,1,0,0,single
53041.0,6,-1.7,6,0,0,0,1,other,23,0.6066435185185185,0,0,1,single
60056.0,3,-1.96,5,0,0,0,0,hispanic,23,45.92118055555556,0,0,0,single
60494.0,5,-1.8,5,0,0,0,0,african-american,23,32.01434027777778,0,0,1,single
52162.0,7,-1.53,6,1,0,1,0,african-american,23,2.017511574074074,2,1,0,single
60768.0,3,-2.24,3,0,0,0,1,african-american,23,0.2458217592592592,0,0,1,significant other
58072.0,3,-1.88,5,0,0,0,0,african-american,23,12.932534722222222,0,0,1,single
56188.0,2,-2.22,4,1,0,1,0,african-american,23,1.152650462962963,0,0,1,single
51100.0,5,-1.8,5,1,0,1,1,african-american,23,2.2821296296296296,0,0,0,single
61032.0,2,-2.2,4,0,0,0,0,african-american,23,1.0440856481481482,0,0,0,single
58494.0,6,-2.06,4,1,0,1,0,hispanic,23,19.28240740740741,2,0,1,single
56331.0,7,-1.15,8,0,0,0,0,african-american,23,2.1318865740740742,0,0,0,single
59208.0,8,-1.43,7,0,0,0,0,african-american,23,3.170138888888889,0,0,1,single
54510.0,7,-1.3,7,1,0,0,1,african-american,23,0.8347916666666667,0,0,0,single
62141.0,3,-2.08,4,0,0,0,0,caucasian,23,0.2789930555555555,0,0,0,single
25340.0,9,-1.03,8,1,1,1,0,african-american,23,8.206597222222221,6,1,0,single
43864.0,10,-0.67,9,1,1,1,0,african-american,23,1.9544212962962964,1,0,0,single
61396.0,8,-1.27,7,1,0,1,1,african-american,23,43.23569444444445,4,0,1,single
57841.0,4,-2.08,4,1,0,1,0,caucasian,23,7.822025462962963,4,1,1,single
29247.0,7,-1.66,6,1,0,1,0,african-american,23,27.04012731481481,1,0,1,single
60250.0,2,-2.36,3,0,0,0,0,african-american,23,0.0159027777777777,1,0,0,single
61789.0,2,-2.32,3,0,0,0,1,african-american,23,1.0338541666666667,0,0,0,single
52466.0,8,-1.03,8,0,0,0,0,african-american,23,1.1335763888888888,0,0,1,single
54676.0,7,-1.84,5,0,0,0,0,african-american,23,3.852847222222222,0,0,0,single
53715.0,9,-0.96,9,0,0,0,0,caucasian,23,1.217337962962963,0,0,0,significant other
49253.0,10,-0.47,10,1,0,1,0,african-american,23,15.925625,1,0,0,single
52485.0,10,-0.7,9,0,0,0,1,caucasian,23,5.72744212962963,3,0,0,single
49848.0,9,-0.72,9,1,1,1,0,african-american,23,4.984791666666666,5,1,0,single
49457.0,6,-1.77,5,0,0,0,0,african-american,23,35.78535879629629,1,0,0,single
59694.0,8,-0.91,9,1,1,1,0,caucasian,23,3.0294675925925927,0,0,1,single
58477.0,7,-1.6,6,0,0,0,1,african-american,23,2.2745949074074074,0,0,0,single
37774.0,7,-1.33,7,1,0,1,0,caucasian,23,164.0222337962963,2,0,0,single
52173.0,4,-1.97,5,1,0,0,0,african-american,23,1.854085648148148,0,0,1,separated
29781.0,9,-0.55,10,1,0,1,0,african-american,23,1.0450578703703703,2,1,0,single
28478.0,7,-0.88,9,0,0,0,0,caucasian,23,1.094386574074074,3,7,1,single
51215.0,3,-1.76,5,1,0,1,0,caucasian,23,0.5513194444444445,0,0,1,single
61430.0,4,-1.96,5,0,0,0,1,other,23,1.0185069444444443,0,0,1,significant other
33064.0,10,-0.63,9,1,1,1,0,other,23,32.13172453703704,5,0,1,single
54232.0,5,-1.83,5,1,0,1,0,caucasian,23,9.073171296296296,3,2,0,single
59721.0,2,-2.16,4,0,0,0,0,african-american,23,0.817511574074074,1,0,0,single
52561.0,7,-1.06,8,0,0,0,0,hispanic,23,1.0259722222222225,0,0,1,single
61681.0,9,-1.71,6,1,0,1,0,african-american,23,143.9315162037037,4,1,0,single
60692.0,7,-1.01,8,1,0,1,0,african-american,23,0.7178819444444444,2,1,1,single
59379.0,7,-1.17,8,1,0,1,0,african-american,23,0.9789467592592592,4,4,0,single
52846.0,2,-1.96,5,0,0,0,0,caucasian,23,1.045636574074074,0,0,0,single
61373.0,2,-2.24,3,0,0,0,0,hispanic,23,0.3076041666666667,0,0,0,single
61682.0,2,-2.16,4,1,1,1,0,hispanic,23,1.225925925925926,0,0,1,significant other
53695.0,4,-1.68,6,0,0,0,0,african-american,23,1.172048611111111,0,0,0,single
61018.0,9,-1.33,7,0,0,0,0,hispanic,23,22.637060185185184,2,1,0,single
51077.0,8,-1.54,6,1,1,1,1,african-american,23,0.8594560185185185,2,0,1,single
52932.0,10,-1.77,5,1,0,1,0,african-american,23,0.8938425925925926,0,0,1,single
57534.0,2,-2.1,4,0,0,0,0,african-american,23,0.9800925925925926,0,0,0,single
29456.0,9,-0.72,9,1,1,1,0,african-american,23,192.70553240740745,4,1,0,single
61274.0,5,-1.88,5,0,0,0,1,other,23,0.8947800925925926,0,0,1,significant other
53772.0,8,-1.75,5,1,0,1,0,caucasian,23,35.83204861111111,3,0,1,single
61186.0,6,-1.82,5,1,0,1,0,african-american,23,2.2580555555555555,1,0,0,single
60303.0,10,-0.59,10,0,0,0,1,other,23,1.267650462962963,0,0,1,single
60155.0,7,-2.14,4,0,0,0,0,african-american,23,0.9251736111111112,1,1,0,single
61329.0,8,-1.25,8,1,0,1,0,caucasian,23,7.807766203703704,2,1,0,single
56998.0,5,-1.82,5,1,1,1,1,african-american,23,1.1813888888888888,2,0,0,single
31931.0,9,-0.74,9,1,1,1,0,caucasian,23,2.137881944444445,4,1,1,single
25420.0,8,-1.16,8,0,0,0,0,african-american,23,3.8575578703703695,1,0,1,single
61383.0,2,-2.28,3,1,0,1,0,african-american,23,1.1486574074074074,2,0,0,single
56653.0,8,-1.27,7,1,1,1,0,african-american,23,1.2246180555555557,7,1,0,single
61842.0,7,-1.84,5,0,0,0,0,african-american,23,1.0204166666666667,3,0,0,single
59170.0,2,-2.26,3,0,0,0,0,caucasian,23,0.8957291666666667,1,1,1,single
56778.0,5,-1.65,6,0,0,0,0,african-american,23,3.078599537037037,0,0,0,single
47851.0,5,-1.4,7,1,0,1,0,african-american,23,6.048865740740741,3,1,0,single
46835.0,9,-0.68,9,0,0,0,0,african-american,23,3.0288194444444443,4,1,0,single
53555.0,6,-1.66,6,1,0,1,1,african-american,23,1.1686458333333334,0,0,0,single
30243.0,10,-1.26,7,1,0,1,1,african-american,23,0.6106828703703704,2,0,0,single
55619.0,10,-0.83,9,0,0,0,0,hispanic,23,177.27965277777778,1,0,0,single
51593.0,6,-1.68,6,0,0,0,0,african-american,23,178.05745370370371,1,0,1,single
51802.0,8,-1.05,8,1,0,1,0,african-american,23,2.1109837962962965,2,0,1,single
51172.0,7,-1.91,5,0,0,0,1,caucasian,23,0.8655671296296297,0,0,1,single
51277.0,6,-1.93,5,1,0,1,0,african-american,23,0.8838425925925926,2,1,0,single
37097.0,10,-0.74,9,1,0,1,0,african-american,23,4.034328703703704,10,1,0,significant other
46409.0,6,-1.95,5,0,0,0,0,african-american,23,237.8338310185185,2,0,0,single
53621.0,4,-1.97,5,0,0,0,0,african-american,23,0.2837731481481481,0,0,0,other
61935.0,3,-2.0,4,0,0,0,0,caucasian,23,0.8983564814814815,0,0,0,single
56168.0,3,-2.06,4,1,0,1,0,african-american,23,22.342511574074077,1,3,0,single
52933.0,6,-1.68,6,0,0,0,1,african-american,23,1.0827314814814817,0,0,1,single
61478.0,8,-1.78,5,1,0,1,0,other,23,4.685706018518519,0,0,1,single
58928.0,7,-1.96,5,0,0,0,0,african-american,23,0.9820023148148148,1,2,1,single
54214.0,5,-1.42,7,0,0,0,0,african-american,23,0.2366319444444444,1,0,0,single
34859.0,7,-0.81,9,1,1,1,0,african-american,23,9.075590277777778,3,3,1,single
61519.0,3,-2.0,4,1,0,1,0,african-american,23,1.2137962962962965,1,0,0,single
54194.0,8,-1.16,8,1,1,1,0,african-american,23,2.064884259259259,0,0,0,single
56447.0,5,-2.0,4,0,0,0,0,hispanic,23,2.0530555555555554,2,0,0,single
37356.0,7,-1.98,4,1,1,1,0,african-american,23,1.714074074074074,5,1,0,single
59322.0,9,-1.76,5,1,0,1,0,caucasian,23,0.8893865740740741,0,0,0,single
62283.0,6,-2.18,4,0,0,0,1,caucasian,23,1.059351851851852,1,0,1,single
54303.0,4,-1.8,5,0,0,0,0,african-american,23,0.6503935185185186,0,0,0,single
51599.0,8,-1.55,6,1,1,1,0,caucasian,23,26.08724537037037,3,0,1,single
32615.0,8,-1.58,6,1,1,1,0,african-american,23,1.049375,5,1,0,single
51684.0,3,-1.79,5,0,0,0,0,african-american,23,1.0924074074074075,0,0,0,single
58054.0,10,-1.17,8,1,1,1,0,african-american,23,44.861238425925926,5,0,0,single
52153.0,7,-1.77,5,1,0,1,0,hispanic,23,3.250474537037037,3,0,0,single
62313.0,7,-1.96,5,1,0,1,1,african-american,23,1.1849305555555556,2,0,0,single
60359.0,4,-1.98,4,1,0,1,0,african-american,23,0.9823726851851852,0,0,1,single
47553.0,9,-0.78,9,0,0,0,0,african-american,23,76.81820601851852,2,1,0,single
52720.0,3,-2.12,4,0,0,0,1,african-american,23,0.9352083333333332,1,0,0,single
60097.0,6,-1.44,7,0,0,0,0,caucasian,23,7.995810185185185,2,0,0,single
61987.0,2,-2.36,3,0,0,0,0,african-american,23,2.1053819444444444,0,0,0,single
51191.0,10,-0.74,9,1,1,1,0,african-american,23,80.14851851851851,2,1,1,single
39707.0,10,-0.78,9,1,0,1,0,african-american,23,0.6963888888888888,4,0,0,single
54830.0,3,-1.92,5,1,0,1,0,african-american,23,0.887800925925926,0,0,0,single
50993.0,3,-1.95,5,0,0,0,0,hispanic,23,2.055902777777778,0,0,1,single
54022.0,6,-1.91,5,1,0,1,0,african-american,23,3.821342592592593,1,0,0,single
53000.0,2,-1.96,5,0,0,0,0,caucasian,23,1.065775462962963,0,0,0,single
53505.0,7,-1.55,6,1,0,0,0,caucasian,23,13.282094907407409,2,1,0,single
54267.0,7,-1.77,5,0,0,0,0,hispanic,23,35.30236111111111,2,1,0,single
60811.0,5,-1.86,5,0,0,0,1,african-american,23,0.2164814814814814,1,1,1,other
53694.0,8,-1.77,5,0,0,0,0,hispanic,23,34.236354166666665,6,0,1,significant other
62360.0,2,-2.2,4,0,0,0,0,caucasian,23,0.9326157407407408,1,1,1,single
59453.0,8,-1.8,5,1,0,1,0,african-american,23,11.16912037037037,4,1,1,single
61131.0,4,-1.86,5,0,0,0,0,hispanic,23,0.168599537037037,0,0,1,single
55839.0,6,-1.75,5,1,0,1,0,african-american,23,2.359664351851852,2,3,0,single
61265.0,4,-1.94,5,0,0,0,1,african-american,23,2.06806712962963,0,0,1,single
32763.0,10,-1.17,8,0,0,0,0,african-american,23,3.824293981481482,1,1,1,single
54415.0,5,-1.56,6,1,0,1,0,caucasian,23,19.22127314814815,1,2,0,single
56264.0,4,-1.88,5,0,0,0,1,hispanic,23,0.6915162037037037,0,0,1,single
42220.0,5,-1.87,5,0,0,0,0,hispanic,23,0.8064467592592592,2,0,0,single
61871.0,5,-1.71,6,0,0,0,0,caucasian,23,0.707962962962963,0,0,1,single
38031.0,8,-0.88,9,1,0,1,0,african-american,23,6.92318287037037,2,0,0,single
55855.0,5,-1.93,5,0,0,0,0,african-american,23,0.9701620370370372,1,0,0,single
51386.0,9,-1.53,6,0,0,0,0,caucasian,23,1.2247916666666667,0,0,1,single
54867.0,4,-1.8,5,1,0,1,1,african-american,23,0.8186574074074074,0,0,1,single
55041.0,2,-2.0,4,1,0,1,0,hispanic,23,0.7900347222222223,0,0,0,single
33269.0,10,-0.38,10,0,0,0,0,other,23,2.2260416666666667,4,0,0,single
60884.0,3,-1.9,5,0,0,0,0,african-american,23,1.8680324074074075,0,0,0,single
50929.0,6,-1.52,6,1,0,1,0,caucasian,23,244.9273148148148,3,1,0,single
59644.0,2,-2.3,3,0,0,0,0,caucasian,23,0.9007175925925925,2,0,0,single
54536.0,10,-0.39,10,1,0,1,0,african-american,23,0.2479398148148148,3,2,0,single
57561.0,4,-1.92,5,0,0,0,1,african-american,23,0.7854513888888889,0,0,1,single
56530.0,3,-2.0,4,0,0,0,1,african-american,23,25.086886574074075,0,0,0,single
52127.0,9,-1.56,6,1,1,1,0,african-american,23,14.843854166666668,0,0,0,single
53284.0,4,-1.59,6,0,0,0,0,caucasian,23,9.969131944444444,1,0,1,single
41986.0,8,-0.99,9,1,0,1,0,african-american,23,0.331875,1,0,1,single
56741.0,4,-1.64,6,0,0,0,0,african-american,23,1.0131712962962962,1,0,0,single
57435.0,9,-1.2,8,0,0,0,0,hispanic,23,27.294965277777777,4,0,0,single
58791.0,3,-2.14,4,0,0,0,1,african-american,23,0.9539236111111112,1,0,0,single
57385.0,7,-1.68,6,1,1,1,0,caucasian,23,15.145289351851853,2,0,0,single
59913.0,4,-2.02,4,0,0,0,1,african-american,23,0.7912847222222222,1,0,0,single
51359.0,3,-2.01,4,1,1,1,0,african-american,23,100.23625,2,0,1,single
58929.0,6,-1.8,5,1,0,1,0,african-american,23,1.912013888888889,0,0,0,single
54675.0,7,-1.72,6,0,0,0,0,african-american,23,0.9142361111111112,0,0,1,single
52476.0,7,-1.22,8,1,0,1,0,african-american,22,0.9717476851851852,0,1,0,significant other
51751.0,4,-1.91,5,0,0,0,1,other,22,2.342361111111111,0,0,0,single
54107.0,4,-1.75,5,1,1,1,0,african-american,22,0.5945370370370371,0,0,0,single
51090.0,3,-1.87,5,1,0,1,0,african-american,22,1.369375,0,0,0,single
54962.0,4,-1.8,5,0,0,0,0,african-american,22,1.114270833333333,0,0,0,single
43819.0,7,-1.01,8,1,0,1,0,african-american,22,1.6939236111111111,2,1,0,single
51385.0,5,-1.71,6,0,0,0,1,african-american,22,7.724189814814815,0,0,1,single
51134.0,8,-1.29,7,1,0,1,0,caucasian,22,11.935925925925924,2,2,0,single
52901.0,4,-1.3,7,1,0,1,0,african-american,22,1.1159375,0,0,1,single
59667.0,5,-1.94,5,1,0,1,0,caucasian,22,0.5812962962962963,0,0,0,single
60662.0,5,-2.1,4,1,0,1,0,caucasian,22,0.6732638888888889,5,0,1,single
61014.0,8,-1.76,5,1,1,1,0,african-american,22,26.195451388888888,3,0,0,single
52238.0,3,-1.79,5,1,0,1,0,caucasian,22,0.5742476851851852,1,0,0,single
58606.0,3,-2.12,4,0,0,0,1,caucasian,22,0.2084606481481481,1,1,1,single
56718.0,3,-2.04,4,0,0,0,1,african-american,22,1.1176388888888888,0,0,1,single
52703.0,6,-1.83,5,0,0,0,0,caucasian,22,1.079074074074074,0,0,0,single
52094.0,3,-1.89,5,1,0,1,0,african-american,22,1.0780787037037036,0,0,0,single
60833.0,4,-2.02,4,1,0,1,1,african-american,22,0.7081828703703704,0,1,0,single
57454.0,7,-1.05,8,1,0,1,0,african-american,22,2.9731134259259258,0,0,0,single
38456.0,7,-1.92,5,1,0,1,0,caucasian,22,2.301099537037037,3,0,0,significant other
55600.0,4,-1.84,5,0,0,0,1,african-american,22,5.93974537037037,0,0,0,single
60065.0,3,-2.22,4,0,0,0,1,caucasian,22,0.9595254629629628,1,0,0,single
57932.0,3,-1.76,5,0,0,0,0,african-american,22,63.20216435185185,1,0,0,significant other
55707.0,4,-1.93,5,1,0,0,0,caucasian,22,8.986168981481482,1,0,0,single
50998.0,3,-1.91,5,1,0,1,0,hispanic,22,31.66274305555556,2,0,0,single
54824.0,2,-2.07,4,0,0,0,0,african-american,22,0.8658333333333333,1,0,0,single
61403.0,5,-1.46,7,0,0,0,1,african-american,22,1.355775462962963,2,0,0,single
57098.0,3,-1.92,5,1,0,1,0,african-american,22,0.883912037037037,0,0,1,single
57765.0,3,-2.12,4,0,0,0,1,caucasian,22,0.0305439814814814,0,0,1,single
51559.0,4,-1.8,5,1,0,0,0,caucasian,22,8.375659722222222,1,0,0,single
62330.0,5,-1.62,6,1,0,1,0,caucasian,22,24.864016203703702,2,1,1,single
67551.0,9,-1.37,8,1,0,1,0,african-american,22,0.9841319444444444,1,0,1,single
61035.0,4,-1.86,5,0,0,0,0,african-american,22,1.0640393518518518,0,0,0,single
58096.0,5,-1.76,5,0,0,0,1,caucasian,22,0.746724537037037,2,0,1,single
35825.0,8,-1.32,7,1,0,1,0,african-american,22,0.0452314814814814,3,0,0,single
60987.0,4,-1.78,5,1,0,1,0,other,22,1.1855555555555557,1,0,0,single
38194.0,4,-1.61,6,1,0,1,0,african-american,22,1.038275462962963,1,1,0,single
55906.0,8,-1.2,8,0,0,0,1,african-american,22,0.8524768518518518,0,0,0,single
58153.0,3,-1.74,5,0,0,0,0,other,22,2.0896296296296297,3,1,0,single
60348.0,5,-1.92,5,1,0,0,1,hispanic,22,2.1795949074074072,1,0,0,single
56929.0,6,-1.62,6,0,0,0,1,african-american,22,30.75462962962963,1,1,1,single
53131.0,7,-1.31,7,1,0,1,0,african-american,22,0.6470486111111111,1,1,0,single
59766.0,5,-1.23,8,1,1,1,0,african-american,22,214.3416319444445,3,0,0,single
61370.0,4,-2.1,4,0,0,0,0,african-american,22,0.145,0,0,0,single
58890.0,8,-1.8,5,0,0,0,0,african-american,22,0.3026157407407407,0,0,0,single
58927.0,4,-1.49,7,1,0,1,0,african-american,22,0.8780671296296296,0,0,0,single
59816.0,9,-0.81,9,0,0,0,0,african-american,22,1.0043171296296296,6,0,0,single
52218.0,4,-1.87,5,0,0,0,0,caucasian,22,1.1858217592592593,0,0,1,single
58637.0,3,-1.88,5,1,0,1,0,hispanic,22,0.9102199074074074,0,0,1,single
32493.0,7,-1.59,6,0,0,0,0,caucasian,22,24.102916666666665,1,0,1,single
60305.0,6,-1.0,8,0,0,0,0,african-american,22,2.937314814814815,0,0,1,single
42243.0,6,-2.06,4,1,0,1,0,african-american,22,1.631388888888889,1,0,0,single
61215.0,2,-2.1,4,1,0,1,0,caucasian,22,1.016550925925926,0,1,1,single
58012.0,3,-1.76,5,0,0,0,0,caucasian,22,1.2181365740740742,0,0,1,single
54668.0,4,-1.75,5,1,0,1,0,hispanic,22,2.0699074074074075,0,0,0,single
56484.0,2,-2.04,4,1,0,1,0,other,22,1.2766550925925926,0,0,0,single
62162.0,3,-1.94,5,0,0,0,0,african-american,22,1.0544444444444443,0,0,0,single
61533.0,2,-2.14,4,1,0,1,0,caucasian,22,0.978449074074074,0,0,1,single
56460.0,6,-2.04,4,0,0,0,0,caucasian,22,11.93087962962963,1,0,0,single
54226.0,9,-1.39,7,0,0,0,0,african-american,22,2.126412037037037,0,0,1,single
57898.0,6,-1.83,5,1,0,1,0,african-american,22,1.7148263888888888,3,0,0,single
52739.0,6,-1.21,8,0,0,0,0,african-american,22,1.8305439814814812,1,0,0,single
50853.0,9,-1.44,7,1,0,1,0,african-american,22,21.31246527777778,0,1,1,single
60062.0,5,-1.67,6,1,0,1,0,caucasian,22,0.9964699074074074,0,0,0,single
51755.0,4,-1.67,6,0,0,0,0,african-american,22,1.265914351851852,0,0,0,single
60988.0,3,-1.98,4,0,0,0,0,african-american,22,9.379479166666666,0,0,0,single
59082.0,9,-1.26,7,0,0,0,0,african-american,22,4.8377083333333335,1,0,0,single
52067.0,6,-1.85,5,0,0,0,0,caucasian,22,0.6599421296296296,0,0,1,single
58556.0,4,-1.76,5,0,0,0,0,african-american,22,0.2705671296296296,0,0,0,single
60185.0,3,-2.08,4,0,0,0,1,african-american,22,0.5669328703703703,0,0,1,single
54209.0,6,-1.55,6,0,0,0,1,hispanic,22,0.2163425925925926,0,0,0,single
51223.0,3,-1.62,6,1,0,0,0,african-american,22,0.4680092592592592,0,1,0,single
59036.0,6,-1.39,7,1,0,1,0,african-american,22,16.039016203703703,3,1,0,single
36165.0,6,-1.32,7,0,0,0,0,african-american,22,1.2639236111111112,1,1,0,single
40675.0,6,-1.75,5,1,1,0,0,african-american,22,128.05962962962963,3,0,0,single
58108.0,4,-1.88,5,0,0,0,0,caucasian,22,0.976261574074074,0,0,1,single
46011.0,9,-0.98,9,0,0,0,0,african-american,22,33.95861111111111,3,0,0,single
52903.0,5,-1.75,5,1,1,1,0,african-american,22,0.6091435185185186,0,0,0,single
55652.0,6,-1.42,7,0,0,0,1,caucasian,22,1.962962962962963,1,0,0,single
56350.0,4,-1.71,6,1,0,1,0,caucasian,22,2.814942129629629,0,0,0,single
57400.0,9,-1.65,6,1,0,1,1,african-american,22,19.080127314814813,5,0,0,single
43236.0,4,-1.57,6,0,0,0,0,caucasian,22,1.303576388888889,2,1,0,single
36939.0,7,-1.73,6,0,0,0,0,african-american,22,1.913900462962963,1,1,1,single
57944.0,6,-1.97,5,0,0,0,1,african-american,22,1.2470486111111112,0,0,1,single
61007.0,4,-2.13,4,1,0,1,1,african-american,22,1.0503935185185185,0,0,0,single
51280.0,3,-1.7,6,1,0,1,0,african-american,22,15.02804398148148,1,0,0,single
54832.0,7,-1.75,5,0,0,0,0,caucasian,22,236.80621527777777,1,1,0,single
56823.0,2,-1.99,4,0,0,0,0,african-american,22,1.1124652777777777,0,0,0,single
53427.0,4,-1.85,5,0,0,0,0,caucasian,22,0.9041087962962964,0,1,0,single
62204.0,6,-1.8,5,0,0,0,0,african-american,22,0.8590162037037037,2,4,0,single
37303.0,3,-1.57,3,1,0,1,0,african-american,22,16.831238425925925,1,0,1,single
51894.0,9,-1.48,7,0,0,0,0,other,22,16.048252314814814,0,0,0,single
58243.0,3,-1.84,5,1,0,1,0,caucasian,22,0.7714930555555556,0,0,1,single
62181.0,7,-1.96,5,1,0,1,0,african-american,22,0.0429282407407407,1,0,0,single
51752.0,7,-1.58,6,1,1,1,0,caucasian,22,2.930462962962963,0,2,0,single
57363.0,3,-1.95,5,0,0,0,0,caucasian,22,1.0041319444444443,0,0,0,single
57253.0,2,-2.0,4,0,0,0,0,other,22,0.2365393518518518,1,0,1,single
52421.0,4,-1.7,6,0,0,0,0,african-american,22,0.923587962962963,0,0,0,single
58374.0,6,-1.67,6,0,0,0,1,african-american,22,96.2900462962963,1,0,0,single
54669.0,10,-0.62,10,0,0,0,0,african-american,22,3.909155092592592,0,0,1,single
43642.0,10,-0.31,10,1,0,1,0,african-american,22,0.1501504629629629,1,1,0,single
61106.0,3,-1.92,5,0,0,0,0,caucasian,22,1.965833333333333,0,0,0,single
57553.0,7,-1.73,6,1,0,0,0,african-american,22,13.712650462962962,2,0,0,single
55525.0,5,-1.59,6,0,0,0,0,caucasian,22,0.2071527777777777,0,2,0,single
52908.0,6,-1.42,7,0,0,0,1,african-american,22,1.2198958333333334,0,0,0,single
61824.0,3,-1.93,5,0,0,0,0,hispanic,22,0.6876157407407407,0,0,1,single
59636.0,6,-1.48,7,1,1,1,0,african-american,22,4.094004629629629,1,0,1,single
54328.0,6,-1.56,6,1,1,1,0,african-american,22,78.93635416666666,2,0,1,single
52295.0,8,-1.56,6,0,0,0,0,caucasian,22,57.92224537037037,0,0,0,single
55222.0,4,-1.99,4,0,0,0,1,hispanic,22,0.6311689814814815,0,0,1,single
56318.0,4,-1.75,5,1,0,1,0,hispanic,22,32.776435185185186,0,0,0,single
58384.0,5,-1.76,5,0,0,0,1,caucasian,22,0.9393055555555556,0,0,1,single
39175.0,3,-1.57,6,1,0,1,0,african-american,22,0.216099537037037,2,1,0,single
52652.0,7,-1.78,5,1,0,1,0,hispanic,22,1.6919560185185183,1,0,1,single
55069.0,4,-1.59,6,0,0,0,0,hispanic,22,1.0569444444444445,1,0,0,single
54370.0,3,-1.87,5,0,0,0,0,hispanic,22,0.6654745370370371,0,1,1,single
59571.0,4,-1.7,6,1,1,1,0,caucasian,22,27.274247685185184,2,0,0,single
40374.0,9,-1.44,7,1,0,1,0,caucasian,22,0.912337962962963,6,0,0,single
56854.0,5,-1.67,6,1,1,1,0,caucasian,22,13.859282407407408,2,0,1,single
60583.0,6,-1.87,5,0,0,0,0,african-american,22,0.8464930555555555,4,0,1,single
52937.0,6,-1.5,6,0,0,0,0,african-american,22,0.0188078703703703,0,0,1,single
52557.0,9,-1.48,7,0,0,0,1,caucasian,22,1.2068287037037038,0,0,1,single
54635.0,7,-1.96,5,0,0,0,1,african-american,22,0.8388773148148149,0,0,0,single
59852.0,7,-1.29,7,1,1,1,0,african-american,22,50.13697916666667,0,0,0,single
56928.0,3,-1.87,5,0,0,0,0,african-american,22,1.1033217592592592,1,0,0,single
54819.0,10,-1.52,6,1,1,1,0,african-american,22,1.0070486111111112,5,0,1,single
60593.0,3,-2.16,4,0,0,0,1,caucasian,22,0.1492361111111111,0,0,1,single
57630.0,8,-1.85,5,1,0,1,0,african-american,22,19.11953703703704,5,0,0,single
59068.0,7,-1.41,7,1,1,1,0,african-american,22,7.921400462962963,3,1,0,single
52478.0,9,-0.58,10,1,0,1,0,african-american,22,103.30175925925926,1,0,0,single
50843.0,7,-0.92,9,1,1,1,0,african-american,22,1.1735300925925929,1,1,1,single
53861.0,3,-1.66,6,1,1,1,0,african-american,22,71.01766203703704,0,0,0,single
61577.0,5,-1.31,7,0,0,0,0,african-american,22,0.8366782407407407,1,0,0,single
54683.0,3,-1.86,5,0,0,0,0,hispanic,22,0.2722800925925926,0,0,0,single
51064.0,3,-1.7,6,0,0,0,0,african-american,22,0.713275462962963,0,0,0,single
55963.0,8,-0.78,9,1,0,1,0,african-american,22,11.036574074074077,7,4,0,single
37722.0,9,-1.66,6,1,1,1,1,african-american,22,2.033587962962963,4,0,0,single
62265.0,2,-2.12,4,0,0,0,0,african-american,22,1.220648148148148,0,0,0,single
53897.0,7,-1.64,6,0,0,0,0,african-american,22,11.125625,0,0,0,single
55685.0,5,-1.83,5,0,0,0,1,african-american,22,13.224756944444444,1,0,0,single
55209.0,7,-1.69,6,0,0,0,0,african-american,22,106.16431712962962,3,0,0,single
59934.0,4,-1.92,5,0,0,0,1,african-american,22,59.965243055555554,2,0,0,single
51400.0,10,-0.2,10,1,1,1,0,african-american,22,319.1172337962963,3,2,0,single
56128.0,10,-1.75,6,1,0,1,0,caucasian,22,10.643263888888889,3,0,1,single
56067.0,9,-0.84,9,0,0,0,0,caucasian,22,1.2891898148148149,1,0,0,single
52836.0,6,-1.02,8,1,0,1,0,african-american,22,21.28141203703704,1,0,0,single
60502.0,6,-1.47,7,1,1,1,1,caucasian,22,0.5598263888888889,2,0,0,single
53714.0,8,-1.12,8,0,0,0,0,caucasian,22,1.0426967592592593,0,0,0,single
58128.0,9,-1.16,8,0,0,0,1,african-american,22,2.984710648148148,2,1,0,single
57173.0,5,-2.07,4,1,0,1,1,hispanic,22,18.966215277777778,2,0,0,single
59427.0,5,-1.93,5,0,0,0,0,caucasian,22,8.969849537037037,1,0,1,single
56724.0,7,-1.25,8,0,0,0,1,african-american,22,0.256261574074074,0,0,0,single
57380.0,4,-1.71,6,0,0,0,0,african-american,22,1.032210648148148,0,0,1,single
56420.0,8,-1.32,7,0,0,0,0,african-american,22,36.43408564814815,1,0,0,single
56246.0,6,-1.31,7,0,0,0,0,african-american,22,49.92163194444444,2,0,0,single
52767.0,3,-1.78,5,0,0,0,0,african-american,22,0.910300925925926,0,0,0,single
51025.0,7,-1.4,7,0,0,0,0,african-american,22,1.443761574074074,0,0,0,single
61937.0,3,-1.76,5,1,0,1,0,african-american,22,13.060381944444444,0,2,0,single
54670.0,4,-1.74,5,1,0,1,0,african-american,22,0.9598263888888888,1,1,1,single
54132.0,8,-0.8,9,1,0,1,0,african-american,22,0.8325578703703703,0,0,0,single
59482.0,7,-1.64,6,1,0,1,0,african-american,22,0.2055671296296296,1,0,0,single
53390.0,6,-1.36,7,0,0,0,0,hispanic,22,1.0425,0,0,0,single
57149.0,7,-1.59,6,0,0,0,1,caucasian,22,0.6433912037037037,1,0,0,single
46399.0,9,-1.0,9,1,1,1,0,african-american,22,0.7964583333333334,3,0,1,single
57342.0,5,-1.95,5,1,0,1,0,caucasian,22,1.2152777777777777,1,3,0,single
52736.0,3,-1.66,6,0,0,0,0,caucasian,22,1.2350231481481482,0,0,0,single
53400.0,8,-1.15,8,1,0,1,1,african-american,22,34.98129629629629,2,1,1,single
59278.0,5,-1.4,7,0,0,0,0,african-american,22,35.07409722222222,0,0,0,single
51087.0,10,-1.27,7,1,0,1,0,african-american,22,1.3466087962962965,3,2,1,single
57683.0,9,-0.55,10,0,0,0,0,african-american,22,0.1299652777777777,3,3,0,single
58434.0,6,-1.68,6,1,0,1,0,african-american,22,0.8180671296296296,0,0,0,single
55884.0,4,-1.81,5,1,0,1,0,caucasian,22,0.7677199074074074,1,0,0,single
59716.0,6,-1.81,5,0,0,0,0,african-american,22,0.6509953703703704,0,0,1,single
51226.0,7,-1.6,6,0,0,0,1,african-american,22,0.4379398148148148,0,0,0,single
53659.0,9,-1.01,8,0,0,0,0,african-american,22,323.1091087962963,3,1,0,single
58626.0,4,-1.75,5,1,0,1,0,african-american,22,0.1348032407407407,1,0,0,single
53327.0,4,-1.9,5,0,0,0,1,hispanic,22,0.974085648148148,1,0,0,single
56657.0,3,-1.79,5,0,0,0,0,african-american,22,0.9451273148148148,0,1,0,single
52245.0,4,-1.82,5,1,0,1,0,african-american,22,0.1878703703703703,1,0,0,single
53705.0,9,-1.44,7,1,0,1,0,african-american,22,5.233310185185185,1,0,0,significant other
55113.0,8,-0.7,9,1,0,1,1,african-american,22,0.8818171296296297,0,0,1,single
54263.0,4,-1.58,6,1,0,1,0,caucasian,22,1.159398148148148,1,2,0,single
57894.0,4,-1.91,5,0,0,0,1,african-american,22,1.3178125,0,0,1,single
44206.0,9,-0.9,9,1,1,1,0,african-american,22,38.25755787037037,1,0,0,single
60906.0,4,-1.64,6,1,0,1,0,african-american,22,1.2280902777777778,1,0,0,single
57977.0,10,-0.73,9,1,0,1,0,african-american,22,0.9238657407407408,13,1,0,single
60233.0,4,-1.99,4,0,0,0,1,african-american,22,0.0042592592592592,1,0,1,single
61481.0,7,-1.01,8,1,0,1,0,hispanic,22,10.283090277777776,0,0,0,single
59507.0,4,-1.83,5,0,0,0,0,caucasian,22,0.0522800925925925,0,0,0,single
54363.0,8,-1.06,8,1,1,0,0,african-american,22,1.1178472222222222,2,0,0,single
40666.0,9,-0.57,10,1,0,1,0,african-american,22,30.083159722222224,2,1,0,single
56343.0,8,-1.34,7,0,0,0,1,caucasian,22,17.894548611111112,1,1,1,single
41390.0,7,-1.11,8,1,0,1,0,african-american,22,178.1940972222222,2,0,0,single
53219.0,4,-1.7,6,1,0,1,0,african-american,22,1.2357407407407408,3,1,0,single
59101.0,8,-0.59,10,1,0,1,0,african-american,22,0.1698726851851852,1,1,0,single
53455.0,7,-0.61,10,0,0,0,0,caucasian,22,0.7859259259259259,0,3,1,single
54067.0,8,-0.64,9,1,0,1,0,african-american,22,5.128946759259259,0,1,0,single
56707.0,4,-1.5,6,1,0,1,0,caucasian,22,0.3040046296296296,2,0,1,single
55055.0,3,-1.82,5,0,0,0,0,caucasian,22,3.9046875,0,0,0,single
51759.0,5,-1.56,6,1,0,1,0,african-american,22,1.0888773148148148,0,0,0,single
61405.0,2,-2.03,4,1,0,1,0,hispanic,22,17.962476851851854,1,0,0,single
50938.0,5,-1.6,6,0,0,0,1,caucasian,22,2.030625,0,0,1,single
52220.0,7,-1.54,6,1,0,1,0,african-american,22,1.6107060185185185,0,0,0,single
54555.0,2,-1.86,5,0,0,0,0,hispanic,22,0.9882407407407408,0,0,1,single
43018.0,9,-0.94,9,1,1,1,0,african-american,22,260.1953472222222,4,0,0,single
62272.0,6,-1.69,6,1,1,1,0,african-american,22,0.7689583333333333,1,0,1,single
48355.0,9,-1.14,8,1,1,1,0,african-american,22,54.7166087962963,2,0,1,single
61153.0,2,-2.2,4,0,0,0,1,hispanic,22,0.620625,0,0,1,single
53150.0,6,-1.5,6,1,0,1,0,caucasian,22,0.1283101851851852,0,1,1,single
51217.0,9,-0.89,9,0,0,0,0,african-american,22,0.7541666666666667,0,0,0,single
54111.0,3,-1.82,5,1,1,1,0,african-american,22,0.5879513888888889,0,0,1,single
51404.0,5,-1.4,7,1,0,0,0,african-american,22,2.1672569444444445,0,0,1,single
53826.0,3,-1.74,5,0,0,0,0,caucasian,22,0.998449074074074,0,0,0,single
52799.0,2,-1.86,5,0,0,0,0,caucasian,22,0.8277893518518519,1,0,0,single
49164.0,9,-0.62,10,1,0,1,0,african-american,22,6.151342592592592,2,0,0,single
56619.0,4,-1.62,6,1,1,1,0,african-american,22,1.8520486111111112,2,0,0,single
57086.0,6,-1.83,5,1,0,1,0,caucasian,22,0.8411574074074074,2,0,1,single
46767.0,7,-1.6,6,1,0,1,0,caucasian,22,142.1726273148148,3,0,0,single
53447.0,5,-1.36,7,0,0,0,0,african-american,22,2.862025462962963,1,3,0,single
41633.0,9,-1.46,7,1,1,1,0,caucasian,22,1.2984606481481482,2,1,0,single
57535.0,5,-1.77,5,0,0,0,0,caucasian,22,3.7866203703703705,2,0,0,single
46276.0,3,-1.64,6,0,0,0,0,hispanic,22,0.7726388888888889,2,0,0,significant other
59863.0,3,-2.03,4,0,0,0,1,caucasian,22,0.9603703703703704,2,0,0,single
59407.0,8,-1.73,6,0,0,0,1,african-american,22,1.0904166666666666,0,0,0,single
50698.0,6,-1.66,6,1,0,1,0,african-american,22,6.259803240740741,1,0,0,single
53348.0,7,-0.64,9,1,1,1,0,african-american,22,1.049583333333333,3,0,0,single
52253.0,8,-1.61,6,0,0,0,0,african-american,22,53.88458333333333,0,0,1,single
53174.0,7,-1.52,6,1,0,1,0,african-american,22,0.9654513888888888,1,0,0,single
56615.0,3,-1.62,6,0,0,0,0,other,22,1.117962962962963,0,1,0,single
53392.0,7,-1.48,7,1,0,1,0,african-american,22,1.2800925925925926,1,0,1,single
52311.0,5,-1.7,6,1,1,0,0,caucasian,22,0.9945949074074074,0,0,0,single
56131.0,7,-1.14,8,1,0,1,0,african-american,22,1.8434953703703705,2,1,0,single
56175.0,6,-1.17,8,1,0,1,0,african-american,22,0.9144791666666666,0,0,1,single
54108.0,4,-1.7,6,0,0,0,0,african-american,22,1.8657060185185184,1,0,0,single
54592.0,8,-1.65,6,1,0,1,0,caucasian,22,1.2995717592592593,3,2,0,single
56828.0,8,-1.66,6,1,0,1,0,caucasian,22,19.95570601851852,1,1,0,single
62086.0,4,-1.75,5,1,0,1,0,other,22,2.4549421296296297,5,0,0,single
49532.0,7,-1.41,7,0,0,0,0,african-american,22,0.680625,3,1,0,single
59111.0,7,-1.56,6,0,0,0,0,african-american,22,43.6000925925926,1,0,0,single
55587.0,5,-1.76,5,1,0,1,0,caucasian,22,0.5844560185185185,1,0,0,single
59890.0,3,-1.79,5,1,0,1,0,african-american,22,0.1172106481481481,0,0,0,single
54231.0,3,-1.82,5,1,0,1,0,african-american,22,149.71947916666667,0,0,0,single
49437.0,10,-0.65,9,1,0,1,0,african-american,22,124.20371527777776,2,3,0,single
58505.0,9,-1.61,6,0,0,0,1,african-american,22,1.124988425925926,3,1,1,single
59091.0,4,-1.71,6,1,0,1,0,african-american,22,5.169675925925926,0,0,0,single
57145.0,7,-1.42,7,0,0,0,0,african-american,22,2.008796296296296,0,0,0,single
48235.0,6,-1.32,7,0,0,0,0,caucasian,22,0.8921296296296296,1,1,0,single
53434.0,3,-1.8,5,0,0,0,0,african-american,22,0.9211689814814816,0,0,0,single
51720.0,8,-1.45,7,1,0,1,0,caucasian,22,5.944201388888889,1,1,1,single
54115.0,7,-1.56,6,0,0,0,0,hispanic,22,2.0641435185185184,0,1,0,single
53024.0,4,-1.76,5,1,0,1,0,caucasian,22,9.072268518518518,0,0,1,single
51951.0,7,-1.56,6,1,0,1,1,caucasian,22,1.0194560185185184,0,0,0,single
52233.0,5,-1.84,5,1,1,1,0,hispanic,21,0.588587962962963,1,0,1,single
52771.0,4,-1.64,6,1,0,0,0,african-american,21,1.698275462962963,0,0,1,single
47312.0,10,-0.44,10,1,0,1,0,african-american,21,10.835416666666667,7,1,0,single
54248.0,7,-1.6,6,0,0,0,1,caucasian,21,65.15299768518518,1,0,1,single
52214.0,7,-1.02,8,1,0,1,0,african-american,21,0.996886574074074,1,0,0,single
60899.0,3,-1.79,5,0,0,0,0,african-american,21,13.571435185185186,0,0,0,single
58892.0,5,-1.73,6,0,0,0,0,african-american,21,15.84431712962963,1,0,1,single
52775.0,8,-1.4,7,1,0,1,1,african-american,21,1.158460648148148,0,0,0,single
57993.0,4,-1.54,6,0,0,0,0,african-american,21,1.0400578703703705,1,0,1,single
55042.0,5,-1.58,6,1,0,1,0,caucasian,21,5.043101851851852,1,0,0,single
59968.0,4,-1.71,6,0,0,0,0,caucasian,21,0.9523726851851853,1,0,0,single
55822.0,4,-1.42,7,0,0,0,0,african-american,21,0.8914004629629629,0,0,0,single
58348.0,7,-1.36,7,1,0,1,0,african-american,21,3.2459375,0,0,0,single
52293.0,9,-0.27,10,0,0,0,0,african-american,21,1.8442013888888888,1,0,0,single
60914.0,6,-1.89,5,0,0,0,0,caucasian,21,0.6423032407407407,2,0,0,single
61507.0,4,-1.81,5,0,0,0,0,caucasian,21,0.9046412037037036,1,0,0,single
57258.0,10,-0.52,10,1,1,1,0,african-american,21,0.9291087962962964,2,0,0,single
54436.0,5,-1.4,7,0,0,0,0,african-american,21,50.15943287037037,0,0,0,single
61875.0,8,-1.68,6,0,0,0,0,hispanic,21,0.8646527777777778,1,3,0,single
52329.0,10,-1.56,6,1,0,1,0,caucasian,21,1.1589467592592593,3,3,0,single
51273.0,9,-1.08,8,1,1,1,0,african-american,21,1.130150462962963,1,0,0,single
49853.0,8,-1.0,8,1,0,0,0,african-american,21,13.433506944444444,1,0,0,single
53121.0,8,-1.02,8,0,0,0,0,african-american,21,1.0863773148148148,0,0,0,single
58687.0,3,-1.84,5,1,1,1,0,caucasian,21,0.9883101851851852,1,0,0,single
52663.0,9,-1.34,7,1,0,1,0,african-american,21,1.1212731481481482,0,0,1,single
61531.0,9,-1.66,6,1,0,1,0,african-american,21,97.33149305555555,0,0,1,single
46822.0,4,-1.64,6,0,0,0,0,african-american,21,12.894641203703705,1,0,0,single
59028.0,7,-1.48,7,1,0,1,0,african-american,21,1.808530092592593,0,0,0,single
54435.0,4,-1.6,6,0,0,0,0,other,21,2.063622685185185,0,0,0,single
52646.0,9,-1.56,6,1,0,1,0,african-american,21,6.275428240740741,3,0,0,single
50920.0,4,-1.56,6,0,0,0,0,other,21,4.057893518518519,0,0,1,single
58472.0,7,-1.42,7,1,0,0,0,african-american,21,0.6741666666666667,0,0,0,single
50834.0,8,-1.58,6,0,0,0,0,caucasian,21,0.0577662037037037,1,0,0,single
62269.0,3,-1.84,5,1,1,1,0,caucasian,21,1.990868055555556,0,0,0,single
58001.0,6,-1.42,7,0,0,0,1,african-american,21,0.9475,0,0,0,single
57274.0,8,-1.74,5,1,0,1,0,caucasian,21,0.2309837962962962,0,0,0,single
52415.0,4,-1.64,6,1,0,1,0,african-american,21,0.8220949074074074,0,0,1,single
54712.0,4,-1.64,6,0,0,0,0,hispanic,21,4.189976851851852,0,0,0,single
52334.0,6,-1.42,7,0,0,0,0,african-american,21,156.77872685185184,1,0,0,single
52344.0,8,-1.06,8,0,0,0,0,african-american,21,8.351458333333333,1,0,0,single
54977.0,4,-1.52,6,1,0,1,0,african-american,21,117.65123842592592,0,0,0,single
60891.0,7,-1.71,6,0,0,0,0,african-american,21,2.230868055555556,0,0,0,single
58794.0,6,-1.52,6,0,0,0,0,caucasian,21,2.0901388888888888,2,0,0,single
59930.0,4,-1.66,6,1,0,1,0,other,21,0.1773379629629629,0,0,0,single
57942.0,8,-1.22,8,1,0,1,0,african-american,21,17.964988425925927,3,2,1,single
51481.0,7,-1.06,8,1,1,0,1,african-american,21,59.067696759259256,3,5,0,single
51836.0,5,-1.56,6,1,0,1,1,african-american,21,4.384803240740741,0,0,0,single
57073.0,5,-1.74,5,0,0,0,0,hispanic,21,1.6241319444444444,0,0,0,single
46563.0,8,-0.96,9,0,0,0,0,african-american,21,0.8516203703703704,1,0,0,single
54671.0,6,-1.32,7,1,0,1,0,caucasian,21,3.129189814814815,0,0,1,single
54166.0,9,-1.56,6,1,0,1,0,african-american,21,2.767974537037037,1,2,0,single
53779.0,5,-1.4,7,0,0,0,0,caucasian,21,0.593912037037037,0,1,1,single
59900.0,8,-1.1,8,1,0,1,1,african-american,21,0.7181944444444445,4,4,1,single
54747.0,7,-1.36,7,1,1,1,0,african-american,21,0.1947685185185185,0,0,0,significant other
59990.0,4,-1.82,5,0,0,0,1,african-american,21,1.0569328703703704,0,0,1,single
59997.0,5,-1.7,6,0,0,0,1,african-american,21,1.0579282407407409,0,0,1,single
60927.0,5,-1.73,6,0,0,0,0,african-american,21,0.181875,0,0,0,single
56989.0,8,-0.79,9,0,0,0,0,caucasian,21,12.862719907407408,1,3,0,single
53892.0,8,-1.44,7,1,0,1,0,african-american,21,1.2488541666666666,0,0,0,single
57088.0,4,-1.5,6,0,0,0,0,caucasian,21,0.7209606481481482,1,0,0,single
53217.0,7,-1.44,7,0,0,0,0,african-american,21,1.923599537037037,1,0,0,single
60910.0,5,-1.6,6,0,0,0,0,african-american,21,2.86625,0,0,0,single
55820.0,5,-1.68,6,0,0,0,0,hispanic,21,0.8860763888888888,0,0,0,single
56356.0,7,-1.12,8,0,0,0,0,caucasian,21,5.9025,3,0,1,single
52261.0,4,-1.56,6,0,0,0,0,other,21,5.901458333333333,1,0,0,single
51468.0,3,-1.53,6,1,0,0,0,caucasian,21,0.8227199074074074,1,2,1,single
56311.0,5,-1.4,7,1,0,0,0,african-american,21,36.18180555555556,1,0,0,single
60491.0,7,-1.38,7,1,0,1,0,caucasian,21,0.7461226851851852,0,0,0,single
56822.0,9,-0.7,9,1,0,1,0,african-american,21,18.184409722222224,2,0,0,single
46899.0,7,-1.36,7,0,0,0,0,african-american,21,3.255324074074074,1,0,0,single
60085.0,4,-1.62,6,1,0,1,0,african-american,21,1.363888888888889,1,0,0,single
53894.0,10,-0.85,9,1,0,1,1,african-american,21,33.01928240740741,0,0,0,single
49449.0,8,-1.16,8,0,0,0,1,african-american,21,79.74574074074074,2,0,0,single
55039.0,6,-1.68,6,1,1,1,0,other,21,0.8684722222222222,0,1,0,single
51891.0,4,-1.41,7,0,0,0,0,caucasian,21,0.7726736111111111,0,0,0,single
51636.0,5,-1.41,7,0,0,0,1,african-american,21,0.622175925925926,0,0,1,single
56218.0,4,-1.52,6,0,0,0,0,african-american,21,1.2079976851851852,0,0,1,single
53077.0,6,-1.84,5,0,0,0,0,african-american,21,29.961574074074075,1,0,0,single
53859.0,6,-1.52,6,1,0,1,0,caucasian,21,1.2763657407407407,1,0,0,single
50855.0,8,-1.2,8,1,1,0,0,african-american,21,0.610462962962963,1,1,1,single
52807.0,9,-1.6,6,1,1,1,0,african-american,21,1.0872685185185185,3,3,0,single
52168.0,10,-0.67,9,1,0,1,0,african-american,21,1.0104282407407408,0,0,0,single
52715.0,4,-1.86,5,0,0,0,0,caucasian,21,0.0980902777777777,0,0,0,single
55775.0,9,-1.44,7,1,0,1,0,african-american,21,21.122407407407408,2,1,1,single
53904.0,4,-1.56,6,1,1,1,0,hispanic,21,53.00362268518519,0,0,1,single
59484.0,4,-1.54,6,0,0,0,0,african-american,21,0.5980787037037038,0,0,0,single
51314.0,7,-1.36,7,1,0,1,0,african-american,21,1.3397222222222225,0,0,0,single
56776.0,6,-1.48,7,0,0,0,1,caucasian,21,2.9057060185185186,0,0,0,single
60428.0,3,-1.9,5,0,0,0,1,african-american,21,0.990601851851852,2,0,1,single
54104.0,4,-1.8,5,0,0,0,0,other,21,28.840671296296296,0,0,0,single
51739.0,10,-0.77,9,0,0,0,1,african-american,21,77.97393518518518,0,0,0,single
51175.0,2,-1.77,5,0,0,0,0,caucasian,21,1.1187962962962965,0,0,1,single
60635.0,8,-1.32,7,1,0,1,0,african-american,21,6.514814814814815,0,1,0,single
57669.0,10,-0.57,10,1,0,1,0,hispanic,21,0.7381712962962963,4,1,0,single
61279.0,3,-1.74,5,1,0,1,0,african-american,21,1.2751041666666667,0,0,1,single
54113.0,6,-1.5,6,1,0,1,0,other,21,3.920717592592593,1,0,0,single
56008.0,9,-1.53,6,1,1,1,0,caucasian,21,0.7471064814814815,0,0,0,single
61617.0,5,-1.98,4,0,0,0,0,caucasian,21,0.9830208333333332,1,0,0,single
41644.0,8,-0.81,9,1,1,1,0,hispanic,21,527.0855671296297,1,1,0,single
60060.0,9,-0.68,9,1,1,1,0,african-american,21,1.8251851851851848,0,0,0,single
54020.0,3,-1.76,5,0,0,0,0,caucasian,21,1.1674421296296296,1,0,0,single
65395.0,5,-1.38,7,1,0,1,0,other,21,2.0125462962962963,0,0,0,single
52891.0,3,-1.57,6,0,0,0,0,caucasian,21,1.2571643518518518,1,0,0,single
55817.0,5,-1.64,6,1,0,1,1,african-american,21,0.9114236111111113,0,0,0,single
57083.0,4,-1.6,6,1,0,1,0,african-american,21,1.0211574074074077,1,0,0,single
60238.0,6,-1.58,6,1,0,1,0,african-american,21,2.193865740740741,1,0,0,single
58070.0,4,-1.62,6,1,0,1,0,other,21,0.7960648148148148,1,0,0,single
53424.0,4,-1.64,6,1,0,1,0,african-american,21,1.3147916666666666,0,0,0,single
56855.0,6,-1.7,6,1,1,1,0,african-american,21,1.5874652777777778,1,0,0,single
55336.0,10,-1.25,8,1,0,1,1,african-american,21,1.0202083333333334,2,0,0,single
55493.0,6,-1.56,6,0,0,0,0,african-american,21,1.1479166666666667,0,0,0,single
60366.0,3,-1.66,6,0,0,0,0,hispanic,21,0.9948842592592592,0,0,1,single
54237.0,5,-1.6,6,0,0,0,1,african-american,21,0.6890393518518518,0,0,0,single
60147.0,9,-0.83,9,1,0,1,0,caucasian,21,0.8546643518518519,0,0,0,single
56672.0,10,-1.53,6,1,0,1,0,african-american,21,86.07375,2,0,0,single
51370.0,6,-0.67,9,1,0,1,0,african-american,21,3.9342939814814817,0,0,0,single
60715.0,3,-1.82,5,0,0,0,0,african-american,21,1.1933796296296295,0,0,0,single
49739.0,8,-1.64,6,0,0,0,0,african-american,21,60.80098379629629,4,0,0,single
59640.0,4,-1.38,7,1,1,1,0,caucasian,21,0.6116087962962963,1,0,1,single
60011.0,3,-1.74,5,0,0,0,0,african-american,21,1.1638541666666666,0,0,1,single
53800.0,8,-0.93,9,0,0,0,0,african-american,21,2.109537037037037,0,0,0,significant other
52407.0,6,-1.25,8,0,0,0,1,caucasian,21,0.1712152777777777,0,2,0,significant other
57202.0,3,-1.8,5,0,0,0,0,african-american,21,22.38513888888889,1,0,0,single
61266.0,4,-1.58,6,0,0,0,0,african-american,21,45.004189814814815,0,0,1,single
55828.0,9,-0.89,9,1,1,1,0,african-american,21,394.9834837962963,1,0,0,single
50850.0,6,-1.29,7,0,0,0,1,african-american,21,0.8731597222222223,0,0,1,significant other
61633.0,7,-1.09,8,0,0,0,0,african-american,21,3.076712962962963,0,0,0,single
61786.0,9,-1.24,8,1,0,1,0,african-american,21,0.8474652777777778,1,0,0,single
55066.0,5,-1.6,6,0,0,0,1,caucasian,21,0.8094560185185186,0,0,0,single
55073.0,6,-1.6,6,0,0,0,0,african-american,21,7.997337962962963,1,0,0,single
57688.0,4,-1.6,6,0,0,0,0,african-american,21,1.0709606481481482,0,0,0,single
56888.0,4,-1.76,5,0,0,0,1,other,21,0.973148148148148,0,0,1,single
50997.0,8,-1.18,8,0,0,0,0,african-american,21,1.6407523148148149,0,0,0,single
59272.0,6,-1.1,8,0,0,0,0,caucasian,21,0.6820138888888889,1,1,1,single
59819.0,8,-1.32,7,1,1,1,0,african-american,21,34.43549768518518,0,0,0,single
52999.0,9,-0.81,9,1,0,1,0,african-american,21,0.7985300925925926,0,1,0,single
53199.0,4,-1.69,6,1,0,1,1,other,21,26.282175925925927,2,0,0,single
65326.0,8,-1.76,9,1,0,1,0,african-american,21,0.9523958333333332,0,1,0,single
58183.0,7,-1.02,8,1,0,1,0,african-american,21,20.90822916666667,1,0,0,single
53225.0,8,-1.32,7,1,1,1,0,caucasian,21,7.1720601851851855,0,0,0,single
50037.0,10,-0.73,9,1,0,1,0,african-american,21,140.095625,2,3,0,single
52304.0,10,-0.64,9,1,1,1,0,african-american,21,1.0454398148148147,0,0,0,single
58236.0,9,-1.53,6,0,0,0,1,african-american,21,1.0335300925925923,2,1,0,single
51212.0,7,-1.31,7,0,0,0,0,african-american,21,0.8952893518518519,0,0,0,single
54339.0,6,-0.96,9,0,0,0,0,caucasian,21,26.89587962962963,1,0,0,single
60712.0,7,-1.56,6,1,0,1,0,african-american,21,9.857337962962964,3,0,0,single
56527.0,9,-0.79,9,0,0,0,0,african-american,21,1.029201388888889,0,0,1,single
52242.0,10,-1.14,8,1,0,0,0,caucasian,21,27.10670138888889,2,4,1,significant other
52341.0,7,-1.43,7,1,0,1,0,african-american,21,1.1572569444444445,0,0,0,single
59985.0,5,-1.54,6,1,0,1,1,caucasian,21,2.022928240740741,0,0,1,single
60063.0,3,-1.78,5,0,0,0,0,caucasian,21,0.8502662037037036,0,1,1,single
60796.0,4,-1.6,6,1,0,1,0,african-american,21,5.191643518518519,1,2,0,single
59027.0,3,-1.62,6,1,0,1,0,african-american,21,1.9031944444444444,0,0,0,single
54522.0,4,-1.61,6,1,0,1,1,hispanic,21,1.041076388888889,0,1,1,single
52995.0,10,-0.72,9,1,1,1,0,african-american,21,6.998171296296296,0,3,0,single
58678.0,7,-1.76,5,0,0,0,1,caucasian,21,2.166481481481481,0,0,0,single
58121.0,9,-1.14,8,1,1,1,0,african-american,21,456.04452546296295,1,1,0,single
62017.0,5,-1.5,6,0,0,0,1,african-american,21,0.9810185185185184,0,0,1,single
56125.0,6,-1.68,6,1,1,1,0,african-american,21,63.074756944444445,3,0,0,single
54220.0,3,-1.53,6,1,0,1,0,caucasian,21,0.848125,1,1,0,single
53806.0,9,-1.16,8,1,0,1,0,african-american,21,0.1308680555555555,0,0,1,single
62186.0,8,-1.36,7,0,0,0,0,african-american,21,2.128877314814815,1,1,0,single
50428.0,6,-1.32,7,1,0,1,0,caucasian,21,48.89332175925926,1,1,0,single
55105.0,4,-1.48,7,1,0,1,0,caucasian,21,0.9439004629629628,0,0,1,single
57452.0,8,-1.44,7,0,0,0,0,african-american,21,1.0619097222222222,1,1,0,single
62226.0,5,-1.4,8,1,1,1,0,african-american,21,11.171550925925926,1,0,0,single
56722.0,6,-0.97,9,1,0,1,0,hispanic,21,0.9927430555555556,0,0,0,single
61516.0,8,-1.08,8,1,0,1,0,african-american,21,35.9750925925926,2,0,1,single
52647.0,3,-1.61,6,0,0,0,0,caucasian,21,0.999675925925926,1,0,0,single
58424.0,4,-1.64,6,1,0,1,0,hispanic,21,0.2424884259259259,0,0,0,single
53851.0,10,-0.65,9,1,0,1,0,african-american,21,86.06001157407407,1,0,0,single
56521.0,5,-1.36,7,1,1,1,0,african-american,21,42.09810185185185,0,0,0,single
54021.0,9,-0.63,9,1,0,1,0,african-american,21,3.110231481481481,1,0,0,single
54307.0,9,-0.86,9,0,0,0,1,african-american,21,4.050358796296297,1,0,0,single
58425.0,7,-1.5,6,0,0,0,0,hispanic,21,0.2411111111111111,0,0,0,single
54768.0,9,-0.42,10,0,0,0,0,african-american,21,5.024131944444444,0,0,0,single
53288.0,7,-1.49,7,0,0,0,0,caucasian,21,1.016736111111111,0,0,1,single
53221.0,9,-0.68,9,0,0,0,0,african-american,21,2.026238425925926,0,1,0,single
53440.0,4,-1.37,7,1,0,1,0,african-american,21,1.1749537037037037,1,1,1,single
58870.0,7,-1.54,6,1,0,1,0,african-american,21,4.308784722222223,3,0,0,single
59971.0,10,-0.61,10,1,0,1,0,african-american,21,1.990162037037037,1,3,0,single
52622.0,5,-1.42,7,0,0,0,0,caucasian,21,0.4238078703703704,0,0,0,single
52371.0,10,-0.37,10,1,0,1,0,african-american,21,0.9173726851851852,1,0,0,single
51497.0,6,-1.67,6,1,1,1,1,african-american,21,0.9946064814814816,1,1,0,single
56278.0,4,-1.6,6,0,0,0,0,african-american,21,34.32001157407407,2,0,0,single
52278.0,9,-1.16,8,1,0,1,0,african-american,21,7.051122685185185,0,0,0,single
52132.0,9,-0.56,10,1,0,1,0,african-american,21,1.819953703703704,0,0,0,single
53019.0,3,-1.65,6,1,0,1,0,hispanic,21,0.8688888888888889,0,0,0,single
61793.0,2,-1.9,5,1,0,1,0,african-american,21,1.0048032407407408,0,0,1,single
61723.0,4,-1.8,5,0,0,0,0,caucasian,21,0.9848842592592592,1,0,0,single
52301.0,3,-1.53,6,0,0,0,0,hispanic,21,0.9000694444444445,0,0,0,single
56991.0,6,-1.44,7,1,0,1,0,other,21,1.0916782407407408,0,1,1,single
59740.0,7,-1.68,6,1,1,1,0,caucasian,21,33.06268518518519,4,1,1,single
53458.0,5,-1.25,8,0,0,0,0,african-american,21,3.0035416666666666,0,0,1,single
57367.0,8,-0.99,9,1,0,0,1,caucasian,21,0.1754166666666666,1,0,0,single
55727.0,3,-1.4,7,1,0,1,0,african-american,21,0.8296064814814815,0,1,0,single
53449.0,3,-1.49,7,1,1,1,0,other,21,1.1607060185185183,0,0,0,single
60270.0,4,-1.58,6,0,0,0,0,caucasian,21,1.1096296296296295,0,0,1,single
51594.0,3,-1.61,6,0,0,0,0,caucasian,21,0.1184837962962963,0,0,0,single
58305.0,6,-1.09,8,0,0,0,0,african-american,21,21.65997685185185,2,2,0,single
58992.0,9,-1.02,8,1,0,1,0,african-american,21,242.2478703703704,1,1,0,single
61636.0,5,-1.42,7,0,0,0,0,african-american,21,1.2820949074074075,1,0,1,single
57117.0,10,-0.98,9,1,0,1,0,african-american,21,35.005069444444445,0,1,1,single
54361.0,5,-1.49,7,0,0,0,1,caucasian,21,0.8424421296296296,0,0,1,single
55090.0,9,-0.57,10,1,0,1,0,hispanic,21,0.6795717592592593,0,2,0,single
54215.0,10,-1.18,8,0,0,0,0,hispanic,21,7.068506944444445,0,0,0,single
52529.0,7,-1.04,8,1,0,1,0,african-american,21,117.93511574074074,4,4,0,single
60419.0,10,-0.76,9,0,0,0,0,african-american,21,293.904537037037,2,1,0,single
56129.0,5,-1.64,6,1,0,0,0,hispanic,21,22.067256944444445,3,1,0,single
52617.0,6,-1.22,8,0,0,0,0,other,21,1.8964467592592595,0,0,0,single
59670.0,2,-1.96,5,0,0,0,0,african-american,21,0.7698032407407407,1,0,0,single
54208.0,6,-1.26,7,1,0,0,1,african-american,21,12.360358796296296,2,1,0,single
51706.0,9,-1.2,8,1,0,0,0,african-american,21,1.0024189814814817,1,1,0,single
51678.0,9,-0.65,9,1,1,1,0,caucasian,21,8.59462962962963,2,4,1,single
62244.0,4,-1.54,6,0,0,0,0,african-american,21,0.7644675925925926,0,0,0,single
51714.0,6,-1.5,6,0,0,0,0,other,21,5.133958333333333,0,0,0,single
55425.0,3,-1.53,6,1,0,0,0,african-american,21,0.2326388888888889,1,1,0,single
59824.0,4,-1.3,7,0,0,0,0,caucasian,21,11.025717592592592,1,0,0,single
52230.0,5,-1.21,8,1,0,0,0,african-american,21,46.9841087962963,0,0,0,single
59639.0,5,-0.91,9,0,0,0,0,hispanic,21,0.909525462962963,1,0,0,single
61544.0,3,-1.78,5,0,0,0,0,african-american,21,0.7006597222222222,0,1,0,single
66976.0,5,-1.24,5,1,1,1,0,hispanic,21,1.0685995370370371,2,1,0,single
61862.0,4,-1.22,8,0,0,0,0,african-american,21,2.2893171296296297,0,0,0,single
59231.0,9,-1.36,7,0,0,0,0,african-american,21,1.084976851851852,2,1,0,single
53180.0,7,-1.16,8,1,0,1,0,caucasian,21,36.81589120370371,1,2,0,single
54230.0,8,-1.28,7,1,0,1,1,african-american,21,1.177488425925926,0,0,0,single
54770.0,6,-1.32,7,0,0,0,0,other,21,0.9801736111111112,0,0,1,single
60309.0,8,-0.96,9,1,1,1,0,caucasian,21,9.065162037037036,0,0,1,significant other
57242.0,10,-1.35,7,1,0,1,0,african-american,21,1.002662037037037,2,4,0,single
60829.0,6,-1.56,6,0,0,0,1,caucasian,21,1.855925925925926,1,0,0,single
56916.0,9,-1.12,8,0,0,0,0,hispanic,21,1.8492824074074077,1,2,0,single
60883.0,6,-1.56,6,1,0,1,0,african-american,21,7.592638888888889,2,1,0,single
60425.0,7,-1.2,8,1,0,1,0,african-american,21,28.85369212962963,2,0,0,single
54836.0,7,-1.3,7,1,1,1,1,caucasian,21,1.0025925925925927,3,4,1,single
58728.0,4,-1.48,7,1,0,1,0,african-american,21,4.222696759259259,0,0,0,single
58285.0,9,-0.7,9,1,1,1,0,caucasian,21,0.2889814814814815,2,9,0,single
59187.0,8,-1.32,7,0,0,0,0,african-american,21,108.53386574074074,1,0,0,single
61821.0,5,-1.74,5,1,0,1,1,caucasian,21,1.3659837962962964,0,1,1,single
56995.0,9,-1.37,8,1,1,1,0,african-american,21,47.9979050925926,2,2,1,single
52776.0,10,-0.19,10,1,0,1,0,african-american,21,1.820474537037037,1,1,0,single
59440.0,6,-1.5,6,0,0,0,0,african-american,21,0.0205439814814814,0,0,1,single
54772.0,5,-1.29,7,0,0,0,0,african-american,21,1.727835648148148,0,0,0,single
62064.0,9,-1.25,8,0,0,0,0,caucasian,21,0.5349189814814815,0,0,0,single
53215.0,9,-0.72,9,1,0,1,0,african-american,21,1.823055555555556,0,0,0,single
56824.0,9,-0.96,9,0,0,0,0,african-american,21,36.17362268518519,2,2,0,single
54690.0,8,-0.38,10,1,1,1,0,caucasian,21,4.139594907407408,0,0,0,single
61249.0,8,-0.77,9,1,0,1,0,african-american,21,8.951724537037038,0,0,0,single
61284.0,10,-1.37,7,0,0,0,0,african-american,21,0.8871296296296296,0,0,1,single
59173.0,4,-1.88,5,0,0,0,1,caucasian,21,1.1536111111111111,0,0,0,single
53184.0,5,-1.37,7,0,0,0,0,african-american,21,0.8833333333333333,1,1,0,single
54131.0,8,-1.47,7,1,0,1,1,african-american,21,1.7946064814814815,0,0,0,single
58665.0,7,-1.5,6,1,1,1,0,african-american,21,0.977175925925926,1,0,1,single
57467.0,8,-1.52,6,1,1,1,0,hispanic,21,55.02481481481482,1,1,0,significant other
59622.0,5,-1.46,7,0,0,0,0,african-american,21,0.8983449074074074,0,0,0,single
54798.0,5,-1.54,6,1,1,1,0,african-american,21,0.2311342592592592,3,2,0,single
54068.0,10,-0.38,10,1,0,1,0,african-american,21,0.8723611111111111,3,5,0,single
59320.0,6,-1.26,7,1,0,1,0,african-american,21,0.3351736111111111,0,0,0,single
58444.0,3,-1.72,6,0,0,0,0,hispanic,21,0.1888541666666666,0,0,1,single
59067.0,5,-1.72,6,1,0,1,0,hispanic,21,1.974351851851852,1,1,0,single
54783.0,4,-1.45,7,1,0,1,0,caucasian,21,0.9905439814814816,0,0,1,single
56731.0,6,-1.04,8,0,0,0,1,african-american,21,1.0214814814814814,0,0,0,single
61428.0,5,-1.08,8,1,1,1,0,other,21,6.324583333333333,0,0,0,single
58286.0,9,-1.62,6,1,0,1,0,african-american,21,219.92160879629628,4,0,0,single
58576.0,4,-1.68,6,1,0,1,0,other,21,0.9736921296296296,0,0,0,single
60537.0,6,-1.52,6,1,0,1,0,hispanic,21,0.2563541666666666,0,0,0,single
60753.0,7,-0.85,9,0,0,0,0,african-american,21,0.7471643518518518,1,3,0,single
56834.0,3,-1.53,6,0,0,0,0,african-american,21,2.197800925925926,1,0,0,single
61336.0,8,-1.5,6,0,0,0,0,african-american,20,2.771122685185185,0,0,0,single
57269.0,10,-0.63,9,1,1,1,0,caucasian,20,0.8710648148148148,0,0,1,single
56513.0,4,-1.41,7,0,0,0,0,caucasian,20,0.5928587962962963,0,0,0,single
55514.0,3,-1.39,7,1,1,1,0,african-american,20,15.923414351851852,1,1,0,single
65392.0,9,-0.82,10,1,0,1,0,caucasian,20,15.617881944444443,1,1,0,single
59951.0,3,-1.72,6,0,0,0,0,african-american,20,1.8578935185185184,0,0,0,single
54465.0,10,-1.22,8,1,0,1,0,african-american,20,5.163425925925926,1,2,0,single
56021.0,8,-1.41,7,1,0,1,0,caucasian,20,1.0685648148148148,1,3,0,single
56772.0,5,-0.88,9,1,0,1,0,caucasian,20,1.2527893518518518,0,0,0,single
56200.0,10,-0.67,9,1,0,1,0,caucasian,20,0.8751388888888889,0,0,1,single
57806.0,5,-1.21,8,1,1,1,0,other,20,1.1007175925925925,0,0,0,single
61185.0,4,-1.6,6,0,0,0,0,caucasian,20,0.9674768518518518,1,0,0,single
62304.0,3,-1.92,5,0,0,0,0,african-american,20,1.275914351851852,1,0,0,single
58388.0,8,-1.44,7,1,0,1,0,african-american,20,33.14962962962963,2,0,0,single
57268.0,6,-0.92,9,1,0,1,0,caucasian,20,1.0876504629629629,0,1,0,single
58677.0,10,-1.22,8,1,1,1,0,other,20,1.0469444444444445,8,9,0,single
57511.0,4,-1.57,6,0,0,0,1,caucasian,20,36.78634259259259,1,0,0,single
58825.0,4,-1.37,7,1,1,1,0,african-american,20,1.3007060185185184,1,0,1,single
58355.0,4,-1.45,7,1,0,1,0,african-american,20,1.2251851851851852,1,1,0,single
60955.0,3,-1.72,6,0,0,0,0,african-american,20,0.8334259259259259,0,0,0,single
61628.0,4,-1.72,6,0,0,0,1,other,20,1.003738425925926,1,0,1,significant other
59541.0,3,-1.84,5,0,0,0,0,african-american,20,0.7721064814814815,0,0,0,single
58729.0,7,-1.46,7,1,0,1,1,african-american,20,4.912604166666667,0,0,1,single
61079.0,10,-1.04,8,1,0,1,0,hispanic,20,0.8171180555555555,1,0,0,single
60568.0,4,-1.64,6,1,0,1,0,african-american,20,0.4472453703703704,0,0,0,single
56330.0,7,-0.96,9,1,1,1,0,african-american,20,0.5783912037037037,0,0,0,single
60896.0,6,-1.6,6,0,0,0,0,african-american,20,0.935601851851852,0,0,0,single
56229.0,10,-0.42,10,0,0,0,0,caucasian,20,0.907199074074074,4,4,0,single
56207.0,3,-1.53,6,0,0,0,0,african-american,20,3.903055555555556,0,0,0,single
56589.0,8,-0.61,10,1,1,1,0,african-american,20,0.188287037037037,1,1,0,single
60243.0,2,-1.92,5,1,0,1,0,caucasian,20,1.6358796296296296,1,2,0,single
59201.0,4,-1.65,6,0,0,0,1,caucasian,20,0.1700578703703703,0,0,0,single
62271.0,10,-1.06,8,1,1,1,1,caucasian,20,0.7673726851851852,3,3,1,single
57116.0,5,-1.49,7,0,0,0,1,african-american,20,0.9868171296296296,0,0,1,single
58242.0,9,-0.76,9,0,0,0,0,african-american,20,0.8721180555555555,0,0,0,single
57769.0,4,-1.41,7,1,1,0,0,african-american,20,1.0952777777777778,0,0,1,single
60347.0,2,-2.0,4,1,0,1,0,other,20,1.026585648148148,3,3,1,single
59535.0,5,-1.49,7,1,0,1,1,other,20,10.895277777777778,0,0,1,single
60304.0,5,-1.52,6,1,0,1,0,african-american,20,1.8444560185185184,0,0,0,single
59424.0,10,-1.32,7,1,1,1,0,african-american,20,376.09421296296296,4,3,0,single
60711.0,3,-1.84,5,1,0,1,0,caucasian,20,0.827662037037037,0,3,0,single
57529.0,8,-1.06,8,1,0,1,0,hispanic,20,31.31724537037037,2,3,0,single
56342.0,7,-1.06,8,1,0,1,0,african-american,20,0.9072685185185184,0,0,0,single
59485.0,6,-1.25,8,0,0,0,1,african-american,20,0.1592361111111111,0,0,0,single
59266.0,5,-1.04,8,1,0,1,0,african-american,20,0.2554629629629629,1,3,1,single
58146.0,8,-1.41,7,1,1,1,0,african-american,20,1.1250925925925923,1,0,0,single
56482.0,4,-1.37,7,1,0,1,0,other,20,11.844270833333333,0,0,1,single
61936.0,3,-1.8,5,0,0,0,0,hispanic,20,0.635787037037037,0,2,0,single
58118.0,2,-1.69,6,0,0,0,0,african-american,20,2.150289351851852,1,2,0,single
58859.0,4,-1.37,7,0,0,0,0,african-american,20,0.9108101851851852,0,1,0,single
57680.0,4,-1.45,7,0,0,0,0,other,20,0.7165277777777778,0,0,0,single
49070.0,3,-1.56,6,1,1,1,0,african-american,20,37.99126157407407,1,1,0,single
61157.0,4,-1.72,6,0,0,0,1,african-american,20,1.196238425925926,0,0,0,single
59995.0,3,-1.53,6,1,0,1,0,african-american,20,1.0852546296296297,0,0,1,single
57798.0,5,-1.53,6,0,0,0,1,caucasian,20,0.9186458333333334,1,0,0,single
60827.0,4,-1.72,6,0,0,0,0,african-american,20,0.5577199074074074,1,0,1,single
61790.0,10,-0.36,10,1,0,1,0,caucasian,20,6.8271296296296295,0,0,0,single
58350.0,4,-1.41,7,0,0,0,0,caucasian,20,1.1693402777777775,0,5,1,single
57583.0,5,-1.34,7,1,0,1,0,african-american,20,1.1441087962962964,2,4,0,single
59276.0,4,-1.37,7,1,0,1,0,african-american,20,1.2519791666666666,0,0,1,single
57172.0,3,-1.61,6,0,0,0,0,caucasian,20,0.6368402777777777,0,0,0,single
60094.0,7,-1.12,8,1,1,1,1,african-american,20,1.0433333333333332,0,1,1,single
62005.0,4,-1.64,6,1,0,1,0,hispanic,20,23.053194444444443,0,0,1,single
60117.0,6,-1.33,7,1,0,1,1,african-american,20,1.0555092592592592,1,0,0,single
58251.0,5,-1.6,6,0,0,0,0,other,20,0.8936805555555556,0,0,1,significant other
58439.0,3,-1.53,6,0,0,0,0,african-american,20,0.1311226851851852,0,0,0,single
62303.0,9,-1.18,8,0,0,0,0,african-american,20,83.34123842592592,1,0,0,single
61870.0,4,-1.68,6,0,0,0,0,caucasian,20,1.3051736111111112,0,0,0,single
57742.0,10,-1.23,8,1,0,1,0,african-american,20,129.12615740740742,2,1,0,single
59529.0,10,-0.56,10,1,0,1,0,caucasian,20,13.010532407407409,1,2,0,single
57618.0,5,-1.25,8,1,0,1,0,african-american,20,4.748773148148148,1,2,0,single
59581.0,8,-0.89,9,1,0,1,0,hispanic,20,21.06949074074074,2,2,0,single
59138.0,10,-0.61,10,0,0,0,1,african-american,20,2.770451388888889,1,1,0,single
58995.0,6,-1.59,6,1,0,1,1,african-american,20,2.220868055555556,0,0,0,single
59367.0,9,-1.3,7,1,0,1,0,african-american,20,0.968449074074074,2,1,0,single
61907.0,4,-1.41,7,0,0,0,0,caucasian,20,1.079988425925926,0,2,0,single
60015.0,3,-1.69,6,0,0,0,0,caucasian,20,0.1456018518518518,0,0,1,single
60908.0,8,-1.37,7,1,0,1,0,african-american,20,2.1407060185185185,2,3,0,single
58930.0,4,-1.37,7,1,0,1,0,caucasian,20,1.5638773148148148,0,0,0,single
68249.0,8,-1.46,8,1,0,1,0,african-american,20,217.96773148148148,1,1,0,single
58960.0,7,-1.22,8,0,0,0,1,caucasian,20,0.5938310185185185,0,0,0,single
59088.0,10,-0.24,10,1,1,1,0,african-american,20,2.0438194444444444,1,0,0,single
58292.0,9,-0.81,9,1,0,1,0,african-american,20,1.7398726851851851,4,4,0,single
57900.0,6,-1.25,8,0,0,0,0,african-american,20,0.3152314814814815,0,0,0,single
60878.0,5,-1.37,7,1,1,1,0,african-american,20,0.9979513888888888,0,0,0,single
59086.0,8,-1.0,8,0,0,0,0,african-american,20,30.08395833333333,0,0,0,single
61112.0,10,-0.76,9,1,0,1,0,other,20,35.99050925925926,1,0,0,single
58997.0,4,-1.41,7,1,1,0,0,african-american,20,1.1149537037037036,0,2,0,single
59380.0,4,-1.61,6,1,0,1,1,african-american,20,0.0041435185185185,0,0,1,single
60328.0,9,-1.13,8,1,0,1,0,african-american,20,209.90265046296292,0,0,0,single
59974.0,7,-1.51,6,1,0,1,0,caucasian,20,1.123877314814815,0,0,0,single
59450.0,2,-1.73,6,0,0,0,0,caucasian,20,1.0433564814814815,0,2,0,single
60078.0,8,-1.53,6,1,0,1,1,caucasian,20,17.17775462962963,1,0,0,single
60330.0,3,-1.53,6,0,0,0,0,african-american,20,11.099837962962964,0,0,0,single
60898.0,4,-1.53,6,0,0,0,1,african-american,20,0.946886574074074,0,0,0,single
60039.0,4,-1.33,7,0,0,0,0,caucasian,20,0.2943402777777777,0,2,0,single
61542.0,5,-1.37,7,0,0,0,1,other,20,1.2403125,0,0,1,single
61978.0,5,-1.41,7,0,0,0,1,african-american,20,0.9215162037037036,0,0,0,single
52914.0,4,-1.33,7,0,0,0,1,other,20,2.953657407407408,1,1,0,single
60991.0,5,-1.41,7,0,0,0,1,african-american,20,0.9863078703703704,0,0,0,single
61011.0,6,-1.13,8,0,0,0,0,african-american,20,2.7377083333333334,1,1,0,single
52906.0,8,-0.59,10,1,0,1,0,african-american,20,56.36351851851852,2,2,0,single
58396.0,4,-1.35,7,1,0,1,0,african-american,20,64.92726851851852,9,9,0,single
60859.0,4,-1.41,7,0,0,0,0,caucasian,20,3.6856597222222223,0,0,1,single
60705.0,6,-0.73,9,1,0,1,0,other,20,0.945648148148148,0,0,1,single
60722.0,3,-1.73,6,1,1,0,1,caucasian,20,0.6208217592592593,0,0,0,single
62328.0,6,-1.43,7,1,1,1,0,caucasian,20,8.320347222222223,0,1,0,single
61437.0,10,-0.51,10,1,0,1,0,african-american,20,187.0514814814815,1,1,0,single
61722.0,10,-1.25,8,1,0,1,0,african-american,20,1.0015393518518518,1,2,0,single
61575.0,8,-1.38,7,1,0,1,0,african-american,20,0.9339120370370372,0,0,0,single
62208.0,8,-1.31,7,0,0,0,1,african-american,20,0.1367013888888889,0,0,0,single
60500.0,8,-0.4,10,1,0,1,0,hispanic,20,0.947662037037037,1,1,0,single
61911.0,4,-1.56,6,1,0,1,0,african-american,20,0.6610648148148148,1,1,0,single
59646.0,7,-0.82,9,1,0,1,0,caucasian,20,40.15033564814815,1,1,0,single
62298.0,10,-0.41,10,1,1,1,0,african-american,20,11.961608796296296,0,0,1,single
59613.0,10,-0.21,10,1,0,1,0,african-american,20,60.118125,6,7,0,single
60800.0,3,-1.59,6,0,0,0,0,african-american,20,0.9119560185185184,1,1,0,single
50984.0,6,-1.23,8,1,1,1,1,caucasian,19,1.247962962962963,1,2,1,single
57487.0,9,-0.25,10,1,1,0,0,hispanic,19,4.979201388888889,1,1,0,single
59598.0,9,-0.75,9,1,0,1,0,african-american,19,43.20445601851852,2,3,0,single
60648.0,10,-0.4,10,1,0,1,0,african-american,19,0.0937037037037037,1,1,0,single
59243.0,10,-0.92,9,1,1,1,0,african-american,19,199.82774305555557,3,3,0,single
60961.0,10,0.38,10,1,1,1,0,african-american,19,35.81018518518518,1,2,0,single
59008.0,8,-0.86,9,1,0,1,0,african-american,19,14.738460648148148,2,3,0,single
