sex,race,age,age_cat,decile_score,v_decile_score,is_recid,is_violent_recid,score_text,screening_date,two_year_recid,priors_count,c_charge_degree,start,end,event,juv_fel_count,juv_misd_count,juv_other_count,juv_priors_count
male,other,69,greater than 45,1,1,0,0,low,2013-08-14,0,0,felony,0,327,0,0,0,0,0
male,african-american,34,25 - 45,3,1,1,1,low,2013-01-27,1,0,felony,9,159,1,0,0,0,0
male,african-american,24,less than 25,4,3,1,0,low,2013-04-14,1,4,felony,0,63,0,0,0,1,1
male,african-american,23,less than 25,8,6,0,0,high,2013-01-13,0,1,felony,0,1174,0,0,1,0,1
male,other,43,25 - 45,1,1,0,0,low,2013-03-26,0,2,felony,0,1102,0,0,0,0,0
male,other,44,25 - 45,1,1,0,0,low,2013-11-30,0,0,misdemeanor,1,853,0,0,0,0,0
male,caucasian,41,25 - 45,6,2,1,0,medium,2014-02-19,1,14,felony,5,40,1,0,0,0,0
male,other,43,25 - 45,4,3,0,0,low,2013-08-30,0,3,felony,0,265,0,0,0,0,0
female,caucasian,39,25 - 45,1,1,0,0,low,2014-03-16,0,0,misdemeanor,2,747,0,0,0,0,0
male,caucasian,21,less than 25,3,5,1,1,low,2013-11-04,1,1,felony,0,428,1,0,0,0,0
male,caucasian,27,25 - 45,4,4,0,0,low,2013-11-26,0,0,felony,0,857,0,0,0,0,0
male,african-american,23,less than 25,6,4,1,0,medium,2013-10-03,1,3,misdemeanor,4,128,1,0,0,0,0
female,caucasian,37,25 - 45,1,1,0,0,low,2013-01-01,0,0,misdemeanor,1,1186,0,0,0,0,0
male,african-american,41,25 - 45,4,2,0,0,low,2013-10-09,0,0,felony,0,905,0,0,0,0,0
female,caucasian,47,greater than 45,1,1,1,0,low,2013-10-30,1,1,felony,0,216,1,0,0,0,0
male,hispanic,37,25 - 45,1,1,0,0,low,2014-03-24,0,0,misdemeanor,0,739,0,0,0,0,0
male,african-american,25,25 - 45,10,9,0,0,high,2013-12-22,0,3,felony,0,463,0,0,0,0,0
male,caucasian,31,25 - 45,5,4,1,1,medium,2013-11-17,1,6,felony,0,241,1,0,0,0,0
male,african-american,21,less than 25,9,9,1,0,high,2013-04-18,1,1,felony,2,30,1,0,0,0,0
female,caucasian,21,less than 25,4,5,0,0,low,2013-11-22,0,0,felony,0,861,0,0,0,0,0
male,hispanic,24,less than 25,4,5,1,0,low,2013-02-08,1,1,felony,1,411,1,0,0,0,0
male,caucasian,43,25 - 45,1,2,0,0,low,2013-01-25,0,1,misdemeanor,0,1162,0,0,0,0,0
male,other,32,25 - 45,3,4,0,0,low,2013-05-11,0,0,misdemeanor,1,1056,0,0,0,0,0
male,african-american,27,25 - 45,3,3,1,1,low,2013-05-06,1,8,felony,16,116,0,0,0,0,0
female,caucasian,36,25 - 45,3,1,0,0,low,2013-03-18,0,3,felony,0,53,0,0,0,0,0
male,african-american,26,25 - 45,7,7,1,0,medium,2013-02-20,1,5,felony,0,391,0,0,0,1,1
male,caucasian,30,25 - 45,9,10,1,0,high,2013-01-28,1,9,felony,44,162,1,0,0,0,0
male,caucasian,55,greater than 45,1,1,0,0,low,2013-12-30,0,0,felony,1,823,0,0,0,0,0
male,other,49,greater than 45,3,2,1,0,low,2013-04-04,1,7,felony,3,502,0,0,0,0,0
male,caucasian,26,25 - 45,8,8,0,0,high,2013-04-09,0,6,misdemeanor,0,81,0,0,0,2,2
female,caucasian,33,25 - 45,5,2,1,0,medium,2013-12-03,1,4,misdemeanor,10,223,1,0,0,0,0
male,caucasian,24,less than 25,2,3,1,0,low,2013-09-15,1,1,misdemeanor,1,240,1,0,0,0,0
male,african-american,34,25 - 45,9,6,1,0,high,2013-01-11,1,21,felony,33,514,1,2,1,3,6
male,caucasian,29,25 - 45,2,2,0,0,low,2013-01-16,0,0,misdemeanor,0,1171,0,0,0,0,0
female,african-american,21,less than 25,8,8,0,0,high,2013-08-24,0,2,felony,79,524,0,0,0,0,0
male,african-american,51,greater than 45,1,1,0,0,low,2013-02-28,0,2,misdemeanor,0,1128,0,0,0,0,0
female,african-american,51,greater than 45,2,2,0,0,low,2013-02-14,0,7,felony,1,529,0,0,0,0,0
male,african-american,29,25 - 45,7,2,1,0,medium,2014-03-03,1,0,felony,0,61,1,0,0,0,0
male,caucasian,25,25 - 45,10,9,1,1,high,2014-03-28,1,9,misdemeanor,6,8,1,0,0,0,0
male,caucasian,49,greater than 45,1,1,0,0,low,2013-08-02,0,0,misdemeanor,0,973,0,0,0,0,0
male,african-american,29,25 - 45,4,3,0,0,low,2013-04-24,0,0,felony,0,1073,0,0,0,0,0
male,caucasian,29,25 - 45,2,2,1,0,low,2013-06-03,1,1,felony,0,441,0,0,0,0,0
female,other,28,25 - 45,2,2,0,0,low,2013-11-18,0,0,felony,0,865,0,0,0,0,0
male,caucasian,48,greater than 45,6,4,1,0,medium,2013-05-02,1,20,felony,0,275,1,0,0,0,0
female,hispanic,63,greater than 45,1,1,0,0,low,2014-01-22,0,1,felony,0,800,0,0,0,0,0
male,african-american,31,25 - 45,5,7,1,0,medium,2013-03-18,0,15,felony,135,1077,1,0,0,1,1
male,african-american,24,less than 25,4,4,1,0,low,2013-09-18,1,2,felony,1,575,1,0,0,0,0
male,hispanic,30,25 - 45,7,3,0,0,medium,2013-01-20,0,0,misdemeanor,23,1167,0,0,0,0,0
male,african-american,49,greater than 45,1,1,0,0,low,2013-08-27,0,4,misdemeanor,0,948,0,0,0,0,0
male,caucasian,53,greater than 45,5,2,0,0,medium,2013-05-28,0,8,felony,0,1039,0,0,0,0,0
male,african-american,35,25 - 45,3,2,0,0,low,2013-02-11,0,5,felony,0,1145,0,0,0,0,0
male,african-american,63,greater than 45,7,5,1,0,medium,2013-06-10,1,10,misdemeanor,0,44,1,0,0,0,0
male,caucasian,38,25 - 45,2,2,1,0,low,2013-02-04,1,4,misdemeanor,1,272,1,0,0,0,0
male,african-american,22,less than 25,4,6,1,0,low,2013-11-16,1,1,felony,0,371,1,0,0,1,1
male,african-american,22,less than 25,10,9,1,0,high,2013-03-14,1,2,felony,0,70,0,0,1,2,3
male,african-american,29,25 - 45,9,5,1,0,high,2013-01-26,1,4,felony,18,69,0,0,0,0,0
male,hispanic,62,greater than 45,1,1,0,0,low,2013-01-08,0,0,misdemeanor,0,1179,0,0,0,0,0
male,other,33,25 - 45,1,1,0,0,low,2014-03-09,0,0,misdemeanor,0,754,0,0,0,0,0
female,african-american,56,greater than 45,1,1,0,0,low,2013-09-28,0,0,misdemeanor,3,916,0,0,0,0,0
male,hispanic,45,greater than 45,1,1,1,1,low,2013-01-13,1,6,felony,241,323,1,0,0,0,0
male,hispanic,22,less than 25,4,6,0,0,low,2013-05-25,0,1,felony,0,1042,0,0,0,0,0
male,african-american,39,25 - 45,4,2,0,0,low,2013-03-07,0,1,misdemeanor,4,1121,0,0,0,0,0
male,african-american,29,25 - 45,6,3,1,0,medium,2013-01-07,1,5,felony,1,253,1,0,0,0,0
male,african-american,40,25 - 45,2,1,0,0,low,2013-07-17,0,2,felony,0,989,0,0,0,0,0
male,african-american,22,less than 25,3,3,1,0,low,2013-08-25,1,1,misdemeanor,17,256,0,0,0,0,0
male,caucasian,22,less than 25,8,6,0,0,high,2013-02-19,0,0,felony,57,73,0,0,0,0,0
female,african-american,26,25 - 45,4,3,1,1,low,2013-11-08,1,1,felony,1,11,1,0,0,0,0
male,african-american,32,25 - 45,2,1,0,0,low,2013-03-04,0,0,felony,0,1124,0,0,0,0,0
male,african-american,41,25 - 45,2,2,0,0,low,2013-02-28,0,1,misdemeanor,1,1128,0,0,0,0,0
male,african-american,30,25 - 45,10,9,1,1,high,2013-02-21,1,8,misdemeanor,0,55,1,0,0,0,0
male,african-american,25,25 - 45,10,10,1,1,high,2013-04-20,1,14,felony,6,100,1,1,6,1,8
male,other,20,less than 25,5,8,1,1,medium,2013-10-03,1,0,felony,0,119,1,0,0,0,0
male,african-american,22,less than 25,9,10,1,0,high,2014-01-16,1,2,felony,30,175,1,1,0,0,1
male,african-american,23,less than 25,7,8,1,0,medium,2014-03-17,1,2,misdemeanor,0,137,0,0,0,1,1
female,african-american,35,25 - 45,2,1,0,0,low,2013-03-30,0,1,misdemeanor,0,1098,0,0,0,0,0
male,caucasian,26,25 - 45,8,4,1,0,high,2013-01-12,1,7,felony,0,377,1,0,0,0,0
male,other,21,less than 25,6,6,1,0,medium,2013-04-20,1,1,felony,4,253,1,0,0,0,0
male,african-american,71,greater than 45,7,3,0,0,medium,2013-01-04,0,12,misdemeanor,0,1183,0,0,0,0,0
female,caucasian,20,less than 25,7,8,0,0,medium,2013-11-14,0,0,felony,0,869,0,0,0,0,0
male,caucasian,39,25 - 45,1,1,1,0,low,2013-02-13,1,2,felony,0,63,1,0,0,0,0
male,caucasian,66,greater than 45,1,1,0,0,low,2013-11-06,0,3,felony,0,877,0,0,0,0,0
female,caucasian,54,greater than 45,1,1,0,0,low,2013-04-15,0,0,misdemeanor,0,1082,0,0,0,0,0
female,hispanic,44,25 - 45,1,1,0,0,low,2013-08-20,0,0,misdemeanor,0,955,0,0,0,0,0
male,african-american,24,less than 25,2,3,0,0,low,2014-02-28,0,1,felony,0,503,0,0,0,0,0
male,african-american,30,25 - 45,2,2,0,0,low,2013-09-09,0,1,felony,0,935,0,0,0,0,0
female,caucasian,39,25 - 45,1,1,1,1,low,2013-09-05,1,0,felony,1,52,1,0,0,0,0
male,caucasian,24,less than 25,6,6,1,0,medium,2013-04-11,1,8,felony,11,27,1,0,1,2,3
male,caucasian,30,25 - 45,4,2,0,0,low,2013-08-29,0,0,felony,5,497,0,0,0,0,0
male,caucasian,31,25 - 45,5,2,0,0,medium,2014-02-21,0,0,misdemeanor,38,770,0,0,0,0,0
female,caucasian,39,25 - 45,4,3,0,0,low,2013-02-26,0,1,felony,106,392,0,0,0,0,0
male,caucasian,43,25 - 45,1,1,0,0,low,2013-08-15,0,1,felony,0,960,0,0,0,0,0
male,african-american,21,less than 25,9,6,1,0,high,2013-03-02,1,3,felony,5,24,1,0,0,0,0
male,caucasian,38,25 - 45,4,3,1,0,low,2013-01-16,1,5,misdemeanor,2,55,1,0,0,0,0
male,caucasian,34,25 - 45,5,5,0,0,medium,2013-02-15,0,0,felony,15,441,0,0,0,0,0
male,african-american,33,25 - 45,5,2,1,0,medium,2013-11-17,1,5,felony,0,345,1,0,0,0,0
male,african-american,37,25 - 45,2,1,0,0,low,2013-11-18,0,3,felony,1,102,0,0,0,0,0
male,caucasian,42,25 - 45,2,2,1,0,low,2013-03-16,1,1,felony,1,2,1,0,0,0,0
male,african-american,41,25 - 45,9,7,1,0,high,2013-09-06,1,10,felony,176,285,1,0,1,0,1
male,african-american,22,less than 25,4,7,1,0,low,2013-11-13,1,0,felony,0,394,1,0,0,0,0
male,african-american,33,25 - 45,8,5,1,0,high,2014-01-11,1,28,felony,1,83,1,0,12,2,14
male,african-american,31,25 - 45,7,8,0,0,medium,2013-10-14,0,1,misdemeanor,0,900,0,0,0,0,0
female,other,30,25 - 45,2,2,0,0,low,2013-10-29,0,1,felony,0,97,0,0,0,0,0
male,caucasian,31,25 - 45,10,7,1,1,high,2013-02-26,1,13,felony,0,55,1,0,0,0,0
male,african-american,56,greater than 45,9,3,0,0,high,2013-12-06,0,8,felony,0,67,0,0,0,0,0
male,caucasian,52,greater than 45,9,6,0,0,high,2013-07-29,0,3,misdemeanor,0,977,0,0,0,0,0
male,african-american,33,25 - 45,10,7,1,0,high,2013-12-29,1,19,felony,0,222,0,0,0,0,0
female,caucasian,64,greater than 45,1,1,0,0,low,2014-03-31,0,2,misdemeanor,0,732,0,0,0,0,0
male,caucasian,42,25 - 45,3,1,0,0,low,2013-09-17,0,6,felony,0,408,0,0,0,0,0
female,caucasian,25,25 - 45,4,5,0,0,low,2013-12-23,0,2,felony,2,359,0,0,0,0,0
male,caucasian,30,25 - 45,2,2,0,0,low,2013-11-19,0,1,misdemeanor,0,864,0,0,0,0,0
male,caucasian,28,25 - 45,1,2,0,0,low,2013-08-29,0,2,felony,0,946,0,0,0,0,0
female,other,37,25 - 45,2,1,0,0,low,2013-12-30,0,2,misdemeanor,1,823,0,0,0,0,0
female,african-american,24,less than 25,2,3,0,0,low,2014-02-07,0,0,misdemeanor,1,784,0,0,0,0,0
male,caucasian,44,25 - 45,2,1,1,0,low,2014-01-27,1,2,misdemeanor,0,216,1,0,0,0,0
male,african-american,32,25 - 45,7,3,1,0,medium,2013-01-02,1,3,felony,7,413,0,0,0,0,0
male,caucasian,31,25 - 45,3,3,1,0,low,2013-09-05,1,2,misdemeanor,0,48,1,0,0,0,0
male,african-american,31,25 - 45,2,3,1,0,low,2013-01-17,0,1,misdemeanor,0,1140,1,0,0,0,0
male,caucasian,59,greater than 45,2,1,1,0,low,2013-04-02,1,1,felony,0,164,1,0,0,0,0
female,caucasian,45,greater than 45,4,3,0,0,low,2013-04-24,0,4,felony,0,1073,0,0,0,0,0
female,african-american,20,less than 25,10,10,0,0,high,2013-11-20,0,1,felony,3,119,0,1,0,0,1
female,caucasian,43,25 - 45,1,1,0,0,low,2013-05-14,0,0,misdemeanor,1,1053,0,0,0,0,0
male,african-american,33,25 - 45,5,2,1,1,medium,2013-12-26,1,8,misdemeanor,0,187,1,0,0,0,0
female,african-american,33,25 - 45,9,9,1,0,high,2013-01-11,1,7,felony,25,275,1,0,0,0,0
male,african-american,27,25 - 45,9,8,1,0,high,2013-04-16,1,2,felony,0,18,0,0,0,0,0
female,african-american,20,less than 25,6,8,0,0,medium,2013-12-07,0,0,felony,0,846,0,0,0,0,0
female,caucasian,26,25 - 45,6,3,0,0,medium,2014-01-27,0,0,misdemeanor,0,795,0,0,0,0,0
female,african-american,61,greater than 45,1,1,1,0,low,2013-04-27,1,1,felony,0,544,1,0,0,0,0
male,other,52,greater than 45,7,6,1,0,medium,2013-05-15,1,13,felony,1,36,0,0,0,0,0
male,hispanic,63,greater than 45,1,1,0,0,low,2014-02-05,0,1,felony,0,786,0,0,0,0,0
male,hispanic,29,25 - 45,4,4,0,0,low,2013-09-06,0,1,felony,0,938,0,0,0,0,0
female,other,46,greater than 45,2,1,0,0,low,2013-01-10,0,1,felony,0,1177,0,0,0,0,0
female,african-american,26,25 - 45,4,4,1,0,low,2013-03-10,1,2,misdemeanor,0,229,1,0,0,0,0
male,african-american,55,greater than 45,1,1,0,0,low,2013-06-27,0,3,misdemeanor,0,1009,0,0,0,0,0
male,caucasian,39,25 - 45,4,4,0,0,low,2014-02-11,0,1,misdemeanor,3,780,0,1,0,0,1
female,caucasian,30,25 - 45,7,4,1,0,medium,2013-05-02,1,3,felony,0,14,1,0,0,0,0
male,african-american,30,25 - 45,7,8,0,0,medium,2013-03-02,0,1,felony,70,367,0,0,0,0,0
male,caucasian,48,greater than 45,2,1,0,0,low,2013-09-26,0,2,misdemeanor,0,918,0,0,0,0,0
male,african-american,22,less than 25,2,4,0,0,low,2013-05-16,0,1,felony,0,547,0,0,0,0,0
male,caucasian,46,greater than 45,1,1,1,0,low,2013-02-11,1,6,felony,0,22,1,0,0,0,0
female,caucasian,49,greater than 45,6,2,0,0,medium,2014-03-19,0,6,felony,0,744,0,0,0,0,0
male,caucasian,31,25 - 45,5,4,0,0,medium,2013-04-20,0,0,felony,2,719,0,0,0,0,0
male,african-american,25,25 - 45,2,3,1,0,low,2013-09-17,1,1,misdemeanor,1,31,1,0,0,0,0
male,hispanic,23,less than 25,3,5,0,0,low,2013-09-09,0,0,felony,0,935,0,0,0,0,0
female,african-american,32,25 - 45,7,3,0,0,medium,2013-02-18,0,5,felony,0,1138,0,0,0,0,0
male,hispanic,52,greater than 45,1,1,0,0,low,2013-03-05,0,2,misdemeanor,2,108,0,0,0,0,0
male,african-american,62,greater than 45,4,1,0,0,low,2013-02-05,0,8,felony,16,1151,0,0,0,0,0
female,caucasian,37,25 - 45,10,4,0,0,high,2013-04-22,0,6,felony,0,417,0,0,0,0,0
male,caucasian,55,greater than 45,1,1,0,0,low,2013-09-10,0,1,felony,0,934,0,0,0,0,0
male,hispanic,31,25 - 45,9,7,1,0,high,2013-07-25,1,8,felony,0,29,0,0,0,0,0
male,african-american,28,25 - 45,6,6,1,1,medium,2013-03-18,1,6,misdemeanor,0,482,1,0,0,0,0
male,hispanic,54,greater than 45,1,1,0,0,low,2013-08-29,0,2,felony,187,946,0,0,0,0,0
male,hispanic,58,greater than 45,2,1,0,0,low,2013-03-14,0,0,felony,0,302,0,0,0,0,0
male,caucasian,56,greater than 45,1,1,0,0,low,2014-03-03,0,0,felony,0,760,0,0,0,0,0
male,other,24,less than 25,2,4,0,0,low,2014-01-14,0,0,felony,1,808,0,0,0,0,0
male,african-american,47,greater than 45,8,1,1,0,high,2013-02-03,1,23,misdemeanor,0,9,1,0,0,0,0
male,african-american,23,less than 25,2,4,1,0,low,2014-01-06,1,0,misdemeanor,0,176,1,0,0,0,0
male,hispanic,57,greater than 45,1,1,0,0,low,2013-10-25,0,1,felony,20,889,0,0,0,0,0
female,caucasian,38,25 - 45,5,2,1,0,medium,2013-07-10,1,2,felony,0,155,1,0,0,0,0
male,african-american,66,greater than 45,1,1,1,1,low,2013-06-11,0,3,felony,0,943,1,0,0,0,0
male,caucasian,45,greater than 45,4,3,1,0,low,2014-02-17,1,8,misdemeanor,71,584,0,0,0,0,0
female,other,52,greater than 45,3,1,1,0,low,2013-07-22,1,0,misdemeanor,0,449,1,0,0,0,0
male,african-american,32,25 - 45,10,7,1,0,high,2013-08-28,1,13,felony,0,289,1,0,0,0,0
male,african-american,37,25 - 45,9,8,1,1,high,2013-12-24,1,2,misdemeanor,0,104,1,0,0,0,0
male,caucasian,39,25 - 45,4,4,1,0,low,2014-03-02,1,0,felony,1,389,1,0,0,0,0
male,caucasian,45,greater than 45,3,4,0,0,low,2013-02-01,0,2,felony,358,1155,0,0,0,0,0
male,african-american,34,25 - 45,2,1,1,0,low,2014-01-31,0,2,misdemeanor,26,758,1,0,0,0,0
female,african-american,23,less than 25,4,4,0,0,low,2013-08-21,0,1,misdemeanor,0,954,0,0,0,0,0
male,other,36,25 - 45,3,1,1,0,low,2014-01-28,1,2,misdemeanor,2,598,1,0,0,0,0
male,caucasian,50,greater than 45,1,1,0,0,low,2013-09-16,0,1,felony,0,879,0,0,0,0,0
female,caucasian,37,25 - 45,3,1,0,0,low,2013-11-08,0,0,misdemeanor,0,875,0,0,0,0,0
male,caucasian,44,25 - 45,4,4,0,0,low,2013-01-06,0,4,misdemeanor,1,1181,0,0,0,0,0
male,african-american,26,25 - 45,10,8,1,0,high,2013-04-18,1,2,felony,0,379,1,0,0,0,0
male,african-american,27,25 - 45,2,3,0,0,low,2013-03-26,0,0,misdemeanor,2,1102,0,0,0,0,0
female,african-american,28,25 - 45,8,6,0,0,high,2013-10-29,0,0,felony,29,885,0,0,0,0,0
male,caucasian,43,25 - 45,5,3,1,1,medium,2013-03-26,1,11,felony,0,48,1,0,0,0,0
female,caucasian,28,25 - 45,9,6,1,0,high,2013-10-10,1,7,felony,0,216,1,0,0,0,0
male,african-american,38,25 - 45,1,1,0,0,low,2013-03-20,0,2,felony,0,61,0,0,0,0,0
male,caucasian,27,25 - 45,4,3,0,0,low,2014-02-26,0,2,misdemeanor,0,765,0,0,0,0,0
female,african-american,28,25 - 45,9,7,0,0,high,2013-01-02,0,1,felony,38,889,0,0,0,0,0
male,caucasian,56,greater than 45,1,1,1,0,low,2013-03-20,1,7,felony,0,245,1,0,0,0,0
male,african-american,38,25 - 45,9,3,0,0,high,2013-02-19,0,15,felony,1,1137,0,0,0,0,0
male,african-american,28,25 - 45,5,4,0,0,medium,2013-10-31,0,2,misdemeanor,0,883,0,0,0,0,0
male,african-american,45,greater than 45,6,4,0,0,medium,2013-01-10,0,3,felony,0,104,0,0,0,0,0
male,hispanic,28,25 - 45,2,3,0,0,low,2013-01-04,0,0,misdemeanor,0,1183,0,0,0,0,0
male,caucasian,61,greater than 45,1,1,0,0,low,2013-03-20,0,1,felony,0,1108,0,0,0,0,0
female,caucasian,51,greater than 45,1,1,1,1,low,2014-01-13,1,0,misdemeanor,0,169,1,0,0,0,0
male,caucasian,51,greater than 45,2,2,0,0,low,2013-10-31,0,0,misdemeanor,0,883,0,0,0,0,0
male,other,36,25 - 45,1,1,1,0,low,2013-01-07,1,1,misdemeanor,0,229,0,0,0,0,0
male,african-american,48,greater than 45,1,1,0,0,low,2013-01-13,0,0,felony,0,1174,0,0,0,0,0
male,caucasian,37,25 - 45,3,4,1,0,low,2013-04-17,1,4,felony,2,516,1,0,0,0,0
female,african-american,30,25 - 45,7,4,0,0,medium,2013-05-13,0,2,felony,2,1054,0,0,0,0,0
female,african-american,41,25 - 45,6,3,0,0,medium,2013-11-05,0,5,misdemeanor,0,878,0,0,0,0,0
male,african-american,27,25 - 45,10,9,1,0,high,2013-04-24,1,11,felony,222,433,1,0,0,0,0
male,african-american,37,25 - 45,1,1,1,1,low,2013-02-17,0,0,misdemeanor,1,870,1,0,0,0,0
male,african-american,54,greater than 45,9,9,0,0,high,2013-05-07,0,11,felony,129,1060,0,0,0,0,0
male,african-american,23,less than 25,9,5,0,0,high,2013-05-09,0,2,felony,71,1058,0,0,0,0,0
male,african-american,41,25 - 45,1,1,0,0,low,2014-01-25,0,0,misdemeanor,1,797,0,0,0,0,0
male,caucasian,52,greater than 45,1,1,0,0,low,2013-05-16,0,0,felony,0,1051,0,0,0,0,0
male,caucasian,43,25 - 45,4,1,1,0,low,2013-02-20,1,13,felony,51,161,1,0,0,0,0
male,african-american,52,greater than 45,4,3,0,0,low,2014-02-04,0,0,felony,13,787,0,0,0,0,0
male,caucasian,28,25 - 45,1,2,0,0,low,2013-05-17,0,1,felony,0,1050,0,0,0,0,0
male,caucasian,28,25 - 45,5,3,0,0,medium,2013-09-27,0,1,felony,6,917,0,0,0,0,0
male,african-american,22,less than 25,4,6,0,0,low,2013-02-22,0,0,felony,0,1134,0,0,0,0,0
male,african-american,30,25 - 45,2,2,0,0,low,2013-03-05,0,4,felony,0,1123,0,0,0,0,0
male,hispanic,25,25 - 45,4,4,0,0,low,2013-11-03,0,4,felony,1,880,0,0,0,0,0
male,african-american,32,25 - 45,9,8,0,0,high,2013-12-17,0,14,felony,0,836,0,0,1,0,1
male,african-american,26,25 - 45,8,6,0,0,high,2013-09-11,0,4,misdemeanor,0,649,0,0,1,0,1
male,caucasian,53,greater than 45,1,1,0,0,low,2013-01-16,0,1,misdemeanor,0,1171,0,0,0,0,0
male,african-american,28,25 - 45,8,9,1,0,high,2013-12-10,1,25,felony,0,29,0,0,0,0,0
male,caucasian,44,25 - 45,5,3,1,0,medium,2013-04-11,1,8,misdemeanor,4,136,1,0,0,0,0
male,african-american,25,25 - 45,3,4,0,0,low,2013-09-06,0,0,felony,0,938,0,0,0,0,0
male,caucasian,22,less than 25,8,7,1,0,high,2013-01-31,1,1,misdemeanor,6,531,1,0,0,1,1
female,other,37,25 - 45,1,1,0,0,low,2013-12-09,0,0,misdemeanor,0,844,0,0,0,0,0
female,other,40,25 - 45,2,1,0,0,low,2013-10-23,0,3,felony,0,891,0,0,0,0,0
male,caucasian,36,25 - 45,7,9,1,1,medium,2014-03-11,1,8,felony,0,150,1,0,0,0,0
male,caucasian,30,25 - 45,2,2,0,0,low,2014-02-12,0,4,felony,0,779,0,0,0,0,0
male,african-american,22,less than 25,9,9,1,1,high,2014-03-18,1,3,misdemeanor,0,33,1,0,0,0,0
female,caucasian,24,less than 25,7,5,1,1,medium,2013-09-30,1,1,misdemeanor,0,394,1,0,0,0,0
female,hispanic,31,25 - 45,2,2,0,0,low,2013-03-09,0,0,misdemeanor,0,1119,0,0,0,0,0
male,hispanic,23,less than 25,6,4,1,0,medium,2013-01-31,1,1,felony,0,82,1,0,0,1,1
female,caucasian,23,less than 25,5,7,1,0,medium,2014-03-12,1,5,felony,0,607,1,0,0,4,4
male,hispanic,24,less than 25,8,7,0,0,high,2013-02-04,0,0,misdemeanor,0,1152,0,0,0,0,0
male,african-american,29,25 - 45,3,3,0,0,low,2014-04-01,0,1,misdemeanor,0,731,0,0,0,0,0
male,african-american,20,less than 25,8,7,1,1,high,2013-11-18,1,1,felony,0,104,1,0,0,0,0
male,african-american,30,25 - 45,6,5,1,0,medium,2013-02-14,1,2,felony,1,55,1,0,0,0,0
male,other,39,25 - 45,1,1,0,0,low,2013-03-12,0,0,felony,0,204,0,0,0,0,0
male,african-american,27,25 - 45,4,4,0,0,low,2013-08-07,0,4,felony,0,700,0,0,0,0,0
male,caucasian,31,25 - 45,4,3,1,0,low,2013-07-16,0,2,misdemeanor,0,812,1,0,0,0,0
female,african-american,37,25 - 45,1,1,0,0,low,2013-12-03,0,2,felony,1,294,0,0,0,0,0
male,african-american,20,less than 25,8,6,0,0,high,2014-02-19,0,0,felony,2,772,0,0,0,0,0
male,hispanic,22,less than 25,7,6,0,0,medium,2013-04-20,0,0,felony,2,66,0,0,0,1,1
female,african-american,52,greater than 45,1,1,0,0,low,2013-08-02,0,0,felony,0,973,0,0,0,0,0
female,african-american,48,greater than 45,2,3,0,0,low,2013-11-13,0,0,felony,1,870,0,0,0,0,0
male,african-american,66,greater than 45,6,1,1,0,medium,2013-07-26,1,8,felony,0,571,1,0,0,0,0
male,caucasian,25,25 - 45,5,4,0,0,medium,2013-04-20,0,0,felony,0,355,0,0,0,0,0
male,caucasian,27,25 - 45,6,7,1,1,medium,2013-04-08,1,0,felony,1,220,1,0,0,0,0
male,african-american,22,less than 25,10,7,1,0,high,2013-01-11,1,3,misdemeanor,0,4,1,0,1,1,2
female,caucasian,22,less than 25,3,4,0,0,low,2013-12-31,0,1,felony,0,822,0,0,0,0,0
male,african-american,35,25 - 45,10,8,0,0,high,2014-01-24,0,2,felony,0,798,0,0,0,0,0
male,caucasian,32,25 - 45,4,4,0,0,low,2013-09-06,0,2,felony,0,938,0,0,0,0,0
female,african-american,41,25 - 45,3,1,0,0,low,2013-08-05,0,2,misdemeanor,0,970,0,0,0,0,0
female,other,25,25 - 45,2,3,0,0,low,2014-01-29,0,0,felony,0,793,0,0,0,0,0
male,african-american,44,25 - 45,7,3,0,0,medium,2013-04-11,0,24,misdemeanor,0,53,0,0,0,0,0
male,african-american,52,greater than 45,6,2,1,0,medium,2013-12-10,1,3,felony,25,43,1,0,0,0,0
male,african-american,43,25 - 45,1,1,0,0,low,2013-04-05,0,0,felony,40,1092,0,0,0,0,0
male,caucasian,37,25 - 45,1,1,0,0,low,2014-03-05,0,3,felony,0,758,0,0,0,0,0
male,caucasian,70,greater than 45,1,1,0,0,low,2013-04-18,0,1,misdemeanor,0,1079,0,0,0,0,0
male,caucasian,46,greater than 45,4,2,0,0,low,2013-05-01,0,3,felony,13,1066,0,0,0,0,0
male,african-american,21,less than 25,9,7,1,0,high,2013-03-04,1,0,misdemeanor,0,278,1,0,0,0,0
male,hispanic,38,25 - 45,1,1,1,0,low,2013-06-10,1,3,felony,0,23,1,0,0,0,0
male,caucasian,34,25 - 45,4,4,0,0,low,2014-01-20,0,5,misdemeanor,0,802,0,0,0,0,0
male,african-american,34,25 - 45,4,4,0,0,low,2013-12-04,0,5,misdemeanor,0,849,0,0,0,0,0
male,caucasian,23,less than 25,5,5,1,0,medium,2014-02-27,1,0,felony,1,373,1,0,0,0,0
male,african-american,34,25 - 45,4,2,1,0,low,2013-01-31,1,5,felony,2,171,1,0,0,0,0
male,african-american,30,25 - 45,1,2,0,0,low,2013-10-25,0,2,felony,0,889,0,0,0,0,0
male,african-american,39,25 - 45,3,1,1,0,low,2013-11-05,1,6,felony,2,48,1,0,0,0,0
male,other,24,less than 25,3,5,0,0,low,2013-04-09,0,0,felony,0,1088,0,0,0,0,0
male,caucasian,58,greater than 45,3,1,0,0,low,2013-02-23,0,2,felony,1,1133,0,0,0,0,0
female,african-american,21,less than 25,6,7,0,0,medium,2013-01-01,0,0,misdemeanor,1,1186,0,0,0,0,0
male,african-american,21,less than 25,5,7,1,0,medium,2013-08-09,0,1,felony,0,955,1,0,0,0,0
male,african-american,23,less than 25,8,5,1,0,high,2013-12-06,1,4,misdemeanor,0,246,1,0,0,1,1
male,caucasian,62,greater than 45,1,1,0,0,low,2013-01-05,0,0,felony,2,444,0,0,0,0,0
male,african-american,27,25 - 45,8,10,1,0,high,2013-04-24,1,4,misdemeanor,0,300,1,1,0,1,2
male,caucasian,37,25 - 45,3,1,0,0,low,2013-12-02,0,5,felony,10,851,0,0,0,0,0
male,other,43,25 - 45,2,1,1,0,low,2013-08-16,1,2,felony,7,614,1,0,0,0,0
female,african-american,32,25 - 45,1,1,0,0,low,2013-12-01,0,5,felony,0,852,0,0,0,0,0
male,hispanic,23,less than 25,3,5,0,0,low,2013-12-31,0,0,felony,45,463,0,0,0,0,0
male,african-american,27,25 - 45,1,2,0,0,low,2013-04-08,0,0,misdemeanor,1,1089,0,0,0,0,0
male,caucasian,44,25 - 45,1,1,1,0,low,2014-01-02,1,0,misdemeanor,0,570,1,0,0,0,0
male,caucasian,28,25 - 45,3,3,1,0,low,2013-02-18,1,3,misdemeanor,0,412,1,0,0,0,0
female,caucasian,42,25 - 45,2,1,0,0,low,2013-05-28,0,0,felony,0,57,0,0,0,0,0
male,other,24,less than 25,10,10,1,1,high,2013-03-16,1,9,felony,4,80,1,0,1,0,1
male,african-american,27,25 - 45,2,3,0,0,low,2014-01-14,0,0,felony,17,808,0,0,0,0,0
female,caucasian,51,greater than 45,1,1,0,0,low,2014-03-22,0,0,misdemeanor,1,741,0,0,0,0,0
male,caucasian,56,greater than 45,1,1,0,0,low,2013-12-11,0,0,misdemeanor,1,842,0,0,0,0,0
male,african-american,29,25 - 45,9,6,0,0,high,2013-04-25,0,7,felony,0,1072,0,0,0,0,0
male,african-american,20,less than 25,9,8,1,0,high,2014-01-11,1,0,felony,209,258,1,0,0,0,0
male,caucasian,53,greater than 45,1,1,0,0,low,2013-10-03,0,6,felony,0,911,0,0,0,0,0
male,caucasian,27,25 - 45,5,3,0,0,medium,2013-02-22,0,8,felony,67,370,0,0,0,0,0
male,african-american,24,less than 25,9,9,1,1,high,2013-03-26,1,2,felony,18,69,1,0,1,0,1
male,caucasian,28,25 - 45,3,4,1,1,low,2013-10-04,1,2,misdemeanor,1,107,1,0,0,0,0
male,african-american,45,greater than 45,1,1,0,0,low,2013-03-13,0,1,felony,0,1115,0,0,0,0,0
male,hispanic,21,less than 25,5,6,1,0,medium,2013-08-02,0,3,felony,0,501,0,0,1,0,1
female,african-american,36,25 - 45,7,5,0,0,medium,2013-05-06,0,0,felony,11,1061,0,0,0,0,0
female,caucasian,25,25 - 45,4,4,1,0,low,2013-01-11,1,2,misdemeanor,0,54,0,0,0,0,0
female,hispanic,23,less than 25,3,4,1,0,low,2013-04-04,0,1,misdemeanor,0,824,1,0,0,0,0
male,caucasian,28,25 - 45,5,3,0,0,medium,2014-03-03,0,1,felony,0,135,0,0,0,0,0
female,african-american,21,less than 25,8,7,1,0,high,2013-04-25,1,0,felony,0,271,0,0,0,0,0
male,caucasian,36,25 - 45,3,3,0,0,low,2013-12-23,0,0,misdemeanor,0,830,0,0,0,0,0
male,african-american,24,less than 25,3,4,0,0,low,2014-03-13,0,0,felony,0,750,0,0,0,0,0
male,african-american,28,25 - 45,6,4,1,0,medium,2013-09-06,1,3,felony,0,206,1,0,0,0,0
male,other,30,25 - 45,2,2,1,0,low,2014-01-24,1,1,felony,0,138,1,0,0,0,0
male,african-american,29,25 - 45,1,2,0,0,low,2014-03-02,0,0,felony,0,761,0,0,0,0,0
female,caucasian,30,25 - 45,6,2,0,0,medium,2013-03-22,0,0,misdemeanor,4,1106,0,0,0,0,0
male,hispanic,51,greater than 45,1,1,0,0,low,2013-12-27,0,1,misdemeanor,0,826,0,0,0,0,0
male,other,33,25 - 45,1,1,0,0,low,2013-12-05,0,3,felony,0,848,0,0,0,0,0
female,african-american,25,25 - 45,6,5,0,0,medium,2013-12-18,0,2,felony,0,538,0,0,0,0,0
male,african-american,32,25 - 45,9,7,1,1,high,2013-02-16,1,12,felony,1,361,1,0,1,0,1
male,african-american,23,less than 25,6,5,0,0,medium,2014-01-31,0,1,felony,1,791,0,0,0,1,1
male,african-american,47,greater than 45,3,2,0,0,low,2013-03-25,0,3,felony,0,96,0,0,0,0,0
female,hispanic,32,25 - 45,3,3,1,0,low,2013-09-26,1,1,felony,0,302,1,0,0,0,0
male,caucasian,37,25 - 45,1,1,0,0,low,2014-02-25,0,0,felony,18,412,0,0,0,0,0
male,hispanic,27,25 - 45,8,6,0,0,high,2014-02-01,0,0,misdemeanor,1,790,0,0,0,0,0
male,other,39,25 - 45,1,1,0,0,low,2013-11-27,0,0,misdemeanor,0,856,0,0,0,0,0
female,caucasian,21,less than 25,6,8,0,0,medium,2013-02-21,0,0,felony,0,1135,0,0,0,2,2
male,caucasian,69,greater than 45,1,1,0,0,low,2013-01-31,0,0,misdemeanor,0,1156,0,0,0,0,0
male,caucasian,21,less than 25,6,6,0,0,medium,2013-11-07,0,2,felony,1,577,0,0,0,0,0
male,african-american,26,25 - 45,10,10,1,0,high,2013-10-07,1,6,misdemeanor,4,221,1,0,0,1,1
male,caucasian,22,less than 25,4,5,0,0,low,2013-12-09,0,0,felony,0,844,0,0,0,0,0
female,african-american,23,less than 25,5,5,1,0,medium,2013-04-24,1,0,felony,0,384,1,0,0,0,0
male,african-american,49,greater than 45,5,4,0,0,medium,2013-10-15,0,3,felony,4,689,0,0,0,0,0
male,african-american,29,25 - 45,4,3,1,0,low,2013-01-30,0,2,misdemeanor,50,786,1,0,0,1,1
female,caucasian,60,greater than 45,1,1,0,0,low,2013-10-14,0,0,misdemeanor,0,900,0,0,0,0,0
female,african-american,26,25 - 45,10,10,0,0,high,2013-02-05,0,0,misdemeanor,0,53,0,0,0,0,0
male,african-american,23,less than 25,10,10,1,0,high,2013-05-06,1,3,felony,0,235,1,2,0,0,2
female,other,20,less than 25,4,7,0,0,low,2013-03-12,0,1,felony,0,596,0,1,0,0,1
male,hispanic,36,25 - 45,3,2,0,0,low,2013-04-22,0,1,felony,95,160,0,0,0,0,0
male,caucasian,30,25 - 45,4,3,0,0,low,2013-05-04,0,0,felony,2,1063,0,0,0,0,0
male,african-american,21,less than 25,3,6,1,0,low,2013-06-17,0,1,felony,0,947,1,0,1,0,1
male,caucasian,22,less than 25,6,5,1,0,medium,2013-09-09,1,2,misdemeanor,0,158,0,0,0,0,0
male,african-american,57,greater than 45,8,7,0,0,high,2013-05-08,0,18,felony,0,1059,0,0,0,0,0
male,african-american,21,less than 25,9,6,1,0,high,2013-10-22,1,4,felony,219,273,1,0,0,0,0
male,caucasian,34,25 - 45,1,1,0,0,low,2014-02-04,0,1,misdemeanor,0,787,0,0,0,0,0
male,caucasian,40,25 - 45,7,9,1,0,medium,2014-03-30,1,0,felony,7,32,1,0,0,0,0
male,african-american,25,25 - 45,8,7,1,0,high,2014-02-25,1,7,felony,126,239,1,0,0,0,0
female,caucasian,53,greater than 45,1,1,0,0,low,2013-12-22,0,1,misdemeanor,0,831,0,0,0,0,0
female,african-american,24,less than 25,4,4,0,0,low,2013-12-14,0,0,felony,0,839,0,0,0,0,0
male,african-american,42,25 - 45,1,1,0,0,low,2013-06-12,0,1,felony,0,1024,0,0,0,0,0
male,african-american,28,25 - 45,3,3,0,0,low,2013-04-03,0,1,misdemeanor,1,1094,0,0,0,0,0
male,caucasian,24,less than 25,4,4,0,0,low,2014-02-28,0,1,misdemeanor,0,763,0,0,0,0,0
male,african-american,26,25 - 45,8,3,1,0,high,2013-04-23,1,6,felony,0,202,1,1,1,0,2
male,african-american,22,less than 25,9,9,1,1,high,2013-02-05,1,4,felony,574,714,1,0,0,0,0
male,caucasian,21,less than 25,7,8,0,0,medium,2013-08-12,0,3,misdemeanor,0,963,0,0,0,0,0
male,african-american,37,25 - 45,9,4,1,0,high,2013-03-17,1,23,felony,16,23,1,0,0,0,0
male,african-american,35,25 - 45,5,5,0,0,medium,2013-05-16,0,2,felony,4,1051,0,0,0,0,0
male,african-american,53,greater than 45,1,1,0,0,low,2013-08-07,0,2,felony,0,968,0,0,0,0,0
male,african-american,60,greater than 45,1,1,0,0,low,2014-02-11,0,1,felony,0,780,0,0,0,0,0
male,african-american,29,25 - 45,4,3,1,0,low,2013-08-16,0,7,felony,0,773,0,0,0,0,0
male,caucasian,48,greater than 45,8,5,1,1,high,2013-02-09,1,23,felony,640,687,1,1,0,0,1
female,caucasian,52,greater than 45,1,1,0,0,low,2013-03-25,0,0,misdemeanor,0,1103,0,0,0,0,0
male,african-american,27,25 - 45,8,5,1,0,high,2013-04-16,1,12,felony,31,341,1,0,0,0,0
male,african-american,28,25 - 45,9,6,1,0,high,2013-02-13,0,5,felony,51,951,1,0,0,0,0
male,caucasian,33,25 - 45,3,1,0,0,low,2013-12-22,0,3,misdemeanor,0,831,0,0,0,0,0
female,hispanic,28,25 - 45,2,2,0,0,low,2013-04-05,0,0,felony,1,1092,0,0,0,0,0
male,african-american,36,25 - 45,7,3,1,0,medium,2013-02-01,1,14,felony,0,19,1,0,0,0,0
male,african-american,29,25 - 45,5,5,0,0,medium,2013-04-05,0,2,felony,1,1092,0,1,0,0,1
male,african-american,22,less than 25,9,7,1,0,high,2013-01-01,1,0,misdemeanor,21,363,0,0,0,1,1
male,african-american,26,25 - 45,7,7,0,0,medium,2013-03-27,0,6,felony,0,272,0,0,0,2,2
male,caucasian,25,25 - 45,2,3,0,0,low,2013-03-27,0,0,felony,0,1101,0,0,0,0,0
male,caucasian,68,greater than 45,1,1,0,0,low,2013-10-08,0,2,felony,0,906,0,0,0,0,0
male,african-american,56,greater than 45,3,3,0,0,low,2013-01-04,0,5,felony,11,158,0,0,0,0,0
male,african-american,27,25 - 45,8,8,1,1,high,2013-09-04,1,9,felony,51,55,0,0,0,0,0
male,african-american,32,25 - 45,2,2,0,0,low,2013-02-07,0,3,felony,1,494,0,0,0,0,0
male,other,60,greater than 45,1,1,0,0,low,2013-11-26,0,4,felony,0,408,0,0,0,0,0
male,hispanic,23,less than 25,3,4,0,0,low,2013-04-29,0,1,misdemeanor,0,1068,0,0,0,0,0
female,caucasian,39,25 - 45,6,2,0,0,medium,2013-06-20,0,0,misdemeanor,0,1016,0,0,0,0,0
male,caucasian,56,greater than 45,1,1,0,0,low,2013-10-19,0,0,misdemeanor,0,895,0,0,0,0,0
female,african-american,22,less than 25,7,8,0,0,medium,2013-08-24,0,0,felony,0,951,0,0,0,0,0
female,african-american,27,25 - 45,2,2,1,0,low,2013-08-20,1,1,felony,0,511,1,0,0,0,0
male,african-american,53,greater than 45,6,3,0,0,medium,2013-04-19,0,11,felony,109,1078,0,0,0,0,0
male,hispanic,21,less than 25,3,6,0,0,low,2013-10-28,0,0,misdemeanor,0,886,0,0,0,0,0
male,caucasian,22,less than 25,3,5,0,0,low,2014-02-09,0,0,felony,1,782,0,0,0,0,0
female,caucasian,58,greater than 45,1,1,0,0,low,2013-04-29,0,2,misdemeanor,0,183,0,0,0,0,0
male,african-american,31,25 - 45,3,2,1,0,low,2014-01-26,1,7,misdemeanor,1,225,1,0,0,0,0
male,caucasian,22,less than 25,5,5,1,0,medium,2013-06-26,1,1,felony,0,129,1,0,0,0,0
male,african-american,28,25 - 45,6,6,1,0,medium,2013-01-10,1,8,felony,2,6,1,0,0,0,0
male,other,42,25 - 45,1,1,0,0,low,2013-09-15,0,1,felony,1,929,0,0,0,0,0
male,african-american,20,less than 25,7,8,1,0,medium,2013-08-11,1,0,felony,1,55,1,0,0,0,0
male,african-american,29,25 - 45,10,9,0,0,high,2013-12-02,0,8,felony,0,178,0,0,0,0,0
male,african-american,58,greater than 45,7,4,1,0,medium,2013-01-20,1,21,misdemeanor,58,76,1,0,0,0,0
male,african-american,22,less than 25,7,6,0,0,medium,2013-02-14,0,3,felony,105,420,0,0,0,0,0
male,hispanic,48,greater than 45,1,1,1,0,low,2013-12-10,1,1,misdemeanor,1,135,1,0,0,0,0
male,caucasian,37,25 - 45,4,3,0,0,low,2013-01-18,0,0,felony,0,1169,0,0,0,0,0
male,caucasian,27,25 - 45,1,1,0,0,low,2013-08-19,0,3,misdemeanor,0,956,0,0,0,0,0
male,african-american,26,25 - 45,4,3,0,0,low,2013-04-12,0,3,felony,33,88,0,0,0,0,0
male,caucasian,24,less than 25,8,5,1,0,high,2013-11-13,1,3,felony,0,245,0,0,1,1,2
male,caucasian,33,25 - 45,1,2,0,0,low,2013-12-09,0,0,felony,0,844,0,0,0,0,0
male,african-american,29,25 - 45,6,3,0,0,medium,2013-01-07,0,2,felony,0,1180,0,0,0,0,0
female,african-american,24,less than 25,10,9,1,0,high,2014-01-19,1,3,felony,0,54,1,0,0,0,0
male,caucasian,36,25 - 45,1,1,0,0,low,2013-10-15,0,2,misdemeanor,0,899,0,0,0,0,0
female,caucasian,24,less than 25,5,5,0,0,medium,2013-04-26,0,0,felony,0,1071,0,0,0,0,0
male,caucasian,34,25 - 45,1,1,0,0,low,2013-05-13,0,0,misdemeanor,0,1054,0,0,0,0,0
male,hispanic,25,25 - 45,5,3,1,1,medium,2013-03-12,1,2,felony,0,87,1,0,0,0,0
male,african-american,20,less than 25,10,8,1,0,high,2014-03-05,1,1,felony,0,239,1,1,0,1,2
male,african-american,24,less than 25,2,4,1,1,low,2013-09-24,1,1,misdemeanor,1,267,1,0,0,0,0
male,caucasian,61,greater than 45,1,1,0,0,low,2013-01-22,0,4,felony,1,1165,0,0,0,0,0
female,african-american,50,greater than 45,2,1,0,0,low,2014-03-05,0,3,felony,0,758,0,0,0,0,0
male,african-american,30,25 - 45,1,2,0,0,low,2013-03-19,0,1,misdemeanor,4,1109,0,0,0,0,0
male,african-american,38,25 - 45,3,2,0,0,low,2013-11-30,0,5,felony,0,853,0,0,0,0,0
male,caucasian,24,less than 25,1,2,0,0,low,2013-12-13,0,0,misdemeanor,0,840,0,0,0,0,0
male,african-american,45,greater than 45,2,1,0,0,low,2013-10-02,0,16,felony,0,912,0,0,0,0,0
male,caucasian,41,25 - 45,1,1,1,0,low,2013-09-12,1,0,misdemeanor,3,142,1,0,0,0,0
male,african-american,27,25 - 45,8,9,1,1,high,2013-04-17,1,13,misdemeanor,0,719,1,0,0,0,0
female,african-american,51,greater than 45,8,1,0,0,high,2013-08-07,0,16,felony,0,968,0,0,0,0,0
male,african-american,26,25 - 45,6,3,1,0,medium,2013-10-16,1,1,misdemeanor,0,2,1,0,0,0,0
male,caucasian,52,greater than 45,5,3,1,0,medium,2013-10-25,1,6,felony,1,162,1,0,0,0,0
male,caucasian,28,25 - 45,4,3,1,1,low,2014-02-16,1,1,felony,4,157,1,0,0,0,0
female,native american,34,25 - 45,7,3,1,0,medium,2014-01-13,1,4,felony,0,184,1,0,0,0,0
male,african-american,26,25 - 45,9,6,1,1,high,2013-03-05,1,10,felony,0,462,0,1,1,0,2
male,african-american,28,25 - 45,10,10,0,0,high,2013-09-11,0,5,felony,0,933,0,0,0,0,0
male,caucasian,63,greater than 45,1,1,0,0,low,2013-12-12,0,2,felony,0,195,0,0,0,0,0
male,african-american,42,25 - 45,1,1,0,0,low,2013-04-17,0,0,felony,1,1080,0,0,0,0,0
male,african-american,23,less than 25,6,6,1,1,medium,2013-04-20,0,6,felony,0,166,0,1,2,2,5
male,african-american,54,greater than 45,1,1,0,0,low,2014-01-16,0,2,misdemeanor,0,806,0,0,0,0,0
male,african-american,58,greater than 45,6,3,1,0,medium,2013-11-24,1,12,misdemeanor,3,49,1,0,0,0,0
male,african-american,35,25 - 45,2,2,0,0,low,2014-03-10,0,1,misdemeanor,0,753,0,0,0,0,0
male,african-american,20,less than 25,10,10,1,1,high,2013-11-19,1,1,felony,2,80,0,0,0,0,0
male,caucasian,51,greater than 45,1,1,0,0,low,2013-02-04,0,0,felony,35,1152,0,0,0,0,0
male,hispanic,24,less than 25,10,7,0,0,high,2013-04-27,0,0,felony,1,1070,0,0,0,0,0
male,caucasian,37,25 - 45,2,1,0,0,low,2013-05-30,0,3,felony,0,1037,0,0,0,0,0
male,caucasian,47,greater than 45,1,1,0,0,low,2014-02-26,0,3,felony,0,765,0,0,0,0,0
male,caucasian,56,greater than 45,1,1,0,0,low,2013-09-03,0,0,felony,0,941,0,0,0,0,0
male,hispanic,34,25 - 45,1,1,1,0,low,2013-12-23,1,4,felony,31,164,1,0,0,0,0
male,caucasian,59,greater than 45,1,1,1,0,low,2013-02-25,1,1,felony,0,28,1,0,0,0,0
male,asian,35,25 - 45,6,4,0,0,medium,2013-05-16,0,0,felony,100,1051,0,0,0,0,0
male,hispanic,58,greater than 45,1,1,0,0,low,2013-02-07,0,1,felony,0,1149,0,0,0,0,0
male,hispanic,29,25 - 45,4,2,0,0,low,2013-02-06,0,2,misdemeanor,0,1150,0,0,0,0,0
male,caucasian,21,less than 25,9,9,1,1,high,2013-11-06,1,2,misdemeanor,8,37,1,0,0,4,4
male,african-american,26,25 - 45,9,6,0,0,high,2013-04-10,0,2,misdemeanor,0,1087,0,0,0,0,0
male,african-american,26,25 - 45,2,3,0,0,low,2013-02-13,0,1,felony,0,1143,0,0,0,0,0
female,caucasian,30,25 - 45,2,2,0,0,low,2013-09-06,0,0,misdemeanor,0,938,0,0,0,0,0
male,caucasian,29,25 - 45,9,8,1,0,high,2013-10-01,1,6,felony,0,148,1,0,0,0,0
male,caucasian,29,25 - 45,4,4,1,1,low,2014-03-26,1,0,misdemeanor,1,66,1,0,0,0,0
male,african-american,54,greater than 45,1,1,0,0,low,2013-02-18,0,0,misdemeanor,0,1138,0,0,0,0,0
male,african-american,29,25 - 45,4,4,1,1,low,2013-11-13,1,4,felony,7,50,1,0,0,0,0
female,caucasian,59,greater than 45,1,1,0,0,low,2013-10-11,0,0,misdemeanor,0,903,0,0,0,0,0
male,african-american,38,25 - 45,5,1,0,0,medium,2013-03-27,0,0,felony,1,1101,0,0,0,0,0
female,hispanic,22,less than 25,5,4,1,0,medium,2013-09-11,1,2,felony,0,49,0,0,0,0,0
male,caucasian,27,25 - 45,3,3,1,0,low,2013-02-21,1,1,misdemeanor,0,356,1,0,0,0,0
male,hispanic,52,greater than 45,3,1,0,0,low,2013-04-21,0,20,felony,27,104,0,0,0,0,0
male,african-american,66,greater than 45,6,2,1,0,medium,2013-12-21,1,33,felony,14,383,1,0,0,0,0
male,caucasian,27,25 - 45,5,4,0,0,medium,2013-03-09,0,2,felony,0,1119,0,0,0,0,0
male,caucasian,51,greater than 45,1,1,0,0,low,2013-04-22,0,1,misdemeanor,0,508,0,0,0,0,0
male,caucasian,35,25 - 45,2,3,0,0,low,2013-10-03,0,1,felony,74,911,0,0,0,0,0
male,african-american,26,25 - 45,7,4,0,0,medium,2013-08-12,0,1,felony,0,963,0,0,0,0,0
male,caucasian,52,greater than 45,3,2,0,0,low,2014-02-03,0,4,misdemeanor,0,788,0,0,0,0,0
female,african-american,35,25 - 45,2,1,0,0,low,2013-05-16,0,12,misdemeanor,0,61,0,0,0,0,0
male,other,48,greater than 45,5,4,0,0,medium,2013-03-16,0,12,felony,1,1112,0,0,0,0,0
female,african-american,26,25 - 45,2,2,0,0,low,2013-10-27,0,0,misdemeanor,0,887,0,0,0,0,0
female,caucasian,48,greater than 45,1,1,0,0,low,2014-01-14,0,0,misdemeanor,1,808,0,0,0,0,0
male,hispanic,30,25 - 45,4,5,0,0,low,2013-08-27,0,7,misdemeanor,37,948,0,0,0,0,0
male,other,28,25 - 45,1,2,0,0,low,2013-11-03,0,2,misdemeanor,1,880,0,0,0,0,0
male,african-american,33,25 - 45,3,3,0,0,low,2013-10-08,0,2,misdemeanor,0,76,0,0,0,0,0
female,african-american,34,25 - 45,4,2,0,0,low,2013-04-23,0,6,felony,51,803,0,0,0,0,0
male,other,25,25 - 45,1,2,0,0,low,2013-12-20,0,0,misdemeanor,0,833,0,0,0,0,0
male,caucasian,24,less than 25,2,3,0,0,low,2013-04-10,0,0,felony,1,638,0,0,0,0,0
male,caucasian,48,greater than 45,7,4,1,0,medium,2013-03-02,1,1,felony,128,299,1,0,0,0,0
male,african-american,55,greater than 45,8,4,1,1,high,2013-02-08,1,0,misdemeanor,0,61,1,0,0,0,0
male,african-american,52,greater than 45,5,3,0,0,medium,2014-01-21,0,4,misdemeanor,1,801,0,0,0,0,0
male,caucasian,24,less than 25,2,3,0,0,low,2013-01-02,0,0,felony,14,1185,0,0,0,0,0
male,caucasian,23,less than 25,9,6,0,0,high,2013-01-20,0,0,misdemeanor,0,1103,0,0,0,0,0
male,caucasian,27,25 - 45,4,3,1,0,low,2013-10-19,0,6,felony,0,811,1,0,1,3,4
male,african-american,31,25 - 45,2,1,0,0,low,2013-08-17,0,0,felony,0,958,0,0,0,0,0
male,caucasian,32,25 - 45,1,2,1,1,low,2014-01-21,1,1,felony,0,565,1,0,0,0,0
male,other,37,25 - 45,1,1,0,0,low,2013-02-21,0,1,felony,4,1135,0,0,0,0,0
male,caucasian,25,25 - 45,3,4,0,0,low,2013-12-08,0,0,felony,0,66,0,0,0,0,0
male,hispanic,32,25 - 45,10,7,0,0,high,2013-01-01,0,20,felony,1,1186,0,1,1,0,2
male,african-american,35,25 - 45,7,2,0,0,medium,2013-04-25,0,0,felony,1,1072,0,0,0,0,0
male,african-american,42,25 - 45,7,6,1,0,medium,2014-02-09,1,14,felony,1,41,1,0,0,0,0
male,caucasian,24,less than 25,10,8,1,1,high,2013-09-09,1,9,misdemeanor,0,37,1,0,0,1,1
male,hispanic,21,less than 25,6,9,1,0,medium,2013-08-24,1,0,felony,0,116,1,0,0,0,0
male,caucasian,47,greater than 45,1,1,0,0,low,2013-03-20,0,1,misdemeanor,0,1108,0,0,0,0,0
male,african-american,27,25 - 45,9,7,1,0,high,2014-03-21,1,5,felony,0,484,0,0,0,0,0
male,caucasian,46,greater than 45,6,1,1,0,medium,2013-11-17,1,2,felony,0,279,1,0,0,0,0
male,african-american,44,25 - 45,3,1,0,0,low,2013-01-29,0,1,misdemeanor,0,1158,0,0,0,0,0
male,african-american,27,25 - 45,5,5,0,0,medium,2013-04-17,0,0,felony,0,1080,0,0,0,0,0
male,caucasian,23,less than 25,2,3,0,0,low,2013-12-13,0,2,felony,0,840,0,0,0,0,0
female,hispanic,50,greater than 45,1,1,0,0,low,2013-02-13,0,1,felony,0,1143,0,0,0,0,0
male,african-american,42,25 - 45,5,2,0,0,medium,2013-10-03,0,8,felony,1,911,0,0,0,0,0
male,african-american,58,greater than 45,6,3,0,0,medium,2013-05-22,0,6,felony,143,511,0,0,0,0,0
male,african-american,26,25 - 45,6,4,1,0,medium,2013-01-25,0,3,felony,1,895,1,0,0,1,1
female,other,48,greater than 45,1,1,0,0,low,2013-02-04,0,0,felony,16,1152,0,0,0,0,0
male,african-american,39,25 - 45,3,2,1,0,low,2013-10-30,1,3,felony,2,206,1,0,0,0,0
male,african-american,21,less than 25,5,6,1,1,medium,2013-05-15,1,3,felony,0,436,1,0,2,0,2
male,caucasian,63,greater than 45,1,1,0,0,low,2014-01-31,0,1,misdemeanor,0,791,0,0,0,0,0
male,african-american,22,less than 25,7,7,1,1,medium,2013-11-18,1,3,felony,0,532,1,0,1,0,1
male,african-american,50,greater than 45,3,2,0,0,low,2013-02-03,0,3,misdemeanor,0,1153,0,0,0,0,0
male,african-american,38,25 - 45,1,1,0,0,low,2013-05-27,0,0,felony,9,1040,0,0,0,0,0
male,caucasian,41,25 - 45,6,4,0,0,medium,2013-10-22,0,1,felony,0,36,0,0,0,0,0
male,african-american,28,25 - 45,8,9,1,1,high,2014-02-25,1,16,felony,0,436,1,8,0,1,9
female,african-american,30,25 - 45,3,3,0,0,low,2013-11-06,0,0,misdemeanor,1,877,0,0,0,0,0
male,african-american,23,less than 25,5,7,0,0,medium,2013-04-24,0,1,felony,0,302,0,0,0,0,0
male,caucasian,25,25 - 45,4,3,1,0,low,2014-01-23,1,2,felony,0,180,1,0,0,0,0
male,caucasian,40,25 - 45,4,1,0,0,low,2013-09-15,0,5,felony,0,752,0,0,0,0,0
male,hispanic,24,less than 25,8,4,0,0,high,2013-04-25,0,8,felony,0,1072,0,0,0,0,0
male,african-american,27,25 - 45,4,9,1,0,low,2013-12-22,1,5,misdemeanor,64,310,1,0,0,0,0
male,caucasian,44,25 - 45,3,6,0,0,low,2013-09-07,0,11,misdemeanor,180,937,0,0,0,0,0
female,african-american,35,25 - 45,2,1,1,1,low,2013-10-30,1,6,felony,0,576,1,0,0,0,0
male,caucasian,42,25 - 45,1,1,0,0,low,2013-02-06,0,0,misdemeanor,0,1150,0,0,0,0,0
male,african-american,38,25 - 45,7,5,1,0,medium,2014-01-24,0,15,felony,0,770,1,0,0,0,0
male,hispanic,26,25 - 45,6,6,0,0,medium,2013-03-06,0,4,felony,0,1122,0,0,0,0,0
female,african-american,25,25 - 45,3,3,0,0,low,2013-05-28,0,0,misdemeanor,0,1039,0,0,0,0,0
male,caucasian,24,less than 25,4,6,0,0,low,2013-05-17,0,1,felony,0,1050,0,0,0,0,0
male,hispanic,64,greater than 45,1,1,0,0,low,2013-08-13,0,1,felony,0,962,0,0,0,0,0
female,caucasian,49,greater than 45,1,1,1,0,low,2014-01-21,1,2,misdemeanor,0,138,0,0,0,0,0
male,caucasian,28,25 - 45,6,8,1,0,medium,2014-04-01,1,8,felony,0,162,0,0,0,0,0
male,caucasian,66,greater than 45,1,1,1,0,low,2013-08-14,1,0,misdemeanor,1,717,1,0,0,0,0
female,caucasian,46,greater than 45,1,1,0,0,low,2013-08-21,0,0,misdemeanor,0,954,0,0,0,0,0
male,african-american,30,25 - 45,6,6,1,1,medium,2013-03-04,1,5,felony,0,172,1,0,0,1,1
female,caucasian,22,less than 25,3,4,0,0,low,2014-01-22,0,0,misdemeanor,0,800,0,0,0,0,0
male,caucasian,23,less than 25,4,6,0,0,low,2013-03-24,0,1,misdemeanor,9,1049,0,0,0,0,0
male,other,30,25 - 45,6,5,1,0,medium,2013-12-07,1,0,misdemeanor,0,182,1,0,0,0,0
male,hispanic,31,25 - 45,1,2,0,0,low,2013-02-25,0,0,misdemeanor,0,1131,0,0,0,0,0
male,other,31,25 - 45,2,2,0,0,low,2013-05-01,0,1,felony,0,608,0,0,0,0,0
male,african-american,21,less than 25,7,8,1,0,medium,2013-02-26,1,4,felony,0,622,1,4,0,0,4
male,african-american,28,25 - 45,8,7,1,0,high,2013-03-07,0,4,felony,0,747,1,0,0,0,0
male,african-american,25,25 - 45,3,4,1,1,low,2013-03-17,0,0,misdemeanor,0,892,1,0,0,0,0
female,caucasian,21,less than 25,7,5,0,0,medium,2013-11-04,0,0,felony,1,879,0,0,0,0,0
male,african-american,27,25 - 45,2,3,0,0,low,2013-01-13,0,0,misdemeanor,0,1174,0,0,0,0,0
male,hispanic,32,25 - 45,1,1,0,0,low,2013-07-23,0,1,felony,0,983,0,0,0,0,0
female,caucasian,24,less than 25,5,5,0,0,medium,2013-09-22,0,0,felony,1,922,0,0,0,1,1
male,african-american,20,less than 25,3,6,0,0,low,2014-01-29,0,1,felony,0,793,0,1,0,0,1
male,african-american,31,25 - 45,8,3,1,0,high,2013-07-12,1,3,misdemeanor,0,643,1,0,0,0,0
male,african-american,59,greater than 45,5,2,1,0,medium,2013-10-08,1,17,felony,0,159,1,0,0,0,0
male,african-american,40,25 - 45,2,1,0,0,low,2013-01-18,0,0,felony,0,1169,0,0,0,0,0
female,african-american,38,25 - 45,1,1,0,0,low,2013-04-16,0,1,felony,0,1081,0,0,0,0,0
male,african-american,30,25 - 45,7,4,0,0,medium,2013-03-04,0,1,misdemeanor,1,56,0,0,0,0,0
male,african-american,43,25 - 45,1,1,0,0,low,2013-11-06,0,1,misdemeanor,0,877,0,0,0,0,0
female,caucasian,59,greater than 45,1,1,0,0,low,2013-10-09,0,0,misdemeanor,0,905,0,0,0,0,0
male,caucasian,37,25 - 45,1,1,0,0,low,2013-04-18,0,2,misdemeanor,0,1079,0,0,0,0,0
male,caucasian,38,25 - 45,1,1,0,0,low,2013-09-06,0,0,felony,0,938,0,0,0,0,0
male,hispanic,43,25 - 45,1,1,0,0,low,2013-09-16,0,1,misdemeanor,0,928,0,0,0,0,0
male,african-american,25,25 - 45,5,4,1,1,medium,2013-04-09,1,4,felony,31,63,1,0,0,0,0
male,caucasian,51,greater than 45,1,1,0,0,low,2013-12-01,0,0,misdemeanor,0,852,0,0,0,0,0
male,hispanic,30,25 - 45,5,3,1,1,medium,2013-12-25,1,6,felony,0,202,1,0,0,0,0
male,caucasian,29,25 - 45,2,2,1,0,low,2013-10-23,1,2,misdemeanor,0,29,0,0,0,0,0
male,african-american,28,25 - 45,3,2,0,0,low,2014-01-03,0,10,felony,0,69,0,0,0,0,0
male,african-american,26,25 - 45,8,8,0,0,high,2013-10-18,0,6,misdemeanor,0,896,0,0,0,0,0
male,african-american,55,greater than 45,3,1,1,0,low,2013-04-27,1,9,misdemeanor,4,299,1,0,0,0,0
female,caucasian,23,less than 25,10,9,0,0,high,2013-02-24,0,3,felony,5,38,0,0,0,0,0
female,african-american,22,less than 25,5,6,0,0,medium,2013-01-20,0,0,misdemeanor,7,1167,0,0,0,0,0
male,african-american,31,25 - 45,1,1,0,0,low,2013-10-01,0,1,misdemeanor,0,913,0,0,0,0,0
male,african-american,29,25 - 45,1,1,0,0,low,2014-03-10,0,0,misdemeanor,1,753,0,0,0,0,0
male,african-american,61,greater than 45,6,3,1,0,medium,2013-04-08,1,15,felony,0,64,1,0,0,0,0
male,african-american,24,less than 25,10,9,1,1,high,2013-10-09,1,4,felony,0,370,0,0,0,0,0
male,hispanic,31,25 - 45,2,2,0,0,low,2013-02-08,0,0,misdemeanor,0,552,0,0,0,0,0
male,caucasian,26,25 - 45,7,4,1,0,medium,2013-03-22,1,3,felony,0,272,1,0,0,0,0
male,caucasian,27,25 - 45,9,7,0,0,high,2013-08-24,0,5,misdemeanor,1,951,0,0,0,0,0
male,caucasian,25,25 - 45,5,3,0,0,medium,2013-12-25,0,1,felony,0,828,0,0,0,0,0
male,caucasian,23,less than 25,5,5,1,0,medium,2013-04-25,1,3,felony,8,116,1,0,2,0,2
male,african-american,38,25 - 45,1,1,0,0,low,2014-02-06,0,0,felony,1,785,0,0,0,0,0
male,african-american,27,25 - 45,9,6,1,0,high,2013-04-09,1,18,felony,0,114,0,0,2,1,3
male,other,22,less than 25,9,7,0,0,high,2013-02-06,0,0,felony,15,1150,0,0,0,0,0
male,african-american,21,less than 25,3,5,0,0,low,2014-02-27,0,0,felony,0,764,0,0,0,1,1
female,african-american,22,less than 25,8,6,0,0,high,2013-12-05,0,0,felony,0,848,0,0,0,0,0
male,african-american,30,25 - 45,2,2,0,0,low,2013-01-15,0,0,felony,2,1172,0,0,0,0,0
male,caucasian,22,less than 25,4,6,1,1,low,2013-12-10,1,2,felony,0,70,1,0,0,0,0
male,african-american,30,25 - 45,8,3,1,0,high,2014-02-22,1,8,felony,1,382,1,0,0,0,0
female,african-american,31,25 - 45,6,2,0,0,medium,2013-04-14,0,10,felony,0,1083,0,0,0,0,0
female,caucasian,45,greater than 45,6,4,0,0,medium,2014-01-09,0,1,felony,1,813,0,0,0,0,0
male,african-american,23,less than 25,7,9,0,0,medium,2013-03-07,0,4,felony,0,320,0,0,0,0,0
male,caucasian,39,25 - 45,2,1,1,0,low,2013-07-19,1,2,felony,0,237,1,0,0,0,0
male,african-american,31,25 - 45,8,8,1,0,high,2013-11-23,1,0,felony,1,88,1,0,0,0,0
male,african-american,22,less than 25,4,6,1,0,low,2014-02-03,1,1,felony,0,418,1,0,0,0,0
male,african-american,27,25 - 45,7,3,1,1,medium,2013-09-05,1,13,felony,1,32,1,0,0,0,0
male,african-american,47,greater than 45,9,5,0,0,high,2014-02-03,0,20,felony,1,788,0,0,0,0,0
male,african-american,22,less than 25,7,7,0,0,medium,2013-10-01,0,3,felony,0,913,0,0,1,0,1
male,hispanic,23,less than 25,6,4,1,0,medium,2013-10-29,1,2,misdemeanor,0,282,1,0,0,0,0
male,african-american,35,25 - 45,4,3,0,0,low,2014-01-19,0,0,misdemeanor,0,803,0,0,0,0,0
female,african-american,33,25 - 45,3,2,0,0,low,2013-08-05,0,0,felony,0,551,0,0,0,0,0
male,caucasian,53,greater than 45,1,1,0,0,low,2013-06-17,0,1,misdemeanor,0,1019,0,0,0,0,0
male,hispanic,52,greater than 45,1,1,0,0,low,2013-11-05,0,0,felony,1,878,0,0,0,0,0
male,african-american,21,less than 25,5,7,0,0,medium,2013-12-12,0,0,felony,0,272,0,0,0,0,0
male,african-american,37,25 - 45,4,2,0,0,low,2014-01-22,0,11,felony,1,770,0,0,0,0,0
male,other,30,25 - 45,9,8,1,1,high,2013-04-15,1,4,misdemeanor,0,25,1,0,0,0,0
male,caucasian,33,25 - 45,5,2,0,0,medium,2014-01-21,0,5,felony,0,801,0,0,0,0,0
male,african-american,31,25 - 45,7,6,0,0,medium,2013-04-10,0,2,misdemeanor,0,1087,0,0,0,0,0
male,other,54,greater than 45,1,1,0,0,low,2014-02-02,0,0,felony,0,789,0,0,0,0,0
female,african-american,31,25 - 45,1,1,0,0,low,2014-01-31,0,0,misdemeanor,0,791,0,0,0,0,0
female,caucasian,59,greater than 45,3,1,0,0,low,2014-02-28,0,2,felony,0,26,0,0,0,0,0
male,african-american,27,25 - 45,2,2,0,0,low,2013-09-27,0,0,misdemeanor,0,917,0,0,0,0,0
male,african-american,36,25 - 45,7,2,1,1,medium,2013-10-14,1,0,misdemeanor,0,232,1,0,0,0,0
male,african-american,22,less than 25,9,8,0,0,high,2013-04-04,0,3,felony,323,1093,0,0,0,1,1
female,caucasian,28,25 - 45,2,2,0,0,low,2013-04-26,0,0,misdemeanor,0,364,0,0,0,0,0
male,hispanic,29,25 - 45,9,4,1,0,high,2013-09-23,1,7,felony,0,169,1,0,0,0,0
male,african-american,23,less than 25,10,9,1,1,high,2013-01-14,1,2,misdemeanor,80,133,1,0,0,1,1
male,african-american,27,25 - 45,4,3,0,0,low,2013-04-27,0,3,felony,0,472,0,0,0,0,0
male,asian,21,less than 25,6,6,1,1,medium,2013-05-24,1,0,felony,0,540,1,0,0,1,1
male,african-american,30,25 - 45,9,4,1,0,high,2013-12-06,1,15,felony,0,210,1,0,0,0,0
female,african-american,32,25 - 45,2,1,0,0,low,2013-11-15,0,2,felony,0,868,0,0,0,0,0
male,african-american,31,25 - 45,7,4,0,0,medium,2013-08-22,0,5,felony,6,111,0,0,0,0,0
male,african-american,36,25 - 45,5,2,0,0,medium,2013-09-25,0,4,misdemeanor,1,919,0,0,1,0,1
male,african-american,36,25 - 45,5,5,0,0,medium,2013-09-04,0,1,misdemeanor,0,940,0,0,0,0,0
male,african-american,44,25 - 45,8,5,1,0,high,2013-10-09,1,14,felony,1,366,1,0,0,0,0
male,caucasian,53,greater than 45,1,1,0,0,low,2013-05-03,0,2,felony,0,1064,0,0,0,0,0
male,african-american,33,25 - 45,2,1,1,0,low,2013-03-18,1,3,misdemeanor,1,67,1,0,0,0,0
male,african-american,21,less than 25,10,9,0,0,high,2014-01-14,0,2,felony,0,808,0,1,0,0,1
male,african-american,33,25 - 45,8,6,1,1,high,2013-08-19,1,4,felony,0,226,1,0,0,0,0
male,african-american,28,25 - 45,4,2,0,0,low,2013-05-05,0,2,misdemeanor,5,1062,0,0,0,0,0
male,african-american,24,less than 25,6,4,0,0,medium,2013-09-21,0,1,misdemeanor,0,923,0,0,0,0,0
male,african-american,44,25 - 45,1,1,0,0,low,2013-12-19,0,1,felony,0,442,0,0,0,0,0
male,african-american,46,greater than 45,1,1,0,0,low,2013-02-27,0,0,felony,0,1129,0,0,0,0,0
male,african-american,37,25 - 45,3,5,0,0,low,2013-03-24,0,6,felony,1,1104,0,0,0,0,0
male,african-american,26,25 - 45,6,4,1,0,medium,2014-02-25,1,10,misdemeanor,0,371,1,0,0,0,0
male,african-american,27,25 - 45,8,7,1,1,high,2013-08-22,1,10,felony,0,7,1,0,1,0,1
male,caucasian,40,25 - 45,2,1,0,0,low,2013-02-12,0,1,felony,1,1144,0,0,0,0,0
female,caucasian,60,greater than 45,3,1,1,0,low,2013-01-03,1,9,felony,0,33,1,0,0,0,0
male,caucasian,53,greater than 45,1,1,0,0,low,2014-03-21,0,1,felony,0,742,0,0,0,0,0
male,african-american,26,25 - 45,6,6,0,0,medium,2013-05-23,0,8,felony,0,840,0,0,1,0,1
male,african-american,28,25 - 45,1,3,0,0,low,2014-02-02,0,0,felony,0,789,0,0,0,0,0
male,hispanic,23,less than 25,4,5,0,0,low,2014-02-10,0,0,misdemeanor,0,781,0,0,0,0,0
female,caucasian,46,greater than 45,8,1,0,0,high,2013-02-12,0,2,felony,19,148,0,0,0,0,0
male,african-american,23,less than 25,5,4,1,0,medium,2013-02-05,1,0,felony,0,425,1,0,0,0,0
male,african-american,37,25 - 45,1,2,1,1,low,2013-07-09,1,5,felony,0,128,1,0,0,0,0
male,african-american,44,25 - 45,1,1,0,0,low,2013-04-10,0,1,misdemeanor,0,1087,0,0,0,1,1
male,african-american,50,greater than 45,8,6,1,0,high,2013-09-29,1,18,felony,248,255,0,0,0,0,0
male,african-american,45,greater than 45,1,1,0,0,low,2013-04-29,0,0,misdemeanor,1,1068,0,0,0,0,0
male,african-american,22,less than 25,5,7,0,0,medium,2014-02-28,0,1,felony,0,69,0,0,0,0,0
male,caucasian,26,25 - 45,2,3,1,1,low,2014-02-13,1,1,felony,16,213,1,0,0,0,0
male,caucasian,62,greater than 45,1,1,0,0,low,2013-01-10,0,0,felony,2,1177,0,0,0,0,0
male,caucasian,34,25 - 45,1,1,1,0,low,2013-10-29,1,0,misdemeanor,0,107,1,0,0,0,0
male,hispanic,24,less than 25,10,5,0,0,high,2013-08-08,0,1,felony,0,99,0,0,0,0,0
male,caucasian,21,less than 25,2,5,0,0,low,2013-01-14,0,0,misdemeanor,0,1173,0,0,0,0,0
male,caucasian,68,greater than 45,1,1,0,0,low,2013-01-08,0,0,misdemeanor,2,1179,0,0,0,0,0
male,caucasian,41,25 - 45,2,2,0,0,low,2014-02-20,0,2,misdemeanor,0,771,0,0,0,0,0
male,caucasian,21,less than 25,3,6,0,0,low,2013-03-02,0,1,felony,0,1126,0,0,0,0,0
female,hispanic,37,25 - 45,3,1,0,0,low,2014-02-03,0,1,felony,1,788,0,0,0,0,0
male,african-american,22,less than 25,8,5,0,0,high,2013-11-12,0,0,felony,0,871,0,0,0,0,0
male,caucasian,38,25 - 45,4,2,1,0,low,2013-11-07,1,11,felony,0,474,1,0,0,0,0
male,caucasian,42,25 - 45,1,1,0,0,low,2013-01-29,0,1,felony,0,1158,0,0,0,0,0
male,caucasian,22,less than 25,4,6,1,0,low,2013-04-26,1,1,felony,0,344,1,0,1,1,2
female,african-american,36,25 - 45,10,6,1,0,high,2013-01-05,1,4,felony,0,636,1,0,0,0,0
male,african-american,48,greater than 45,6,1,0,0,medium,2013-04-01,0,2,felony,1,1096,0,0,0,0,0
female,caucasian,45,greater than 45,1,1,0,0,low,2013-10-01,0,1,felony,0,913,0,0,0,0,0
male,african-american,23,less than 25,9,8,1,1,high,2014-03-13,1,6,felony,7,21,1,0,0,1,1
male,african-american,24,less than 25,8,7,0,0,high,2013-04-07,0,0,felony,1,1090,0,0,0,0,0
male,african-american,29,25 - 45,2,3,0,0,low,2013-04-25,0,0,felony,0,474,0,0,0,0,0
male,african-american,24,less than 25,3,4,0,0,low,2013-07-18,0,0,felony,0,988,0,0,0,0,0
male,african-american,50,greater than 45,9,6,0,0,high,2013-09-09,0,11,felony,2,935,0,0,0,0,0
male,african-american,23,less than 25,2,4,0,0,low,2013-03-05,0,0,felony,0,1123,0,0,0,0,0
female,caucasian,22,less than 25,5,6,0,0,medium,2013-01-05,0,0,misdemeanor,1,1182,0,0,0,0,0
male,other,36,25 - 45,1,1,0,0,low,2013-11-13,0,0,felony,6,870,0,0,0,0,0
male,african-american,21,less than 25,10,9,1,0,high,2013-02-14,1,0,felony,0,233,0,0,0,0,0
female,caucasian,53,greater than 45,1,1,0,0,low,2013-10-23,0,0,felony,1,369,0,0,0,0,0
male,caucasian,24,less than 25,3,3,0,0,low,2014-01-13,0,1,felony,0,58,0,0,0,0,0
male,african-american,25,25 - 45,5,5,1,0,medium,2013-02-02,1,7,misdemeanor,0,74,0,0,1,1,2
female,african-american,25,25 - 45,9,5,0,0,high,2014-01-03,0,1,misdemeanor,0,819,0,0,0,0,0
male,african-american,71,greater than 45,1,2,0,0,low,2013-05-17,0,8,felony,24,1050,0,0,0,0,0
male,african-american,39,25 - 45,9,3,0,0,high,2013-01-12,0,10,misdemeanor,40,238,0,0,4,0,4
female,african-american,37,25 - 45,5,3,0,0,medium,2014-01-11,0,0,felony,37,811,0,0,0,0,0
female,african-american,29,25 - 45,5,4,0,0,medium,2013-08-13,0,3,felony,0,962,0,0,0,0,0
male,african-american,26,25 - 45,7,7,1,0,medium,2013-04-25,1,4,felony,82,423,1,0,0,0,0
male,hispanic,35,25 - 45,7,7,0,0,medium,2013-01-15,0,5,felony,0,1172,0,0,0,0,0
female,african-american,47,greater than 45,10,2,1,0,high,2013-10-09,1,19,felony,30,111,0,0,0,0,0
male,other,21,less than 25,4,6,1,0,low,2013-10-12,1,1,felony,0,118,1,0,0,0,0
female,other,23,less than 25,10,10,0,0,high,2014-01-10,0,0,misdemeanor,0,812,0,0,0,0,0
female,caucasian,20,less than 25,8,6,1,0,high,2014-01-01,1,1,felony,16,721,1,0,0,0,0
female,african-american,23,less than 25,2,3,0,0,low,2014-03-07,0,0,felony,0,756,0,0,0,0,0
male,native american,27,25 - 45,7,4,0,0,medium,2013-11-05,0,3,misdemeanor,1,878,0,0,0,0,0
male,caucasian,55,greater than 45,2,1,1,0,low,2013-08-15,1,18,felony,0,56,0,0,0,0,0
female,african-american,53,greater than 45,1,1,0,0,low,2013-09-23,0,0,felony,0,921,0,0,0,0,0
female,african-american,23,less than 25,7,7,1,0,medium,2013-05-05,0,0,felony,0,1022,1,0,0,0,0
male,african-american,25,25 - 45,6,5,1,0,medium,2013-01-04,0,6,felony,5,523,0,0,0,0,0
male,other,23,less than 25,4,6,0,0,low,2013-08-04,0,2,misdemeanor,0,221,0,0,0,0,0
male,african-american,27,25 - 45,9,7,1,1,high,2014-03-11,1,4,felony,0,216,1,0,0,0,0
male,african-american,26,25 - 45,3,4,0,0,low,2013-10-10,0,2,misdemeanor,0,904,0,0,0,0,0
male,african-american,29,25 - 45,4,3,0,0,low,2013-05-20,0,1,misdemeanor,2,763,0,0,0,0,0
male,hispanic,28,25 - 45,2,2,0,0,low,2013-04-18,0,0,felony,0,1079,0,0,0,0,0
male,african-american,31,25 - 45,2,1,0,0,low,2013-09-22,0,0,misdemeanor,0,922,0,0,0,0,0
male,african-american,41,25 - 45,6,3,1,0,medium,2013-11-27,1,8,felony,0,642,1,0,0,0,0
male,caucasian,25,25 - 45,2,3,0,0,low,2013-05-28,0,0,misdemeanor,0,1039,0,0,0,0,0
male,caucasian,47,greater than 45,1,1,0,0,low,2014-02-24,0,0,misdemeanor,0,767,0,0,0,0,0
male,african-american,37,25 - 45,2,1,0,0,low,2013-03-31,0,4,felony,0,134,0,0,0,0,0
female,african-american,35,25 - 45,5,3,0,0,medium,2013-08-24,0,4,felony,1,951,0,0,0,0,0
male,caucasian,24,less than 25,4,6,1,0,low,2013-08-13,1,1,misdemeanor,1,159,1,0,0,0,0
male,caucasian,22,less than 25,4,6,1,0,low,2013-08-12,1,0,felony,3,649,1,0,0,0,0
male,african-american,57,greater than 45,6,5,0,0,medium,2013-10-11,0,11,felony,139,903,0,0,0,0,0
male,caucasian,48,greater than 45,7,4,0,0,medium,2013-12-30,0,0,felony,10,360,0,0,0,0,0
male,other,36,25 - 45,1,1,0,0,low,2013-03-06,0,0,felony,4,1122,0,0,0,0,0
female,african-american,37,25 - 45,7,4,0,0,medium,2014-01-09,0,3,felony,27,813,0,0,0,0,0
male,caucasian,31,25 - 45,1,2,0,0,low,2013-01-01,0,0,misdemeanor,5,1186,0,0,0,0,0
male,caucasian,31,25 - 45,3,2,0,0,low,2013-05-10,0,2,misdemeanor,0,1057,0,0,0,0,0
male,african-american,24,less than 25,5,4,1,0,medium,2014-01-26,1,0,felony,0,72,0,0,0,0,0
male,african-american,32,25 - 45,9,10,1,1,high,2013-10-20,1,22,felony,0,152,1,0,0,1,1
female,other,23,less than 25,4,5,0,0,low,2014-02-22,0,0,misdemeanor,0,769,0,0,0,0,0
male,african-american,63,greater than 45,1,1,0,0,low,2013-10-24,0,0,misdemeanor,0,890,0,0,0,0,0
male,other,30,25 - 45,1,2,0,0,low,2013-09-23,0,0,felony,0,921,0,0,0,0,0
male,caucasian,26,25 - 45,5,4,1,1,medium,2013-05-14,1,2,felony,0,572,1,0,0,0,0
male,caucasian,48,greater than 45,3,2,0,0,low,2013-05-23,0,2,misdemeanor,0,1044,0,0,0,0,0
male,caucasian,20,less than 25,4,7,0,0,low,2014-03-12,0,0,felony,0,751,0,0,0,2,2
female,african-american,24,less than 25,5,4,1,1,medium,2013-08-12,1,1,misdemeanor,0,255,1,0,0,0,0
female,african-american,36,25 - 45,2,2,0,0,low,2014-01-13,0,1,misdemeanor,0,809,0,0,0,0,0
male,hispanic,83,greater than 45,1,1,0,0,low,2013-01-06,0,0,misdemeanor,1,1181,0,0,0,0,0
male,caucasian,28,25 - 45,6,6,0,0,medium,2013-10-15,0,2,felony,0,899,0,0,0,0,0
male,african-american,36,25 - 45,2,1,1,0,low,2013-01-11,1,3,felony,0,376,1,0,0,0,0
female,african-american,33,25 - 45,2,2,0,0,low,2014-01-17,0,0,misdemeanor,1,805,0,0,0,0,0
male,african-american,39,25 - 45,3,2,0,0,low,2013-01-13,0,0,felony,0,1174,0,0,0,0,0
male,other,29,25 - 45,7,5,0,0,medium,2013-12-20,0,3,misdemeanor,0,833,0,0,0,0,0
male,african-american,30,25 - 45,10,5,1,0,high,2013-08-16,1,17,felony,0,106,1,0,0,0,0
female,caucasian,19,less than 25,6,8,1,1,medium,2013-01-07,1,1,misdemeanor,0,139,1,1,1,0,2
male,hispanic,36,25 - 45,7,6,0,0,medium,2013-06-11,0,11,felony,0,916,0,0,0,0,0
female,caucasian,29,25 - 45,5,5,0,0,medium,2014-02-13,0,1,felony,0,778,0,0,0,0,0
male,african-american,35,25 - 45,6,2,0,0,medium,2014-02-11,0,7,felony,0,780,0,0,0,0,0
male,african-american,24,less than 25,3,3,0,0,low,2014-03-22,0,0,felony,0,741,0,0,0,1,1
male,caucasian,26,25 - 45,2,2,0,0,low,2013-09-28,0,0,misdemeanor,0,773,0,0,0,0,0
male,caucasian,26,25 - 45,4,4,0,0,low,2013-08-20,0,8,felony,1,955,0,0,0,0,0
male,african-american,52,greater than 45,6,1,0,0,medium,2013-09-16,0,7,misdemeanor,0,928,0,0,0,0,0
male,african-american,28,25 - 45,7,8,1,1,medium,2013-03-20,1,14,felony,0,295,1,0,0,0,0
male,african-american,32,25 - 45,5,2,0,0,medium,2013-03-08,0,0,misdemeanor,0,1120,0,0,0,0,0
male,african-american,33,25 - 45,8,6,1,0,high,2013-01-27,1,5,misdemeanor,6,56,1,0,0,0,0
male,african-american,29,25 - 45,10,7,0,0,high,2013-04-11,0,16,felony,16,788,0,0,1,0,1
female,other,37,25 - 45,1,1,1,0,low,2013-04-30,1,0,misdemeanor,0,13,1,0,0,0,0
male,caucasian,43,25 - 45,1,1,0,0,low,2013-02-20,0,0,misdemeanor,0,1136,0,0,0,0,0
male,caucasian,47,greater than 45,4,5,0,0,low,2014-03-24,0,2,felony,0,739,0,0,0,0,0
male,african-american,25,25 - 45,6,5,1,0,medium,2014-02-23,1,3,misdemeanor,2,311,1,0,0,0,0
female,african-american,23,less than 25,3,3,0,0,low,2013-05-17,0,1,felony,1,1050,0,0,0,0,0
male,caucasian,39,25 - 45,2,2,1,0,low,2013-09-04,0,2,misdemeanor,0,755,1,0,0,0,0
male,african-american,35,25 - 45,8,7,1,0,high,2013-09-09,1,13,felony,4,192,1,0,0,0,0
male,other,33,25 - 45,1,2,0,0,low,2013-08-21,0,0,felony,0,80,0,0,0,0,0
male,other,21,less than 25,3,7,1,1,low,2013-03-31,1,0,felony,0,20,1,0,0,0,0
male,african-american,43,25 - 45,8,4,0,0,high,2013-01-29,0,20,felony,1,51,0,1,0,0,1
male,african-american,25,25 - 45,8,9,1,1,high,2013-08-15,1,3,felony,0,369,1,0,1,1,2
male,african-american,48,greater than 45,10,9,1,1,high,2014-03-19,1,25,felony,5,18,0,1,0,0,1
male,african-american,22,less than 25,7,9,1,1,medium,2013-01-01,1,1,misdemeanor,0,28,1,0,0,1,1
male,african-american,52,greater than 45,8,2,1,1,high,2013-04-08,1,9,misdemeanor,38,64,1,1,0,0,1
male,african-american,34,25 - 45,2,2,0,0,low,2013-04-17,0,4,misdemeanor,0,1080,0,0,0,0,0
male,caucasian,56,greater than 45,1,1,1,0,low,2013-04-12,0,4,misdemeanor,0,827,0,0,0,0,0
male,african-american,28,25 - 45,4,5,1,0,low,2013-03-31,1,1,felony,4,170,1,0,0,0,0
male,african-american,29,25 - 45,4,5,0,0,low,2014-01-03,0,2,misdemeanor,0,819,0,0,0,0,0
female,african-american,24,less than 25,5,6,1,0,medium,2013-11-01,1,0,misdemeanor,0,142,0,0,0,0,0
male,other,43,25 - 45,2,2,0,0,low,2013-05-06,0,3,felony,0,1061,0,0,0,0,0
male,caucasian,51,greater than 45,1,1,0,0,low,2013-12-03,0,0,felony,0,850,0,0,0,0,0
male,caucasian,26,25 - 45,7,4,1,0,medium,2014-01-29,1,4,misdemeanor,580,620,1,0,0,0,0
male,african-american,21,less than 25,8,7,0,0,high,2014-03-22,0,1,felony,1,741,0,0,0,1,1
male,african-american,21,less than 25,9,6,1,0,high,2013-04-23,1,1,felony,2,35,1,0,1,1,2
male,caucasian,24,less than 25,4,4,1,0,low,2013-04-06,1,3,felony,0,46,1,0,2,0,2
male,african-american,26,25 - 45,8,9,1,1,high,2013-04-06,1,4,misdemeanor,0,50,1,0,1,0,1
male,caucasian,48,greater than 45,2,1,0,0,low,2013-05-28,0,1,felony,1,72,0,0,0,0,0
male,african-american,24,less than 25,5,4,1,0,medium,2014-03-29,1,5,felony,1,633,1,0,1,0,1
male,caucasian,26,25 - 45,4,3,0,0,low,2014-03-16,0,0,felony,0,747,0,0,0,0,0
male,caucasian,46,greater than 45,1,1,0,0,low,2013-09-06,0,0,felony,0,938,0,0,0,0,0
female,hispanic,30,25 - 45,2,2,0,0,low,2013-02-25,0,1,misdemeanor,0,1131,0,0,0,0,0
male,african-american,24,less than 25,9,7,0,0,high,2013-05-09,0,7,misdemeanor,0,333,0,0,1,1,2
female,caucasian,21,less than 25,5,7,0,0,medium,2013-04-30,0,0,misdemeanor,0,1067,0,0,0,0,0
male,african-american,24,less than 25,3,5,1,0,low,2013-01-09,1,1,felony,0,473,1,0,0,0,0
male,african-american,30,25 - 45,7,5,0,0,medium,2014-03-10,0,1,felony,0,753,0,0,0,0,0
male,african-american,36,25 - 45,8,2,0,0,high,2013-02-13,0,9,misdemeanor,2,363,0,0,0,0,0
male,african-american,30,25 - 45,4,3,1,1,low,2013-01-30,1,5,felony,0,95,1,0,0,0,0
female,caucasian,22,less than 25,6,7,0,0,medium,2013-07-02,0,1,felony,0,554,0,0,0,0,0
male,african-american,25,25 - 45,9,8,1,1,high,2013-02-09,1,0,felony,9,67,1,0,0,0,0
male,african-american,31,25 - 45,8,7,1,0,high,2013-05-06,1,25,misdemeanor,117,245,1,0,3,0,3
male,african-american,24,less than 25,4,5,0,0,low,2013-04-25,0,0,felony,1,424,0,0,0,0,0
male,african-american,39,25 - 45,8,6,1,1,high,2013-09-25,1,13,felony,1,127,0,0,0,0,0
male,other,46,greater than 45,1,1,0,0,low,2013-09-20,0,0,felony,4,75,0,0,0,0,0
male,african-american,48,greater than 45,1,2,1,0,low,2013-01-02,1,5,misdemeanor,0,389,1,0,0,0,0
female,african-american,30,25 - 45,3,3,0,0,low,2013-03-06,0,4,felony,0,8,0,0,0,0,0
male,caucasian,40,25 - 45,2,1,0,0,low,2013-04-10,0,0,felony,22,1087,0,0,0,0,0
female,african-american,52,greater than 45,1,1,0,0,low,2014-01-17,0,0,felony,1,805,0,0,0,0,0
male,african-american,23,less than 25,9,10,0,0,high,2013-01-31,0,3,felony,33,985,0,1,0,1,2
female,african-american,26,25 - 45,2,2,0,0,low,2013-09-09,0,1,misdemeanor,0,935,0,0,0,0,0
male,caucasian,22,less than 25,8,6,1,0,high,2013-08-28,1,1,felony,19,79,0,0,1,0,1
male,caucasian,42,25 - 45,4,2,0,0,low,2013-01-27,0,3,felony,1,1030,0,0,0,0,0
male,african-american,23,less than 25,10,6,1,0,high,2013-04-23,1,6,felony,666,1001,1,0,3,1,4
male,other,33,25 - 45,3,2,1,0,low,2014-01-24,1,4,felony,1,58,0,0,0,0,0
male,african-american,28,25 - 45,3,2,0,0,low,2014-01-14,0,1,felony,1,808,0,0,0,0,0
female,caucasian,37,25 - 45,4,2,0,0,low,2013-02-26,0,4,misdemeanor,0,1130,0,0,0,0,0
male,caucasian,50,greater than 45,1,1,1,0,low,2013-03-16,0,1,felony,0,746,1,0,0,0,0
male,native american,38,25 - 45,10,7,1,0,high,2013-10-25,1,25,misdemeanor,0,415,1,0,0,1,1
male,african-american,32,25 - 45,7,2,0,0,medium,2014-03-01,0,1,felony,0,762,0,0,0,0,0
male,hispanic,24,less than 25,6,6,1,0,medium,2014-02-23,1,3,felony,97,483,1,0,0,0,0
male,african-american,51,greater than 45,2,1,0,0,low,2014-01-29,0,3,felony,0,793,0,0,0,0,0
male,african-american,32,25 - 45,5,2,0,0,medium,2013-10-22,0,4,felony,108,892,0,0,0,0,0
female,caucasian,31,25 - 45,3,3,1,0,low,2013-08-02,1,1,felony,0,72,0,0,0,0,0
female,african-american,29,25 - 45,5,4,0,0,medium,2013-08-14,0,1,felony,0,7,0,0,0,0,0
male,hispanic,43,25 - 45,1,1,0,0,low,2013-09-21,0,0,misdemeanor,0,923,0,0,0,0,0
male,african-american,26,25 - 45,7,7,1,1,medium,2013-01-30,1,9,felony,10,90,0,0,0,0,0
male,caucasian,27,25 - 45,10,5,1,0,high,2013-02-05,1,0,felony,27,244,1,0,0,0,0
male,hispanic,27,25 - 45,1,2,0,0,low,2014-03-03,0,1,misdemeanor,0,760,0,0,0,0,0
female,hispanic,57,greater than 45,2,1,0,0,low,2013-05-13,0,1,misdemeanor,0,1054,0,0,0,0,0
male,african-american,28,25 - 45,6,3,1,0,medium,2013-02-17,1,3,misdemeanor,1,7,1,0,0,0,0
male,african-american,32,25 - 45,1,2,1,1,low,2013-11-19,1,3,felony,2,203,1,0,0,0,0
male,african-american,27,25 - 45,3,2,1,0,low,2013-05-16,1,5,misdemeanor,0,242,1,0,0,0,0
male,hispanic,45,greater than 45,1,1,1,0,low,2013-10-05,1,0,misdemeanor,2,108,1,0,0,0,0
female,caucasian,42,25 - 45,1,1,0,0,low,2013-11-19,0,0,misdemeanor,0,864,0,0,0,0,0
male,african-american,33,25 - 45,2,1,1,0,low,2014-03-02,1,0,felony,0,367,1,0,0,0,0
male,caucasian,26,25 - 45,4,4,1,1,low,2013-07-03,0,4,misdemeanor,0,781,1,0,0,0,0
female,caucasian,28,25 - 45,4,3,0,0,low,2014-01-30,0,3,misdemeanor,44,792,0,0,0,1,1
female,caucasian,53,greater than 45,1,1,0,0,low,2013-12-09,0,0,misdemeanor,0,844,0,0,0,0,0
male,caucasian,24,less than 25,2,3,0,0,low,2013-04-13,0,0,felony,0,1084,0,0,0,0,0
male,hispanic,28,25 - 45,2,2,0,0,low,2013-02-05,0,1,felony,0,1151,0,0,0,0,0
male,hispanic,28,25 - 45,5,4,0,0,medium,2013-12-07,0,1,felony,1,54,0,0,0,0,0
male,african-american,39,25 - 45,7,4,1,0,medium,2013-02-03,1,6,misdemeanor,35,87,1,0,0,1,1
male,african-american,22,less than 25,7,6,1,0,medium,2013-12-07,1,1,felony,0,20,1,0,0,0,0
male,african-american,46,greater than 45,2,2,1,0,low,2013-01-22,1,2,felony,9,91,1,0,0,0,0
male,african-american,25,25 - 45,2,4,0,0,low,2013-12-06,0,0,misdemeanor,1,847,0,0,0,0,0
male,caucasian,52,greater than 45,5,3,0,0,medium,2013-08-22,0,1,felony,0,953,0,0,0,0,0
male,african-american,28,25 - 45,2,3,1,1,low,2013-11-20,1,4,misdemeanor,0,20,1,0,0,0,0
female,caucasian,57,greater than 45,1,1,1,0,low,2013-02-22,1,1,felony,0,434,1,0,0,0,0
male,african-american,49,greater than 45,1,1,1,0,low,2014-01-13,1,3,felony,0,270,1,0,0,0,0
male,african-american,32,25 - 45,10,10,1,1,high,2014-02-11,1,19,felony,14,140,1,0,0,0,0
male,african-american,63,greater than 45,9,1,0,0,high,2013-03-12,0,3,misdemeanor,219,1116,0,0,0,0,0
male,caucasian,29,25 - 45,3,3,0,0,low,2013-01-22,0,2,felony,2,1165,0,0,0,0,0
male,african-american,46,greater than 45,1,1,0,0,low,2013-09-21,0,0,misdemeanor,1,923,0,0,0,0,0
male,african-american,23,less than 25,10,8,1,1,high,2013-10-11,1,5,felony,0,63,1,0,0,0,0
male,african-american,28,25 - 45,7,5,1,0,medium,2014-02-06,1,10,misdemeanor,0,68,1,0,0,0,0
male,african-american,27,25 - 45,2,3,0,0,low,2013-11-04,0,1,felony,0,590,0,0,0,0,0
female,hispanic,69,greater than 45,1,1,0,0,low,2014-02-17,0,0,misdemeanor,0,774,0,0,0,0,0
male,hispanic,47,greater than 45,1,1,0,0,low,2014-03-31,0,0,misdemeanor,0,732,0,0,0,0,0
male,hispanic,45,greater than 45,3,3,0,0,low,2013-05-15,0,1,felony,127,1052,0,0,0,0,0
female,caucasian,33,25 - 45,1,1,0,0,low,2014-01-24,0,1,misdemeanor,0,798,0,0,0,0,0
female,hispanic,27,25 - 45,2,2,1,0,low,2014-03-11,1,0,misdemeanor,1,344,1,0,0,0,0
male,caucasian,47,greater than 45,5,6,1,0,medium,2013-07-02,1,4,felony,0,617,1,0,0,0,0
male,african-american,32,25 - 45,9,6,1,1,high,2013-05-10,1,14,felony,1,413,0,0,0,0,0
male,african-american,24,less than 25,7,5,0,0,medium,2013-05-21,0,2,felony,0,317,0,0,0,0,0
male,hispanic,47,greater than 45,4,1,0,0,low,2013-10-07,0,0,misdemeanor,0,907,0,0,0,0,0
male,caucasian,25,25 - 45,5,3,0,0,medium,2014-03-05,0,1,felony,0,257,0,0,0,0,0
male,african-american,21,less than 25,8,7,0,0,high,2013-11-23,0,1,felony,108,860,0,0,0,0,0
male,african-american,25,25 - 45,2,3,1,0,low,2014-03-12,1,2,misdemeanor,0,253,1,0,0,0,0
female,caucasian,26,25 - 45,6,6,0,0,medium,2013-01-17,0,0,felony,0,1170,0,0,0,0,0
male,caucasian,20,less than 25,4,6,0,0,low,2014-03-11,0,0,felony,0,752,0,0,0,0,0
male,african-american,45,greater than 45,5,4,1,0,medium,2013-09-09,1,0,felony,0,145,1,0,0,0,0
male,african-american,33,25 - 45,7,9,1,1,medium,2013-01-03,1,7,felony,79,194,1,0,0,0,0
male,caucasian,35,25 - 45,1,2,0,0,low,2014-02-04,0,2,felony,0,787,0,0,0,0,0
male,caucasian,41,25 - 45,1,1,0,0,low,2013-11-26,0,5,felony,0,857,0,0,0,0,0
male,caucasian,23,less than 25,3,5,0,0,low,2013-01-16,0,0,misdemeanor,2,1171,0,0,0,0,0
female,caucasian,21,less than 25,5,5,1,0,medium,2014-03-10,1,0,misdemeanor,0,24,1,0,1,0,1
male,african-american,54,greater than 45,1,1,0,0,low,2013-02-23,0,0,felony,1,1133,0,0,0,0,0
male,caucasian,22,less than 25,3,5,0,0,low,2013-10-10,0,0,misdemeanor,0,97,0,0,0,0,0
male,african-american,23,less than 25,6,5,1,0,medium,2013-08-25,1,2,felony,5,13,1,0,0,0,0
male,hispanic,30,25 - 45,1,2,0,0,low,2013-12-17,0,1,misdemeanor,0,836,0,0,0,0,0
male,african-american,36,25 - 45,8,3,1,0,high,2013-11-20,1,5,misdemeanor,0,121,0,0,0,0,0
female,hispanic,24,less than 25,6,3,1,1,medium,2013-12-20,1,2,felony,0,48,1,0,0,0,0
male,african-american,29,25 - 45,7,5,1,0,medium,2013-08-07,1,10,felony,22,377,1,0,0,1,1
male,african-american,54,greater than 45,5,4,1,1,medium,2013-03-17,1,4,misdemeanor,78,79,1,0,0,0,0
male,caucasian,22,less than 25,5,6,1,1,medium,2013-08-29,1,2,misdemeanor,13,179,1,0,0,0,0
male,caucasian,38,25 - 45,1,1,0,0,low,2013-12-11,0,2,felony,0,84,0,0,0,0,0
male,african-american,26,25 - 45,4,3,1,1,low,2013-02-02,1,0,misdemeanor,0,4,1,0,0,0,0
female,african-american,20,less than 25,4,6,0,0,low,2014-02-11,0,0,felony,0,780,0,0,0,0,0
male,hispanic,56,greater than 45,1,1,0,0,low,2013-04-10,0,0,misdemeanor,0,1087,0,0,0,0,0
male,african-american,52,greater than 45,1,1,1,0,low,2013-09-30,1,6,misdemeanor,2,682,1,0,0,0,0
male,african-american,29,25 - 45,1,2,0,0,low,2013-04-12,0,0,felony,1,209,0,0,0,0,0
female,african-american,23,less than 25,7,5,0,0,medium,2013-12-16,0,6,misdemeanor,0,837,0,0,0,0,0
male,african-american,35,25 - 45,1,1,0,0,low,2014-01-22,0,1,misdemeanor,8,800,0,0,0,0,0
male,caucasian,32,25 - 45,9,10,1,0,high,2013-11-12,1,8,felony,0,215,0,0,0,0,0
male,african-american,21,less than 25,7,6,1,1,medium,2013-11-20,1,1,misdemeanor,0,30,1,0,0,0,0
male,hispanic,25,25 - 45,3,6,0,0,low,2013-10-08,0,0,felony,0,906,0,0,0,0,0
male,african-american,32,25 - 45,2,2,1,0,low,2013-12-23,1,5,misdemeanor,0,674,1,0,1,0,1
female,african-american,30,25 - 45,4,4,0,0,low,2014-01-12,0,3,felony,25,810,0,0,0,0,0
male,african-american,23,less than 25,7,6,1,1,medium,2013-04-25,1,2,felony,5,530,1,0,0,0,0
male,caucasian,32,25 - 45,4,4,1,0,low,2013-07-29,0,8,felony,0,877,1,1,0,0,1
male,caucasian,52,greater than 45,1,1,0,0,low,2013-12-11,0,1,felony,0,771,0,0,0,0,0
male,african-american,29,25 - 45,10,9,1,0,high,2013-01-04,1,6,felony,39,257,1,0,0,0,0
male,caucasian,42,25 - 45,1,1,0,0,low,2013-08-16,0,0,misdemeanor,0,959,0,0,0,0,0
male,african-american,21,less than 25,8,9,1,0,high,2013-02-24,1,0,felony,1,170,1,0,0,1,1
female,caucasian,36,25 - 45,9,3,1,0,high,2014-01-31,1,4,felony,0,110,0,0,0,0,0
female,african-american,22,less than 25,3,4,0,0,low,2014-01-06,0,0,misdemeanor,0,816,0,0,0,0,0
male,hispanic,45,greater than 45,1,2,0,0,low,2013-01-26,0,2,felony,46,1161,0,0,0,0,0
male,african-american,29,25 - 45,2,3,0,0,low,2013-11-10,0,0,misdemeanor,0,873,0,0,0,0,0
male,african-american,54,greater than 45,2,3,0,0,low,2013-09-09,0,2,misdemeanor,0,935,0,0,0,0,0
male,african-american,30,25 - 45,5,3,1,1,medium,2013-01-24,1,6,felony,2,132,0,0,0,0,0
male,african-american,51,greater than 45,4,1,0,0,low,2013-10-23,0,17,misdemeanor,0,891,0,0,0,0,0
male,hispanic,45,greater than 45,3,1,1,0,low,2013-04-27,1,20,felony,2,703,1,0,0,0,0
male,hispanic,24,less than 25,2,4,1,0,low,2013-08-07,1,1,felony,0,190,0,0,0,0,0
male,caucasian,24,less than 25,6,5,0,0,medium,2013-10-01,0,2,felony,0,30,0,0,0,0,0
male,african-american,23,less than 25,7,6,0,0,medium,2013-02-04,0,2,misdemeanor,4,1152,0,0,0,0,0
female,other,42,25 - 45,3,2,0,0,low,2013-04-27,0,2,misdemeanor,0,496,0,0,0,0,0
male,african-american,36,25 - 45,4,2,0,0,low,2013-12-12,0,5,felony,0,841,0,0,0,0,0
male,hispanic,69,greater than 45,1,1,0,0,low,2014-03-31,0,0,misdemeanor,0,732,0,0,0,0,0
male,hispanic,21,less than 25,5,6,1,0,medium,2013-11-18,1,1,felony,0,528,1,0,0,1,1
male,hispanic,59,greater than 45,1,1,0,0,low,2013-04-27,0,1,misdemeanor,0,1070,0,0,0,0,0
male,african-american,39,25 - 45,6,1,0,0,medium,2014-01-14,0,1,felony,0,808,0,0,0,0,0
male,african-american,29,25 - 45,6,3,0,0,medium,2013-05-06,0,2,felony,37,1061,0,0,0,0,0
male,hispanic,22,less than 25,7,5,1,0,medium,2013-03-02,1,1,misdemeanor,2,141,0,0,0,0,0
male,african-american,28,25 - 45,4,6,0,0,low,2014-02-16,0,1,felony,0,775,0,0,0,0,0
male,caucasian,44,25 - 45,3,1,0,0,low,2013-03-22,0,6,felony,0,1106,0,0,0,0,0
male,african-american,25,25 - 45,5,6,0,0,medium,2013-02-17,0,2,felony,57,744,0,0,0,0,0
male,african-american,31,25 - 45,10,10,0,0,high,2014-01-20,0,0,felony,0,802,0,0,0,0,0
male,african-american,35,25 - 45,7,2,1,1,medium,2013-02-03,1,17,misdemeanor,1,39,0,0,1,0,1
male,african-american,33,25 - 45,5,4,0,0,medium,2013-11-23,0,1,felony,2,860,0,0,0,0,0
male,african-american,28,25 - 45,9,6,1,0,high,2013-09-08,1,6,felony,0,95,1,0,0,0,0
male,caucasian,60,greater than 45,1,1,0,0,low,2014-03-03,0,1,felony,0,760,0,0,0,0,0
male,hispanic,53,greater than 45,1,1,0,0,low,2014-01-19,0,0,misdemeanor,1,803,0,0,0,0,0
male,hispanic,51,greater than 45,1,1,1,0,low,2013-05-22,1,0,felony,1,43,1,0,0,0,0
male,hispanic,25,25 - 45,2,3,0,0,low,2013-12-11,0,1,felony,0,842,0,0,0,0,0
male,african-american,27,25 - 45,7,8,1,1,medium,2013-12-13,1,5,felony,0,75,1,2,1,0,3
female,african-american,54,greater than 45,1,1,0,0,low,2013-12-16,0,0,felony,0,837,0,0,0,0,0
female,african-american,26,25 - 45,5,5,0,0,medium,2014-01-09,0,3,misdemeanor,0,813,0,0,0,1,1
male,caucasian,24,less than 25,4,5,0,0,low,2014-03-05,0,3,misdemeanor,1,758,0,1,2,0,3
male,hispanic,55,greater than 45,2,1,1,0,low,2013-01-17,1,1,felony,1,22,1,0,0,0,0
male,hispanic,26,25 - 45,3,3,0,0,low,2013-03-25,0,0,felony,1,49,0,0,0,0,0
female,african-american,75,greater than 45,1,1,0,0,low,2013-08-01,0,5,felony,0,974,0,0,0,0,0
male,african-american,36,25 - 45,5,3,1,0,medium,2013-10-29,1,16,felony,0,189,1,0,0,0,0
male,african-american,56,greater than 45,3,3,0,0,low,2013-11-19,0,8,felony,0,864,0,0,0,0,0
male,other,34,25 - 45,2,2,1,0,low,2014-02-24,1,0,felony,1,367,0,0,0,0,0
female,african-american,25,25 - 45,7,7,1,0,medium,2013-02-17,1,5,misdemeanor,46,86,1,0,0,0,0
male,caucasian,46,greater than 45,1,1,0,0,low,2013-03-25,0,0,felony,0,1103,0,0,0,0,0
male,african-american,27,25 - 45,2,5,0,0,low,2013-01-19,0,1,felony,7,1168,0,0,0,0,0
male,african-american,24,less than 25,6,6,0,0,medium,2014-02-04,0,1,misdemeanor,0,787,0,0,0,0,0
male,african-american,28,25 - 45,3,2,1,0,low,2014-01-13,1,3,misdemeanor,0,269,1,0,0,0,0
male,african-american,42,25 - 45,8,6,1,0,high,2013-05-20,1,13,misdemeanor,0,186,1,1,0,1,2
male,african-american,59,greater than 45,1,1,0,0,low,2013-04-29,0,2,misdemeanor,0,1068,0,0,0,0,0
male,caucasian,39,25 - 45,1,1,0,0,low,2013-12-20,0,1,felony,0,833,0,0,0,0,0
male,caucasian,46,greater than 45,4,1,0,0,low,2013-04-19,0,5,misdemeanor,11,1078,0,0,0,0,0
male,other,25,25 - 45,2,3,0,0,low,2013-01-15,0,1,felony,0,1172,0,0,0,0,0
male,caucasian,55,greater than 45,1,1,0,0,low,2013-04-03,0,2,felony,1,925,0,0,0,0,0
male,african-american,35,25 - 45,10,5,1,0,high,2014-02-04,1,1,misdemeanor,0,58,1,0,0,0,0
male,african-american,43,25 - 45,1,1,1,1,low,2014-03-27,1,0,misdemeanor,0,256,1,0,0,0,0
female,caucasian,53,greater than 45,1,1,0,0,low,2014-02-06,0,0,misdemeanor,1,785,0,0,0,0,0
female,african-american,21,less than 25,5,6,0,0,medium,2013-12-27,0,0,misdemeanor,0,826,0,0,0,0,0
male,african-american,55,greater than 45,10,4,1,0,high,2013-04-27,1,17,felony,25,419,1,0,0,0,0
male,african-american,27,25 - 45,3,3,1,0,low,2013-03-15,1,1,felony,0,56,1,0,0,0,0
male,african-american,40,25 - 45,1,1,0,0,low,2013-04-08,0,0,felony,1,1089,0,0,0,0,0
female,caucasian,37,25 - 45,1,1,0,0,low,2014-03-08,0,0,misdemeanor,0,755,0,0,0,0,0
male,caucasian,32,25 - 45,2,2,1,0,low,2013-05-08,1,2,misdemeanor,4,86,0,0,0,0,0
male,african-american,32,25 - 45,2,2,0,0,low,2013-08-10,0,2,misdemeanor,1,965,0,0,0,0,0
male,african-american,36,25 - 45,5,3,1,0,medium,2013-12-15,1,4,misdemeanor,2,79,1,0,0,0,0
male,hispanic,22,less than 25,3,5,0,0,low,2014-03-10,0,0,misdemeanor,0,422,0,0,0,0,0
female,african-american,31,25 - 45,8,5,0,0,high,2013-09-17,0,0,felony,1,927,0,0,0,0,0
female,african-american,26,25 - 45,7,5,1,0,medium,2013-09-13,1,4,felony,1,158,1,0,0,0,0
female,caucasian,50,greater than 45,6,3,1,0,medium,2013-01-12,1,30,misdemeanor,3,13,1,0,0,0,0
male,african-american,47,greater than 45,3,2,0,0,low,2013-03-30,0,4,felony,0,1098,0,0,0,0,0
male,african-american,36,25 - 45,3,1,1,0,low,2013-03-04,0,2,felony,0,491,0,0,0,0,0
female,caucasian,38,25 - 45,1,1,0,0,low,2013-11-08,0,0,felony,0,875,0,0,0,0,0
male,other,35,25 - 45,1,1,0,0,low,2014-03-13,0,0,felony,1,750,0,0,0,0,0
male,caucasian,53,greater than 45,1,1,0,0,low,2013-12-16,0,0,felony,0,837,0,0,0,0,0
male,african-american,53,greater than 45,3,1,0,0,low,2013-03-10,0,2,felony,0,1118,0,0,0,0,0
male,african-american,57,greater than 45,7,4,0,0,medium,2013-10-22,0,19,felony,117,892,0,0,0,0,0
male,african-american,22,less than 25,8,5,1,0,high,2013-09-27,1,5,felony,18,194,0,0,0,0,0
male,african-american,21,less than 25,10,9,1,1,high,2013-02-19,1,0,felony,0,51,1,0,0,0,0
male,african-american,26,25 - 45,3,3,1,0,low,2013-04-27,1,0,felony,0,256,1,0,0,0,0
female,african-american,24,less than 25,3,4,1,0,low,2013-01-30,0,1,felony,0,279,0,0,0,0,0
male,african-american,27,25 - 45,5,4,0,0,medium,2014-02-09,0,2,felony,20,782,0,0,0,0,0
female,caucasian,49,greater than 45,5,1,0,0,medium,2013-05-25,0,4,felony,4,1042,0,0,0,0,0
male,caucasian,47,greater than 45,3,1,1,1,low,2013-10-08,1,1,felony,0,528,1,0,0,0,0
male,caucasian,44,25 - 45,1,1,0,0,low,2013-03-30,0,3,felony,0,1098,0,0,0,0,0
male,african-american,34,25 - 45,1,1,0,0,low,2013-06-10,0,1,felony,0,1026,0,0,0,0,0
male,african-american,45,greater than 45,3,1,1,0,low,2013-10-04,1,10,felony,0,706,1,0,0,0,0
male,hispanic,38,25 - 45,4,5,0,0,low,2013-12-13,0,0,felony,0,840,0,0,0,0,0
male,caucasian,50,greater than 45,1,1,0,0,low,2013-01-03,0,2,misdemeanor,0,1184,0,0,0,0,0
male,caucasian,29,25 - 45,6,4,0,0,medium,2014-03-18,0,1,misdemeanor,0,745,0,0,0,0,0
male,caucasian,26,25 - 45,4,4,0,0,low,2013-04-27,0,0,felony,0,1070,0,0,0,0,0
male,hispanic,44,25 - 45,1,1,0,0,low,2013-11-29,0,2,misdemeanor,0,854,0,0,0,0,0
male,hispanic,47,greater than 45,1,1,0,0,low,2013-04-05,0,0,misdemeanor,1,1092,0,0,0,0,0
male,caucasian,49,greater than 45,1,1,0,0,low,2013-11-16,0,0,felony,0,867,0,0,0,0,0
male,african-american,49,greater than 45,3,1,1,1,low,2013-03-13,1,1,felony,19,76,1,0,0,0,0
male,caucasian,59,greater than 45,1,1,0,0,low,2013-03-21,0,2,felony,13,1107,0,0,0,0,0
male,caucasian,32,25 - 45,5,4,0,0,medium,2013-11-22,0,6,misdemeanor,0,861,0,0,0,0,0
male,african-american,24,less than 25,2,4,1,1,low,2013-01-22,1,1,misdemeanor,0,387,1,0,0,2,2
male,hispanic,40,25 - 45,2,1,0,0,low,2014-01-06,0,0,misdemeanor,0,816,0,0,0,0,0
male,african-american,32,25 - 45,1,2,0,0,low,2013-02-02,0,0,felony,0,1154,0,0,0,0,0
female,hispanic,54,greater than 45,1,1,0,0,low,2013-05-20,0,0,misdemeanor,0,1047,0,0,0,0,0
male,african-american,27,25 - 45,10,5,1,1,high,2013-02-06,1,9,felony,0,28,1,0,0,1,1
female,hispanic,40,25 - 45,1,1,0,0,low,2013-02-12,0,1,misdemeanor,0,1144,0,0,0,0,0
male,caucasian,25,25 - 45,8,4,0,0,high,2013-02-07,0,2,misdemeanor,12,525,0,0,0,0,0
male,african-american,34,25 - 45,6,7,0,0,medium,2013-03-27,0,1,misdemeanor,0,1101,0,0,0,0,0
female,caucasian,62,greater than 45,1,1,1,0,low,2013-12-06,1,2,felony,0,138,1,0,0,0,0
male,african-american,37,25 - 45,9,9,0,0,high,2013-03-26,0,18,misdemeanor,0,51,0,2,0,0,2
female,caucasian,30,25 - 45,10,8,1,0,high,2013-01-29,1,5,felony,7,235,1,0,0,0,0
male,african-american,23,less than 25,6,6,1,1,medium,2013-04-05,1,1,felony,1,278,0,0,0,0,0
female,african-american,20,less than 25,8,7,0,0,high,2014-03-23,0,0,felony,0,740,0,0,0,0,0
male,caucasian,29,25 - 45,7,6,1,1,medium,2013-11-21,1,7,misdemeanor,0,99,1,0,0,0,0
male,african-american,24,less than 25,2,3,0,0,low,2013-09-30,0,1,felony,0,914,0,0,0,0,0
female,caucasian,54,greater than 45,3,2,0,0,low,2014-01-07,0,1,misdemeanor,0,815,0,0,0,0,0
male,african-american,66,greater than 45,1,1,0,0,low,2013-02-26,0,3,felony,0,101,0,0,0,0,0
male,caucasian,50,greater than 45,2,5,0,0,low,2013-03-29,0,8,felony,0,1099,0,0,0,0,0
male,african-american,50,greater than 45,2,1,0,0,low,2013-02-05,0,7,felony,0,1151,0,0,0,0,0
male,caucasian,40,25 - 45,1,1,0,0,low,2013-04-20,0,3,felony,0,1077,0,0,0,0,0
female,african-american,30,25 - 45,7,6,1,1,medium,2013-01-17,1,4,misdemeanor,0,213,1,0,0,0,0
female,caucasian,24,less than 25,7,5,0,0,medium,2013-02-07,0,2,felony,1,170,0,0,0,0,0
male,hispanic,24,less than 25,6,5,1,0,medium,2013-03-25,1,0,felony,1,133,1,0,0,0,0
male,african-american,24,less than 25,8,5,1,0,high,2013-01-26,1,4,misdemeanor,0,77,1,0,0,0,0
male,caucasian,54,greater than 45,1,1,1,0,low,2013-05-05,1,3,misdemeanor,1,281,1,0,0,0,0
male,caucasian,25,25 - 45,10,7,0,0,high,2013-03-15,0,4,misdemeanor,0,150,0,0,0,2,2
male,caucasian,46,greater than 45,1,1,0,0,low,2013-07-26,0,1,misdemeanor,0,980,0,0,0,0,0
female,hispanic,35,25 - 45,8,5,0,0,high,2013-12-02,0,10,felony,0,851,0,0,0,0,0
male,other,25,25 - 45,5,3,0,0,medium,2013-01-08,0,1,felony,265,1179,0,0,0,0,0
female,caucasian,22,less than 25,3,4,0,0,low,2013-10-01,0,0,misdemeanor,0,913,0,0,0,0,0
female,caucasian,32,25 - 45,2,1,0,0,low,2013-12-13,0,1,felony,1,840,0,0,0,0,0
male,african-american,25,25 - 45,3,4,1,0,low,2013-04-27,1,0,misdemeanor,3,257,1,0,0,0,0
male,african-american,22,less than 25,8,7,1,0,high,2014-02-12,1,3,felony,0,50,0,0,0,0,0
male,african-american,33,25 - 45,9,3,1,0,high,2013-06-03,1,16,felony,0,294,1,0,0,0,0
female,caucasian,49,greater than 45,1,1,1,0,low,2013-01-01,1,0,misdemeanor,0,127,0,0,0,0,0
male,african-american,30,25 - 45,5,7,0,0,medium,2013-08-22,0,10,felony,0,92,0,0,0,0,0
male,african-american,24,less than 25,2,3,0,0,low,2013-01-03,0,0,felony,0,1184,0,0,0,0,0
male,african-american,33,25 - 45,9,7,1,0,high,2014-02-11,1,12,misdemeanor,1,135,1,0,0,1,1
male,caucasian,37,25 - 45,2,1,1,0,low,2013-04-01,0,0,misdemeanor,0,739,1,0,0,0,0
female,caucasian,40,25 - 45,1,1,0,0,low,2014-01-07,0,0,misdemeanor,0,815,0,0,0,0,0
male,caucasian,27,25 - 45,10,10,0,0,high,2013-04-30,0,1,felony,0,506,0,0,0,0,0
male,african-american,43,25 - 45,6,2,1,1,medium,2013-03-25,1,9,felony,0,2,1,0,0,0,0
male,caucasian,26,25 - 45,4,3,0,0,low,2013-09-16,0,11,felony,0,928,0,0,0,0,0
male,african-american,35,25 - 45,6,7,1,0,medium,2013-09-06,1,5,felony,1,141,1,0,0,0,0
male,african-american,25,25 - 45,9,8,1,1,high,2013-05-21,1,11,felony,6,142,1,0,1,0,1
male,african-american,61,greater than 45,1,1,1,0,low,2014-02-18,1,1,felony,0,421,1,0,0,0,0
male,caucasian,53,greater than 45,6,2,1,1,medium,2013-09-27,1,1,felony,0,488,1,0,0,0,0
female,hispanic,27,25 - 45,3,3,1,0,low,2013-01-24,0,0,felony,0,777,1,0,0,0,0
female,african-american,52,greater than 45,1,1,0,0,low,2013-02-20,0,1,felony,0,1136,0,0,0,0,0
male,caucasian,26,25 - 45,9,7,1,0,high,2013-02-06,1,7,misdemeanor,0,54,1,0,0,0,0
male,african-american,39,25 - 45,2,1,1,0,low,2013-04-08,1,1,misdemeanor,0,134,1,0,0,0,0
male,african-american,47,greater than 45,4,1,0,0,low,2014-03-04,0,5,felony,0,759,0,0,0,0,0
male,caucasian,50,greater than 45,1,1,0,0,low,2013-02-08,0,1,felony,0,1148,0,0,0,0,0
female,caucasian,52,greater than 45,7,2,0,0,medium,2013-05-23,0,6,misdemeanor,33,1044,0,0,0,0,0
female,caucasian,41,25 - 45,1,1,0,0,low,2013-01-02,0,0,misdemeanor,0,1185,0,0,0,0,0
male,caucasian,37,25 - 45,1,2,0,0,low,2014-02-03,0,0,misdemeanor,0,788,0,0,0,0,0
female,african-american,24,less than 25,7,5,0,0,medium,2013-08-23,0,0,felony,0,952,0,0,0,0,0
female,african-american,34,25 - 45,9,8,0,0,high,2013-09-10,0,14,felony,3,310,0,0,0,0,0
male,african-american,24,less than 25,6,4,1,0,medium,2013-02-09,1,5,felony,0,86,1,0,0,0,0
male,other,20,less than 25,4,7,1,0,low,2013-08-16,1,0,misdemeanor,11,705,1,0,0,0,0
male,caucasian,25,25 - 45,3,3,1,0,low,2013-05-16,1,1,misdemeanor,0,23,1,0,0,0,0
male,caucasian,31,25 - 45,5,7,0,0,medium,2013-12-11,0,3,misdemeanor,0,161,0,0,0,0,0
female,caucasian,62,greater than 45,1,1,0,0,low,2013-10-03,0,0,misdemeanor,0,911,0,0,0,0,0
female,caucasian,60,greater than 45,7,3,0,0,medium,2013-03-20,0,0,felony,13,1108,0,0,0,0,0
male,caucasian,35,25 - 45,1,1,0,0,low,2014-03-03,0,0,misdemeanor,0,760,0,0,0,0,0
female,african-american,24,less than 25,7,5,0,0,medium,2013-10-07,0,0,felony,0,907,0,0,0,0,0
female,caucasian,56,greater than 45,2,1,1,1,low,2014-01-09,1,1,felony,0,226,1,0,0,0,0
male,caucasian,30,25 - 45,1,2,0,0,low,2013-04-26,0,0,misdemeanor,0,1071,0,0,0,0,0
male,caucasian,41,25 - 45,9,6,1,1,high,2013-01-15,1,17,misdemeanor,0,171,0,0,0,0,0
female,caucasian,28,25 - 45,4,3,0,0,low,2013-12-18,0,0,misdemeanor,0,835,0,0,0,0,0
male,african-american,23,less than 25,10,8,0,0,high,2013-09-18,0,1,misdemeanor,0,689,0,0,1,0,1
male,african-american,56,greater than 45,1,1,0,0,low,2013-10-02,0,0,felony,0,912,0,0,0,0,0
male,african-american,23,less than 25,2,3,1,0,low,2014-02-20,1,2,felony,0,281,1,0,0,0,0
male,hispanic,37,25 - 45,2,2,1,0,low,2013-04-12,0,4,felony,0,913,1,0,1,0,1
male,caucasian,23,less than 25,2,4,0,0,low,2014-03-29,0,1,misdemeanor,0,734,0,0,1,0,1
male,african-american,21,less than 25,9,9,1,0,high,2013-03-21,1,0,felony,2,39,0,0,0,0,0
female,african-american,21,less than 25,7,8,1,1,medium,2013-01-23,0,3,felony,0,539,0,1,2,2,5
female,african-american,35,25 - 45,5,2,0,0,medium,2013-09-06,0,2,felony,13,938,0,0,0,0,0
male,caucasian,33,25 - 45,3,3,0,0,low,2013-03-30,0,3,misdemeanor,0,1098,0,0,0,0,0
male,hispanic,21,less than 25,4,6,0,0,low,2013-05-12,0,0,felony,3,843,0,0,0,0,0
male,african-american,41,25 - 45,9,5,1,0,high,2013-02-18,0,9,misdemeanor,0,894,1,2,1,0,3
male,african-american,24,less than 25,5,7,0,0,medium,2013-10-14,0,0,felony,3,900,0,0,0,0,0
male,african-american,28,25 - 45,8,4,1,0,high,2013-12-21,1,9,felony,0,20,1,0,0,0,0
male,native american,25,25 - 45,9,6,1,1,high,2013-01-19,0,7,felony,1,764,0,0,0,0,0
male,african-american,49,greater than 45,2,1,0,0,low,2013-04-13,0,3,felony,1,1084,0,0,0,0,0
female,hispanic,22,less than 25,6,6,0,0,medium,2013-04-24,0,0,felony,0,1073,0,0,0,0,0
male,african-american,21,less than 25,3,6,1,0,low,2013-11-16,1,0,felony,1,681,1,0,0,0,0
male,african-american,32,25 - 45,7,6,1,1,medium,2013-10-21,1,4,felony,0,302,1,0,0,0,0
male,african-american,50,greater than 45,5,2,0,0,medium,2013-12-26,0,4,misdemeanor,0,827,0,0,0,0,0
female,african-american,23,less than 25,3,3,0,0,low,2014-01-28,0,0,misdemeanor,0,794,0,0,0,0,0
male,caucasian,34,25 - 45,4,2,0,0,low,2014-01-05,0,0,misdemeanor,0,817,0,0,0,0,0
male,african-american,35,25 - 45,4,2,0,0,low,2013-05-29,0,1,misdemeanor,0,1038,0,0,0,0,0
male,african-american,25,25 - 45,5,4,1,0,medium,2013-01-14,1,4,felony,32,304,1,0,0,1,1
female,caucasian,33,25 - 45,5,2,1,0,medium,2013-03-04,1,2,felony,42,44,1,0,0,0,0
male,other,25,25 - 45,4,6,1,1,low,2013-08-13,1,1,misdemeanor,57,152,1,0,0,0,0
male,hispanic,30,25 - 45,1,1,0,0,low,2013-11-03,0,0,misdemeanor,0,880,0,0,0,0,0
male,native american,42,25 - 45,2,1,0,0,low,2013-02-10,0,0,misdemeanor,2,1146,0,0,0,0,0
female,african-american,32,25 - 45,4,5,1,0,low,2013-08-06,1,6,felony,3,66,1,0,0,0,0
male,other,24,less than 25,6,5,0,0,medium,2013-10-02,0,5,felony,0,912,0,0,0,0,0
male,african-american,52,greater than 45,1,2,0,0,low,2013-10-30,0,3,felony,0,411,0,0,0,0,0
female,caucasian,26,25 - 45,3,3,0,0,low,2014-01-13,0,3,misdemeanor,0,809,0,0,0,0,0
male,hispanic,38,25 - 45,1,1,0,0,low,2013-03-31,0,0,felony,1,1097,0,0,0,0,0
male,caucasian,47,greater than 45,1,1,0,0,low,2013-04-05,0,2,misdemeanor,0,1092,0,0,0,0,0
male,african-american,25,25 - 45,7,5,0,0,medium,2013-08-29,0,5,felony,0,77,0,0,0,0,0
female,caucasian,30,25 - 45,5,2,0,0,medium,2013-03-14,0,0,felony,1,1114,0,0,0,0,0
female,african-american,29,25 - 45,10,10,0,0,high,2013-01-09,0,2,felony,0,64,0,0,0,0,0
male,asian,24,less than 25,3,4,0,0,low,2013-03-25,0,0,felony,0,1103,0,0,0,0,0
male,caucasian,31,25 - 45,4,5,0,0,low,2013-02-21,0,0,felony,77,1135,0,0,0,0,0
female,caucasian,54,greater than 45,2,1,0,0,low,2013-09-23,0,12,felony,0,921,0,0,0,0,0
female,caucasian,37,25 - 45,3,2,0,0,low,2013-02-21,0,1,misdemeanor,0,1135,0,0,0,0,0
male,caucasian,49,greater than 45,6,2,1,0,medium,2013-08-26,1,8,felony,4,314,1,0,0,0,0
female,african-american,33,25 - 45,2,2,0,0,low,2013-02-27,0,1,felony,0,1129,0,0,0,0,0
male,african-american,20,less than 25,9,8,0,0,high,2014-03-27,0,1,felony,0,736,0,0,0,0,0
male,african-american,42,25 - 45,1,1,0,0,low,2013-03-25,0,0,misdemeanor,0,80,0,0,0,0,0
male,african-american,32,25 - 45,6,7,1,1,medium,2013-02-14,1,4,felony,672,750,1,0,0,0,0
male,caucasian,38,25 - 45,4,2,0,0,low,2013-02-14,0,0,felony,158,1142,0,0,0,0,0
male,african-american,38,25 - 45,4,1,0,0,low,2013-02-08,0,3,felony,0,1148,0,0,0,0,0
male,caucasian,21,less than 25,4,5,0,0,low,2014-03-05,0,1,felony,0,758,0,0,0,0,0
female,african-american,34,25 - 45,3,2,1,1,low,2013-02-24,0,0,misdemeanor,0,803,1,0,0,0,0
male,caucasian,21,less than 25,6,6,1,0,medium,2013-04-12,1,1,felony,0,306,1,0,0,0,0
male,african-american,36,25 - 45,8,4,1,0,high,2013-09-04,1,1,felony,30,39,1,0,0,0,0
male,african-american,29,25 - 45,2,2,1,0,low,2013-08-06,1,0,misdemeanor,0,54,1,0,0,0,0
male,african-american,38,25 - 45,2,2,0,0,low,2013-02-22,0,1,misdemeanor,7,1134,0,0,0,0,0
male,caucasian,36,25 - 45,1,1,0,0,low,2013-11-20,0,0,felony,24,863,0,0,0,0,0
male,hispanic,32,25 - 45,2,2,0,0,low,2014-01-03,0,0,misdemeanor,0,819,0,0,0,0,0
male,african-american,23,less than 25,9,8,0,0,high,2013-05-22,0,0,misdemeanor,0,1045,0,0,0,0,0
male,caucasian,47,greater than 45,1,1,0,0,low,2013-09-21,0,0,misdemeanor,0,923,0,0,0,0,0
male,african-american,20,less than 25,3,6,0,0,low,2013-10-28,0,0,felony,0,886,0,0,0,0,0
female,african-american,25,25 - 45,8,8,1,0,high,2013-04-21,1,2,felony,0,423,1,0,0,0,0
male,african-american,35,25 - 45,1,1,0,0,low,2013-11-01,0,0,misdemeanor,0,882,0,0,0,0,0
female,caucasian,30,25 - 45,3,2,0,0,low,2013-10-10,0,1,felony,0,904,0,0,0,0,0
female,caucasian,28,25 - 45,4,4,0,0,low,2014-02-13,0,1,misdemeanor,0,778,0,0,0,0,0
male,caucasian,30,25 - 45,8,2,1,0,high,2014-02-21,1,2,misdemeanor,0,38,0,0,0,0,0
female,caucasian,45,greater than 45,3,2,0,0,low,2013-08-06,0,3,misdemeanor,0,336,0,0,0,0,0
male,african-american,24,less than 25,5,5,1,0,medium,2013-05-05,1,2,misdemeanor,0,72,1,0,0,0,0
male,african-american,22,less than 25,9,9,0,0,high,2013-01-15,0,0,felony,0,1172,0,0,0,0,0
male,other,20,less than 25,10,8,1,1,high,2013-11-04,1,8,felony,0,9,0,0,8,1,9
female,african-american,42,25 - 45,1,1,1,1,low,2013-08-30,1,0,misdemeanor,0,31,1,0,0,0,0
male,african-american,24,less than 25,9,10,1,1,high,2013-05-08,1,8,felony,0,198,1,1,1,0,2
male,hispanic,40,25 - 45,1,1,0,0,low,2014-02-10,0,0,misdemeanor,0,781,0,0,0,0,0
male,other,27,25 - 45,4,4,0,0,low,2013-12-29,0,1,felony,5,824,0,0,0,0,0
male,african-american,60,greater than 45,3,1,0,0,low,2013-05-03,0,12,felony,0,409,0,0,0,0,0
male,african-american,33,25 - 45,5,4,0,0,medium,2013-01-26,0,6,misdemeanor,0,41,0,0,0,0,0
male,caucasian,24,less than 25,8,4,0,0,high,2013-03-10,0,4,misdemeanor,0,159,0,0,0,0,0
male,african-american,27,25 - 45,2,3,1,0,low,2013-08-11,1,0,misdemeanor,1,47,1,0,0,0,0
male,african-american,29,25 - 45,10,9,1,1,high,2013-02-07,1,4,felony,0,18,1,1,1,1,3
male,caucasian,21,less than 25,7,8,1,0,medium,2013-03-21,1,1,felony,37,62,0,1,0,1,2
male,hispanic,32,25 - 45,1,1,0,0,low,2013-03-07,0,0,misdemeanor,0,1121,0,0,0,0,0
male,caucasian,30,25 - 45,5,2,1,1,medium,2013-03-06,1,10,felony,0,123,1,0,0,0,0
female,caucasian,42,25 - 45,1,1,1,0,low,2013-05-12,1,0,felony,0,106,1,0,0,0,0
male,african-american,32,25 - 45,4,3,0,0,low,2013-01-16,0,1,felony,0,1171,0,0,0,0,0
male,other,27,25 - 45,1,2,0,0,low,2013-01-29,0,0,felony,0,56,0,0,0,0,0
male,caucasian,30,25 - 45,4,3,0,0,low,2013-03-27,0,3,misdemeanor,0,1101,0,0,0,0,0
male,caucasian,20,less than 25,10,9,1,0,high,2013-08-06,1,0,misdemeanor,0,14,1,0,0,0,0
male,caucasian,57,greater than 45,2,2,0,0,low,2013-10-05,0,0,misdemeanor,1,909,0,0,0,0,0
male,caucasian,51,greater than 45,1,1,1,0,low,2013-04-09,1,3,felony,0,177,0,0,0,0,0
male,african-american,21,less than 25,4,6,0,0,low,2014-03-25,0,0,felony,0,738,0,0,0,0,0
male,african-american,22,less than 25,5,7,0,0,medium,2013-11-27,0,0,felony,34,552,0,0,0,0,0
male,african-american,35,25 - 45,8,3,1,0,high,2013-04-19,1,4,felony,0,13,1,0,0,0,0
female,caucasian,54,greater than 45,2,2,0,0,low,2013-06-17,0,1,felony,0,1019,0,0,0,0,0
male,caucasian,58,greater than 45,3,2,0,0,low,2013-10-21,0,2,felony,0,893,0,0,0,0,0
female,caucasian,32,25 - 45,1,2,1,0,low,2013-11-11,1,0,felony,0,29,1,0,0,0,0
female,african-american,39,25 - 45,6,1,1,0,medium,2013-03-14,1,22,felony,0,365,0,0,0,0,0
male,caucasian,30,25 - 45,6,5,1,0,medium,2014-01-19,1,9,misdemeanor,6,35,1,0,0,0,0
male,other,40,25 - 45,1,1,0,0,low,2013-01-06,0,0,misdemeanor,0,1181,0,0,0,0,0
female,caucasian,45,greater than 45,2,2,0,0,low,2013-07-02,0,5,misdemeanor,0,1004,0,0,0,0,0
male,african-american,31,25 - 45,3,4,1,0,low,2013-09-19,1,4,felony,0,204,1,0,0,0,0
male,hispanic,23,less than 25,9,8,0,0,high,2013-09-20,0,4,felony,0,214,0,0,0,0,0
female,caucasian,53,greater than 45,3,1,0,0,low,2013-04-17,0,1,misdemeanor,0,1080,0,0,0,0,0
male,caucasian,44,25 - 45,1,1,0,0,low,2014-02-07,0,0,misdemeanor,1,784,0,0,0,0,0
female,caucasian,44,25 - 45,5,2,0,0,medium,2013-04-09,0,1,misdemeanor,0,433,0,0,0,0,0
male,african-american,28,25 - 45,1,2,0,0,low,2013-08-07,0,0,misdemeanor,0,968,0,0,0,0,0
male,caucasian,28,25 - 45,1,2,0,0,low,2013-02-13,0,2,misdemeanor,0,1143,0,0,0,0,0
male,african-american,24,less than 25,3,4,1,0,low,2013-05-25,1,0,felony,0,5,1,0,0,0,0
male,african-american,28,25 - 45,2,3,0,0,low,2013-08-09,0,0,felony,0,966,0,0,0,0,0
male,caucasian,53,greater than 45,1,1,0,0,low,2013-02-05,0,4,felony,0,129,0,0,0,0,0
male,hispanic,47,greater than 45,5,3,0,0,medium,2013-03-28,0,1,felony,183,1100,0,0,0,0,0
male,african-american,20,less than 25,3,5,0,0,low,2014-03-27,0,1,felony,0,736,0,0,0,0,0
male,african-american,21,less than 25,6,6,0,0,medium,2013-12-05,0,0,misdemeanor,0,848,0,0,0,0,0
male,caucasian,37,25 - 45,1,1,1,0,low,2013-10-29,1,1,misdemeanor,0,479,1,0,0,0,0
male,hispanic,60,greater than 45,1,1,0,0,low,2013-05-07,0,1,felony,0,1060,0,0,0,0,0
male,caucasian,30,25 - 45,1,2,0,0,low,2013-05-11,0,0,misdemeanor,0,1056,0,0,0,0,0
male,caucasian,26,25 - 45,8,4,1,0,high,2013-03-27,1,2,felony,0,27,1,0,0,0,0
male,hispanic,21,less than 25,5,5,0,0,medium,2013-09-08,0,0,felony,1,936,0,0,0,0,0
female,african-american,39,25 - 45,2,1,0,0,low,2013-03-07,0,1,felony,0,1131,0,0,0,0,0
male,other,30,25 - 45,2,2,0,0,low,2013-02-25,0,0,felony,5,1131,0,0,0,0,0
male,african-american,44,25 - 45,5,2,0,0,medium,2013-09-16,0,2,felony,1,618,0,0,0,0,0
male,caucasian,45,greater than 45,2,2,0,0,low,2013-09-08,0,0,misdemeanor,2,936,0,0,0,0,0
male,african-american,30,25 - 45,1,2,0,0,low,2013-09-10,0,1,felony,0,684,0,0,0,0,0
male,asian,38,25 - 45,1,1,0,0,low,2013-12-03,0,2,felony,8,850,0,0,0,0,0
male,african-american,37,25 - 45,4,4,0,0,low,2013-10-09,0,1,felony,0,905,0,0,0,0,0
male,asian,46,greater than 45,1,1,0,0,low,2013-12-26,0,0,misdemeanor,0,827,0,0,0,0,0
male,african-american,42,25 - 45,1,1,0,0,low,2013-12-20,0,0,felony,0,833,0,0,0,0,0
male,caucasian,65,greater than 45,1,1,0,0,low,2013-07-15,0,2,misdemeanor,0,991,0,0,0,0,0
male,caucasian,54,greater than 45,2,1,0,0,low,2013-02-11,0,4,misdemeanor,2,1145,0,0,0,0,0
male,caucasian,26,25 - 45,7,3,1,0,medium,2013-04-05,1,0,felony,0,56,1,0,0,0,0
male,caucasian,51,greater than 45,1,1,1,1,low,2013-03-21,1,7,felony,14,32,1,0,0,0,0
male,african-american,44,25 - 45,1,1,0,0,low,2013-03-04,0,0,misdemeanor,0,1124,0,0,0,0,0
male,caucasian,49,greater than 45,5,1,0,0,medium,2013-03-04,0,12,misdemeanor,0,52,0,0,0,0,0
male,african-american,22,less than 25,8,9,1,0,high,2013-04-21,1,0,felony,0,232,1,0,0,0,0
male,african-american,32,25 - 45,4,2,1,0,low,2013-02-01,1,4,misdemeanor,0,231,1,0,0,0,0
male,african-american,27,25 - 45,3,3,0,0,low,2014-02-17,0,0,misdemeanor,0,774,0,0,0,0,0
male,caucasian,30,25 - 45,2,1,0,0,low,2013-09-25,0,0,misdemeanor,0,919,0,0,0,0,0
male,african-american,22,less than 25,10,10,1,1,high,2013-01-24,1,6,felony,0,148,1,0,3,1,4
male,african-american,20,less than 25,8,10,1,0,high,2013-03-12,1,2,felony,0,676,1,2,0,0,2
male,hispanic,28,25 - 45,7,7,0,0,medium,2013-10-30,0,11,misdemeanor,1,651,0,0,0,0,0
male,other,45,greater than 45,1,1,0,0,low,2014-03-12,0,0,misdemeanor,0,751,0,0,0,0,0
female,caucasian,51,greater than 45,5,2,0,0,medium,2013-08-12,0,5,felony,33,963,0,0,0,0,0
male,african-american,27,25 - 45,2,2,1,0,low,2014-01-10,1,4,felony,0,227,1,0,0,0,0
male,african-american,32,25 - 45,7,3,1,0,medium,2013-08-06,1,0,felony,16,28,1,0,0,0,0
male,african-american,43,25 - 45,3,1,0,0,low,2013-04-18,0,2,felony,5,449,0,0,0,0,0
female,african-american,63,greater than 45,4,1,0,0,low,2013-11-25,0,1,felony,0,858,0,0,0,0,0
male,caucasian,37,25 - 45,2,1,0,0,low,2013-08-13,0,2,felony,0,962,0,0,0,0,0
male,african-american,26,25 - 45,4,3,1,0,low,2013-09-21,1,0,felony,0,94,0,0,0,0,0
male,african-american,26,25 - 45,2,3,0,0,low,2013-08-22,0,0,misdemeanor,0,953,0,0,0,0,0
male,other,32,25 - 45,3,2,0,0,low,2013-03-08,0,4,felony,0,1120,0,0,0,0,0
male,hispanic,39,25 - 45,4,1,0,0,low,2013-05-29,0,3,felony,0,1038,0,0,0,0,0
female,african-american,58,greater than 45,1,1,0,0,low,2013-12-05,0,4,felony,0,848,0,0,0,0,0
male,other,33,25 - 45,2,3,0,0,low,2013-03-11,0,0,misdemeanor,0,1117,0,0,0,0,0
female,caucasian,22,less than 25,3,4,0,0,low,2013-10-31,0,1,misdemeanor,0,883,0,0,0,1,1
male,african-american,26,25 - 45,5,4,1,0,medium,2013-11-04,1,6,misdemeanor,0,250,1,0,0,0,0
male,african-american,21,less than 25,10,9,1,0,high,2013-11-28,1,2,felony,139,158,1,2,0,1,3
female,african-american,29,25 - 45,4,2,1,0,low,2013-11-23,1,1,felony,0,482,1,0,0,0,0
male,caucasian,31,25 - 45,7,4,1,0,medium,2013-02-14,1,0,felony,35,278,1,0,0,0,0
male,caucasian,43,25 - 45,1,1,0,0,low,2013-11-14,0,2,felony,0,869,0,0,0,0,0
male,african-american,23,less than 25,7,6,0,0,medium,2013-05-10,0,0,misdemeanor,0,1057,0,0,0,0,0
male,caucasian,25,25 - 45,2,4,0,0,low,2014-02-25,0,0,felony,0,766,0,0,0,0,0
male,african-american,22,less than 25,9,9,0,0,high,2013-12-19,0,6,felony,0,405,0,0,0,0,0
male,african-american,30,25 - 45,4,4,0,0,low,2013-01-19,0,6,felony,133,1168,0,0,0,0,0
male,african-american,25,25 - 45,9,7,1,1,high,2013-03-14,1,15,felony,1,147,1,0,3,1,4
male,hispanic,39,25 - 45,1,1,0,0,low,2013-09-10,0,0,felony,0,934,0,0,0,0,0
male,african-american,31,25 - 45,5,2,1,0,medium,2013-01-03,1,3,felony,0,464,1,0,0,0,0
male,african-american,33,25 - 45,2,2,1,0,low,2013-09-15,1,1,felony,2,121,1,0,0,0,0
male,african-american,59,greater than 45,4,1,0,0,low,2013-03-17,0,1,felony,0,1111,0,0,0,0,0
male,hispanic,21,less than 25,9,8,0,0,high,2013-09-06,0,1,felony,0,938,0,0,0,2,2
male,african-american,53,greater than 45,6,1,1,0,medium,2013-11-22,1,8,felony,4,407,1,0,0,0,0
male,caucasian,34,25 - 45,2,2,0,0,low,2013-02-17,0,2,misdemeanor,0,1139,0,0,0,0,0
male,caucasian,36,25 - 45,4,2,0,0,low,2013-04-19,0,6,felony,0,1078,0,0,0,0,0
male,african-american,23,less than 25,3,5,0,0,low,2013-01-30,0,0,felony,0,365,0,0,0,0,0
male,african-american,32,25 - 45,8,5,0,0,high,2013-01-21,0,2,misdemeanor,109,1166,0,0,0,0,0
male,african-american,32,25 - 45,9,5,1,0,high,2013-03-23,1,11,misdemeanor,1,111,0,0,0,0,0
female,caucasian,66,greater than 45,1,1,0,0,low,2013-04-29,0,1,misdemeanor,0,1068,0,0,0,0,0
male,other,66,greater than 45,1,1,0,0,low,2014-03-06,0,0,misdemeanor,0,757,0,0,0,0,0
female,caucasian,24,less than 25,6,4,0,0,medium,2013-05-20,0,0,misdemeanor,23,1047,0,0,0,0,0
male,african-american,30,25 - 45,10,7,1,0,high,2013-03-21,1,7,felony,631,903,1,0,0,0,0
male,african-american,28,25 - 45,7,3,0,0,medium,2013-03-15,0,1,misdemeanor,1,1113,0,0,0,0,0
male,african-american,35,25 - 45,2,2,0,0,low,2013-12-28,0,3,misdemeanor,10,825,0,0,0,0,0
male,african-american,19,less than 25,8,9,1,0,high,2013-11-15,1,2,felony,0,48,0,3,0,0,3
male,african-american,22,less than 25,6,7,1,1,medium,2013-12-13,1,1,misdemeanor,3,70,1,0,0,0,0
male,african-american,29,25 - 45,1,2,0,0,low,2013-01-20,0,0,felony,0,1167,0,0,0,0,0
female,african-american,23,less than 25,4,5,0,0,low,2014-02-15,0,0,misdemeanor,1,776,0,0,0,0,0
male,african-american,62,greater than 45,9,9,0,0,high,2013-10-03,0,15,felony,0,911,0,0,0,0,0
female,caucasian,33,25 - 45,2,1,0,0,low,2013-07-29,0,0,misdemeanor,0,47,0,0,0,0,0
male,african-american,35,25 - 45,4,2,0,0,low,2013-01-31,0,1,misdemeanor,0,1156,0,0,0,0,0
male,caucasian,53,greater than 45,1,1,1,0,low,2013-05-05,0,0,felony,0,843,0,0,0,0,0
female,caucasian,48,greater than 45,1,1,0,0,low,2013-04-11,0,0,misdemeanor,0,1086,0,0,0,0,0
female,african-american,33,25 - 45,2,1,0,0,low,2013-02-04,0,1,felony,0,1152,0,0,0,0,0
male,caucasian,44,25 - 45,1,1,0,0,low,2013-04-29,0,0,misdemeanor,1,1068,0,0,0,0,0
male,african-american,28,25 - 45,4,5,1,0,low,2013-09-17,1,2,felony,0,287,0,0,0,1,1
male,other,56,greater than 45,1,1,0,0,low,2014-02-20,0,9,felony,0,771,0,0,0,0,0
male,hispanic,51,greater than 45,1,1,0,0,low,2013-02-14,0,1,felony,0,762,0,0,0,0,0
male,african-american,23,less than 25,7,5,1,0,medium,2013-03-14,1,0,felony,5,5,1,0,0,0,0
male,hispanic,21,less than 25,7,6,0,0,medium,2013-10-27,0,0,felony,0,129,0,0,0,0,0
male,caucasian,26,25 - 45,5,4,0,0,medium,2013-01-02,0,0,felony,0,1185,0,0,0,0,0
male,african-american,22,less than 25,9,10,0,0,high,2013-09-29,0,3,felony,0,915,0,0,3,0,3
male,african-american,29,25 - 45,2,3,0,0,low,2013-03-27,0,0,misdemeanor,0,1101,0,0,0,0,0
male,caucasian,44,25 - 45,1,1,0,0,low,2013-11-13,0,0,misdemeanor,0,870,0,0,0,0,0
male,african-american,41,25 - 45,5,3,0,0,medium,2013-08-22,0,2,felony,14,953,0,0,0,0,0
female,african-american,28,25 - 45,4,3,0,0,low,2013-11-08,0,4,felony,0,875,0,0,0,1,1
male,caucasian,27,25 - 45,6,5,1,0,medium,2013-03-25,1,1,misdemeanor,21,115,0,0,0,0,0
male,caucasian,31,25 - 45,3,2,0,0,low,2014-03-10,0,7,misdemeanor,0,753,0,0,0,0,0
male,african-american,33,25 - 45,7,3,1,0,medium,2013-10-21,1,16,misdemeanor,0,172,1,0,0,0,0
male,african-american,20,less than 25,4,7,1,1,low,2013-11-15,0,0,felony,0,117,0,0,0,2,2
male,caucasian,55,greater than 45,1,1,1,0,low,2013-01-22,1,2,misdemeanor,0,37,1,0,0,0,0
male,african-american,36,25 - 45,8,2,0,0,high,2013-02-27,0,0,felony,1,1129,0,0,0,0,0
male,other,48,greater than 45,1,1,1,0,low,2014-01-11,1,4,felony,3,125,1,0,0,0,0
male,other,22,less than 25,4,5,1,0,low,2014-03-19,1,5,felony,1,131,1,0,0,0,0
male,african-american,23,less than 25,9,9,0,0,high,2013-08-14,0,1,misdemeanor,4,961,0,1,0,0,1
male,african-american,34,25 - 45,10,6,1,0,high,2014-01-22,1,19,felony,4,276,1,0,2,1,3
female,caucasian,59,greater than 45,1,1,0,0,low,2013-03-01,0,1,felony,0,965,0,0,0,0,0
male,caucasian,37,25 - 45,2,1,1,1,low,2013-04-26,1,0,felony,0,85,1,0,0,0,0
female,caucasian,28,25 - 45,4,3,1,0,low,2013-08-24,1,0,felony,0,627,1,0,0,0,0
male,african-american,31,25 - 45,2,4,0,0,low,2013-10-03,0,0,felony,0,911,0,0,0,0,0
male,african-american,33,25 - 45,1,2,1,0,low,2014-02-11,1,0,felony,0,155,1,0,0,0,0
male,caucasian,25,25 - 45,4,3,1,0,low,2013-02-19,1,2,misdemeanor,1,119,1,0,0,0,0
female,african-american,42,25 - 45,2,1,0,0,low,2013-11-26,0,2,felony,0,857,0,0,0,0,0
male,african-american,22,less than 25,8,5,1,1,high,2014-02-06,1,3,felony,25,66,1,0,0,0,0
male,other,21,less than 25,6,8,0,0,medium,2013-03-01,0,0,felony,1,1127,0,0,0,0,0
male,caucasian,57,greater than 45,7,3,0,0,medium,2013-09-24,0,15,felony,0,920,0,0,0,0,0
male,caucasian,45,greater than 45,5,3,1,0,medium,2013-04-11,1,1,felony,28,412,0,0,0,0,0
male,caucasian,52,greater than 45,1,1,0,0,low,2013-05-09,0,2,misdemeanor,0,1058,0,0,0,0,0
male,caucasian,29,25 - 45,3,3,0,0,low,2013-05-23,0,0,misdemeanor,0,1044,0,0,0,0,0
female,african-american,37,25 - 45,4,3,0,0,low,2013-01-24,0,0,misdemeanor,5,1163,0,0,0,0,0
male,caucasian,34,25 - 45,2,1,0,0,low,2013-04-14,0,0,felony,0,642,0,0,0,1,1
male,african-american,53,greater than 45,1,1,1,1,low,2013-01-24,1,0,misdemeanor,1,151,1,0,0,0,0
female,african-american,30,25 - 45,8,3,1,0,high,2013-05-03,1,8,felony,0,590,1,0,0,0,0
male,hispanic,35,25 - 45,3,2,0,0,low,2013-08-23,0,0,misdemeanor,0,460,0,0,0,0,0
male,caucasian,28,25 - 45,4,2,0,0,low,2013-05-20,0,1,felony,3,1047,0,0,0,0,0
male,african-american,21,less than 25,8,9,0,0,high,2013-04-30,0,1,felony,0,1067,0,0,0,0,0
male,african-american,22,less than 25,7,6,0,0,medium,2013-11-20,0,1,felony,0,13,0,0,0,0,0
male,caucasian,42,25 - 45,3,2,1,1,low,2013-10-29,1,1,misdemeanor,0,142,1,0,0,0,0
male,african-american,54,greater than 45,1,1,0,0,low,2013-12-28,0,9,misdemeanor,1,825,0,0,0,0,0
male,other,39,25 - 45,2,1,1,1,low,2013-09-23,1,1,felony,0,79,0,0,0,0,0
male,african-american,30,25 - 45,9,5,1,0,high,2013-08-25,1,20,felony,381,405,0,2,0,0,2
female,african-american,26,25 - 45,6,4,1,0,medium,2013-09-13,1,1,felony,27,184,1,0,0,0,0
male,african-american,41,25 - 45,1,1,0,0,low,2014-01-07,0,0,misdemeanor,1,815,0,0,0,0,0
male,caucasian,43,25 - 45,2,1,1,1,low,2013-02-11,1,1,felony,64,237,0,0,0,0,0
male,african-american,22,less than 25,3,5,1,1,low,2013-04-20,1,0,misdemeanor,0,15,1,0,0,0,0
male,hispanic,42,25 - 45,5,3,0,0,medium,2013-12-04,0,3,misdemeanor,0,849,0,0,0,0,0
female,caucasian,27,25 - 45,3,3,1,0,low,2014-03-26,1,6,felony,0,169,1,0,0,0,0
female,african-american,42,25 - 45,3,1,0,0,low,2013-01-25,0,2,misdemeanor,34,1162,0,0,0,0,0
male,african-american,25,25 - 45,6,5,1,0,medium,2014-01-29,1,8,felony,29,90,1,0,0,0,0
male,african-american,49,greater than 45,2,1,0,0,low,2014-02-03,0,4,misdemeanor,36,788,0,0,0,0,0
male,african-american,26,25 - 45,9,5,1,0,high,2013-04-16,1,7,felony,0,553,1,1,0,0,1
male,caucasian,52,greater than 45,1,1,0,0,low,2013-10-22,0,1,felony,24,892,0,0,0,0,0
female,caucasian,60,greater than 45,1,1,0,0,low,2013-11-25,0,2,felony,0,858,0,0,0,0,0
female,african-american,23,less than 25,6,6,0,0,medium,2013-03-13,0,0,misdemeanor,0,1115,0,0,0,0,0
male,african-american,30,25 - 45,7,6,0,0,medium,2013-01-30,0,2,misdemeanor,0,340,0,0,0,0,0
male,african-american,48,greater than 45,6,5,1,0,medium,2013-03-27,1,9,felony,4,372,1,0,0,0,0
male,african-american,32,25 - 45,7,5,1,1,medium,2013-08-26,1,2,felony,1,304,1,0,0,0,0
male,hispanic,28,25 - 45,3,3,1,0,low,2014-03-24,1,3,felony,1,516,1,0,0,1,1
male,african-american,22,less than 25,5,8,1,1,medium,2013-12-17,1,3,felony,0,20,1,0,0,0,0
male,african-american,44,25 - 45,2,1,0,0,low,2013-02-15,0,2,felony,1,1141,0,0,0,0,0
male,caucasian,32,25 - 45,4,4,0,0,low,2013-05-26,0,3,felony,85,613,0,0,0,0,0
female,african-american,27,25 - 45,2,2,0,0,low,2013-09-21,0,1,misdemeanor,0,923,0,0,0,0,0
male,african-american,52,greater than 45,4,3,1,0,low,2014-01-15,1,15,misdemeanor,1,334,0,0,0,0,0
male,african-american,69,greater than 45,1,2,0,0,low,2013-08-07,0,3,misdemeanor,0,968,0,0,0,0,0
male,other,51,greater than 45,1,1,0,0,low,2013-08-14,0,2,felony,33,961,0,0,0,0,0
female,caucasian,21,less than 25,6,6,0,0,medium,2014-01-30,0,1,felony,1,417,0,0,0,0,0
male,caucasian,31,25 - 45,6,6,1,0,medium,2013-02-09,1,2,misdemeanor,3,391,1,1,0,0,1
male,african-american,24,less than 25,9,9,1,1,high,2013-01-31,1,12,misdemeanor,0,7,1,0,5,0,5
male,caucasian,24,less than 25,8,6,1,0,high,2013-03-24,1,3,felony,5,204,1,0,0,0,0
male,hispanic,57,greater than 45,1,1,0,0,low,2013-09-23,0,3,felony,0,921,0,0,0,0,0
male,caucasian,30,25 - 45,7,8,0,0,medium,2013-08-06,0,6,felony,6,969,0,0,0,0,0
male,african-american,24,less than 25,7,4,0,0,medium,2013-08-23,0,4,felony,4,232,0,0,0,1,1
female,caucasian,30,25 - 45,7,3,0,0,medium,2013-10-29,0,7,misdemeanor,0,885,0,0,0,0,0
female,caucasian,56,greater than 45,8,3,0,0,high,2013-01-02,0,1,felony,384,1185,0,0,0,0,0
male,african-american,21,less than 25,8,8,0,0,high,2013-02-20,0,1,felony,0,37,0,0,0,0,0
male,african-american,31,25 - 45,10,6,1,1,high,2013-01-05,1,6,felony,30,175,1,3,0,0,3
female,african-american,23,less than 25,9,8,0,0,high,2013-04-18,0,1,felony,0,1079,0,0,0,0,0
male,african-american,30,25 - 45,10,8,1,0,high,2013-03-02,1,15,felony,1,19,1,1,0,2,3
male,other,42,25 - 45,1,1,0,0,low,2013-06-17,0,1,misdemeanor,0,1019,0,0,0,0,0
male,caucasian,64,greater than 45,3,2,0,0,low,2013-01-12,0,0,felony,307,1175,0,0,0,0,0
male,african-american,36,25 - 45,3,2,0,0,low,2013-10-30,0,5,felony,0,17,0,0,0,0,0
female,african-american,50,greater than 45,1,1,0,0,low,2013-08-30,0,1,felony,0,945,0,0,0,0,0
male,native american,28,25 - 45,3,4,0,0,low,2013-04-26,0,2,felony,48,1071,0,0,0,0,0
female,caucasian,25,25 - 45,7,4,0,0,medium,2013-01-28,0,5,felony,0,18,0,0,0,0,0
female,african-american,47,greater than 45,6,3,0,0,medium,2013-09-12,0,1,felony,0,932,0,0,0,0,0
male,african-american,28,25 - 45,8,7,1,0,high,2013-12-13,1,7,felony,0,104,1,0,0,1,1
male,hispanic,53,greater than 45,10,5,0,0,high,2013-11-01,0,4,felony,0,882,0,0,0,0,0
male,other,37,25 - 45,1,2,0,0,low,2013-12-27,0,6,misdemeanor,0,826,0,0,0,0,0
male,caucasian,25,25 - 45,9,8,1,1,high,2013-11-07,1,5,misdemeanor,14,326,1,0,0,1,1
male,caucasian,63,greater than 45,1,1,1,0,low,2013-11-10,1,0,misdemeanor,3,150,1,0,0,0,0
male,african-american,35,25 - 45,7,4,0,0,medium,2014-03-22,0,2,misdemeanor,0,741,0,0,0,0,0
male,african-american,20,less than 25,4,7,1,0,low,2013-10-30,1,9,felony,0,180,1,9,0,0,9
male,hispanic,26,25 - 45,1,3,1,0,low,2013-01-22,1,0,misdemeanor,0,33,1,0,0,0,0
male,african-american,32,25 - 45,3,3,0,0,low,2014-03-23,0,2,felony,0,740,0,0,0,0,0
male,african-american,25,25 - 45,10,10,1,1,high,2013-04-09,1,8,misdemeanor,1,14,0,0,0,0,0
male,caucasian,33,25 - 45,1,1,0,0,low,2013-12-02,0,0,misdemeanor,0,851,0,0,0,0,0
male,african-american,29,25 - 45,3,4,0,0,low,2013-03-12,0,7,felony,1,92,0,0,0,0,0
male,hispanic,27,25 - 45,4,3,0,0,low,2013-02-21,0,2,misdemeanor,0,1135,0,0,0,0,0
male,african-american,37,25 - 45,9,10,1,0,high,2013-05-19,1,12,misdemeanor,0,152,1,1,0,1,2
female,caucasian,20,less than 25,10,8,1,1,high,2014-03-26,1,3,misdemeanor,0,27,0,0,2,1,3
male,caucasian,72,greater than 45,1,1,0,0,low,2013-06-17,0,1,misdemeanor,0,1019,0,0,0,0,0
male,caucasian,38,25 - 45,1,1,0,0,low,2013-04-17,0,0,felony,1,545,0,0,0,0,0
male,caucasian,40,25 - 45,2,1,0,0,low,2013-03-09,0,0,felony,0,1119,0,0,0,0,0
male,caucasian,23,less than 25,3,4,0,0,low,2014-03-13,0,0,felony,0,750,0,0,0,0,0
male,caucasian,27,25 - 45,7,4,1,0,medium,2013-05-10,1,4,felony,0,266,1,0,0,0,0
male,african-american,23,less than 25,9,9,1,0,high,2013-09-26,1,5,felony,0,76,1,0,3,0,3
female,caucasian,41,25 - 45,1,1,0,0,low,2014-01-10,0,0,misdemeanor,0,812,0,0,0,0,0
male,caucasian,56,greater than 45,1,1,0,0,low,2013-05-16,0,1,misdemeanor,1,1051,0,0,0,0,0
male,caucasian,55,greater than 45,7,3,0,0,medium,2013-05-03,0,11,misdemeanor,56,151,0,0,0,0,0
female,hispanic,23,less than 25,6,5,1,0,medium,2013-06-11,1,0,felony,0,45,1,0,0,0,0
male,african-american,28,25 - 45,2,2,0,0,low,2013-08-24,0,3,felony,0,951,0,0,0,0,0
male,other,31,25 - 45,2,4,1,1,low,2013-05-02,1,2,felony,12,309,1,0,0,0,0
male,african-american,56,greater than 45,2,1,0,0,low,2013-05-17,0,3,misdemeanor,0,58,0,0,0,0,0
male,caucasian,53,greater than 45,1,1,0,0,low,2013-04-15,0,0,misdemeanor,0,1082,0,0,0,0,0
male,caucasian,22,less than 25,5,6,1,0,medium,2013-12-31,1,0,felony,0,56,1,0,0,0,0
female,african-american,22,less than 25,4,4,1,0,low,2014-01-30,1,0,felony,0,354,1,0,0,1,1
male,african-american,33,25 - 45,6,7,1,1,medium,2013-03-02,1,7,misdemeanor,1,285,0,0,0,0,0
male,african-american,34,25 - 45,7,7,0,0,medium,2013-04-26,0,15,felony,0,230,0,0,0,0,0
male,hispanic,22,less than 25,3,5,1,0,low,2013-11-01,1,0,misdemeanor,1,265,1,0,0,0,0
male,african-american,32,25 - 45,8,6,1,0,high,2013-01-15,0,12,felony,0,1092,1,0,0,0,0
male,african-american,47,greater than 45,9,4,1,0,high,2013-05-29,1,14,felony,0,306,1,4,0,1,5
male,asian,24,less than 25,2,3,0,0,low,2013-01-10,0,0,misdemeanor,0,1177,0,0,0,0,0
male,african-american,25,25 - 45,10,7,1,0,high,2013-09-22,1,14,felony,82,383,1,0,4,4,8
male,caucasian,56,greater than 45,1,1,0,0,low,2013-04-30,0,0,felony,0,1067,0,0,0,0,0
male,hispanic,36,25 - 45,4,4,1,1,low,2013-01-07,1,1,felony,0,30,1,0,0,0,0
male,african-american,28,25 - 45,6,5,1,1,medium,2013-05-14,1,4,felony,21,83,1,0,0,0,0
male,hispanic,59,greater than 45,1,1,0,0,low,2013-08-27,0,0,misdemeanor,0,948,0,0,0,0,0
female,caucasian,27,25 - 45,7,3,1,0,medium,2014-03-19,1,1,felony,0,300,1,0,0,0,0
female,african-american,29,25 - 45,8,5,0,0,high,2013-11-03,0,11,felony,0,880,0,0,0,0,0
male,caucasian,72,greater than 45,1,1,0,0,low,2014-03-19,0,3,felony,0,744,0,0,0,0,0
female,african-american,24,less than 25,7,8,1,0,medium,2013-02-02,1,2,misdemeanor,13,262,1,0,0,0,0
male,african-american,45,greater than 45,9,1,0,0,high,2013-07-31,0,3,felony,0,6,0,0,0,0,0
male,african-american,45,greater than 45,1,1,0,0,low,2013-01-02,0,0,misdemeanor,0,1185,0,0,0,0,0
male,caucasian,47,greater than 45,1,1,0,0,low,2014-02-12,0,0,misdemeanor,0,779,0,0,0,0,0
male,african-american,24,less than 25,3,4,1,0,low,2013-08-08,1,0,felony,9,28,1,0,0,0,0
male,african-american,34,25 - 45,3,2,0,0,low,2014-03-05,0,2,misdemeanor,0,758,0,0,0,0,0
male,hispanic,22,less than 25,3,6,0,0,low,2013-04-10,0,2,felony,0,102,0,0,0,0,0
female,caucasian,49,greater than 45,2,1,1,0,low,2013-08-11,1,2,misdemeanor,11,245,1,0,0,0,0
male,caucasian,41,25 - 45,1,1,0,0,low,2013-09-12,0,5,felony,0,932,0,0,0,0,0
male,caucasian,49,greater than 45,3,1,0,0,low,2014-01-21,0,1,felony,0,801,0,0,0,0,0
male,hispanic,26,25 - 45,1,2,0,0,low,2013-10-07,0,0,misdemeanor,0,907,0,0,0,0,0
female,caucasian,34,25 - 45,3,2,1,1,low,2013-12-17,1,2,felony,0,53,1,0,0,0,0
female,african-american,28,25 - 45,3,3,0,0,low,2013-10-21,0,0,misdemeanor,0,893,0,0,0,0,0
male,caucasian,33,25 - 45,2,2,0,0,low,2013-03-30,0,2,misdemeanor,1,1098,0,0,0,0,0
male,african-american,46,greater than 45,7,4,0,0,medium,2013-11-12,0,0,felony,1,871,0,0,0,0,0
male,african-american,21,less than 25,4,6,1,0,low,2013-03-07,0,0,misdemeanor,1,1029,1,0,0,0,0
male,african-american,26,25 - 45,9,8,1,0,high,2013-08-13,1,14,felony,0,9,1,0,1,3,4
female,hispanic,28,25 - 45,5,4,0,0,medium,2013-12-11,0,2,misdemeanor,0,842,0,0,0,0,0
male,hispanic,48,greater than 45,1,1,1,0,low,2013-04-16,1,1,felony,0,2,1,0,0,0,0
male,african-american,58,greater than 45,6,1,1,0,medium,2013-09-16,1,24,felony,3,40,1,0,0,0,0
male,other,29,25 - 45,1,2,0,0,low,2013-01-03,0,0,felony,0,1184,0,0,0,0,0
male,african-american,28,25 - 45,4,3,1,0,low,2013-03-21,1,0,misdemeanor,0,1,1,0,0,0,0
male,caucasian,21,less than 25,8,10,1,1,high,2013-05-10,1,0,felony,4,141,1,0,0,0,0
male,other,26,25 - 45,7,5,0,0,medium,2013-02-15,0,0,felony,0,1141,0,0,0,0,0
male,african-american,34,25 - 45,1,1,0,0,low,2013-04-29,0,3,misdemeanor,0,1068,0,0,0,0,0
male,african-american,32,25 - 45,8,5,1,0,high,2013-05-27,1,15,felony,6,108,0,2,0,0,2
male,african-american,38,25 - 45,4,3,1,0,low,2013-02-24,1,10,felony,10,418,1,0,0,1,1
male,african-american,22,less than 25,3,5,0,0,low,2014-03-21,0,0,felony,0,742,0,0,0,0,0
male,caucasian,42,25 - 45,5,3,1,0,medium,2013-12-10,1,2,felony,0,137,1,0,0,0,0
female,caucasian,57,greater than 45,4,1,0,0,low,2013-05-18,0,0,misdemeanor,0,1049,0,0,0,0,0
female,caucasian,56,greater than 45,1,1,0,0,low,2013-06-21,0,1,felony,0,1015,0,0,0,0,0
male,hispanic,32,25 - 45,5,2,1,0,medium,2013-09-28,1,2,misdemeanor,1,219,1,0,0,0,0
male,african-american,30,25 - 45,8,3,0,0,high,2013-05-01,0,11,felony,0,55,0,0,2,2,4
male,african-american,29,25 - 45,1,1,0,0,low,2014-03-17,0,2,misdemeanor,0,746,0,0,0,0,0
male,african-american,46,greater than 45,7,1,1,0,medium,2013-05-28,1,15,felony,6,267,1,0,0,1,1
male,african-american,36,25 - 45,10,8,0,0,high,2013-10-03,0,5,felony,0,510,0,2,0,0,2
female,african-american,24,less than 25,3,4,0,0,low,2014-02-26,0,0,felony,0,765,0,0,0,0,0
female,african-american,70,greater than 45,1,1,0,0,low,2013-01-28,0,1,felony,1,1159,0,0,0,0,0
male,hispanic,21,less than 25,6,6,1,0,medium,2014-01-19,1,0,felony,0,387,1,0,0,0,0
female,caucasian,45,greater than 45,1,1,0,0,low,2013-01-17,0,1,misdemeanor,0,1170,0,0,0,0,0
female,hispanic,33,25 - 45,4,2,0,0,low,2013-10-21,0,2,misdemeanor,1,893,0,0,0,0,0
female,african-american,39,25 - 45,5,2,0,0,medium,2013-01-19,0,6,felony,1,1168,0,0,1,0,1
male,caucasian,25,25 - 45,4,3,0,0,low,2013-05-02,0,6,felony,0,1065,0,0,1,0,1
male,hispanic,48,greater than 45,1,1,0,0,low,2013-01-31,0,1,misdemeanor,1,1156,0,0,0,0,0
female,caucasian,32,25 - 45,2,1,1,0,low,2014-03-03,1,1,misdemeanor,0,697,1,0,0,0,0
male,caucasian,46,greater than 45,1,1,0,0,low,2013-05-12,0,0,felony,0,1055,0,0,0,0,0
male,caucasian,28,25 - 45,2,3,1,1,low,2013-01-24,1,0,misdemeanor,3,151,1,0,0,0,0
male,caucasian,32,25 - 45,2,1,0,0,low,2013-03-28,0,1,misdemeanor,0,1100,0,0,0,0,0
male,african-american,27,25 - 45,2,2,0,0,low,2014-01-29,0,1,felony,0,793,0,0,0,0,0
male,caucasian,43,25 - 45,7,4,1,1,medium,2013-08-21,1,11,felony,0,16,0,0,0,0,0
male,caucasian,56,greater than 45,5,2,1,0,medium,2013-11-01,1,5,felony,0,97,1,0,0,0,0
male,african-american,30,25 - 45,10,7,1,0,high,2013-05-01,1,9,felony,518,531,1,0,0,0,0
male,african-american,35,25 - 45,9,4,0,0,high,2013-02-04,0,12,felony,0,1152,0,0,4,17,21
male,caucasian,29,25 - 45,3,2,0,0,low,2013-08-21,0,1,felony,0,329,0,0,0,0,0
female,caucasian,20,less than 25,4,6,0,0,low,2013-11-23,0,0,felony,0,860,0,0,0,0,0
male,african-american,29,25 - 45,1,2,0,0,low,2013-12-18,0,0,felony,0,835,0,0,0,0,0
male,other,28,25 - 45,2,3,0,0,low,2014-01-10,0,3,felony,0,812,0,0,0,0,0
male,asian,67,greater than 45,1,1,0,0,low,2013-08-20,0,0,misdemeanor,0,955,0,0,0,0,0
female,african-american,46,greater than 45,5,1,0,0,medium,2013-02-03,0,1,misdemeanor,0,1153,0,0,0,0,0
male,other,25,25 - 45,2,3,0,0,low,2013-08-13,0,0,felony,0,962,0,0,0,0,0
male,african-american,24,less than 25,9,9,1,1,high,2013-05-16,1,8,felony,0,364,1,0,2,1,3
male,other,29,25 - 45,6,2,0,0,medium,2013-05-11,0,3,felony,177,1056,0,0,0,0,0
male,african-american,45,greater than 45,6,2,0,0,medium,2013-02-02,0,2,misdemeanor,28,1154,0,0,0,0,0
male,african-american,31,25 - 45,5,2,1,0,medium,2013-01-19,1,5,felony,10,450,0,0,0,0,0
male,african-american,21,less than 25,8,9,1,0,high,2014-02-14,1,0,felony,8,32,0,0,0,0,0
male,caucasian,61,greater than 45,1,1,0,0,low,2014-02-05,0,0,misdemeanor,0,786,0,0,0,0,0
female,caucasian,51,greater than 45,7,1,1,0,medium,2013-11-30,1,5,misdemeanor,20,613,1,0,0,0,0
male,other,32,25 - 45,1,1,0,0,low,2013-06-14,0,1,felony,0,1022,0,0,0,0,0
male,caucasian,43,25 - 45,6,1,0,0,medium,2013-02-21,0,9,felony,0,1135,0,0,0,0,0
male,other,32,25 - 45,1,1,0,0,low,2014-01-25,0,0,misdemeanor,0,797,0,0,0,0,0
male,african-american,36,25 - 45,5,2,0,0,medium,2014-02-12,0,0,felony,0,779,0,0,0,0,0
male,caucasian,58,greater than 45,4,1,1,0,low,2013-09-26,1,3,felony,15,136,0,0,0,0,0
male,african-american,32,25 - 45,2,6,0,0,low,2013-04-16,0,1,misdemeanor,0,1081,0,0,0,0,0
male,african-american,57,greater than 45,9,6,0,0,high,2013-05-29,0,12,felony,50,1038,0,0,0,0,0
male,african-american,37,25 - 45,7,6,0,0,medium,2013-01-14,0,2,felony,0,1173,0,0,0,0,0
male,african-american,44,25 - 45,6,2,0,0,medium,2013-10-23,0,6,felony,1,891,0,0,0,0,0
male,african-american,51,greater than 45,2,1,0,0,low,2013-01-24,0,8,felony,0,1163,0,0,0,0,0
male,hispanic,45,greater than 45,6,4,0,0,medium,2013-04-15,0,4,felony,0,1082,0,0,0,0,0
male,caucasian,28,25 - 45,8,6,0,0,high,2013-09-24,0,9,misdemeanor,0,112,0,0,0,2,2
male,african-american,45,greater than 45,7,4,1,1,medium,2013-05-04,1,8,felony,0,139,1,0,0,0,0
male,other,48,greater than 45,1,1,0,0,low,2013-03-29,0,1,felony,1,1099,0,0,0,0,0
male,african-american,26,25 - 45,8,4,1,0,high,2013-08-30,1,13,felony,0,34,0,0,1,1,2
male,african-american,25,25 - 45,3,4,0,0,low,2013-03-17,0,0,felony,1,1111,0,0,0,0,0
male,african-american,31,25 - 45,7,4,1,0,medium,2013-02-18,1,8,misdemeanor,0,158,1,0,0,0,0
male,african-american,43,25 - 45,1,1,0,0,low,2013-09-30,0,1,felony,0,914,0,0,0,0,0
male,african-american,30,25 - 45,1,1,0,0,low,2014-03-10,0,0,misdemeanor,0,753,0,0,0,0,0
male,caucasian,50,greater than 45,1,1,0,0,low,2013-09-23,0,0,misdemeanor,0,921,0,0,0,0,0
female,african-american,31,25 - 45,2,2,0,0,low,2013-10-08,0,2,felony,0,555,0,0,0,0,0
female,caucasian,33,25 - 45,6,2,0,0,medium,2013-11-08,0,7,misdemeanor,0,875,0,0,0,0,0
male,african-american,32,25 - 45,5,5,1,1,medium,2013-11-07,1,1,felony,19,415,1,0,0,0,0
female,caucasian,46,greater than 45,1,1,1,0,low,2013-12-05,1,0,misdemeanor,2,203,1,0,0,0,0
male,hispanic,22,less than 25,6,7,0,0,medium,2013-03-28,0,0,felony,0,755,0,0,0,0,0
female,caucasian,32,25 - 45,6,2,1,0,medium,2014-03-14,1,6,felony,7,26,1,0,0,0,0
female,african-american,23,less than 25,7,5,1,0,medium,2013-12-24,1,2,felony,0,53,1,0,0,0,0
male,caucasian,21,less than 25,5,7,0,0,medium,2013-03-01,0,0,felony,0,1127,0,0,0,0,0
male,other,22,less than 25,9,8,0,0,high,2013-01-22,0,1,felony,0,1165,0,0,0,0,0
male,other,52,greater than 45,1,1,0,0,low,2013-10-18,0,2,felony,0,82,0,0,0,0,0
male,caucasian,49,greater than 45,2,1,0,0,low,2013-09-29,0,2,misdemeanor,0,915,0,0,0,0,0
male,caucasian,55,greater than 45,7,2,1,0,medium,2013-01-04,1,3,felony,35,52,1,0,0,0,0
male,african-american,22,less than 25,2,4,0,0,low,2013-08-28,0,0,felony,0,947,0,0,0,0,0
male,hispanic,45,greater than 45,1,1,0,0,low,2013-04-19,0,0,felony,12,1078,0,0,0,0,0
female,african-american,31,25 - 45,5,2,1,0,medium,2014-01-05,1,7,felony,0,221,1,0,0,0,0
male,caucasian,22,less than 25,2,4,1,0,low,2014-02-13,1,0,misdemeanor,0,42,1,0,0,1,1
male,african-american,28,25 - 45,6,2,0,0,medium,2013-03-17,0,5,misdemeanor,0,1111,0,0,0,0,0
male,african-american,21,less than 25,5,8,1,1,medium,2013-10-31,1,1,felony,0,4,1,0,0,0,0
male,hispanic,37,25 - 45,3,3,0,0,low,2014-02-11,0,2,misdemeanor,0,780,0,0,0,1,1
male,african-american,30,25 - 45,7,3,1,0,medium,2013-02-20,1,21,felony,0,57,0,0,2,0,2
male,african-american,22,less than 25,10,9,1,0,high,2013-10-09,1,13,felony,0,4,1,0,0,1,1
male,african-american,28,25 - 45,10,5,0,0,high,2013-11-02,0,11,felony,25,881,0,2,1,0,3
male,african-american,24,less than 25,3,6,0,0,low,2013-01-16,0,1,felony,0,1171,0,0,0,0,0
male,african-american,44,25 - 45,3,1,0,0,low,2013-09-24,0,9,felony,0,73,0,0,0,0,0
male,hispanic,25,25 - 45,8,7,0,0,high,2014-03-18,0,5,felony,0,745,0,0,0,4,4
male,african-american,29,25 - 45,3,3,1,0,low,2013-01-31,1,5,felony,0,35,0,0,0,0,0
female,african-american,24,less than 25,5,4,0,0,medium,2013-11-15,0,1,felony,0,864,0,0,0,0,0
male,african-american,57,greater than 45,3,1,0,0,low,2014-03-22,0,19,felony,0,741,0,0,0,0,0
male,other,21,less than 25,6,7,0,0,medium,2013-05-14,0,0,misdemeanor,0,1053,0,0,0,0,0
male,caucasian,28,25 - 45,2,2,0,0,low,2013-04-24,0,0,felony,0,225,0,0,0,0,0
male,caucasian,51,greater than 45,1,1,0,0,low,2013-03-20,0,0,misdemeanor,92,1108,0,0,0,0,0
male,african-american,34,25 - 45,9,3,1,0,high,2013-09-04,1,6,felony,0,204,1,0,0,0,0
male,african-american,26,25 - 45,2,2,1,0,low,2013-01-23,1,0,misdemeanor,0,662,1,0,0,0,0
male,african-american,25,25 - 45,7,5,0,0,medium,2013-08-17,0,6,misdemeanor,32,958,0,0,1,0,1
male,caucasian,49,greater than 45,1,1,1,0,low,2013-12-10,1,1,felony,20,310,1,0,0,0,0
male,african-american,57,greater than 45,10,9,0,0,high,2014-01-08,0,27,misdemeanor,0,814,0,0,0,0,0
female,african-american,27,25 - 45,2,3,0,0,low,2013-04-08,0,0,misdemeanor,1,1089,0,0,0,0,0
male,caucasian,66,greater than 45,1,1,0,0,low,2013-01-13,0,1,misdemeanor,18,1174,0,0,0,0,0
female,african-american,25,25 - 45,7,3,1,1,medium,2014-02-24,1,4,misdemeanor,0,301,1,0,0,0,0
male,caucasian,21,less than 25,3,6,0,0,low,2013-01-26,0,0,felony,0,1161,0,0,0,0,0
male,caucasian,45,greater than 45,2,1,0,0,low,2013-03-11,0,1,felony,0,1117,0,0,0,0,0
male,african-american,38,25 - 45,6,7,1,1,medium,2013-10-21,1,6,felony,0,321,0,0,0,0,0
male,african-american,37,25 - 45,8,4,0,0,high,2013-01-21,0,24,felony,19,1166,0,2,3,0,5
male,african-american,64,greater than 45,4,1,0,0,low,2013-08-17,0,0,felony,3,958,0,0,0,0,0
male,african-american,30,25 - 45,6,4,1,1,medium,2013-02-08,1,1,felony,0,52,0,0,0,0,0
male,african-american,61,greater than 45,1,1,0,0,low,2013-08-14,0,1,misdemeanor,1,961,0,0,0,0,0
male,caucasian,33,25 - 45,3,3,0,0,low,2013-12-19,0,0,felony,0,834,0,0,0,0,0
female,caucasian,49,greater than 45,2,1,0,0,low,2014-02-28,0,8,felony,0,763,0,0,0,0,0
male,african-american,23,less than 25,7,5,0,0,medium,2013-02-10,0,0,felony,1,1146,0,0,0,0,0
male,african-american,33,25 - 45,8,5,0,0,high,2013-11-14,0,14,felony,0,869,0,0,0,0,0
male,caucasian,21,less than 25,9,6,1,1,high,2013-07-29,1,0,felony,0,47,1,0,0,0,0
male,hispanic,26,25 - 45,4,4,0,0,low,2013-08-20,0,7,misdemeanor,2,955,0,0,0,1,1
male,other,35,25 - 45,1,2,1,0,low,2013-01-21,1,3,misdemeanor,0,12,1,0,0,0,0
male,african-american,27,25 - 45,9,4,1,0,high,2013-01-02,0,2,misdemeanor,0,370,0,0,0,1,1
male,caucasian,38,25 - 45,6,3,0,0,medium,2013-01-04,0,1,misdemeanor,15,1183,0,0,0,0,0
male,african-american,48,greater than 45,9,3,1,0,high,2013-02-04,1,14,felony,0,23,0,0,0,0,0
male,caucasian,26,25 - 45,2,3,0,0,low,2014-03-05,0,0,misdemeanor,0,758,0,0,0,0,0
male,african-american,24,less than 25,8,5,1,0,high,2013-08-29,1,4,felony,0,43,1,0,1,0,1
female,caucasian,44,25 - 45,6,2,1,0,medium,2013-03-17,1,4,felony,5,140,1,0,0,0,0
male,caucasian,23,less than 25,7,6,1,0,medium,2013-04-02,0,2,felony,13,860,1,0,0,1,1
female,caucasian,34,25 - 45,6,2,1,0,medium,2013-02-07,1,1,felony,12,292,1,0,0,0,0
male,other,63,greater than 45,4,2,1,0,low,2014-03-30,1,23,felony,1,123,0,0,0,0,0
female,african-american,36,25 - 45,1,1,0,0,low,2014-03-20,0,0,misdemeanor,0,743,0,0,0,0,0
male,caucasian,58,greater than 45,1,1,0,0,low,2013-04-03,0,1,felony,79,1037,0,0,0,0,0
male,african-american,25,25 - 45,7,7,1,0,medium,2013-09-05,1,7,felony,0,463,0,0,0,0,0
male,caucasian,46,greater than 45,3,2,0,0,low,2013-10-04,0,5,misdemeanor,0,125,0,0,0,0,0
female,caucasian,35,25 - 45,3,4,0,0,low,2013-09-12,0,4,felony,0,807,0,0,0,0,0
male,african-american,23,less than 25,7,5,0,0,medium,2013-05-06,0,3,felony,0,134,0,0,0,0,0
male,caucasian,40,25 - 45,1,1,0,0,low,2013-12-23,0,1,felony,0,830,0,0,0,0,0
male,hispanic,31,25 - 45,3,3,0,0,low,2013-10-14,0,3,felony,0,900,0,0,0,0,0
female,hispanic,34,25 - 45,4,2,0,0,low,2013-05-22,0,5,felony,1,1045,0,0,0,0,0
female,african-american,26,25 - 45,5,3,0,0,medium,2013-05-17,0,3,felony,0,1050,0,0,0,0,0
male,african-american,49,greater than 45,1,1,0,0,low,2013-02-10,0,1,felony,25,1146,0,0,0,0,0
female,hispanic,47,greater than 45,1,1,0,0,low,2013-08-25,0,0,misdemeanor,1,950,0,0,0,0,0
female,native american,45,greater than 45,2,1,0,0,low,2013-03-07,0,1,misdemeanor,0,1121,0,0,0,0,0
male,african-american,47,greater than 45,2,1,0,0,low,2013-10-07,0,6,felony,5,907,0,0,0,0,0
male,african-american,34,25 - 45,6,2,1,0,medium,2013-04-20,1,7,felony,0,236,1,0,0,0,0
male,hispanic,45,greater than 45,8,4,0,0,high,2013-02-22,0,1,misdemeanor,0,378,0,0,0,0,0
male,african-american,27,25 - 45,9,8,0,0,high,2013-03-01,0,10,felony,7,1127,0,0,0,0,0
female,caucasian,52,greater than 45,1,1,0,0,low,2013-12-31,0,0,misdemeanor,0,822,0,0,0,0,0
male,african-american,25,25 - 45,7,4,0,0,medium,2013-02-27,0,9,felony,2,537,0,0,0,1,1
male,african-american,51,greater than 45,2,2,0,0,low,2013-09-26,0,1,felony,162,918,0,0,0,0,0
female,african-american,29,25 - 45,2,2,1,0,low,2013-02-01,0,1,misdemeanor,0,907,1,0,0,0,0
male,african-american,39,25 - 45,3,2,0,0,low,2013-05-11,0,1,felony,0,1056,0,0,0,0,0
male,caucasian,46,greater than 45,1,1,0,0,low,2014-03-16,0,0,felony,0,747,0,0,0,0,0
male,caucasian,28,25 - 45,4,3,0,0,low,2014-01-06,0,6,felony,0,218,0,0,0,0,0
male,african-american,57,greater than 45,1,1,0,0,low,2014-02-08,0,0,felony,0,783,0,0,0,0,0
male,hispanic,23,less than 25,5,5,0,0,medium,2013-01-18,0,2,felony,0,1169,0,0,0,0,0
male,african-american,34,25 - 45,9,7,1,0,high,2014-01-13,1,27,felony,117,163,1,0,0,0,0
male,african-american,27,25 - 45,3,2,0,0,low,2014-03-16,0,3,felony,11,747,0,0,0,0,0
male,african-american,25,25 - 45,9,6,1,0,high,2014-01-22,1,7,misdemeanor,2,55,1,0,0,1,1
male,african-american,37,25 - 45,2,1,0,0,low,2014-03-21,0,8,felony,0,742,0,0,0,0,0
male,african-american,51,greater than 45,2,1,1,1,low,2013-05-08,1,0,felony,1,6,0,0,0,0,0
male,hispanic,51,greater than 45,2,1,0,0,low,2014-01-27,0,3,misdemeanor,0,795,0,0,0,0,0
male,african-american,28,25 - 45,6,6,1,0,medium,2013-01-17,0,8,felony,40,151,0,0,1,0,1
male,caucasian,56,greater than 45,1,1,0,0,low,2014-01-16,0,4,felony,7,806,0,0,0,0,0
male,african-american,45,greater than 45,9,7,1,0,high,2013-11-19,1,15,felony,330,511,1,0,0,0,0
male,caucasian,26,25 - 45,6,4,1,1,medium,2013-03-19,1,7,felony,17,187,1,0,0,0,0
male,caucasian,23,less than 25,4,3,0,0,low,2013-09-03,0,0,misdemeanor,0,941,0,0,0,3,3
male,african-american,31,25 - 45,2,2,0,0,low,2013-09-30,0,0,misdemeanor,0,914,0,0,0,0,0
male,other,31,25 - 45,3,3,0,0,low,2013-02-19,0,0,misdemeanor,0,1137,0,0,0,0,0
male,hispanic,19,less than 25,9,10,1,1,high,2013-09-23,0,1,felony,0,775,1,1,0,0,1
male,caucasian,32,25 - 45,1,1,0,0,low,2013-03-01,0,0,felony,0,1127,0,0,0,0,0
male,caucasian,30,25 - 45,3,2,1,0,low,2013-12-03,1,1,misdemeanor,0,122,1,0,0,0,0
female,hispanic,48,greater than 45,6,6,0,0,medium,2013-06-07,0,9,felony,0,1029,0,0,0,0,0
male,caucasian,66,greater than 45,1,1,0,0,low,2013-09-20,0,1,felony,0,924,0,0,0,0,0
female,african-american,40,25 - 45,1,1,0,0,low,2014-03-25,0,0,felony,0,738,0,0,0,0,0
male,african-american,59,greater than 45,2,2,0,0,low,2013-08-02,0,4,misdemeanor,1,973,0,0,0,0,0
male,african-american,25,25 - 45,7,7,0,0,medium,2013-10-31,0,5,felony,0,118,0,0,0,0,0
male,african-american,27,25 - 45,7,3,0,0,medium,2013-10-18,0,3,misdemeanor,0,896,0,0,0,0,0
male,african-american,22,less than 25,3,6,0,0,low,2013-01-10,0,0,felony,0,1177,0,0,0,0,0
male,caucasian,58,greater than 45,1,1,0,0,low,2013-05-17,0,1,felony,0,241,0,0,0,0,0
male,african-american,49,greater than 45,1,1,0,0,low,2013-03-06,0,1,misdemeanor,0,1122,0,0,0,0,0
male,caucasian,29,25 - 45,3,2,0,0,low,2014-01-06,0,2,felony,0,816,0,0,0,0,0
female,caucasian,44,25 - 45,7,2,1,0,medium,2013-03-22,1,11,felony,0,85,1,0,0,0,0
male,african-american,24,less than 25,4,3,0,0,low,2013-12-04,0,2,felony,0,203,0,0,0,0,0
male,african-american,27,25 - 45,8,7,1,1,high,2013-11-13,1,0,felony,60,269,0,0,0,0,0
female,african-american,34,25 - 45,5,5,1,0,medium,2013-11-14,1,5,felony,0,124,0,0,0,0,0
male,caucasian,24,less than 25,5,4,0,0,medium,2013-03-04,0,0,felony,0,768,0,0,0,0,0
female,caucasian,35,25 - 45,4,2,0,0,low,2013-09-16,0,3,felony,0,928,0,0,1,0,1
male,caucasian,65,greater than 45,3,1,0,0,low,2013-02-20,0,4,misdemeanor,0,1136,0,0,0,0,0
male,african-american,29,25 - 45,8,7,1,0,high,2013-03-21,1,7,felony,2,5,1,0,2,1,3
male,african-american,30,25 - 45,9,6,1,1,high,2013-05-02,1,5,felony,1,437,1,1,0,0,1
male,african-american,23,less than 25,2,4,1,1,low,2013-01-18,0,1,felony,1,223,0,0,1,1,2
male,caucasian,22,less than 25,5,5,0,0,medium,2013-09-24,0,2,felony,3,920,0,0,0,0,0
male,african-american,21,less than 25,3,5,0,0,low,2013-12-28,0,0,misdemeanor,0,825,0,0,0,0,0
female,caucasian,43,25 - 45,2,1,0,0,low,2013-05-15,0,0,misdemeanor,0,1052,0,0,0,0,0
male,african-american,29,25 - 45,8,4,0,0,high,2013-05-14,0,0,felony,2,720,0,0,0,0,0
male,african-american,43,25 - 45,3,3,0,0,low,2014-02-15,0,1,felony,2,776,0,0,0,0,0
male,african-american,25,25 - 45,2,3,0,0,low,2014-03-29,0,1,felony,1,734,0,0,0,0,0
male,caucasian,47,greater than 45,1,1,0,0,low,2013-10-09,0,0,misdemeanor,0,905,0,0,0,0,0
female,african-american,21,less than 25,5,6,0,0,medium,2013-04-25,0,0,felony,0,1072,0,0,0,0,0
female,african-american,25,25 - 45,6,3,0,0,medium,2013-05-06,0,1,misdemeanor,0,1061,0,0,0,0,0
male,caucasian,54,greater than 45,1,1,0,0,low,2013-10-19,0,0,misdemeanor,0,895,0,0,0,0,0
male,african-american,34,25 - 45,1,1,1,1,low,2013-02-07,1,3,felony,0,8,1,0,0,1,1
female,african-american,28,25 - 45,2,2,0,0,low,2013-04-08,0,2,misdemeanor,0,1089,0,0,0,0,0
female,caucasian,53,greater than 45,1,1,1,0,low,2013-07-18,1,4,felony,0,424,1,0,0,0,0
male,african-american,54,greater than 45,1,1,0,0,low,2013-01-31,0,0,misdemeanor,0,1156,0,0,0,0,0
male,hispanic,37,25 - 45,1,2,1,0,low,2013-04-19,1,3,felony,82,725,1,0,0,0,0
male,african-american,34,25 - 45,4,1,0,0,low,2013-10-30,0,2,felony,0,625,0,0,0,0,0
male,hispanic,50,greater than 45,9,3,0,0,high,2013-11-05,0,11,misdemeanor,0,878,0,0,0,0,0
male,african-american,22,less than 25,4,5,0,0,low,2014-02-06,0,0,felony,0,785,0,0,0,0,0
male,african-american,51,greater than 45,7,4,0,0,medium,2014-01-22,0,3,felony,0,800,0,0,0,0,0
male,african-american,29,25 - 45,2,2,1,0,low,2013-12-05,1,0,felony,12,245,1,0,0,0,0
female,african-american,28,25 - 45,5,5,0,0,medium,2013-04-04,0,1,felony,0,195,0,0,0,0,0
male,caucasian,36,25 - 45,7,3,0,0,medium,2013-10-01,0,6,felony,0,570,0,0,0,0,0
male,african-american,28,25 - 45,6,5,0,0,medium,2013-01-24,0,5,misdemeanor,27,1163,0,0,0,1,1
male,caucasian,33,25 - 45,1,1,1,0,low,2013-03-11,1,0,felony,0,31,1,0,0,0,0
male,caucasian,43,25 - 45,2,4,0,0,low,2013-05-05,0,4,misdemeanor,2,1062,0,0,0,0,0
male,hispanic,45,greater than 45,6,3,0,0,medium,2013-12-29,0,1,misdemeanor,26,824,0,0,0,0,0
female,african-american,35,25 - 45,3,2,1,0,low,2013-02-14,1,0,felony,1,9,1,0,0,0,0
male,hispanic,41,25 - 45,1,1,0,0,low,2013-04-01,0,1,misdemeanor,113,1096,0,0,0,0,0
male,hispanic,35,25 - 45,9,6,0,0,high,2014-02-11,0,12,felony,9,780,0,0,1,0,1
male,african-american,25,25 - 45,6,5,1,0,medium,2013-04-12,1,4,felony,43,139,1,0,0,0,0
male,asian,24,less than 25,3,4,0,0,low,2014-02-27,0,0,misdemeanor,0,764,0,0,0,0,0
male,african-american,21,less than 25,6,6,1,1,medium,2013-08-08,1,3,felony,0,34,1,0,0,0,0
male,hispanic,28,25 - 45,4,4,0,0,low,2013-08-26,0,0,felony,0,149,0,0,0,0,0
male,african-american,47,greater than 45,7,5,1,0,medium,2013-01-23,1,23,felony,402,684,1,0,0,0,0
male,other,59,greater than 45,1,1,0,0,low,2013-10-24,0,1,felony,0,890,0,0,0,0,0
male,caucasian,36,25 - 45,4,1,1,0,low,2013-08-20,1,14,felony,0,394,1,0,0,0,0
male,african-american,26,25 - 45,8,7,1,1,high,2014-03-06,1,9,felony,2,21,1,0,0,0,0
male,other,31,25 - 45,1,1,0,0,low,2014-03-01,0,0,misdemeanor,2,762,0,0,0,0,0
male,african-american,32,25 - 45,3,3,1,0,low,2013-04-29,1,8,felony,0,35,0,0,0,0,0
female,caucasian,27,25 - 45,7,4,1,0,medium,2014-02-26,1,3,felony,0,379,1,0,0,0,0
male,caucasian,28,25 - 45,7,3,0,0,medium,2013-04-07,0,0,felony,1,236,0,0,0,0,0
male,caucasian,48,greater than 45,1,1,1,0,low,2013-12-24,1,1,misdemeanor,0,29,1,0,0,0,0
male,caucasian,23,less than 25,7,7,1,0,medium,2013-05-13,1,2,felony,0,129,1,0,0,0,0
male,caucasian,44,25 - 45,1,1,0,0,low,2013-04-19,0,0,misdemeanor,0,1078,0,0,0,0,0
male,african-american,42,25 - 45,5,3,0,0,medium,2013-05-11,0,7,misdemeanor,0,983,0,0,0,0,0
male,african-american,39,25 - 45,7,4,0,0,medium,2013-05-23,0,5,felony,3,32,0,0,0,0,0
female,hispanic,46,greater than 45,1,1,0,0,low,2013-12-18,0,2,felony,2,835,0,0,0,0,0
male,caucasian,55,greater than 45,5,3,0,0,medium,2013-08-26,0,0,misdemeanor,9,949,0,0,0,0,0
male,african-american,27,25 - 45,9,4,1,0,high,2013-11-09,1,5,felony,3,145,1,0,0,0,0
female,caucasian,31,25 - 45,9,5,0,0,high,2013-11-11,0,0,misdemeanor,4,872,0,0,0,0,0
male,african-american,25,25 - 45,2,4,0,0,low,2013-09-18,0,0,felony,0,926,0,0,0,0,0
male,caucasian,32,25 - 45,7,4,0,0,medium,2014-02-06,0,6,misdemeanor,0,785,0,0,0,2,2
male,african-american,36,25 - 45,5,4,0,0,medium,2013-03-11,0,2,felony,0,1117,0,0,0,0,0
male,african-american,21,less than 25,7,6,1,0,medium,2013-11-10,1,3,felony,3,76,0,0,0,0,0
male,caucasian,39,25 - 45,4,2,0,0,low,2013-12-22,0,2,misdemeanor,0,831,0,0,0,0,0
female,african-american,26,25 - 45,2,2,0,0,low,2013-08-01,0,0,misdemeanor,0,974,0,0,0,0,0
male,african-american,28,25 - 45,8,7,1,0,high,2013-03-06,1,8,felony,20,113,1,0,0,0,0
female,other,22,less than 25,4,5,0,0,low,2013-02-01,0,0,felony,1,1155,0,0,0,0,0
male,caucasian,37,25 - 45,1,1,0,0,low,2013-04-22,0,3,misdemeanor,0,1075,0,0,0,0,0
male,african-american,23,less than 25,8,8,1,0,high,2013-02-03,1,2,misdemeanor,1,154,1,0,0,0,0
male,caucasian,32,25 - 45,7,4,1,0,medium,2013-04-14,1,9,misdemeanor,5,15,1,0,0,0,0
male,caucasian,41,25 - 45,6,2,0,0,medium,2013-01-12,0,9,misdemeanor,32,1175,0,0,0,0,0
male,african-american,25,25 - 45,3,3,0,0,low,2013-04-01,0,1,misdemeanor,0,1096,0,0,0,0,0
female,caucasian,57,greater than 45,1,1,0,0,low,2013-08-23,0,3,felony,0,952,0,0,0,0,0
male,caucasian,58,greater than 45,1,1,0,0,low,2013-12-10,0,0,misdemeanor,0,843,0,0,0,0,0
male,african-american,28,25 - 45,4,5,1,0,low,2013-05-27,0,1,felony,16,772,1,0,0,0,0
female,african-american,39,25 - 45,5,2,1,0,medium,2013-11-08,1,0,felony,1,90,1,0,0,0,0
male,caucasian,54,greater than 45,1,1,0,0,low,2013-12-25,0,0,felony,6,828,0,0,0,0,0
male,hispanic,21,less than 25,4,6,1,1,low,2013-04-14,1,0,misdemeanor,0,657,1,0,0,0,0
male,caucasian,43,25 - 45,4,1,0,0,low,2013-11-13,0,0,misdemeanor,0,870,0,0,0,0,0
male,african-american,31,25 - 45,10,10,0,0,high,2013-09-05,0,5,misdemeanor,0,939,0,0,0,0,0
male,african-american,30,25 - 45,10,9,0,0,high,2013-02-03,0,11,felony,117,1153,0,4,1,0,5
male,caucasian,27,25 - 45,4,6,1,0,low,2013-10-14,1,4,misdemeanor,0,387,1,0,1,3,4
male,african-american,28,25 - 45,2,2,1,0,low,2013-12-30,1,0,misdemeanor,0,375,0,0,0,0,0
male,african-american,24,less than 25,7,4,0,0,medium,2013-04-15,0,0,misdemeanor,0,1082,0,0,0,0,0
male,caucasian,43,25 - 45,1,1,0,0,low,2014-02-13,0,0,misdemeanor,0,778,0,0,0,0,0
male,african-american,44,25 - 45,4,2,1,0,low,2014-02-26,1,10,misdemeanor,0,435,1,0,0,0,0
male,african-american,51,greater than 45,7,6,0,0,medium,2013-08-23,0,4,felony,0,952,0,0,0,0,0
male,hispanic,24,less than 25,10,8,1,1,high,2013-03-27,1,11,felony,0,156,1,0,0,0,0
male,african-american,31,25 - 45,3,2,1,0,low,2013-01-22,0,1,felony,0,309,0,0,0,0,0
male,african-american,23,less than 25,3,4,0,0,low,2013-01-10,0,0,felony,1,1177,0,0,0,0,0
male,caucasian,27,25 - 45,9,7,0,0,high,2014-01-02,0,1,felony,0,820,0,0,0,0,0
male,african-american,24,less than 25,10,9,1,0,high,2013-03-02,1,0,felony,1,73,0,0,0,0,0
male,caucasian,66,greater than 45,1,1,0,0,low,2013-04-07,0,0,misdemeanor,0,1090,0,0,0,0,0
female,caucasian,36,25 - 45,4,1,0,0,low,2013-11-14,0,3,felony,25,32,0,0,0,1,1
male,caucasian,23,less than 25,3,4,1,0,low,2013-02-22,1,1,felony,0,7,1,0,0,0,0
male,hispanic,25,25 - 45,3,3,0,0,low,2013-10-06,0,1,felony,0,908,0,0,0,1,1
male,african-american,56,greater than 45,1,1,0,0,low,2013-02-14,0,4,felony,1,1142,0,0,0,0,0
male,native american,29,25 - 45,2,2,0,0,low,2013-11-05,0,1,felony,0,37,0,0,0,0,0
female,african-american,58,greater than 45,1,1,0,0,low,2014-02-19,0,3,misdemeanor,0,772,0,0,0,0,0
male,caucasian,24,less than 25,5,6,0,0,medium,2013-05-02,0,3,misdemeanor,0,1065,0,0,1,2,3
male,african-american,22,less than 25,3,6,1,1,low,2013-04-12,1,0,felony,70,546,1,0,0,0,0
male,caucasian,39,25 - 45,1,1,0,0,low,2014-01-13,0,0,misdemeanor,0,809,0,0,0,0,0
male,caucasian,46,greater than 45,7,5,1,0,medium,2014-02-25,1,10,felony,288,617,1,0,0,0,0
male,caucasian,38,25 - 45,1,1,1,0,low,2013-08-19,1,1,felony,0,70,0,0,0,0,0
male,caucasian,23,less than 25,8,9,1,1,high,2013-12-15,1,0,misdemeanor,3,65,1,0,0,0,0
male,other,39,25 - 45,5,1,0,0,medium,2014-02-02,0,6,felony,25,789,0,0,0,0,0
male,african-american,25,25 - 45,8,6,0,0,high,2013-09-19,0,0,felony,2,239,0,0,0,0,0
male,african-american,31,25 - 45,9,9,1,0,high,2014-03-16,1,19,felony,0,30,0,0,0,0,0
male,african-american,26,25 - 45,6,6,0,0,medium,2013-08-22,0,6,felony,1,953,0,0,0,0,0
male,african-american,25,25 - 45,9,8,0,0,high,2013-01-08,0,2,felony,273,514,0,0,0,1,1
male,caucasian,37,25 - 45,8,2,1,0,high,2014-02-06,1,11,felony,1,161,1,0,0,0,0
male,african-american,36,25 - 45,1,1,0,0,low,2013-12-09,0,0,felony,0,345,0,0,0,0,0
male,african-american,26,25 - 45,6,7,1,0,medium,2013-03-20,1,1,felony,1,137,1,0,0,0,0
male,african-american,35,25 - 45,4,2,1,1,low,2013-10-02,1,7,felony,0,407,1,0,0,0,0
male,african-american,22,less than 25,4,6,1,1,low,2013-08-21,1,2,felony,1,288,1,0,0,0,0
male,caucasian,25,25 - 45,2,3,0,0,low,2013-05-11,0,0,felony,0,1056,0,0,0,0,0
male,caucasian,24,less than 25,7,4,0,0,medium,2013-01-12,0,0,misdemeanor,0,1175,0,0,0,0,0
male,hispanic,36,25 - 45,1,1,0,0,low,2013-11-12,0,0,misdemeanor,0,871,0,0,0,0,0
male,african-american,24,less than 25,7,7,1,1,medium,2013-01-15,1,2,misdemeanor,11,15,0,0,0,0,0
male,african-american,21,less than 25,9,9,1,0,high,2013-03-15,1,0,felony,0,579,1,0,0,1,1
male,caucasian,32,25 - 45,9,6,1,0,high,2013-11-22,1,15,felony,70,96,0,2,0,1,3
male,african-american,33,25 - 45,2,2,1,0,low,2013-05-12,1,2,misdemeanor,0,347,1,0,0,0,0
male,african-american,33,25 - 45,9,6,1,0,high,2014-02-04,1,10,felony,2,160,1,0,0,0,0
female,african-american,23,less than 25,8,7,1,0,high,2014-02-20,1,4,misdemeanor,0,482,1,0,0,0,0
male,caucasian,29,25 - 45,3,1,0,0,low,2013-07-08,0,0,misdemeanor,0,998,0,0,0,0,0
male,caucasian,50,greater than 45,3,2,0,0,low,2013-09-16,0,8,felony,172,928,0,0,0,0,0
male,caucasian,32,25 - 45,5,3,1,0,medium,2013-01-10,1,5,felony,0,272,1,0,0,0,0
male,african-american,37,25 - 45,8,9,1,0,high,2013-10-17,1,13,felony,0,132,1,0,1,0,1
male,african-american,27,25 - 45,1,2,0,0,low,2013-04-29,0,0,misdemeanor,0,1068,0,0,0,0,0
female,african-american,52,greater than 45,7,1,1,0,medium,2014-03-10,1,21,felony,0,123,0,0,0,0,0
male,hispanic,21,less than 25,5,5,1,1,medium,2013-02-16,1,1,misdemeanor,0,609,1,0,0,0,0
male,african-american,58,greater than 45,1,1,0,0,low,2013-05-19,0,1,felony,60,1048,0,0,0,0,0
male,african-american,27,25 - 45,8,5,0,0,high,2013-03-12,0,4,felony,32,1116,0,0,0,0,0
male,caucasian,28,25 - 45,7,4,1,0,medium,2013-10-01,1,1,felony,30,70,1,0,0,0,0
female,caucasian,31,25 - 45,3,2,0,0,low,2013-06-05,0,0,misdemeanor,0,1031,0,0,0,0,0
male,caucasian,30,25 - 45,9,9,1,0,high,2013-08-13,1,11,felony,0,31,1,0,1,0,1
male,african-american,24,less than 25,7,7,0,0,medium,2013-01-21,0,3,misdemeanor,6,1166,0,0,0,0,0
male,african-american,26,25 - 45,9,9,1,0,high,2013-03-23,1,6,felony,18,30,1,0,0,0,0
male,caucasian,43,25 - 45,1,1,0,0,low,2013-10-09,0,0,misdemeanor,0,905,0,0,0,0,0
male,african-american,31,25 - 45,1,3,1,0,low,2014-03-28,1,2,felony,0,603,1,0,0,1,1
male,african-american,22,less than 25,6,5,1,0,medium,2013-10-07,1,3,felony,2,17,0,0,0,0,0
male,african-american,23,less than 25,5,6,0,0,medium,2013-08-27,0,0,felony,2,367,0,0,0,0,0
male,caucasian,42,25 - 45,4,1,0,0,low,2013-10-16,0,0,misdemeanor,0,898,0,0,0,0,0
male,african-american,30,25 - 45,10,8,0,0,high,2013-08-19,0,18,misdemeanor,17,561,0,0,3,0,3
male,african-american,29,25 - 45,9,7,0,0,high,2013-01-09,0,1,felony,289,1178,0,0,0,0,0
male,caucasian,38,25 - 45,4,2,1,0,low,2013-08-01,1,2,felony,48,85,1,0,0,0,0
male,caucasian,26,25 - 45,4,4,1,0,low,2013-04-15,0,3,misdemeanor,0,105,0,0,0,1,1
female,hispanic,25,25 - 45,6,5,1,0,medium,2013-08-08,1,4,felony,0,213,1,0,0,0,0
male,african-american,51,greater than 45,7,5,0,0,medium,2013-02-22,0,5,misdemeanor,5,1134,0,0,0,0,0
male,other,36,25 - 45,1,1,0,0,low,2013-08-01,0,0,misdemeanor,0,974,0,0,0,0,0
male,hispanic,62,greater than 45,1,1,0,0,low,2013-11-06,0,0,misdemeanor,0,877,0,0,0,0,0
male,african-american,34,25 - 45,5,3,1,0,medium,2013-04-09,1,7,felony,0,174,1,0,0,0,0
male,african-american,35,25 - 45,2,1,0,0,low,2014-02-26,0,1,misdemeanor,0,765,0,0,0,0,0
male,caucasian,22,less than 25,3,5,0,0,low,2013-05-24,0,0,felony,4,108,0,0,0,0,0
male,african-american,29,25 - 45,10,8,1,0,high,2013-01-12,1,10,misdemeanor,108,146,0,0,0,0,0
male,african-american,40,25 - 45,2,1,0,0,low,2013-08-05,0,0,felony,0,970,0,0,0,0,0
male,african-american,36,25 - 45,2,1,0,0,low,2014-02-06,0,2,felony,1,785,0,0,0,0,0
male,african-american,26,25 - 45,8,5,1,0,high,2013-03-20,1,8,felony,0,130,1,0,0,0,0
male,african-american,25,25 - 45,3,4,1,0,low,2013-07-22,1,1,felony,0,52,1,0,0,0,0
male,caucasian,69,greater than 45,1,1,0,0,low,2013-07-10,0,0,misdemeanor,0,996,0,0,0,0,0
male,african-american,27,25 - 45,4,3,0,0,low,2014-01-25,0,1,felony,7,797,0,0,1,0,1
male,caucasian,20,less than 25,5,9,1,0,medium,2013-08-26,1,0,felony,1,78,1,0,0,0,0
male,african-american,27,25 - 45,1,2,0,0,low,2013-10-04,0,1,felony,0,188,0,0,0,0,0
female,african-american,24,less than 25,6,7,0,0,medium,2013-01-31,0,6,misdemeanor,309,711,0,0,0,0,0
male,caucasian,42,25 - 45,1,1,0,0,low,2013-07-17,0,0,felony,0,989,0,0,0,0,0
male,caucasian,25,25 - 45,3,2,0,0,low,2013-10-16,0,1,felony,0,328,0,0,0,0,0
male,caucasian,46,greater than 45,1,1,1,0,low,2013-04-03,1,1,felony,0,102,0,0,0,0,0
male,african-american,25,25 - 45,4,4,0,0,low,2013-11-28,0,0,felony,6,734,0,0,0,0,0
male,african-american,22,less than 25,3,5,0,0,low,2013-03-07,0,0,felony,0,1121,0,0,0,0,0
male,caucasian,21,less than 25,4,7,0,0,low,2013-02-06,0,0,felony,0,1150,0,0,0,0,0
male,african-american,30,25 - 45,2,3,0,0,low,2013-09-08,0,1,misdemeanor,2,936,0,0,0,0,0
male,caucasian,46,greater than 45,5,2,0,0,medium,2013-11-16,0,9,misdemeanor,4,867,0,0,0,0,0
male,african-american,26,25 - 45,7,7,0,0,medium,2013-01-17,0,2,misdemeanor,0,1170,0,0,0,0,0
male,african-american,33,25 - 45,5,6,1,0,medium,2013-02-07,1,0,felony,1,35,0,0,0,0,0
male,african-american,40,25 - 45,1,2,0,0,low,2013-08-29,0,1,misdemeanor,0,946,0,0,0,0,0
male,caucasian,34,25 - 45,4,3,0,0,low,2013-10-03,0,0,felony,27,911,0,0,0,0,0
male,hispanic,28,25 - 45,5,5,0,0,medium,2013-02-16,0,3,misdemeanor,0,137,0,0,0,0,0
male,african-american,31,25 - 45,3,2,1,0,low,2013-08-12,1,4,misdemeanor,0,127,1,0,0,0,0
male,native american,37,25 - 45,2,1,0,0,low,2013-02-10,0,0,felony,0,1146,0,0,0,0,0
male,african-american,50,greater than 45,1,1,0,0,low,2014-02-23,0,0,felony,1,768,0,0,0,0,0
female,other,21,less than 25,4,6,1,0,low,2013-03-21,1,2,felony,0,244,0,0,0,0,0
male,african-american,57,greater than 45,5,2,1,1,medium,2013-08-01,1,8,felony,99,101,1,0,0,0,0
male,african-american,31,25 - 45,5,5,1,0,medium,2013-04-16,0,5,misdemeanor,0,111,0,0,0,0,0
female,african-american,51,greater than 45,7,2,0,0,medium,2014-03-01,0,1,misdemeanor,0,762,0,0,0,0,0
male,african-american,44,25 - 45,8,6,0,0,high,2013-08-05,0,9,felony,0,352,0,0,0,0,0
male,african-american,48,greater than 45,9,2,1,0,high,2013-01-04,1,5,felony,464,550,0,0,0,0,0
female,caucasian,25,25 - 45,4,3,0,0,low,2014-01-19,0,0,felony,0,803,0,0,0,0,0
male,african-american,51,greater than 45,3,3,0,0,low,2013-08-01,0,5,misdemeanor,0,974,0,0,0,0,0
male,caucasian,57,greater than 45,1,1,0,0,low,2013-11-18,0,2,felony,0,36,0,0,0,0,0
male,caucasian,55,greater than 45,1,1,0,0,low,2013-12-09,0,0,misdemeanor,0,844,0,0,0,0,0
male,african-american,59,greater than 45,3,1,1,0,low,2013-11-15,1,4,felony,0,194,1,0,0,0,0
female,african-american,42,25 - 45,1,1,0,0,low,2014-03-25,0,0,felony,0,738,0,0,0,0,0
male,hispanic,20,less than 25,8,9,1,0,high,2013-12-11,1,2,felony,0,275,0,2,0,0,2
male,african-american,58,greater than 45,9,9,1,0,high,2013-03-18,0,16,felony,0,466,0,0,0,0,0
male,other,21,less than 25,4,5,0,0,low,2013-04-20,0,0,felony,28,1077,0,0,0,0,0
male,african-american,32,25 - 45,9,8,1,0,high,2013-04-07,1,21,felony,63,166,1,0,0,0,0
female,hispanic,24,less than 25,4,4,0,0,low,2013-09-04,0,0,misdemeanor,0,940,0,0,0,0,0
male,african-american,42,25 - 45,4,2,0,0,low,2013-08-18,0,1,felony,1,957,0,0,0,0,0
male,african-american,21,less than 25,6,6,0,0,medium,2013-05-25,0,1,felony,7,1042,0,0,0,0,0
male,caucasian,31,25 - 45,2,2,1,0,low,2014-01-08,1,1,misdemeanor,0,302,1,0,0,0,0
male,hispanic,56,greater than 45,4,3,0,0,low,2013-04-22,0,8,misdemeanor,0,1075,0,0,0,0,0
male,caucasian,58,greater than 45,1,1,0,0,low,2013-10-03,0,0,misdemeanor,0,911,0,0,0,0,0
male,caucasian,46,greater than 45,1,1,1,0,low,2013-12-11,1,1,misdemeanor,0,473,1,0,0,0,0
male,caucasian,50,greater than 45,2,1,1,0,low,2014-02-11,1,0,misdemeanor,14,418,1,0,0,0,0
male,african-american,46,greater than 45,9,4,0,0,high,2013-02-26,0,2,felony,0,259,0,0,0,0,0
male,african-american,35,25 - 45,5,6,0,0,medium,2013-01-17,0,4,misdemeanor,29,1170,0,0,0,0,0
male,african-american,30,25 - 45,9,7,1,0,high,2013-05-01,1,14,felony,1,134,1,0,1,0,1
male,african-american,42,25 - 45,5,4,0,0,medium,2013-11-19,0,2,felony,0,864,0,0,0,0,0
male,african-american,46,greater than 45,1,1,1,0,low,2013-01-06,1,5,felony,201,467,1,0,0,0,0
male,african-american,37,25 - 45,3,2,0,0,low,2013-04-29,0,12,felony,0,87,0,0,0,0,0
male,african-american,32,25 - 45,4,2,0,0,low,2013-02-04,0,8,felony,3,60,0,0,0,1,1
male,other,31,25 - 45,6,4,1,0,medium,2013-03-11,0,5,felony,2,877,1,0,0,0,0
female,african-american,33,25 - 45,1,2,0,0,low,2013-05-01,0,1,misdemeanor,1,1066,0,0,0,0,0
male,caucasian,25,25 - 45,4,4,0,0,low,2013-01-10,0,4,felony,325,1177,0,0,0,0,0
female,african-american,33,25 - 45,1,1,0,0,low,2014-03-20,0,0,misdemeanor,0,743,0,0,0,0,0
male,hispanic,21,less than 25,5,9,0,0,medium,2013-12-13,0,1,felony,0,840,0,0,0,0,0
female,caucasian,64,greater than 45,3,1,0,0,low,2013-09-06,0,7,misdemeanor,0,123,0,0,0,0,0
male,african-american,56,greater than 45,1,1,0,0,low,2013-11-06,0,1,felony,0,877,0,0,0,0,0
male,caucasian,38,25 - 45,3,1,1,1,low,2013-01-28,1,0,misdemeanor,2,580,1,0,0,0,0
female,african-american,40,25 - 45,1,1,0,0,low,2013-03-09,0,4,misdemeanor,0,1119,0,0,0,0,0
male,african-american,34,25 - 45,7,6,0,0,medium,2013-07-12,0,3,felony,0,169,0,0,0,0,0
male,african-american,28,25 - 45,4,3,0,0,low,2013-08-09,0,4,felony,0,47,0,0,0,1,1
male,african-american,51,greater than 45,1,1,0,0,low,2013-01-18,0,0,misdemeanor,0,1169,0,0,0,0,0
male,african-american,35,25 - 45,2,2,0,0,low,2013-09-16,0,2,misdemeanor,1,928,0,0,0,0,0
male,african-american,61,greater than 45,2,1,0,0,low,2013-01-24,0,5,felony,0,157,0,0,0,0,0
male,african-american,25,25 - 45,3,4,0,0,low,2014-03-05,0,0,felony,1,758,0,0,0,0,0
male,african-american,26,25 - 45,5,4,1,0,medium,2013-02-17,0,0,misdemeanor,0,1133,1,0,0,0,0
male,caucasian,42,25 - 45,1,1,0,0,low,2014-02-02,0,1,misdemeanor,2,789,0,0,0,0,0
female,african-american,25,25 - 45,4,4,0,0,low,2013-04-01,0,1,felony,0,688,0,0,0,0,0
male,african-american,31,25 - 45,7,3,0,0,medium,2013-03-01,0,9,felony,0,823,0,0,0,0,0
male,caucasian,35,25 - 45,2,1,0,0,low,2013-05-29,0,1,felony,0,1038,0,0,0,1,1
female,african-american,41,25 - 45,2,1,1,0,low,2013-10-01,1,4,felony,0,132,1,0,0,0,0
male,caucasian,34,25 - 45,1,1,0,0,low,2013-01-29,0,0,felony,115,1158,0,0,0,0,0
male,caucasian,46,greater than 45,1,1,0,0,low,2013-09-05,0,5,misdemeanor,0,104,0,0,0,0,0
female,caucasian,33,25 - 45,2,2,0,0,low,2013-08-12,0,1,misdemeanor,0,963,0,0,0,0,0
male,african-american,30,25 - 45,2,2,1,0,low,2014-02-18,0,3,felony,0,742,1,0,0,1,1
female,african-american,50,greater than 45,4,1,0,0,low,2013-12-12,0,7,misdemeanor,0,841,0,0,0,0,0
male,african-american,21,less than 25,5,7,0,0,medium,2013-05-02,0,0,felony,49,298,0,0,0,0,0
male,hispanic,31,25 - 45,10,6,1,0,high,2013-01-14,1,16,felony,483,501,1,0,0,0,0
female,african-american,23,less than 25,4,4,0,0,low,2013-04-14,0,0,misdemeanor,0,1083,0,0,0,0,0
male,african-american,25,25 - 45,6,6,0,0,medium,2013-01-27,0,1,felony,2,792,0,0,0,0,0
female,caucasian,24,less than 25,5,4,0,0,medium,2013-08-20,0,1,felony,0,955,0,0,0,0,0
male,african-american,31,25 - 45,10,9,1,0,high,2013-03-13,1,13,misdemeanor,0,99,0,0,0,0,0
male,african-american,60,greater than 45,1,1,1,0,low,2013-08-18,0,0,felony,1,812,1,0,0,0,0
male,african-american,30,25 - 45,2,3,0,0,low,2013-01-16,0,2,felony,0,705,0,0,0,0,0
female,other,32,25 - 45,1,1,0,0,low,2013-04-30,0,0,misdemeanor,0,1067,0,0,0,0,0
male,caucasian,46,greater than 45,1,1,0,0,low,2014-03-28,0,0,misdemeanor,0,735,0,0,0,0,0
male,african-american,28,25 - 45,9,9,0,0,high,2013-04-01,0,6,misdemeanor,0,1096,0,4,0,0,4
male,african-american,35,25 - 45,8,2,1,0,high,2013-05-22,0,0,felony,0,955,1,0,0,0,0
male,asian,41,25 - 45,8,2,1,0,high,2014-01-23,1,2,felony,161,282,1,0,0,0,0
female,african-american,40,25 - 45,4,1,0,0,low,2013-10-09,0,7,misdemeanor,0,104,0,0,0,0,0
male,african-american,23,less than 25,10,10,1,0,high,2013-01-18,1,1,felony,15,77,1,0,0,0,0
male,african-american,28,25 - 45,4,3,1,0,low,2013-04-27,0,2,misdemeanor,3,618,0,0,0,0,0
male,hispanic,21,less than 25,4,6,1,0,low,2013-10-27,1,0,felony,0,15,1,0,0,0,0
male,caucasian,46,greater than 45,4,1,1,0,low,2013-05-19,0,2,misdemeanor,2,753,1,0,0,1,1
male,african-american,56,greater than 45,2,1,0,0,low,2013-10-30,0,1,felony,0,884,0,0,0,0,0
male,african-american,41,25 - 45,6,3,1,0,medium,2013-05-07,0,19,felony,0,864,1,0,0,0,0
male,hispanic,40,25 - 45,5,2,1,0,medium,2014-01-10,1,8,felony,0,138,0,0,0,0,0
male,african-american,24,less than 25,4,6,1,1,low,2014-01-31,1,1,misdemeanor,0,212,1,0,0,0,0
male,african-american,25,25 - 45,8,9,0,0,high,2013-02-04,0,7,felony,0,507,0,0,0,1,1
female,caucasian,33,25 - 45,1,1,0,0,low,2014-02-17,0,0,misdemeanor,0,774,0,0,0,0,0
male,caucasian,48,greater than 45,8,5,1,1,high,2013-02-24,0,2,misdemeanor,3,183,0,0,0,0,0
male,african-american,33,25 - 45,6,2,1,0,medium,2013-08-14,1,11,felony,44,444,1,0,0,0,0
male,hispanic,25,25 - 45,7,5,0,0,medium,2013-12-07,0,0,felony,0,193,0,0,0,0,0
male,caucasian,25,25 - 45,8,5,1,0,high,2013-09-25,1,6,felony,0,70,0,0,0,0,0
female,caucasian,43,25 - 45,8,4,0,0,high,2013-12-11,0,7,felony,0,842,0,0,0,0,0
male,caucasian,32,25 - 45,3,2,0,0,low,2013-04-22,0,0,felony,1,53,0,0,0,0,0
male,other,33,25 - 45,7,2,0,0,medium,2013-09-14,0,3,felony,0,51,0,0,0,0,0
male,caucasian,49,greater than 45,1,2,0,0,low,2013-10-04,0,4,felony,0,910,0,0,0,0,0
male,caucasian,24,less than 25,4,5,0,0,low,2013-01-15,0,0,felony,18,1172,0,0,0,0,0
male,african-american,26,25 - 45,9,8,0,0,high,2013-03-20,0,1,felony,0,224,0,0,0,0,0
male,caucasian,42,25 - 45,2,1,0,0,low,2013-12-23,0,0,felony,1,830,0,0,0,0,0
male,african-american,22,less than 25,6,6,1,0,medium,2013-04-06,1,1,felony,5,6,1,0,0,0,0
male,hispanic,36,25 - 45,1,1,0,0,low,2013-01-29,0,0,felony,0,1158,0,0,0,0,0
male,caucasian,39,25 - 45,3,3,0,0,low,2013-09-09,0,0,misdemeanor,18,935,0,0,0,0,0
male,caucasian,38,25 - 45,5,3,1,0,medium,2013-10-13,1,2,felony,7,143,0,0,0,0,0
male,african-american,25,25 - 45,10,7,1,0,high,2013-08-04,1,4,felony,85,132,0,2,0,0,2
male,caucasian,53,greater than 45,1,1,0,0,low,2013-12-02,0,0,misdemeanor,0,851,0,0,0,0,0
male,other,21,less than 25,5,8,1,1,medium,2014-02-22,1,0,felony,5,96,1,0,0,0,0
male,caucasian,50,greater than 45,1,1,1,0,low,2014-03-20,1,1,misdemeanor,4,223,1,0,0,0,0
male,african-american,41,25 - 45,5,2,0,0,medium,2013-10-19,0,4,felony,0,895,0,0,0,0,0
male,african-american,34,25 - 45,2,1,1,1,low,2013-05-09,1,4,felony,0,293,1,0,0,0,0
male,caucasian,22,less than 25,7,6,1,1,medium,2013-02-01,1,0,felony,2,92,0,0,0,2,2
male,african-american,25,25 - 45,5,3,0,0,medium,2013-01-03,0,2,felony,26,1184,0,0,0,0,0
male,african-american,42,25 - 45,4,3,1,0,low,2014-02-15,1,1,felony,0,255,1,0,0,0,0
female,caucasian,27,25 - 45,3,3,0,0,low,2013-11-26,0,2,felony,0,253,0,0,0,0,0
male,other,51,greater than 45,1,1,0,0,low,2013-02-20,0,2,felony,0,1136,0,0,0,0,0
male,african-american,33,25 - 45,9,8,1,0,high,2013-04-03,1,23,felony,0,525,1,0,0,0,0
male,african-american,24,less than 25,3,5,0,0,low,2013-01-12,0,0,felony,0,1175,0,0,0,1,1
male,african-american,37,25 - 45,4,2,0,0,low,2013-08-27,0,4,felony,93,948,0,0,0,0,0
male,caucasian,37,25 - 45,1,1,0,0,low,2013-04-29,0,0,misdemeanor,0,1068,0,0,0,0,0
female,other,27,25 - 45,2,2,0,0,low,2013-01-22,0,0,misdemeanor,0,1165,0,0,0,0,0
male,other,21,less than 25,6,6,0,0,medium,2013-01-31,0,0,felony,4,97,0,0,0,0,0
male,african-american,35,25 - 45,1,1,1,1,low,2013-01-21,1,1,felony,1,67,1,0,0,0,0
female,caucasian,24,less than 25,8,5,0,0,high,2013-10-09,0,0,felony,36,110,0,0,0,0,0
male,other,21,less than 25,7,8,0,0,medium,2013-03-08,0,1,felony,0,1120,0,1,0,0,1
male,caucasian,49,greater than 45,1,1,0,0,low,2013-01-22,0,2,misdemeanor,0,215,0,0,0,0,0
male,african-american,38,25 - 45,6,8,0,0,medium,2013-09-03,0,9,felony,0,232,0,0,0,0,0
male,other,61,greater than 45,1,1,0,0,low,2013-07-10,0,0,misdemeanor,0,996,0,0,0,0,0
female,african-american,30,25 - 45,2,2,0,0,low,2014-01-12,0,0,misdemeanor,0,810,0,0,0,0,0
male,african-american,22,less than 25,6,5,1,1,medium,2013-04-26,0,3,felony,127,881,1,0,0,0,0
male,caucasian,52,greater than 45,1,1,0,0,low,2013-11-16,0,0,misdemeanor,0,867,0,0,0,0,0
male,caucasian,26,25 - 45,2,3,0,0,low,2014-03-24,0,0,felony,0,739,0,0,0,0,0
male,other,26,25 - 45,4,2,0,0,low,2014-03-15,0,0,misdemeanor,0,748,0,0,0,0,0
male,african-american,29,25 - 45,7,5,0,0,medium,2013-10-24,0,6,felony,0,301,0,0,1,0,1
male,african-american,29,25 - 45,8,9,1,1,high,2013-02-11,0,4,felony,79,657,0,0,0,0,0
male,caucasian,26,25 - 45,5,6,0,0,medium,2013-02-09,0,2,felony,0,1147,0,0,0,0,0
female,african-american,46,greater than 45,4,3,0,0,low,2014-01-07,0,4,felony,0,815,0,0,0,0,0
female,african-american,46,greater than 45,1,1,0,0,low,2014-03-22,0,0,felony,0,741,0,0,0,0,0
male,caucasian,39,25 - 45,1,3,0,0,low,2013-03-21,0,8,felony,0,1107,0,0,0,0,0
male,african-american,29,25 - 45,10,7,1,1,high,2014-02-22,1,12,felony,5,38,0,0,0,0,0
male,caucasian,41,25 - 45,1,1,0,0,low,2013-12-03,0,0,misdemeanor,0,850,0,0,0,0,0
male,african-american,29,25 - 45,10,7,1,0,high,2013-03-23,1,11,felony,0,705,1,0,0,1,1
female,african-american,25,25 - 45,7,3,0,0,medium,2013-12-08,0,5,felony,0,35,0,0,0,0,0
male,african-american,23,less than 25,7,5,0,0,medium,2013-01-16,0,2,felony,17,753,0,1,0,0,1
female,african-american,46,greater than 45,8,3,1,0,high,2013-01-14,1,1,felony,0,30,1,0,0,0,0
male,caucasian,30,25 - 45,3,2,0,0,low,2013-11-20,0,0,misdemeanor,0,863,0,0,0,0,0
male,caucasian,34,25 - 45,6,4,0,0,medium,2013-04-26,0,1,felony,2,1071,0,0,0,0,0
male,caucasian,70,greater than 45,1,1,1,0,low,2014-03-26,1,11,felony,0,645,1,0,0,0,0
male,caucasian,52,greater than 45,1,1,0,0,low,2013-12-10,0,2,felony,1,843,0,0,0,0,0
male,african-american,51,greater than 45,2,2,1,0,low,2013-10-01,0,4,misdemeanor,0,779,1,0,0,0,0
female,native american,45,greater than 45,10,9,1,0,high,2013-10-16,1,15,felony,0,6,0,0,0,0,0
male,african-american,55,greater than 45,6,5,1,0,medium,2013-03-20,1,21,felony,85,101,1,0,0,0,0
female,caucasian,49,greater than 45,1,1,0,0,low,2013-09-10,0,1,felony,0,934,0,0,0,0,0
female,african-american,26,25 - 45,6,4,1,1,medium,2013-10-17,1,9,misdemeanor,0,404,1,0,0,0,0
female,caucasian,47,greater than 45,1,1,0,0,low,2013-04-28,0,0,felony,0,1069,0,0,0,0,0
male,african-american,27,25 - 45,2,3,0,0,low,2013-08-03,0,0,misdemeanor,1,972,0,0,0,0,0
male,caucasian,25,25 - 45,7,4,1,0,medium,2013-03-25,1,5,misdemeanor,0,634,0,0,2,0,2
male,african-american,37,25 - 45,10,8,1,0,high,2013-08-10,1,26,felony,1,104,1,0,0,1,1
male,african-american,21,less than 25,6,6,0,0,medium,2013-06-20,0,0,felony,0,1016,0,0,0,0,0
female,african-american,27,25 - 45,5,3,1,0,medium,2013-11-09,1,3,felony,0,33,1,0,0,0,0
male,caucasian,30,25 - 45,4,4,1,1,low,2013-04-20,1,3,felony,11,148,1,0,0,0,0
male,caucasian,70,greater than 45,1,1,0,0,low,2014-02-09,0,0,misdemeanor,0,782,0,0,0,0,0
male,caucasian,37,25 - 45,9,4,1,0,high,2013-08-24,1,11,felony,0,61,1,0,0,0,0
male,african-american,46,greater than 45,5,7,1,0,medium,2013-04-06,1,5,felony,2,348,1,0,0,0,0
male,african-american,20,less than 25,8,8,1,0,high,2013-10-07,1,1,felony,0,408,1,1,0,0,1
male,african-american,43,25 - 45,4,3,1,0,low,2013-10-30,1,18,felony,8,191,1,0,0,0,0
male,african-american,38,25 - 45,6,5,0,0,medium,2013-02-19,0,15,felony,55,594,0,0,0,0,0
male,african-american,29,25 - 45,4,2,0,0,low,2013-03-13,0,0,felony,0,1115,0,0,0,0,0
male,african-american,37,25 - 45,2,3,1,0,low,2013-01-17,1,8,misdemeanor,1,77,1,0,0,0,0
male,hispanic,38,25 - 45,4,1,0,0,low,2013-10-10,0,3,felony,0,904,0,0,0,0,0
female,caucasian,27,25 - 45,3,2,0,0,low,2013-07-15,0,0,felony,0,991,0,0,0,0,0
female,other,20,less than 25,5,7,1,0,medium,2013-12-10,1,0,misdemeanor,11,189,1,0,0,0,0
male,hispanic,44,25 - 45,1,1,0,0,low,2013-01-11,0,0,misdemeanor,0,1176,0,0,0,0,0
male,caucasian,31,25 - 45,5,5,0,0,medium,2013-01-26,0,6,misdemeanor,0,1161,0,0,0,0,0
male,african-american,29,25 - 45,2,3,1,0,low,2013-01-12,1,3,felony,0,340,1,0,0,0,0
male,caucasian,48,greater than 45,7,7,1,0,medium,2013-09-20,1,13,felony,0,80,1,0,0,0,0
female,african-american,30,25 - 45,2,2,0,0,low,2013-10-02,0,0,misdemeanor,0,912,0,0,0,0,0
female,caucasian,25,25 - 45,5,3,1,0,medium,2013-12-20,1,2,felony,0,185,1,0,0,0,0
male,african-american,40,25 - 45,2,1,0,0,low,2013-02-16,0,3,felony,0,1140,0,0,0,0,0
female,caucasian,49,greater than 45,2,1,1,0,low,2013-05-07,0,3,felony,0,1025,1,0,0,0,0
male,caucasian,33,25 - 45,3,2,0,0,low,2013-03-10,0,1,misdemeanor,1,1118,0,0,0,0,0
male,hispanic,31,25 - 45,3,5,0,0,low,2013-04-17,0,1,misdemeanor,1,109,0,0,1,0,1
male,caucasian,61,greater than 45,1,1,0,0,low,2013-01-13,0,1,misdemeanor,0,1174,0,0,0,0,0
male,caucasian,30,25 - 45,4,3,0,0,low,2013-09-05,0,2,felony,0,939,0,0,0,0,0
male,caucasian,62,greater than 45,1,1,0,0,low,2013-10-05,0,0,misdemeanor,1,909,0,0,0,0,0
female,caucasian,27,25 - 45,8,7,1,0,high,2013-08-19,1,4,misdemeanor,0,7,1,0,0,0,0
male,caucasian,48,greater than 45,6,1,0,0,medium,2013-03-07,0,9,felony,0,549,0,0,0,0,0
female,caucasian,40,25 - 45,2,1,0,0,low,2013-12-25,0,0,felony,0,828,0,0,0,0,0
male,caucasian,24,less than 25,4,5,0,0,low,2013-12-17,0,0,felony,2,836,0,0,0,0,0
male,african-american,30,25 - 45,8,8,1,0,high,2013-11-06,1,4,misdemeanor,15,152,1,0,0,0,0
male,caucasian,63,greater than 45,1,1,0,0,low,2013-02-12,0,0,misdemeanor,0,1144,0,0,0,0,0
male,hispanic,46,greater than 45,1,1,0,0,low,2013-05-13,0,0,misdemeanor,0,430,0,0,0,0,0
male,african-american,33,25 - 45,10,9,0,0,high,2013-01-03,0,4,felony,0,868,0,0,0,0,0
female,african-american,21,less than 25,6,6,1,1,medium,2013-01-23,1,1,felony,0,81,1,1,0,0,1
male,caucasian,43,25 - 45,4,1,1,0,low,2013-10-07,1,0,misdemeanor,0,31,1,0,0,0,0
male,african-american,26,25 - 45,10,10,1,0,high,2013-01-12,1,3,felony,34,684,1,0,0,0,0
male,african-american,51,greater than 45,1,1,0,0,low,2013-09-05,0,1,felony,0,889,0,0,0,0,0
male,caucasian,39,25 - 45,1,1,1,1,low,2013-02-07,1,3,felony,0,673,1,0,0,0,0
female,hispanic,30,25 - 45,3,2,1,0,low,2013-02-25,1,0,misdemeanor,0,371,0,0,0,0,0
male,african-american,22,less than 25,6,5,0,0,medium,2013-12-16,0,0,misdemeanor,0,65,0,0,0,0,0
male,caucasian,59,greater than 45,1,1,0,0,low,2013-02-22,0,0,felony,0,1134,0,0,0,0,0
male,african-american,38,25 - 45,7,2,1,1,medium,2014-04-01,1,37,misdemeanor,30,138,1,0,5,0,5
male,african-american,23,less than 25,6,5,0,0,medium,2013-05-15,0,2,felony,238,1052,0,0,0,0,0
male,african-american,20,less than 25,3,7,1,1,low,2013-06-21,1,1,felony,0,59,1,1,0,0,1
male,african-american,38,25 - 45,7,3,1,1,medium,2013-04-01,1,2,felony,193,292,1,0,0,0,0
female,caucasian,34,25 - 45,3,2,0,0,low,2013-01-26,0,2,felony,0,1161,0,0,0,0,0
male,caucasian,35,25 - 45,4,3,1,0,low,2013-10-04,1,7,felony,0,262,1,0,0,0,0
male,african-american,36,25 - 45,3,1,1,0,low,2013-05-26,1,0,misdemeanor,0,442,1,0,0,0,0
male,african-american,31,25 - 45,1,2,0,0,low,2013-11-05,0,1,felony,0,878,0,0,0,0,0
female,african-american,28,25 - 45,4,4,1,0,low,2014-03-28,1,3,felony,4,103,1,0,0,0,0
male,african-american,28,25 - 45,2,2,1,0,low,2013-09-06,1,1,felony,0,550,1,0,0,0,0
male,caucasian,60,greater than 45,1,2,0,0,low,2014-01-17,0,3,felony,0,805,0,0,0,0,0
male,african-american,43,25 - 45,4,1,0,0,low,2014-03-29,0,0,felony,0,734,0,0,0,0,0
male,african-american,40,25 - 45,1,1,0,0,low,2014-03-11,0,1,felony,1,752,0,0,0,0,0
male,african-american,54,greater than 45,7,1,1,0,medium,2013-09-04,1,6,felony,13,35,1,0,0,0,0
male,african-american,26,25 - 45,6,7,0,0,medium,2013-10-07,0,1,felony,0,907,0,0,0,0,0
male,hispanic,41,25 - 45,1,1,1,0,low,2014-02-12,1,0,felony,0,89,1,0,0,0,0
male,african-american,21,less than 25,9,8,1,0,high,2013-11-15,1,1,felony,241,279,0,0,0,1,1
male,african-american,22,less than 25,3,5,0,0,low,2013-08-22,0,0,felony,0,953,0,0,0,1,1
male,hispanic,52,greater than 45,7,1,1,0,medium,2013-08-22,1,9,felony,33,271,1,0,0,0,0
female,other,40,25 - 45,1,1,0,0,low,2013-12-15,0,0,felony,0,838,0,0,0,0,0
female,caucasian,37,25 - 45,1,1,0,0,low,2013-09-28,0,0,felony,0,916,0,0,0,0,0
male,other,21,less than 25,4,6,0,0,low,2013-02-17,0,1,felony,0,982,0,0,0,0,0
female,african-american,45,greater than 45,4,2,0,0,low,2013-09-30,0,1,felony,5,914,0,0,0,0,0
male,caucasian,21,less than 25,8,9,0,0,high,2013-09-05,0,1,felony,12,631,0,0,1,2,3
male,african-american,50,greater than 45,9,4,0,0,high,2013-03-10,0,7,misdemeanor,0,1118,0,1,0,0,1
male,caucasian,35,25 - 45,5,4,1,1,medium,2013-11-08,1,6,felony,0,101,1,0,0,0,0
male,african-american,52,greater than 45,1,1,1,1,low,2013-06-03,1,1,misdemeanor,0,1,1,0,0,0,0
male,caucasian,48,greater than 45,1,1,0,0,low,2013-08-06,0,0,misdemeanor,0,471,0,0,0,0,0
female,african-american,29,25 - 45,8,6,1,0,high,2013-03-25,1,9,misdemeanor,0,32,1,0,0,3,3
male,caucasian,48,greater than 45,1,1,0,0,low,2013-03-09,0,0,misdemeanor,0,1119,0,0,0,0,0
male,african-american,31,25 - 45,6,4,1,0,medium,2013-05-09,1,10,felony,0,249,1,0,0,0,0
male,african-american,47,greater than 45,5,3,0,0,medium,2014-02-16,0,0,misdemeanor,2,775,0,0,0,0,0
male,african-american,62,greater than 45,7,6,0,0,medium,2013-10-19,0,1,misdemeanor,0,895,0,0,0,0,0
male,african-american,21,less than 25,10,10,1,0,high,2013-04-19,1,3,felony,0,132,1,1,2,2,5
male,african-american,35,25 - 45,10,5,0,0,high,2013-02-21,0,13,felony,0,392,0,3,0,0,3
male,african-american,46,greater than 45,1,1,1,0,low,2013-12-02,1,3,misdemeanor,0,30,1,0,0,0,0
male,african-american,34,25 - 45,4,3,1,0,low,2013-02-07,1,5,felony,4,341,1,0,0,0,0
male,african-american,52,greater than 45,1,1,0,0,low,2013-07-01,0,2,felony,0,1005,0,0,0,0,0
female,african-american,39,25 - 45,2,1,0,0,low,2013-03-20,0,7,felony,0,114,0,0,1,0,1
male,caucasian,21,less than 25,8,9,1,1,high,2014-01-10,1,0,misdemeanor,8,65,1,0,0,0,0
male,caucasian,53,greater than 45,1,1,0,0,low,2014-02-10,0,1,misdemeanor,0,781,0,0,0,0,0
male,african-american,22,less than 25,6,8,0,0,medium,2014-01-10,0,0,misdemeanor,2,812,0,0,0,0,0
male,african-american,45,greater than 45,3,1,0,0,low,2013-02-24,0,1,felony,2,697,0,0,0,0,0
female,caucasian,27,25 - 45,2,2,0,0,low,2014-01-09,0,0,felony,0,813,0,0,0,0,0
male,caucasian,25,25 - 45,2,3,0,0,low,2013-02-04,0,0,misdemeanor,0,69,0,0,0,0,0
male,african-american,31,25 - 45,5,4,1,0,medium,2013-04-12,1,2,felony,0,365,1,0,0,0,0
male,caucasian,28,25 - 45,3,2,0,0,low,2014-02-13,0,3,felony,0,778,0,0,0,0,0
male,african-american,36,25 - 45,2,2,1,1,low,2013-10-30,1,3,misdemeanor,1,34,1,0,0,0,0
male,african-american,27,25 - 45,5,5,1,0,medium,2013-01-11,1,7,felony,9,46,0,0,0,0,0
male,african-american,42,25 - 45,2,1,0,0,low,2013-05-06,0,1,felony,0,1061,0,0,0,0,0
male,caucasian,35,25 - 45,5,1,1,0,medium,2013-10-16,1,0,felony,41,114,1,0,0,0,0
female,caucasian,33,25 - 45,2,1,0,0,low,2013-04-15,0,2,felony,0,1082,0,0,0,0,0
male,hispanic,24,less than 25,10,9,1,0,high,2013-01-30,1,6,felony,553,749,1,1,0,0,1
female,caucasian,42,25 - 45,1,1,0,0,low,2014-03-16,0,0,misdemeanor,0,747,0,0,0,0,0
male,african-american,21,less than 25,6,9,1,0,medium,2013-01-19,1,0,felony,3,125,1,0,0,0,0
female,african-american,28,25 - 45,2,2,0,0,low,2013-01-14,0,0,misdemeanor,0,1173,0,0,0,0,0
female,caucasian,21,less than 25,6,7,0,0,medium,2013-08-27,0,0,felony,2,948,0,0,0,0,0
male,caucasian,26,25 - 45,6,6,1,0,medium,2013-04-20,1,0,misdemeanor,5,168,1,0,0,0,0
male,caucasian,36,25 - 45,1,1,0,0,low,2013-02-24,0,0,felony,0,1132,0,0,0,0,0
male,african-american,23,less than 25,8,9,1,0,high,2013-04-28,1,1,misdemeanor,0,237,0,0,0,0,0
male,caucasian,49,greater than 45,7,2,1,0,medium,2013-09-21,1,0,felony,1,76,0,0,0,0,0
male,african-american,29,25 - 45,8,7,1,0,high,2013-09-09,1,11,felony,0,551,1,0,0,0,0
male,caucasian,44,25 - 45,2,1,1,0,low,2013-11-23,1,0,felony,1,711,1,0,0,0,0
male,caucasian,28,25 - 45,3,4,0,0,low,2013-10-04,0,1,misdemeanor,0,910,0,0,0,0,0
male,african-american,27,25 - 45,6,5,1,0,medium,2013-01-07,1,2,misdemeanor,0,530,0,0,0,0,0
female,african-american,35,25 - 45,7,3,1,0,medium,2013-12-09,1,12,felony,0,51,0,0,0,0,0
male,african-american,36,25 - 45,8,4,1,0,high,2013-01-17,1,19,misdemeanor,0,544,0,0,0,0,0
male,caucasian,46,greater than 45,2,1,0,0,low,2013-01-31,0,2,misdemeanor,0,266,0,0,0,0,0
male,african-american,34,25 - 45,1,2,0,0,low,2013-08-02,0,3,felony,0,973,0,0,0,0,0
male,african-american,45,greater than 45,3,1,1,0,low,2013-08-13,1,15,felony,0,143,1,0,0,0,0
male,african-american,28,25 - 45,3,4,1,0,low,2013-02-08,1,9,felony,15,91,1,0,0,0,0
female,african-american,25,25 - 45,3,3,0,0,low,2013-02-25,0,1,felony,3,1131,0,0,0,0,0
male,african-american,21,less than 25,8,8,1,1,high,2013-01-01,0,1,misdemeanor,1,748,1,0,1,0,1
male,african-american,48,greater than 45,1,1,0,0,low,2014-03-17,0,1,felony,0,746,0,0,0,0,0
male,caucasian,37,25 - 45,2,3,0,0,low,2013-01-26,0,1,misdemeanor,0,1161,0,0,0,0,0
male,african-american,24,less than 25,6,6,1,0,medium,2013-09-16,1,3,felony,0,191,1,0,0,0,0
male,caucasian,37,25 - 45,1,1,1,1,low,2014-02-02,1,1,misdemeanor,0,507,1,0,0,0,0
male,caucasian,39,25 - 45,3,4,0,0,low,2014-02-10,0,1,felony,0,137,0,0,0,0,0
male,caucasian,24,less than 25,5,4,1,0,medium,2013-04-13,1,1,felony,0,5,1,0,0,1,1
male,other,49,greater than 45,1,1,0,0,low,2013-09-27,0,2,felony,0,917,0,0,0,0,0
male,african-american,35,25 - 45,10,10,1,1,high,2013-10-15,1,3,felony,0,607,1,0,0,0,0
male,caucasian,36,25 - 45,3,2,1,0,low,2013-06-24,1,4,felony,0,25,1,0,0,0,0
male,caucasian,43,25 - 45,5,6,0,0,medium,2013-03-30,0,5,felony,0,1098,0,0,0,0,0
male,african-american,28,25 - 45,8,3,1,0,high,2013-02-23,1,6,misdemeanor,0,262,1,0,0,0,0
male,african-american,53,greater than 45,2,2,0,0,low,2013-01-03,0,1,misdemeanor,0,1184,0,0,0,0,0
male,caucasian,39,25 - 45,1,1,0,0,low,2013-10-10,0,0,misdemeanor,1,7,0,0,0,0,0
male,african-american,47,greater than 45,7,2,1,0,medium,2013-10-29,1,22,felony,0,99,0,0,0,0,0
male,african-american,28,25 - 45,2,2,1,0,low,2013-09-26,1,4,felony,1,704,1,0,0,0,0
male,caucasian,49,greater than 45,6,4,0,0,medium,2013-05-29,0,7,felony,0,1038,0,0,0,0,0
male,caucasian,36,25 - 45,1,1,0,0,low,2013-07-15,0,2,felony,0,991,0,0,0,0,0
female,african-american,24,less than 25,9,5,0,0,high,2013-02-07,0,1,felony,3,309,0,0,0,0,0
male,hispanic,35,25 - 45,2,1,0,0,low,2014-02-01,0,0,misdemeanor,0,790,0,0,0,0,0
male,african-american,23,less than 25,7,5,0,0,medium,2014-03-10,0,3,felony,1,753,0,0,0,0,0
male,african-american,26,25 - 45,2,3,0,0,low,2013-04-02,0,2,felony,0,86,0,0,0,0,0
male,african-american,31,25 - 45,4,4,1,0,low,2013-04-22,1,7,felony,53,198,1,0,0,0,0
female,african-american,30,25 - 45,10,7,1,1,high,2013-01-07,1,14,felony,5,89,0,0,3,2,5
male,caucasian,25,25 - 45,6,6,0,0,medium,2013-03-19,0,2,misdemeanor,1,1109,0,0,0,0,0
male,hispanic,34,25 - 45,1,1,1,0,low,2013-08-27,1,1,felony,0,685,1,0,0,0,0
male,african-american,26,25 - 45,4,4,0,0,low,2013-06-28,0,2,misdemeanor,0,1008,0,0,0,0,0
male,african-american,26,25 - 45,8,6,0,0,high,2013-08-23,0,7,misdemeanor,0,300,0,0,0,0,0
male,hispanic,60,greater than 45,1,1,0,0,low,2013-05-20,0,0,felony,0,786,0,0,0,0,0
female,african-american,20,less than 25,5,7,0,0,medium,2014-03-14,0,0,felony,0,749,0,0,0,0,0
male,caucasian,23,less than 25,3,4,0,0,low,2014-03-20,0,0,felony,0,743,0,0,0,0,0
male,african-american,26,25 - 45,7,6,1,1,medium,2013-04-10,1,5,felony,6,64,1,0,0,0,0
male,caucasian,40,25 - 45,1,1,0,0,low,2014-01-07,0,4,misdemeanor,1,94,0,0,0,0,0
male,other,28,25 - 45,3,3,1,1,low,2014-03-03,1,1,felony,0,601,1,0,0,0,0
male,hispanic,49,greater than 45,1,1,1,0,low,2013-01-20,1,1,felony,4,405,1,0,0,0,0
male,african-american,46,greater than 45,3,3,1,0,low,2013-09-09,1,8,felony,0,4,1,0,0,0,0
male,african-american,19,less than 25,10,10,1,0,high,2014-01-23,1,1,felony,0,711,1,0,1,0,1
male,caucasian,53,greater than 45,1,1,0,0,low,2014-02-13,0,1,felony,0,778,0,0,0,0,0
male,caucasian,56,greater than 45,2,1,0,0,low,2013-04-19,0,5,felony,0,1078,0,0,0,0,0
female,african-american,24,less than 25,3,3,0,0,low,2013-08-20,0,0,felony,0,955,0,0,0,0,0
male,hispanic,31,25 - 45,1,1,0,0,low,2013-03-18,0,0,felony,0,1110,0,0,0,0,0
female,caucasian,33,25 - 45,3,2,0,0,low,2013-02-08,0,2,felony,0,98,0,0,0,0,0
male,caucasian,26,25 - 45,10,7,1,1,high,2013-03-23,1,8,felony,41,229,1,0,3,0,3
male,caucasian,56,greater than 45,1,1,0,0,low,2013-06-27,0,1,misdemeanor,0,1009,0,0,0,0,0
male,caucasian,32,25 - 45,2,2,0,0,low,2013-04-19,0,2,felony,0,234,0,0,0,0,0
male,african-american,21,less than 25,2,5,0,0,low,2013-12-14,0,1,felony,0,333,0,0,0,0,0
male,african-american,38,25 - 45,5,6,0,0,medium,2013-04-13,0,3,felony,1,1084,0,0,0,0,0
male,caucasian,23,less than 25,2,3,1,0,low,2013-10-09,0,0,felony,0,867,1,0,0,0,0
male,african-american,67,greater than 45,1,1,0,0,low,2014-01-23,0,4,misdemeanor,0,799,0,0,0,0,0
male,caucasian,20,less than 25,6,7,1,1,medium,2014-03-28,1,0,felony,7,287,1,0,0,1,1
male,african-american,24,less than 25,2,3,1,1,low,2014-01-14,1,1,felony,5,247,1,0,0,0,0
male,hispanic,23,less than 25,2,3,0,0,low,2014-02-20,0,0,felony,0,771,0,0,0,0,0
male,african-american,49,greater than 45,4,1,0,0,low,2013-03-09,0,3,felony,0,1119,0,0,0,0,0
male,african-american,31,25 - 45,7,7,1,0,medium,2013-04-08,1,7,felony,77,383,1,0,0,0,0
male,caucasian,28,25 - 45,3,2,0,0,low,2014-03-14,0,0,misdemeanor,13,749,0,0,0,0,0
male,caucasian,67,greater than 45,1,1,0,0,low,2013-01-26,0,3,felony,0,1161,0,0,0,0,0
male,hispanic,33,25 - 45,1,1,0,0,low,2013-11-28,0,0,felony,1,855,0,0,0,0,0
male,hispanic,20,less than 25,8,10,1,0,high,2014-01-17,1,1,felony,0,268,1,1,0,0,1
male,caucasian,40,25 - 45,3,4,0,0,low,2013-11-06,0,4,felony,0,877,0,0,0,0,0
male,african-american,52,greater than 45,1,1,0,0,low,2013-02-16,0,0,felony,0,1140,0,0,0,0,0
male,african-american,45,greater than 45,7,5,1,0,medium,2013-12-23,1,17,felony,46,49,1,0,0,0,0
male,african-american,27,25 - 45,7,4,1,0,medium,2013-02-22,1,8,felony,0,20,0,0,0,1,1
male,caucasian,22,less than 25,9,9,0,0,high,2013-08-01,0,1,felony,0,126,0,0,0,0,0
male,caucasian,36,25 - 45,7,3,0,0,medium,2013-02-19,0,9,felony,0,665,0,0,0,0,0
male,caucasian,30,25 - 45,8,6,1,1,high,2013-04-12,1,1,misdemeanor,0,374,1,0,0,0,0
male,african-american,42,25 - 45,1,1,0,0,low,2013-10-24,0,1,felony,0,21,0,0,0,0,0
male,african-american,24,less than 25,3,4,1,0,low,2013-05-01,1,2,felony,2,239,1,0,0,1,1
male,caucasian,46,greater than 45,2,1,0,0,low,2013-03-13,0,4,felony,0,1115,0,0,0,0,0
male,african-american,38,25 - 45,3,2,0,0,low,2014-02-06,0,4,felony,0,785,0,0,0,0,0
male,hispanic,39,25 - 45,1,2,1,1,low,2013-08-28,1,2,felony,0,131,1,0,0,0,0
male,caucasian,26,25 - 45,5,4,0,0,medium,2014-02-01,0,0,misdemeanor,0,790,0,0,0,0,0
male,caucasian,54,greater than 45,1,1,1,0,low,2014-03-16,1,1,misdemeanor,0,118,1,0,0,0,0
male,hispanic,27,25 - 45,3,2,0,0,low,2013-08-13,0,2,felony,0,962,0,0,0,0,0
male,caucasian,61,greater than 45,4,2,0,0,low,2013-09-27,0,1,felony,1,917,0,0,0,0,0
male,african-american,51,greater than 45,4,1,1,0,low,2014-04-01,1,1,misdemeanor,0,39,1,0,0,0,0
male,caucasian,57,greater than 45,1,1,0,0,low,2013-05-04,0,0,felony,28,1063,0,0,0,0,0
male,caucasian,24,less than 25,5,4,1,1,medium,2013-12-23,1,3,misdemeanor,0,544,1,0,0,3,3
male,african-american,34,25 - 45,1,2,0,0,low,2013-04-19,0,1,felony,0,1078,0,0,0,0,0
male,hispanic,27,25 - 45,2,3,0,0,low,2013-05-26,0,1,felony,1,1041,0,0,0,0,0
female,african-american,28,25 - 45,7,4,1,0,medium,2013-04-16,1,10,misdemeanor,0,15,0,0,0,0,0
male,african-american,35,25 - 45,8,3,1,1,high,2013-05-19,1,10,misdemeanor,1,159,1,0,0,0,0
male,african-american,30,25 - 45,6,4,1,0,medium,2013-01-03,1,6,felony,1,476,1,0,0,0,0
male,other,53,greater than 45,5,2,0,0,medium,2013-03-08,0,1,felony,0,733,0,0,0,0,0
male,african-american,44,25 - 45,1,2,0,0,low,2013-11-11,0,0,felony,0,73,0,0,0,0,0
male,caucasian,61,greater than 45,6,5,0,0,medium,2013-10-03,0,10,felony,22,82,0,0,0,0,0
male,african-american,26,25 - 45,9,7,1,0,high,2013-09-14,1,1,felony,0,409,1,0,0,0,0
male,african-american,42,25 - 45,1,1,0,0,low,2013-12-29,0,4,misdemeanor,0,694,0,0,0,0,0
male,african-american,39,25 - 45,2,2,0,0,low,2013-08-06,0,4,felony,0,43,0,0,0,0,0
female,caucasian,53,greater than 45,1,1,0,0,low,2013-12-16,0,0,misdemeanor,0,837,0,0,0,0,0
male,african-american,26,25 - 45,10,9,1,0,high,2013-01-17,0,3,misdemeanor,1,809,0,0,0,0,0
male,african-american,22,less than 25,7,6,1,0,medium,2013-03-21,1,1,felony,0,63,0,0,0,0,0
male,caucasian,50,greater than 45,7,2,0,0,medium,2014-02-12,0,0,felony,29,140,0,0,0,0,0
male,caucasian,44,25 - 45,7,3,0,0,medium,2013-01-26,0,16,misdemeanor,81,1161,0,3,0,0,3
male,african-american,21,less than 25,7,7,1,0,medium,2013-02-20,1,0,felony,0,71,1,0,0,0,0
male,caucasian,50,greater than 45,1,1,0,0,low,2013-05-11,0,0,felony,2,1056,0,0,0,0,0
female,caucasian,36,25 - 45,1,1,0,0,low,2014-02-08,0,0,misdemeanor,1,783,0,0,0,0,0
male,caucasian,39,25 - 45,3,2,0,0,low,2013-03-29,0,0,felony,53,1099,0,0,0,0,0
female,african-american,24,less than 25,4,4,0,0,low,2013-03-12,0,2,felony,0,729,0,0,0,0,0
female,african-american,54,greater than 45,6,1,0,0,medium,2013-05-12,0,7,felony,18,1055,0,0,0,0,0
male,african-american,29,25 - 45,2,2,0,0,low,2013-08-07,0,0,misdemeanor,1,968,0,0,0,0,0
male,caucasian,26,25 - 45,6,2,0,0,medium,2014-01-26,0,0,misdemeanor,0,796,0,0,0,0,0
male,african-american,41,25 - 45,4,2,1,0,low,2014-02-07,1,3,felony,0,173,1,0,0,0,0
male,african-american,23,less than 25,6,5,1,0,medium,2014-02-12,1,1,felony,1,91,1,0,0,0,0
male,caucasian,34,25 - 45,1,2,0,0,low,2013-11-18,0,0,misdemeanor,0,865,0,0,0,0,0
male,african-american,20,less than 25,3,6,0,0,low,2013-12-24,0,0,felony,1,829,0,0,0,0,0
male,african-american,49,greater than 45,6,3,1,0,medium,2014-03-24,1,10,felony,43,47,1,0,0,0,0
male,african-american,28,25 - 45,4,2,1,0,low,2014-01-10,1,1,felony,0,63,1,0,0,0,0
male,african-american,26,25 - 45,2,3,0,0,low,2013-01-10,0,0,felony,0,1177,0,0,0,0,0
male,african-american,55,greater than 45,4,1,0,0,low,2013-03-31,0,1,felony,0,1097,0,0,0,0,0
male,african-american,22,less than 25,9,7,0,0,high,2013-04-25,0,0,misdemeanor,1,1072,0,0,0,0,0
female,african-american,26,25 - 45,4,3,0,0,low,2014-02-16,0,0,misdemeanor,0,775,0,0,0,0,0
male,other,56,greater than 45,1,1,0,0,low,2013-02-10,0,0,misdemeanor,1,1146,0,0,0,0,0
male,caucasian,66,greater than 45,1,2,0,0,low,2013-02-27,0,1,felony,0,331,0,0,0,0,0
male,other,46,greater than 45,3,4,0,0,low,2013-10-23,0,2,felony,0,891,0,0,0,0,0
male,african-american,28,25 - 45,7,9,0,0,medium,2013-03-25,0,4,felony,29,1103,0,0,0,0,0
male,african-american,33,25 - 45,6,5,1,0,medium,2013-01-31,0,8,felony,1,845,1,0,0,0,0
female,african-american,31,25 - 45,2,2,0,0,low,2014-01-05,0,0,misdemeanor,0,817,0,0,0,0,0
male,african-american,26,25 - 45,5,4,0,0,medium,2013-01-15,0,1,misdemeanor,0,1172,0,0,0,0,0
male,african-american,35,25 - 45,5,2,0,0,medium,2013-10-25,0,4,misdemeanor,0,889,0,0,0,0,0
female,caucasian,41,25 - 45,7,5,1,1,medium,2014-03-10,1,12,felony,0,386,1,0,0,0,0
male,caucasian,34,25 - 45,1,1,0,0,low,2013-04-13,0,0,misdemeanor,0,1084,0,0,0,0,0
male,other,33,25 - 45,1,1,0,0,low,2013-04-26,0,0,felony,0,1071,0,0,0,0,0
female,african-american,32,25 - 45,2,1,0,0,low,2014-02-16,0,0,felony,0,775,0,0,0,0,0
male,african-american,37,25 - 45,6,9,1,1,medium,2013-09-13,1,9,felony,1,248,1,0,0,0,0
male,african-american,50,greater than 45,5,5,0,0,medium,2013-06-06,0,1,felony,0,1030,0,0,0,0,0
male,caucasian,35,25 - 45,2,1,0,0,low,2013-09-12,0,1,felony,2,932,0,0,0,0,0
female,caucasian,47,greater than 45,3,1,1,0,low,2013-12-11,1,0,misdemeanor,0,561,1,0,0,0,0
female,african-american,52,greater than 45,9,7,0,0,high,2013-05-02,0,8,felony,42,497,0,0,0,0,0
male,african-american,26,25 - 45,7,7,1,1,medium,2013-12-18,1,5,felony,5,16,1,0,1,2,3
male,african-american,36,25 - 45,9,6,1,1,high,2013-01-27,1,1,misdemeanor,0,418,1,0,0,0,0
male,african-american,41,25 - 45,2,4,1,0,low,2013-02-20,1,8,felony,0,463,1,0,0,0,0
male,african-american,24,less than 25,2,3,0,0,low,2014-03-15,0,0,misdemeanor,1,454,0,0,0,0,0
male,african-american,21,less than 25,9,8,1,0,high,2013-01-31,0,1,felony,0,804,1,0,1,0,1
male,caucasian,54,greater than 45,1,2,0,0,low,2013-01-27,0,0,misdemeanor,0,1160,0,0,0,0,0
male,caucasian,49,greater than 45,1,1,0,0,low,2013-11-11,0,0,felony,73,348,0,0,0,0,0
male,caucasian,42,25 - 45,2,1,0,0,low,2013-02-13,0,1,felony,293,408,0,0,0,0,0
male,african-american,21,less than 25,4,6,1,0,low,2014-01-01,1,1,felony,1,57,1,0,0,0,0
male,african-american,61,greater than 45,4,2,0,0,low,2013-10-23,0,30,felony,0,891,0,0,0,0,0
male,caucasian,46,greater than 45,8,3,1,0,high,2013-02-08,1,5,felony,0,38,0,0,0,0,0
male,caucasian,74,greater than 45,1,1,0,0,low,2013-10-20,0,0,misdemeanor,1,894,0,0,0,0,0
female,hispanic,38,25 - 45,1,1,0,0,low,2013-01-03,0,0,felony,0,1184,0,0,0,0,0
male,caucasian,75,greater than 45,1,1,0,0,low,2014-02-11,0,2,misdemeanor,0,780,0,0,0,0,0
female,african-american,39,25 - 45,1,1,0,0,low,2013-04-09,0,1,felony,0,1088,0,0,0,0,0
female,african-american,38,25 - 45,1,1,0,0,low,2013-04-14,0,0,felony,3,1083,0,0,0,0,0
male,caucasian,28,25 - 45,2,3,1,0,low,2013-04-14,1,0,felony,0,494,1,0,0,0,0
male,african-american,53,greater than 45,1,1,0,0,low,2013-03-05,0,2,felony,0,1123,0,0,0,0,0
male,african-american,25,25 - 45,6,5,1,0,medium,2013-02-06,1,1,felony,28,497,0,0,0,0,0
male,caucasian,53,greater than 45,1,1,0,0,low,2013-04-05,0,1,misdemeanor,0,1092,0,0,0,0,0
male,african-american,53,greater than 45,7,1,0,0,medium,2013-05-02,0,4,felony,0,1065,0,0,0,0,0
male,african-american,23,less than 25,9,9,0,0,high,2013-01-30,0,2,felony,76,1157,0,0,1,0,1
male,caucasian,55,greater than 45,9,3,1,0,high,2013-03-24,1,33,felony,241,302,1,0,0,0,0
female,caucasian,64,greater than 45,1,1,0,0,low,2013-10-10,0,1,felony,0,904,0,0,0,0,0
male,african-american,23,less than 25,7,6,1,0,medium,2014-01-11,1,1,misdemeanor,26,380,1,0,0,0,0
male,hispanic,38,25 - 45,1,1,0,0,low,2013-01-07,0,1,misdemeanor,0,1180,0,0,0,0,0
male,african-american,23,less than 25,8,5,1,0,high,2013-12-22,1,4,felony,0,58,1,0,0,2,2
female,hispanic,41,25 - 45,1,1,0,0,low,2014-03-03,0,0,felony,0,760,0,0,0,0,0
male,other,53,greater than 45,1,1,0,0,low,2013-09-03,0,0,misdemeanor,0,941,0,0,0,0,0
male,african-american,34,25 - 45,1,1,0,0,low,2013-12-01,0,0,felony,1,852,0,0,0,0,0
male,african-american,26,25 - 45,1,2,0,0,low,2013-09-09,0,1,misdemeanor,31,935,0,0,0,0,0
male,caucasian,44,25 - 45,2,3,0,0,low,2013-08-01,0,4,felony,1,138,0,0,0,0,0
female,caucasian,27,25 - 45,2,2,0,0,low,2014-02-20,0,0,felony,5,771,0,0,0,0,0
male,caucasian,28,25 - 45,9,3,0,0,high,2013-12-31,0,14,felony,0,822,0,0,0,0,0
male,caucasian,55,greater than 45,1,1,0,0,low,2013-11-21,0,1,misdemeanor,0,862,0,0,0,0,0
female,african-american,22,less than 25,4,5,0,0,low,2013-12-23,0,2,felony,0,830,0,0,0,0,0
male,african-american,36,25 - 45,5,1,0,0,medium,2014-01-07,0,15,felony,1,94,0,0,0,0,0
male,african-american,23,less than 25,4,6,0,0,low,2013-08-26,0,1,felony,0,61,0,0,0,0,0
male,african-american,56,greater than 45,1,2,0,0,low,2013-01-03,0,1,misdemeanor,0,1184,0,0,0,0,0
male,caucasian,27,25 - 45,6,3,1,0,medium,2013-11-17,1,2,felony,0,414,1,0,0,0,0
male,caucasian,37,25 - 45,6,4,0,0,medium,2013-05-26,0,1,misdemeanor,0,1041,0,0,0,0,0
male,african-american,32,25 - 45,8,3,1,0,high,2013-03-14,1,1,felony,1,557,1,0,0,0,0
male,african-american,41,25 - 45,10,8,1,0,high,2013-05-13,1,18,misdemeanor,33,334,0,2,0,0,2
male,african-american,22,less than 25,6,4,1,0,medium,2014-02-11,1,1,felony,1,110,1,0,0,0,0
male,african-american,45,greater than 45,2,2,0,0,low,2014-02-27,0,3,misdemeanor,2,764,0,0,0,0,0
female,african-american,31,25 - 45,8,8,0,0,high,2013-01-29,0,14,felony,1,7,0,0,0,0,0
male,african-american,42,25 - 45,5,1,1,1,medium,2014-03-08,1,7,felony,1,191,1,0,0,0,0
male,caucasian,33,25 - 45,9,3,1,0,high,2013-08-01,1,0,felony,1,46,0,0,0,0,0
male,caucasian,22,less than 25,2,4,1,0,low,2014-02-26,1,0,misdemeanor,1,648,1,0,0,0,0
female,african-american,36,25 - 45,1,1,0,0,low,2013-01-02,0,1,misdemeanor,0,1185,0,0,0,0,0
male,caucasian,54,greater than 45,1,1,0,0,low,2013-01-24,0,0,misdemeanor,0,1163,0,0,0,0,0
male,african-american,25,25 - 45,9,9,1,0,high,2013-03-22,1,5,felony,154,547,1,0,1,2,3
male,caucasian,24,less than 25,5,4,1,0,medium,2014-02-16,1,3,felony,38,82,1,0,0,0,0
male,hispanic,23,less than 25,7,5,0,0,medium,2013-08-23,0,0,misdemeanor,0,952,0,0,0,0,0
male,caucasian,61,greater than 45,1,1,0,0,low,2013-05-31,0,0,misdemeanor,0,1036,0,0,0,0,0
female,caucasian,42,25 - 45,1,1,0,0,low,2013-09-17,0,0,misdemeanor,0,927,0,0,0,0,0
male,caucasian,28,25 - 45,2,3,1,0,low,2013-03-15,1,1,misdemeanor,0,467,0,0,0,0,0
male,african-american,27,25 - 45,5,3,0,0,medium,2014-03-19,0,1,misdemeanor,1,744,0,0,0,0,0
male,caucasian,24,less than 25,3,5,0,0,low,2013-03-04,0,2,misdemeanor,0,1124,0,0,0,0,0
male,african-american,33,25 - 45,5,2,0,0,medium,2014-02-07,0,14,felony,0,784,0,0,0,0,0
male,caucasian,38,25 - 45,1,1,0,0,low,2013-11-01,0,0,felony,0,882,0,0,0,0,0
male,caucasian,21,less than 25,3,6,1,0,low,2013-01-23,0,1,misdemeanor,0,1136,0,0,1,1,2
male,african-american,27,25 - 45,7,8,1,0,medium,2013-08-14,1,1,felony,625,890,1,0,0,0,0
male,caucasian,39,25 - 45,4,1,0,0,low,2013-08-23,0,0,felony,0,952,0,0,0,0,0
male,caucasian,29,25 - 45,1,2,0,0,low,2013-03-21,0,0,felony,0,203,0,0,0,0,0
male,caucasian,29,25 - 45,3,4,0,0,low,2013-08-19,0,1,felony,0,956,0,0,0,0,0
male,caucasian,65,greater than 45,4,1,0,0,low,2013-10-01,0,6,felony,0,773,0,0,0,0,0
male,caucasian,36,25 - 45,4,1,1,0,low,2013-09-13,1,1,felony,0,23,0,0,0,0,0
male,african-american,44,25 - 45,6,4,1,0,medium,2013-05-19,0,7,felony,23,978,1,1,0,0,1
male,african-american,27,25 - 45,2,2,0,0,low,2013-01-07,0,0,misdemeanor,1,1180,0,0,0,0,0
male,african-american,27,25 - 45,7,8,1,1,medium,2013-03-09,1,8,felony,48,279,1,0,0,0,0
male,caucasian,61,greater than 45,1,1,0,0,low,2013-05-13,0,0,misdemeanor,2,1054,0,0,0,0,0
male,african-american,27,25 - 45,1,2,0,0,low,2013-11-26,0,1,misdemeanor,0,857,0,0,0,0,0
female,caucasian,31,25 - 45,5,4,1,0,medium,2014-02-10,1,1,misdemeanor,10,29,1,0,0,0,0
male,african-american,26,25 - 45,5,5,1,0,medium,2013-01-11,1,1,felony,22,225,1,0,0,0,0
male,african-american,25,25 - 45,4,4,0,0,low,2013-04-03,0,2,felony,0,405,0,0,0,0,0
male,other,23,less than 25,10,9,1,1,high,2013-02-11,1,5,misdemeanor,31,340,1,0,0,0,0
female,african-american,21,less than 25,8,8,1,0,high,2013-12-22,1,4,misdemeanor,0,489,0,0,3,1,4
male,african-american,23,less than 25,4,6,0,0,low,2013-02-07,0,1,misdemeanor,3,1149,0,0,0,0,0
male,other,30,25 - 45,1,1,0,0,low,2013-03-24,0,3,misdemeanor,0,1104,0,0,1,1,2
female,african-american,45,greater than 45,3,1,0,0,low,2013-05-03,0,2,felony,11,509,0,0,0,0,0
male,african-american,27,25 - 45,5,4,1,0,medium,2013-09-12,1,2,misdemeanor,8,448,1,0,0,0,0
male,african-american,57,greater than 45,9,5,1,0,high,2013-03-12,1,6,misdemeanor,0,370,0,0,0,0,0
male,caucasian,44,25 - 45,6,5,1,0,medium,2013-01-24,1,8,felony,0,231,1,0,0,0,0
female,african-american,26,25 - 45,2,2,0,0,low,2013-12-08,0,0,misdemeanor,0,845,0,0,0,0,0
male,caucasian,21,less than 25,8,7,1,1,high,2013-03-22,1,0,felony,6,285,1,0,0,0,0
male,african-american,63,greater than 45,6,2,0,0,medium,2013-06-13,0,1,felony,0,1023,0,0,0,0,0
female,caucasian,62,greater than 45,1,1,0,0,low,2013-09-20,0,0,misdemeanor,3,924,0,0,0,0,0
male,caucasian,48,greater than 45,3,2,0,0,low,2013-12-16,0,0,felony,26,837,0,0,0,0,0
male,african-american,53,greater than 45,1,1,0,0,low,2013-03-20,0,1,misdemeanor,0,1108,0,0,0,0,0
male,african-american,62,greater than 45,3,1,1,0,low,2013-12-30,1,3,misdemeanor,1,432,1,0,0,0,0
male,african-american,28,25 - 45,10,10,0,0,high,2013-01-06,0,5,felony,136,1181,0,1,1,0,2
male,caucasian,56,greater than 45,2,1,0,0,low,2013-11-03,0,1,felony,1,880,0,0,0,0,0
male,hispanic,35,25 - 45,1,1,0,0,low,2013-12-13,0,2,felony,0,840,0,0,0,0,0
male,african-american,22,less than 25,7,8,1,0,medium,2013-03-01,1,2,felony,1,8,1,1,0,0,1
male,african-american,26,25 - 45,8,9,1,0,high,2013-03-28,1,5,felony,35,165,1,0,0,0,0
male,african-american,35,25 - 45,5,6,0,0,medium,2013-05-09,0,4,misdemeanor,1,478,0,0,0,0,0
male,african-american,22,less than 25,3,6,1,0,low,2013-01-17,1,1,felony,14,678,1,0,0,0,0
male,caucasian,60,greater than 45,1,1,0,0,low,2013-03-27,0,3,misdemeanor,0,1101,0,0,0,0,0
female,african-american,37,25 - 45,3,1,0,0,low,2013-04-17,0,7,felony,1,1080,0,1,0,0,1
female,african-american,32,25 - 45,2,1,0,0,low,2013-08-27,0,0,felony,0,948,0,0,0,0,0
male,other,38,25 - 45,3,3,1,0,low,2014-01-28,1,2,felony,0,15,1,0,0,0,0
male,caucasian,53,greater than 45,1,1,0,0,low,2013-01-13,0,0,misdemeanor,0,1174,0,0,0,0,0
male,caucasian,32,25 - 45,1,1,0,0,low,2014-01-10,0,0,misdemeanor,0,812,0,0,0,0,0
male,caucasian,26,25 - 45,2,3,0,0,low,2013-01-02,0,0,misdemeanor,0,1185,0,0,0,0,0
male,caucasian,61,greater than 45,1,1,0,0,low,2014-03-31,0,0,misdemeanor,1,732,0,0,0,0,0
male,african-american,21,less than 25,10,7,0,0,high,2014-02-17,0,0,misdemeanor,0,774,0,0,0,0,0
male,african-american,69,greater than 45,5,4,0,0,medium,2014-02-06,0,22,misdemeanor,0,785,0,0,0,0,0
male,african-american,26,25 - 45,4,4,0,0,low,2013-09-23,0,0,misdemeanor,0,921,0,0,0,0,0
male,caucasian,21,less than 25,4,5,0,0,low,2014-02-25,0,1,felony,0,377,0,0,0,0,0
male,caucasian,41,25 - 45,2,1,0,0,low,2014-01-08,0,0,misdemeanor,0,814,0,0,0,0,0
male,african-american,45,greater than 45,6,3,1,0,medium,2013-03-30,1,0,felony,0,17,1,0,0,0,0
male,african-american,31,25 - 45,5,3,1,0,medium,2013-01-19,1,10,felony,0,258,1,0,1,3,4
male,caucasian,22,less than 25,3,5,0,0,low,2013-09-18,0,0,felony,0,926,0,0,0,0,0
female,caucasian,54,greater than 45,3,1,1,1,low,2013-09-06,1,0,felony,20,298,1,0,0,0,0
female,african-american,50,greater than 45,2,1,0,0,low,2013-01-25,0,5,felony,0,1162,0,0,0,0,0
male,other,37,25 - 45,3,1,0,0,low,2013-10-22,0,11,felony,0,892,0,2,0,0,2
female,african-american,21,less than 25,8,7,1,0,high,2013-03-07,1,0,felony,0,244,1,0,0,0,0
male,hispanic,23,less than 25,7,7,1,0,medium,2013-11-04,1,6,misdemeanor,4,509,0,0,0,0,0
male,caucasian,53,greater than 45,1,1,0,0,low,2013-06-04,0,2,felony,0,385,0,0,0,0,0
male,african-american,30,25 - 45,8,4,1,0,high,2013-04-03,1,11,felony,2,94,1,0,0,0,0
male,caucasian,26,25 - 45,4,4,0,0,low,2014-01-02,0,5,misdemeanor,0,28,0,0,0,0,0
female,african-american,30,25 - 45,9,3,1,0,high,2013-12-18,1,1,felony,0,728,1,0,0,0,0
female,african-american,59,greater than 45,2,1,0,0,low,2013-02-04,0,0,misdemeanor,0,1152,0,0,0,0,0
male,african-american,29,25 - 45,8,3,1,0,high,2013-05-08,1,13,felony,0,148,0,0,0,0,0
male,hispanic,67,greater than 45,1,1,0,0,low,2013-02-25,0,0,felony,0,1131,0,0,0,0,0
male,hispanic,45,greater than 45,6,3,0,0,medium,2013-09-23,0,8,felony,0,549,0,0,0,0,0
male,caucasian,35,25 - 45,2,4,0,0,low,2013-01-14,0,4,misdemeanor,0,1173,0,0,0,0,0
male,african-american,22,less than 25,3,6,1,0,low,2013-01-15,0,0,felony,0,734,0,0,0,1,1
male,asian,46,greater than 45,5,2,1,0,medium,2013-03-16,1,3,felony,59,205,1,0,0,0,0
male,other,27,25 - 45,5,3,0,0,medium,2013-04-30,0,0,misdemeanor,1,1067,0,0,0,0,0
female,african-american,37,25 - 45,6,3,1,0,medium,2013-01-03,0,13,felony,1,881,1,0,0,0,0
male,african-american,22,less than 25,3,5,1,0,low,2014-03-13,1,0,felony,12,301,1,0,0,2,2
male,caucasian,45,greater than 45,2,1,0,0,low,2013-02-23,0,2,misdemeanor,0,1133,0,0,0,0,0
male,african-american,52,greater than 45,5,1,1,0,medium,2013-01-27,0,7,felony,181,406,0,0,0,0,0
female,african-american,21,less than 25,6,8,0,0,medium,2013-08-25,0,0,felony,0,950,0,0,0,0,0
male,caucasian,33,25 - 45,6,6,0,0,medium,2013-01-25,0,3,felony,0,1162,0,0,0,0,0
male,african-american,26,25 - 45,10,9,1,1,high,2013-04-25,1,3,felony,3,386,1,1,0,0,1
male,caucasian,37,25 - 45,3,1,0,0,low,2014-01-06,0,0,misdemeanor,1,816,0,0,0,0,0
male,african-american,38,25 - 45,1,1,1,0,low,2014-01-02,1,1,felony,0,543,1,0,0,0,0
male,african-american,27,25 - 45,2,2,1,0,low,2014-03-17,1,1,felony,0,96,1,0,0,0,0
male,other,40,25 - 45,1,1,0,0,low,2013-09-30,0,1,felony,1,914,0,0,0,0,0
male,african-american,21,less than 25,5,7,0,0,medium,2013-03-21,0,1,felony,0,1107,0,1,0,0,1
male,caucasian,38,25 - 45,9,6,1,0,high,2013-12-18,1,3,felony,1,69,1,0,0,0,0
male,caucasian,37,25 - 45,4,1,0,0,low,2013-01-28,0,0,misdemeanor,0,1159,0,0,0,0,0
male,hispanic,24,less than 25,2,4,0,0,low,2014-01-07,0,1,misdemeanor,0,815,0,0,0,0,0
male,caucasian,44,25 - 45,1,1,0,0,low,2013-12-25,0,0,felony,0,828,0,0,0,0,0
male,african-american,30,25 - 45,2,2,0,0,low,2013-10-24,0,0,felony,0,890,0,0,0,0,0
male,hispanic,40,25 - 45,1,1,0,0,low,2013-10-28,0,0,felony,0,886,0,0,0,0,0
male,caucasian,49,greater than 45,1,1,0,0,low,2014-02-19,0,1,felony,0,772,0,0,0,0,0
male,caucasian,67,greater than 45,1,1,0,0,low,2014-01-07,0,0,misdemeanor,0,815,0,0,0,0,0
male,african-american,21,less than 25,10,10,1,0,high,2013-03-07,1,1,felony,1,237,1,1,0,0,1
male,caucasian,31,25 - 45,7,3,0,0,medium,2013-08-26,0,6,misdemeanor,9,799,0,0,0,0,0
female,caucasian,50,greater than 45,1,1,1,0,low,2013-03-20,1,2,felony,0,465,1,0,0,0,0
male,african-american,30,25 - 45,3,3,0,0,low,2013-10-10,0,7,felony,0,204,0,0,0,0,0
male,caucasian,28,25 - 45,2,2,0,0,low,2013-12-21,0,1,misdemeanor,0,832,0,0,0,0,0
male,caucasian,55,greater than 45,1,1,0,0,low,2013-12-02,0,0,misdemeanor,0,851,0,0,0,0,0
female,caucasian,24,less than 25,3,4,0,0,low,2013-01-03,0,1,felony,0,1184,0,0,0,0,0
male,caucasian,42,25 - 45,3,1,0,0,low,2013-02-11,0,0,misdemeanor,1,1145,0,0,0,0,0
male,african-american,34,25 - 45,7,8,1,0,medium,2013-02-20,1,0,misdemeanor,29,183,1,0,0,0,0
male,african-american,44,25 - 45,1,1,0,0,low,2013-02-26,0,0,felony,42,1130,0,0,0,0,0
male,caucasian,25,25 - 45,7,5,0,0,medium,2013-01-24,0,0,misdemeanor,0,256,0,0,0,0,0
female,african-american,32,25 - 45,3,2,1,0,low,2013-04-17,1,0,misdemeanor,0,230,1,0,0,0,0
male,hispanic,96,greater than 45,2,1,1,0,low,2014-03-31,1,2,felony,0,178,1,0,0,0,0
male,hispanic,29,25 - 45,2,2,0,0,low,2013-08-04,0,0,misdemeanor,1,971,0,0,0,0,0
male,hispanic,27,25 - 45,5,4,1,0,medium,2013-02-23,1,8,felony,0,10,1,0,1,1,2
male,hispanic,41,25 - 45,2,2,0,0,low,2013-10-28,0,2,felony,0,730,0,0,0,0,0
male,hispanic,31,25 - 45,5,2,0,0,medium,2014-01-06,0,0,misdemeanor,0,816,0,0,0,0,0
male,african-american,24,less than 25,3,3,1,0,low,2013-03-19,1,1,felony,0,79,1,0,0,0,0
male,african-american,41,25 - 45,1,1,0,0,low,2013-02-26,0,1,felony,1,1130,0,0,0,0,0
male,african-american,29,25 - 45,5,3,0,0,medium,2013-03-09,0,0,misdemeanor,41,45,0,0,0,0,0
male,caucasian,26,25 - 45,2,3,0,0,low,2013-05-19,0,0,misdemeanor,0,1048,0,0,0,0,0
female,african-american,27,25 - 45,3,3,0,0,low,2013-09-23,0,1,felony,45,921,0,0,0,0,0
male,caucasian,35,25 - 45,2,3,0,0,low,2013-09-18,0,4,misdemeanor,30,926,0,0,0,0,0
male,caucasian,54,greater than 45,1,1,0,0,low,2013-02-16,0,1,felony,0,95,0,0,0,0,0
male,african-american,20,less than 25,6,6,0,0,medium,2014-02-02,0,0,felony,0,789,0,0,0,0,0
male,caucasian,27,25 - 45,6,5,0,0,medium,2013-07-08,0,0,felony,0,58,0,0,0,0,0
male,african-american,21,less than 25,7,7,0,0,medium,2013-03-22,0,1,felony,1,201,0,0,0,0,0
male,african-american,34,25 - 45,8,4,1,0,high,2014-03-01,1,11,felony,0,39,0,1,0,0,1
male,caucasian,27,25 - 45,7,2,0,0,medium,2014-02-12,0,4,felony,0,779,0,0,0,0,0
male,african-american,54,greater than 45,1,1,0,0,low,2013-04-02,0,0,misdemeanor,0,335,0,0,0,0,0
male,other,29,25 - 45,2,2,1,0,low,2013-10-20,1,2,felony,1,723,1,0,0,0,0
male,african-american,39,25 - 45,1,1,0,0,low,2013-06-06,0,1,felony,0,1030,0,0,0,0,0
female,caucasian,22,less than 25,7,5,0,0,medium,2014-02-27,0,2,felony,0,764,0,0,1,1,2
female,caucasian,33,25 - 45,1,1,0,0,low,2013-09-17,0,0,misdemeanor,0,927,0,0,0,0,0
female,african-american,25,25 - 45,8,7,1,0,high,2013-01-14,1,2,felony,0,178,1,0,0,0,0
female,hispanic,40,25 - 45,2,1,1,0,low,2014-03-19,1,7,felony,0,202,1,0,0,0,0
female,african-american,35,25 - 45,4,2,0,0,low,2013-10-14,0,0,misdemeanor,0,900,0,0,0,0,0
male,hispanic,28,25 - 45,2,4,1,0,low,2013-05-29,1,0,misdemeanor,2,242,1,0,0,0,0
male,african-american,53,greater than 45,1,1,0,0,low,2013-09-04,0,0,misdemeanor,0,940,0,0,0,0,0
male,caucasian,28,25 - 45,4,3,0,0,low,2013-02-08,0,2,misdemeanor,12,705,0,0,0,1,1
male,african-american,26,25 - 45,8,4,0,0,high,2013-02-07,0,0,felony,0,1149,0,0,0,0,0
male,african-american,30,25 - 45,3,2,1,0,low,2013-04-04,0,1,felony,0,1040,1,0,0,0,0
male,african-american,31,25 - 45,5,5,0,0,medium,2013-03-26,0,3,felony,1,1102,0,0,1,0,1
male,caucasian,24,less than 25,8,5,1,0,high,2014-03-09,1,3,misdemeanor,0,314,1,0,0,0,0
male,caucasian,45,greater than 45,6,7,1,0,medium,2014-03-15,1,19,felony,1,48,1,0,0,0,0
male,hispanic,33,25 - 45,4,2,0,0,low,2014-02-07,0,1,misdemeanor,0,784,0,0,0,0,0
male,african-american,28,25 - 45,7,7,0,0,medium,2014-01-11,0,1,felony,0,811,0,0,0,0,0
female,caucasian,45,greater than 45,3,1,1,0,low,2013-04-26,1,1,felony,0,96,0,0,0,0,0
female,african-american,22,less than 25,6,7,0,0,medium,2013-10-09,0,1,misdemeanor,0,905,0,0,0,0,0
male,caucasian,33,25 - 45,8,7,1,0,high,2013-04-30,1,3,felony,0,303,0,0,0,0,0
male,african-american,36,25 - 45,5,5,0,0,medium,2013-01-05,0,6,felony,83,1182,0,0,0,0,0
male,african-american,22,less than 25,3,5,0,0,low,2013-03-30,0,0,felony,0,1098,0,0,0,0,0
male,caucasian,45,greater than 45,1,1,0,0,low,2013-05-23,0,1,misdemeanor,0,1044,0,0,0,0,0
male,african-american,28,25 - 45,5,6,1,0,medium,2013-03-06,1,2,felony,1,714,1,0,0,0,0
male,african-american,37,25 - 45,2,1,1,0,low,2013-04-29,0,3,misdemeanor,0,770,1,0,0,0,0
female,caucasian,52,greater than 45,1,1,0,0,low,2013-01-13,0,0,misdemeanor,0,1174,0,0,0,0,0
male,caucasian,26,25 - 45,2,3,1,0,low,2013-08-16,0,0,felony,2,762,1,0,0,0,0
female,caucasian,33,25 - 45,4,2,0,0,low,2014-03-18,0,2,felony,13,745,0,0,0,0,0
male,caucasian,23,less than 25,4,4,1,0,low,2013-04-04,1,3,felony,40,155,0,0,0,1,1
male,caucasian,31,25 - 45,4,2,1,0,low,2014-01-26,1,3,misdemeanor,0,139,1,0,0,1,1
female,caucasian,55,greater than 45,1,1,0,0,low,2013-08-12,0,0,misdemeanor,0,281,0,0,0,0,0
male,caucasian,24,less than 25,4,6,1,0,low,2013-09-23,1,3,felony,0,568,1,0,0,2,2
male,african-american,37,25 - 45,1,1,0,0,low,2014-02-02,0,2,misdemeanor,1,789,0,0,0,0,0
male,african-american,41,25 - 45,1,1,0,0,low,2013-10-04,0,0,felony,177,910,0,0,0,0,0
male,caucasian,26,25 - 45,2,3,0,0,low,2013-03-06,0,0,misdemeanor,0,1084,0,0,0,0,0
male,african-american,41,25 - 45,5,5,0,0,medium,2013-04-08,0,13,felony,2,215,0,0,0,0,0
male,african-american,33,25 - 45,6,2,0,0,medium,2013-02-18,0,6,felony,0,1138,0,0,0,0,0
male,hispanic,47,greater than 45,1,1,1,0,low,2014-01-12,1,0,misdemeanor,2,107,1,0,0,0,0
male,african-american,23,less than 25,5,6,0,0,medium,2013-10-30,0,0,felony,1,884,0,0,0,0,0
male,caucasian,27,25 - 45,3,2,0,0,low,2014-03-08,0,1,felony,0,755,0,0,0,0,0
male,caucasian,24,less than 25,5,5,1,1,medium,2014-03-26,1,0,felony,37,84,0,0,0,0,0
male,other,23,less than 25,8,7,0,0,high,2013-05-14,0,2,misdemeanor,0,1053,0,0,0,0,0
male,african-american,30,25 - 45,9,6,0,0,high,2013-04-22,0,10,felony,283,1075,0,0,1,0,1
male,caucasian,55,greater than 45,3,2,0,0,low,2013-02-19,0,1,felony,1,132,0,0,0,0,0
male,african-american,26,25 - 45,10,10,1,0,high,2014-01-24,1,13,misdemeanor,7,100,0,0,0,0,0
female,african-american,41,25 - 45,6,2,0,0,medium,2014-03-03,0,6,misdemeanor,0,760,0,0,1,0,1
male,african-american,35,25 - 45,3,1,0,0,low,2013-02-14,0,0,felony,1,1142,0,0,0,0,0
male,african-american,20,less than 25,4,6,0,0,low,2014-02-19,0,1,misdemeanor,0,772,0,0,0,0,0
male,caucasian,24,less than 25,8,7,1,0,high,2013-01-22,1,3,misdemeanor,8,122,1,0,0,0,0
male,african-american,31,25 - 45,10,10,1,1,high,2013-09-25,1,8,misdemeanor,3,288,1,0,2,0,2
male,african-american,22,less than 25,9,7,0,0,high,2013-05-24,0,2,felony,0,1043,0,0,1,0,1
male,african-american,55,greater than 45,1,1,1,0,low,2014-02-15,1,0,felony,1,88,1,0,0,0,0
male,caucasian,44,25 - 45,6,4,1,1,medium,2014-01-18,1,6,felony,403,547,1,0,0,0,0
male,african-american,41,25 - 45,9,9,1,1,high,2013-02-06,1,25,felony,185,292,0,0,0,0,0
male,african-american,56,greater than 45,8,5,0,0,high,2014-01-07,0,9,misdemeanor,1,815,0,0,0,0,0
male,african-american,21,less than 25,3,6,0,0,low,2013-09-05,0,1,felony,0,939,0,0,0,0,0
male,african-american,36,25 - 45,2,4,1,0,low,2013-03-06,1,1,felony,0,41,1,0,0,0,0
female,caucasian,48,greater than 45,1,1,0,0,low,2013-02-21,0,1,misdemeanor,1,1135,0,0,0,0,0
male,caucasian,27,25 - 45,6,5,1,0,medium,2013-01-16,1,6,felony,0,117,0,0,0,0,0
male,caucasian,56,greater than 45,6,8,1,0,medium,2013-04-04,1,7,felony,0,20,1,0,0,0,0
male,caucasian,39,25 - 45,1,1,0,0,low,2013-10-22,0,2,misdemeanor,0,892,0,0,0,0,0
male,hispanic,31,25 - 45,2,2,0,0,low,2013-01-26,0,0,felony,1,1161,0,0,0,0,0
female,caucasian,25,25 - 45,6,4,0,0,medium,2013-04-09,0,0,felony,0,1088,0,0,0,0,0
male,caucasian,51,greater than 45,1,1,0,0,low,2013-12-17,0,1,felony,0,836,0,0,0,0,0
female,african-american,28,25 - 45,5,4,0,0,medium,2013-11-07,0,3,felony,0,876,0,0,0,0,0
male,african-american,30,25 - 45,2,2,1,1,low,2013-12-14,1,0,felony,0,368,1,0,0,0,0
male,african-american,20,less than 25,4,7,1,0,low,2013-11-27,1,0,misdemeanor,0,140,1,0,0,0,0
male,caucasian,57,greater than 45,1,1,0,0,low,2014-01-24,0,0,felony,4,798,0,0,0,0,0
male,african-american,51,greater than 45,6,7,1,0,medium,2013-02-05,1,8,misdemeanor,0,39,1,0,0,0,0
male,african-american,27,25 - 45,3,4,1,0,low,2014-02-03,1,5,felony,3,58,1,0,0,0,0
male,african-american,26,25 - 45,5,2,0,0,medium,2014-02-20,0,0,felony,0,771,0,0,0,2,2
male,caucasian,23,less than 25,8,5,1,0,high,2013-04-09,1,3,misdemeanor,35,69,1,0,0,0,0
female,caucasian,41,25 - 45,1,1,0,0,low,2013-04-25,0,1,misdemeanor,0,1072,0,0,0,0,0
male,african-american,37,25 - 45,6,4,0,0,medium,2013-02-20,0,5,felony,0,1136,0,0,0,0,0
male,african-american,48,greater than 45,1,1,0,0,low,2013-12-28,0,0,felony,2,825,0,0,0,0,0
male,african-american,21,less than 25,9,9,0,0,high,2013-03-22,0,0,felony,1,1106,0,0,0,1,1
male,hispanic,29,25 - 45,2,2,0,0,low,2013-05-09,0,1,misdemeanor,0,1058,0,0,0,1,1
male,african-american,52,greater than 45,1,1,0,0,low,2013-11-25,0,1,misdemeanor,0,858,0,0,0,0,0
male,african-american,23,less than 25,9,9,1,0,high,2013-09-21,1,5,felony,0,217,1,0,0,0,0
male,african-american,19,less than 25,10,10,1,1,high,2014-02-04,1,1,felony,0,64,0,1,0,1,2
female,caucasian,25,25 - 45,5,4,1,0,medium,2013-01-31,1,1,misdemeanor,0,202,1,0,0,0,0
male,african-american,54,greater than 45,1,1,1,1,low,2013-03-04,1,0,misdemeanor,0,662,1,0,0,0,0
female,caucasian,30,25 - 45,4,2,1,0,low,2013-04-21,1,0,misdemeanor,0,2,0,0,0,0,0
female,caucasian,40,25 - 45,4,1,1,0,low,2013-01-10,0,4,felony,1,564,0,0,0,0,0
male,african-american,22,less than 25,7,6,0,0,medium,2013-04-13,0,0,felony,11,1084,0,0,0,0,0
male,caucasian,50,greater than 45,4,2,0,0,low,2013-08-03,0,10,felony,0,972,0,0,0,0,0
male,caucasian,35,25 - 45,3,4,1,0,low,2013-01-07,0,2,misdemeanor,0,922,0,0,0,0,0
male,caucasian,28,25 - 45,9,10,1,0,high,2013-05-01,1,7,felony,0,39,1,0,0,0,0
male,african-american,21,less than 25,7,6,0,0,medium,2014-02-02,0,0,felony,1,789,0,0,0,0,0
male,caucasian,27,25 - 45,3,4,0,0,low,2013-01-10,0,0,felony,4,1177,0,0,0,0,0
male,african-american,22,less than 25,3,5,1,0,low,2013-12-21,1,0,felony,0,445,0,0,0,0,0
female,hispanic,38,25 - 45,9,3,1,1,high,2013-04-08,1,20,felony,1,23,1,0,0,0,0
male,african-american,32,25 - 45,10,8,1,0,high,2013-10-24,1,26,felony,0,64,0,2,0,0,2
male,caucasian,32,25 - 45,5,2,0,0,medium,2013-09-04,0,0,felony,7,940,0,0,0,0,0
male,caucasian,59,greater than 45,1,1,0,0,low,2013-08-22,0,0,felony,0,953,0,0,0,0,0
male,other,20,less than 25,6,9,1,0,medium,2014-01-26,1,0,misdemeanor,0,254,1,0,0,0,0
male,caucasian,59,greater than 45,1,1,0,0,low,2013-04-30,0,0,felony,0,1067,0,0,0,0,0
female,caucasian,44,25 - 45,1,1,1,0,low,2014-02-18,1,1,felony,0,3,0,0,0,0,0
male,african-american,26,25 - 45,10,9,1,0,high,2013-01-05,1,9,misdemeanor,1,384,1,0,1,1,2
male,african-american,30,25 - 45,6,3,1,0,medium,2013-03-06,1,9,felony,0,398,1,0,1,0,1
female,caucasian,35,25 - 45,4,2,0,0,low,2013-08-07,0,2,felony,0,968,0,0,0,0,0
male,african-american,25,25 - 45,8,4,1,0,high,2013-03-24,1,3,misdemeanor,0,124,0,0,1,1,2
male,hispanic,44,25 - 45,1,1,0,0,low,2013-07-29,0,0,misdemeanor,0,977,0,0,0,0,0
male,african-american,40,25 - 45,8,9,0,0,high,2013-03-04,0,7,felony,0,129,0,0,0,0,0
female,african-american,31,25 - 45,6,4,1,1,medium,2013-07-11,1,0,misdemeanor,0,356,1,0,0,0,0
female,african-american,32,25 - 45,3,2,0,0,low,2014-01-23,0,0,felony,0,799,0,0,0,0,0
male,african-american,37,25 - 45,9,6,1,0,high,2013-01-28,1,22,felony,80,441,1,0,0,0,0
male,caucasian,22,less than 25,4,6,0,0,low,2013-08-22,0,2,felony,0,354,0,1,0,0,1
male,caucasian,34,25 - 45,4,2,0,0,low,2014-02-15,0,2,felony,2,776,0,0,0,0,0
male,african-american,30,25 - 45,3,2,0,0,low,2013-12-25,0,7,felony,1,828,0,0,1,0,1
male,african-american,36,25 - 45,10,5,1,0,high,2013-03-09,1,10,felony,32,96,0,0,0,0,0
male,other,46,greater than 45,1,1,0,0,low,2013-09-06,0,0,felony,0,938,0,0,0,0,0
male,african-american,35,25 - 45,1,1,0,0,low,2013-01-13,0,0,felony,0,1174,0,0,0,0,0
female,african-american,30,25 - 45,9,5,1,1,high,2013-02-12,1,9,felony,242,454,1,0,0,0,0
male,african-american,34,25 - 45,9,6,1,0,high,2013-10-17,1,16,felony,0,388,0,0,0,0,0
male,caucasian,31,25 - 45,4,2,1,0,low,2013-07-24,1,3,felony,0,104,1,0,0,0,0
male,hispanic,32,25 - 45,1,1,1,0,low,2013-11-25,1,0,misdemeanor,1,189,1,0,0,0,0
male,caucasian,31,25 - 45,8,6,1,1,high,2013-11-28,1,4,felony,2,168,1,0,1,1,2
male,caucasian,22,less than 25,8,7,1,0,high,2013-01-12,1,2,felony,11,90,1,0,1,1,2
male,hispanic,31,25 - 45,10,7,0,0,high,2013-05-24,0,0,felony,80,1043,0,0,0,0,0
male,african-american,36,25 - 45,5,3,1,1,medium,2013-01-24,1,5,misdemeanor,0,214,1,0,0,0,0
male,african-american,39,25 - 45,1,1,0,0,low,2013-01-28,0,2,misdemeanor,46,1159,0,0,0,0,0
male,african-american,30,25 - 45,7,5,1,0,medium,2013-05-17,1,1,felony,0,212,1,0,0,0,0
male,hispanic,35,25 - 45,3,2,0,0,low,2013-08-28,0,0,felony,1,947,0,0,0,1,1
male,hispanic,23,less than 25,2,4,1,0,low,2013-05-24,1,0,felony,0,280,1,0,0,0,0
male,caucasian,43,25 - 45,1,1,1,0,low,2013-08-06,1,3,misdemeanor,0,70,1,0,0,0,0
male,african-american,37,25 - 45,3,1,0,0,low,2013-09-23,0,0,misdemeanor,2,921,0,0,0,0,0
male,african-american,25,25 - 45,6,3,0,0,medium,2013-02-07,0,3,misdemeanor,7,580,0,0,0,2,2
female,african-american,27,25 - 45,3,3,0,0,low,2013-05-27,0,0,felony,0,1040,0,0,0,0,0
male,caucasian,47,greater than 45,1,1,0,0,low,2013-08-08,0,2,misdemeanor,0,967,0,0,0,0,0
male,african-american,46,greater than 45,6,4,0,0,medium,2013-12-04,0,12,misdemeanor,2,344,0,0,0,0,0
male,caucasian,27,25 - 45,5,6,0,0,medium,2013-04-19,0,0,felony,0,1078,0,0,0,0,0
male,african-american,34,25 - 45,9,8,1,1,high,2013-11-18,1,0,felony,1,150,1,0,0,0,0
male,african-american,30,25 - 45,7,5,1,1,medium,2013-03-23,1,4,misdemeanor,0,163,0,0,0,0,0
male,caucasian,25,25 - 45,2,3,0,0,low,2014-02-05,0,0,misdemeanor,0,786,0,0,0,0,0
male,african-american,26,25 - 45,5,4,0,0,medium,2013-05-04,0,5,misdemeanor,0,1063,0,0,1,0,1
male,african-american,25,25 - 45,4,4,1,0,low,2013-08-06,1,1,felony,0,19,1,0,0,0,0
male,african-american,60,greater than 45,8,1,0,0,high,2014-02-25,0,9,felony,0,766,0,0,0,0,0
male,other,49,greater than 45,1,1,1,1,low,2013-05-15,1,0,misdemeanor,0,50,1,0,0,0,0
male,african-american,30,25 - 45,9,3,1,0,high,2013-09-14,1,12,felony,0,29,1,0,0,0,0
male,african-american,21,less than 25,4,7,0,0,low,2013-07-15,0,0,felony,0,991,0,0,0,0,0
male,african-american,25,25 - 45,8,3,1,0,high,2013-10-30,1,4,felony,0,175,1,0,0,0,0
male,caucasian,53,greater than 45,3,1,0,0,low,2013-05-26,0,1,felony,0,283,0,0,0,0,0
male,hispanic,29,25 - 45,9,3,0,0,high,2013-12-18,0,1,misdemeanor,0,835,0,0,0,0,0
male,african-american,29,25 - 45,4,2,0,0,low,2013-11-14,0,4,misdemeanor,0,869,0,0,0,0,0
male,hispanic,21,less than 25,3,6,0,0,low,2014-01-13,0,0,misdemeanor,1,809,0,0,0,0,0
female,african-american,24,less than 25,7,5,1,1,medium,2013-06-18,1,2,misdemeanor,0,569,1,0,0,0,0
male,other,53,greater than 45,1,1,1,0,low,2013-12-22,1,4,misdemeanor,0,523,1,0,0,0,0
male,caucasian,51,greater than 45,1,1,0,0,low,2013-08-06,0,2,felony,23,969,0,0,0,0,0
male,african-american,29,25 - 45,1,2,0,0,low,2013-01-10,0,1,misdemeanor,0,1177,0,0,0,0,0
female,other,24,less than 25,5,5,0,0,medium,2013-04-26,0,0,felony,0,1071,0,0,0,0,0
male,other,24,less than 25,10,9,1,0,high,2013-05-04,1,2,felony,241,357,1,0,1,9,10
male,hispanic,37,25 - 45,2,1,0,0,low,2013-02-21,0,5,felony,0,1135,0,0,0,0,0
female,hispanic,54,greater than 45,1,1,0,0,low,2013-10-14,0,2,misdemeanor,0,900,0,0,0,0,0
female,caucasian,51,greater than 45,9,6,0,0,high,2013-04-09,0,14,felony,0,1088,0,0,0,0,0
male,caucasian,53,greater than 45,1,1,0,0,low,2014-03-12,0,1,felony,0,751,0,0,0,0,0
male,african-american,31,25 - 45,3,3,0,0,low,2014-02-19,0,2,felony,0,772,0,0,0,0,0
male,african-american,25,25 - 45,8,6,0,0,high,2013-02-08,0,5,felony,34,1148,0,0,0,0,0
male,hispanic,38,25 - 45,1,1,0,0,low,2013-08-09,0,0,misdemeanor,1,966,0,0,0,0,0
male,african-american,22,less than 25,10,10,1,1,high,2013-01-20,1,3,felony,0,261,1,0,1,1,2
male,african-american,21,less than 25,8,8,1,0,high,2013-01-30,0,1,felony,12,447,0,0,0,0,0
male,caucasian,21,less than 25,5,6,1,0,medium,2013-05-24,1,1,felony,4,95,1,0,0,0,0
male,african-american,52,greater than 45,9,3,1,0,high,2013-05-12,1,7,felony,3,508,1,0,0,0,0
male,african-american,25,25 - 45,6,5,0,0,medium,2013-03-20,0,1,misdemeanor,0,1108,0,0,0,0,0
male,caucasian,56,greater than 45,4,1,0,0,low,2013-12-27,0,2,felony,0,826,0,0,0,0,0
male,african-american,34,25 - 45,9,4,0,0,high,2013-05-03,0,22,felony,0,214,0,0,0,0,0
male,hispanic,35,25 - 45,7,4,0,0,medium,2013-12-05,0,7,felony,1,15,0,0,0,0,0
male,african-american,23,less than 25,3,4,1,0,low,2013-10-03,1,1,misdemeanor,0,181,1,0,0,0,0
male,caucasian,22,less than 25,5,6,0,0,medium,2013-06-24,0,0,felony,0,169,0,0,0,2,2
male,african-american,23,less than 25,8,8,1,1,high,2013-04-24,1,0,felony,1,21,0,0,0,0,0
male,african-american,30,25 - 45,10,6,0,0,high,2013-09-27,0,4,misdemeanor,53,917,0,0,0,0,0
male,african-american,42,25 - 45,6,3,1,1,medium,2014-03-27,1,1,misdemeanor,6,21,0,0,0,0,0
male,african-american,50,greater than 45,8,8,1,1,high,2013-01-07,1,24,misdemeanor,32,87,0,0,0,2,2
male,caucasian,54,greater than 45,7,3,1,0,medium,2013-04-18,1,12,felony,0,291,0,0,0,0,0
male,other,37,25 - 45,1,2,1,0,low,2013-08-13,1,4,misdemeanor,1,718,1,0,0,0,0
male,african-american,37,25 - 45,9,3,0,0,high,2013-10-30,0,0,felony,0,825,0,0,0,0,0
male,african-american,23,less than 25,4,5,0,0,low,2013-11-04,0,1,felony,1,879,0,0,0,0,0
male,caucasian,41,25 - 45,1,1,0,0,low,2013-01-27,0,0,felony,0,1160,0,0,0,0,0
male,african-american,50,greater than 45,2,1,0,0,low,2013-09-26,0,5,felony,0,29,0,1,0,0,1
male,other,40,25 - 45,7,4,1,1,medium,2013-12-14,1,8,felony,39,112,1,0,0,0,0
male,african-american,23,less than 25,8,9,1,0,high,2013-09-08,1,2,felony,6,47,0,0,0,0,0
male,caucasian,33,25 - 45,1,1,1,0,low,2014-03-30,1,5,misdemeanor,0,61,1,0,1,0,1
male,caucasian,23,less than 25,2,4,0,0,low,2013-10-02,0,0,felony,0,912,0,0,0,0,0
male,african-american,37,25 - 45,7,3,1,0,medium,2014-01-13,1,1,misdemeanor,0,414,1,0,0,0,0
female,other,64,greater than 45,1,1,0,0,low,2013-10-22,0,0,felony,0,892,0,0,0,0,0
male,caucasian,51,greater than 45,1,1,0,0,low,2013-08-12,0,0,misdemeanor,0,963,0,0,0,0,0
male,other,40,25 - 45,1,1,1,0,low,2013-02-26,1,4,felony,15,420,1,0,0,0,0
male,caucasian,43,25 - 45,5,3,0,0,medium,2013-09-25,0,1,felony,0,919,0,0,0,0,0
female,african-american,35,25 - 45,6,3,1,1,medium,2013-05-06,1,3,misdemeanor,1,192,1,0,0,0,0
male,african-american,29,25 - 45,9,6,0,0,high,2013-02-09,0,2,felony,160,375,0,0,0,0,0
male,caucasian,57,greater than 45,1,1,0,0,low,2014-01-06,0,0,misdemeanor,0,816,0,0,0,0,0
male,african-american,20,less than 25,5,8,1,0,medium,2013-11-26,1,1,misdemeanor,0,59,1,0,1,2,3
male,caucasian,37,25 - 45,5,2,1,1,medium,2014-01-06,1,1,misdemeanor,0,536,1,0,0,0,0
female,other,23,less than 25,5,5,0,0,medium,2014-02-16,0,0,misdemeanor,0,775,0,0,0,0,0
male,caucasian,55,greater than 45,1,1,0,0,low,2013-07-22,0,1,misdemeanor,0,984,0,0,0,0,0
male,african-american,53,greater than 45,7,1,1,0,medium,2013-02-18,1,18,misdemeanor,40,85,1,0,0,0,0
male,african-american,21,less than 25,9,8,1,0,high,2014-03-07,1,1,felony,0,10,0,0,0,0,0
male,african-american,27,25 - 45,3,3,1,0,low,2013-12-27,1,3,misdemeanor,11,139,1,0,0,0,0
male,african-american,28,25 - 45,9,8,1,1,high,2013-11-13,1,6,felony,2,484,0,0,1,0,1
male,caucasian,26,25 - 45,3,4,1,0,low,2013-03-11,1,1,felony,0,15,1,0,0,0,0
male,caucasian,25,25 - 45,6,3,0,0,medium,2014-02-08,0,1,felony,0,531,0,0,0,0,0
male,caucasian,66,greater than 45,1,1,0,0,low,2014-02-01,0,0,felony,0,790,0,0,0,0,0
male,african-american,28,25 - 45,2,2,0,0,low,2013-04-14,0,3,misdemeanor,0,1083,0,0,0,0,0
male,african-american,21,less than 25,4,6,1,0,low,2013-05-22,1,0,felony,0,523,1,0,0,0,0
male,african-american,24,less than 25,5,5,0,0,medium,2013-10-07,0,0,misdemeanor,0,907,0,0,0,0,0
male,african-american,23,less than 25,9,8,1,0,high,2013-01-29,1,2,misdemeanor,0,228,1,0,0,0,0
male,caucasian,73,greater than 45,1,1,0,0,low,2014-03-27,0,0,misdemeanor,0,736,0,0,0,0,0
male,african-american,44,25 - 45,2,1,0,0,low,2013-11-24,0,0,felony,1,859,0,0,0,0,0
male,hispanic,42,25 - 45,1,1,0,0,low,2013-11-14,0,0,misdemeanor,4,869,0,0,0,0,0
male,african-american,40,25 - 45,7,4,0,0,medium,2014-03-20,0,6,felony,1,743,0,0,0,0,0
female,african-american,28,25 - 45,10,6,1,0,high,2014-01-23,1,0,felony,0,391,1,0,0,0,0
male,hispanic,21,less than 25,10,8,0,0,high,2013-04-24,0,0,felony,7,84,0,0,0,0,0
male,caucasian,56,greater than 45,1,1,1,1,low,2013-01-03,1,0,misdemeanor,0,471,1,0,0,0,0
male,african-american,42,25 - 45,1,1,0,0,low,2013-01-03,0,3,felony,0,1184,0,0,0,0,0
male,caucasian,32,25 - 45,10,10,1,0,high,2013-03-07,1,11,felony,0,148,1,1,0,0,1
male,caucasian,50,greater than 45,3,1,0,0,low,2013-01-15,0,1,felony,1,1172,0,0,0,0,0
male,caucasian,34,25 - 45,2,2,0,0,low,2014-02-16,0,0,misdemeanor,0,775,0,0,0,0,0
male,african-american,47,greater than 45,1,1,1,1,low,2014-03-21,1,1,misdemeanor,1,471,1,0,0,0,0
male,caucasian,58,greater than 45,2,1,0,0,low,2013-12-19,0,3,felony,1,834,0,0,0,0,0
male,caucasian,48,greater than 45,4,1,0,0,low,2013-07-05,0,3,felony,0,670,0,0,0,0,0
female,caucasian,20,less than 25,3,6,1,1,low,2014-01-27,0,0,felony,0,776,1,0,0,0,0
female,african-american,53,greater than 45,2,1,1,0,low,2013-04-28,1,10,felony,3,445,1,0,0,0,0
male,african-american,29,25 - 45,9,6,0,0,high,2013-11-17,0,0,felony,0,866,0,0,0,0,0
male,other,38,25 - 45,1,2,0,0,low,2013-09-16,0,1,misdemeanor,0,928,0,0,0,0,0
female,caucasian,43,25 - 45,2,1,0,0,low,2014-03-11,0,0,misdemeanor,0,714,0,0,0,0,0
male,african-american,35,25 - 45,9,6,0,0,high,2013-04-23,0,1,misdemeanor,0,1074,0,0,0,0,0
male,hispanic,25,25 - 45,3,5,1,1,low,2013-03-17,1,2,misdemeanor,0,267,1,0,0,0,0
male,caucasian,53,greater than 45,1,1,1,0,low,2013-04-15,1,1,misdemeanor,4,86,1,0,0,0,0
male,caucasian,22,less than 25,7,10,0,0,medium,2013-03-31,0,0,misdemeanor,0,1097,0,0,0,3,3
female,hispanic,32,25 - 45,2,2,0,0,low,2014-04-01,0,1,misdemeanor,0,731,0,0,0,0,0
male,caucasian,26,25 - 45,7,5,1,1,medium,2013-03-25,1,9,misdemeanor,0,146,0,0,0,0,0
female,other,48,greater than 45,1,1,0,0,low,2013-02-27,0,0,felony,0,1129,0,0,0,0,0
male,african-american,23,less than 25,10,9,1,0,high,2013-11-12,1,4,felony,0,73,1,0,0,0,0
male,caucasian,71,greater than 45,1,1,0,0,low,2013-06-25,0,1,misdemeanor,0,1011,0,0,0,0,0
female,caucasian,61,greater than 45,1,1,0,0,low,2013-01-24,0,0,misdemeanor,0,1163,0,0,0,0,0
female,caucasian,22,less than 25,5,5,0,0,medium,2013-10-14,0,2,misdemeanor,0,280,0,0,0,0,0
female,caucasian,54,greater than 45,2,1,0,0,low,2013-04-02,0,1,misdemeanor,0,1095,0,0,0,0,0
male,caucasian,24,less than 25,9,7,0,0,high,2013-11-23,0,6,felony,0,860,0,0,2,0,2
female,caucasian,28,25 - 45,5,3,0,0,medium,2013-01-14,0,0,felony,0,1173,0,0,0,0,0
female,caucasian,25,25 - 45,10,8,0,0,high,2013-05-22,0,2,felony,181,1045,0,0,0,0,0
female,african-american,22,less than 25,5,5,0,0,medium,2013-07-18,0,1,felony,0,234,0,0,0,0,0
male,african-american,24,less than 25,3,4,1,0,low,2013-08-21,1,2,felony,1,3,1,0,0,0,0
male,african-american,35,25 - 45,4,3,0,0,low,2014-01-20,0,0,felony,0,802,0,0,0,0,0
male,african-american,21,less than 25,3,5,0,0,low,2014-01-27,0,0,felony,0,795,0,0,0,0,0
male,caucasian,49,greater than 45,1,1,0,0,low,2013-01-12,0,1,misdemeanor,4,68,0,0,0,0,0
male,african-american,26,25 - 45,9,7,1,0,high,2013-08-06,1,6,felony,1,288,1,0,0,0,0
male,african-american,30,25 - 45,9,9,1,0,high,2013-12-17,1,7,felony,38,753,1,0,1,0,1
male,hispanic,32,25 - 45,1,1,1,0,low,2013-08-07,1,1,misdemeanor,0,47,1,0,0,1,1
male,african-american,30,25 - 45,4,6,1,0,low,2013-08-19,1,5,felony,180,219,1,0,0,0,0
male,african-american,21,less than 25,4,6,0,0,low,2013-08-12,0,1,felony,0,151,0,0,0,0,0
male,caucasian,64,greater than 45,1,1,0,0,low,2013-04-04,0,8,felony,0,1093,0,0,0,0,0
female,african-american,26,25 - 45,3,2,0,0,low,2013-10-01,0,1,felony,0,35,0,0,0,0,0
male,african-american,37,25 - 45,2,2,0,0,low,2013-05-18,0,3,misdemeanor,0,214,0,0,0,0,0
female,african-american,34,25 - 45,7,3,1,1,medium,2013-09-30,1,1,felony,115,800,1,0,0,0,0
male,hispanic,60,greater than 45,1,1,0,0,low,2013-06-19,0,4,felony,0,150,0,0,0,0,0
male,caucasian,58,greater than 45,1,1,0,0,low,2013-05-27,0,0,misdemeanor,0,1040,0,0,0,0,0
male,caucasian,27,25 - 45,1,2,0,0,low,2013-11-15,0,0,felony,0,228,0,0,0,0,0
male,african-american,30,25 - 45,1,2,1,0,low,2013-01-24,1,0,misdemeanor,0,151,1,0,0,0,0
male,african-american,25,25 - 45,2,3,0,0,low,2013-05-13,0,0,misdemeanor,0,183,0,0,0,2,2
male,african-american,60,greater than 45,8,5,1,0,high,2014-03-28,1,19,felony,39,491,1,0,0,0,0
male,african-american,56,greater than 45,8,4,0,0,high,2013-04-23,0,24,felony,0,22,0,0,0,0,0
male,african-american,33,25 - 45,1,2,0,0,low,2013-08-25,0,2,misdemeanor,0,950,0,0,0,0,0
male,caucasian,25,25 - 45,9,9,1,0,high,2013-08-06,1,9,felony,87,569,1,0,1,0,1
male,african-american,47,greater than 45,7,2,0,0,medium,2013-07-02,0,15,felony,0,1004,0,0,0,0,0
male,african-american,32,25 - 45,7,4,1,1,medium,2013-10-12,1,6,felony,3,69,1,0,0,0,0
male,african-american,24,less than 25,3,4,1,0,low,2013-11-09,1,3,felony,0,5,1,0,0,0,0
male,caucasian,23,less than 25,8,8,1,0,high,2014-02-19,1,2,felony,7,221,0,0,1,0,1
male,african-american,25,25 - 45,4,5,1,1,low,2013-01-04,1,1,felony,0,66,0,0,0,0,0
female,african-american,20,less than 25,4,6,0,0,low,2014-02-02,0,0,felony,0,789,0,0,0,0,0
male,african-american,32,25 - 45,9,7,0,0,high,2014-02-19,0,9,felony,0,40,0,0,0,4,4
female,african-american,49,greater than 45,1,2,0,0,low,2013-01-06,0,0,felony,1,1181,0,0,0,0,0
male,african-american,22,less than 25,3,5,0,0,low,2013-09-03,0,1,felony,0,941,0,0,0,0,0
male,african-american,24,less than 25,3,4,0,0,low,2013-11-09,0,0,felony,0,874,0,0,0,0,0
male,african-american,29,25 - 45,8,5,0,0,high,2013-05-18,0,5,felony,0,1049,0,0,0,0,0
male,caucasian,49,greater than 45,1,1,0,0,low,2013-04-04,0,1,misdemeanor,0,1093,0,0,0,0,0
male,caucasian,22,less than 25,6,5,0,0,medium,2013-03-05,0,0,felony,0,219,0,0,0,0,0
male,african-american,34,25 - 45,10,7,0,0,high,2014-02-18,0,8,felony,0,773,0,3,0,0,3
female,african-american,26,25 - 45,5,4,1,0,medium,2013-04-29,0,3,felony,0,936,1,0,0,0,0
male,african-american,21,less than 25,7,7,1,0,medium,2013-10-24,1,0,felony,2,64,0,0,0,0,0
male,caucasian,54,greater than 45,1,1,1,0,low,2013-03-09,0,2,misdemeanor,38,550,0,0,0,0,0
male,african-american,59,greater than 45,1,1,0,0,low,2013-01-09,0,1,felony,0,1178,0,0,0,0,0
male,other,24,less than 25,4,6,1,1,low,2013-05-19,1,1,felony,4,661,1,0,0,0,0
male,african-american,64,greater than 45,7,1,0,0,medium,2013-12-26,0,20,felony,1,827,0,0,0,0,0
male,caucasian,45,greater than 45,1,1,1,0,low,2013-09-11,1,1,misdemeanor,0,114,0,0,0,0,0
female,african-american,22,less than 25,4,5,0,0,low,2013-06-27,0,0,felony,0,1009,0,0,0,0,0
male,african-american,24,less than 25,3,4,1,0,low,2014-01-14,1,5,felony,0,247,1,0,0,0,0
female,african-american,30,25 - 45,6,3,1,1,medium,2013-09-26,1,3,felony,12,160,1,0,0,0,0
female,caucasian,27,25 - 45,5,3,0,0,medium,2013-12-06,0,0,felony,0,847,0,0,0,0,0
male,caucasian,20,less than 25,4,7,0,0,low,2013-12-30,0,0,felony,0,823,0,0,0,2,2
male,hispanic,29,25 - 45,5,4,1,0,medium,2013-01-03,1,0,felony,6,707,1,0,0,0,0
male,caucasian,28,25 - 45,5,4,1,0,medium,2013-06-17,1,5,felony,0,123,1,0,0,0,0
male,other,37,25 - 45,1,1,0,0,low,2014-01-28,0,0,misdemeanor,0,794,0,0,0,0,0
male,other,25,25 - 45,2,3,0,0,low,2013-11-27,0,2,felony,0,499,0,0,0,0,0
male,caucasian,23,less than 25,6,6,1,0,medium,2013-01-04,1,3,felony,0,13,1,0,0,1,1
female,african-american,32,25 - 45,2,1,0,0,low,2014-02-05,0,0,misdemeanor,0,786,0,0,0,0,0
female,caucasian,44,25 - 45,1,1,0,0,low,2013-08-19,0,1,felony,0,57,0,0,0,0,0
male,african-american,41,25 - 45,4,2,0,0,low,2013-03-09,0,8,felony,1,1068,0,0,0,0,0
male,caucasian,30,25 - 45,2,2,0,0,low,2013-03-18,0,3,felony,0,21,0,0,0,0,0
male,african-american,27,25 - 45,5,6,1,1,medium,2013-05-24,1,2,misdemeanor,7,289,1,0,0,0,0
male,african-american,32,25 - 45,1,1,1,0,low,2014-02-11,1,0,felony,0,530,1,0,0,0,0
male,african-american,40,25 - 45,8,7,1,0,high,2014-02-09,1,24,misdemeanor,0,194,1,0,1,1,2
male,african-american,23,less than 25,2,3,0,0,low,2014-01-08,0,1,felony,0,232,0,0,0,0,0
male,hispanic,34,25 - 45,3,2,1,0,low,2013-04-27,0,2,misdemeanor,0,979,1,0,0,0,0
male,african-american,33,25 - 45,10,6,0,0,high,2013-12-06,0,1,felony,0,847,0,0,0,0,0
female,african-american,33,25 - 45,4,1,0,0,low,2014-03-23,0,3,misdemeanor,0,740,0,0,0,0,0
male,caucasian,33,25 - 45,5,3,0,0,medium,2013-07-16,0,3,felony,0,55,0,0,0,0,0
male,caucasian,33,25 - 45,1,2,0,0,low,2014-02-26,0,0,felony,6,765,0,0,0,0,0
male,african-american,41,25 - 45,6,5,1,1,medium,2014-02-18,1,2,misdemeanor,0,46,1,0,0,0,0
male,hispanic,37,25 - 45,1,1,0,0,low,2013-10-01,0,1,misdemeanor,0,913,0,0,0,0,0
male,african-american,28,25 - 45,5,4,0,0,medium,2013-08-16,0,9,misdemeanor,1,959,0,0,0,0,0
female,african-american,25,25 - 45,5,5,1,1,medium,2013-02-26,1,0,felony,0,144,1,0,0,0,0
male,other,51,greater than 45,4,2,1,0,low,2013-11-16,1,14,felony,0,484,1,0,0,0,0
female,african-american,30,25 - 45,4,3,0,0,low,2013-02-03,0,1,misdemeanor,1,1153,0,0,0,0,0
female,african-american,47,greater than 45,2,1,0,0,low,2013-04-19,0,0,misdemeanor,0,1078,0,0,0,0,0
male,caucasian,24,less than 25,2,3,1,0,low,2014-02-19,1,0,felony,0,177,1,0,0,0,0
male,caucasian,37,25 - 45,5,1,0,0,medium,2013-08-29,0,5,misdemeanor,0,323,0,0,0,0,0
male,caucasian,31,25 - 45,8,4,1,1,high,2013-01-13,1,9,felony,117,369,0,0,0,0,0
female,caucasian,30,25 - 45,3,2,0,0,low,2013-03-20,0,1,felony,0,1108,0,0,0,0,0
male,african-american,52,greater than 45,4,1,1,0,low,2013-05-26,1,0,felony,25,338,1,0,0,0,0
male,african-american,25,25 - 45,10,8,1,0,high,2013-03-20,1,5,felony,235,555,1,0,0,1,1
male,african-american,60,greater than 45,9,4,0,0,high,2013-09-10,0,10,felony,0,934,0,0,0,0,0
female,african-american,46,greater than 45,8,3,0,0,high,2013-03-19,0,7,misdemeanor,18,1109,0,0,0,0,0
male,caucasian,62,greater than 45,1,1,0,0,low,2013-04-18,0,3,misdemeanor,0,1079,0,0,0,0,0
male,other,57,greater than 45,4,3,1,0,low,2013-04-27,1,10,felony,0,246,1,0,0,0,0
male,caucasian,25,25 - 45,9,9,0,0,high,2013-01-06,0,9,felony,54,1181,0,0,2,1,3
male,african-american,21,less than 25,10,9,1,0,high,2013-09-10,1,0,misdemeanor,34,59,1,0,0,1,1
male,asian,38,25 - 45,1,1,0,0,low,2013-02-17,0,0,misdemeanor,0,1139,0,0,0,0,0
male,african-american,29,25 - 45,7,5,1,0,medium,2013-01-04,1,5,felony,4,20,1,0,0,0,0
male,african-american,52,greater than 45,1,1,1,0,low,2013-04-19,1,0,misdemeanor,0,96,1,0,0,0,0
male,african-american,29,25 - 45,10,8,1,0,high,2013-05-10,0,5,felony,1,853,1,0,0,0,0
male,african-american,59,greater than 45,2,2,1,0,low,2014-03-15,1,13,felony,241,310,1,0,0,0,0
male,african-american,39,25 - 45,3,1,1,0,low,2013-02-16,0,2,felony,0,927,1,0,0,0,0
male,hispanic,48,greater than 45,1,1,0,0,low,2013-02-28,0,1,misdemeanor,167,1128,0,0,0,0,0
male,other,31,25 - 45,1,1,1,1,low,2013-05-04,1,3,misdemeanor,0,230,1,0,0,0,0
male,african-american,20,less than 25,10,8,1,0,high,2013-05-03,1,1,felony,4,135,1,0,1,1,2
male,caucasian,50,greater than 45,1,1,0,0,low,2013-11-09,0,0,misdemeanor,0,30,0,0,0,0,0
male,african-american,27,25 - 45,9,8,1,0,high,2013-02-15,1,7,felony,3,211,1,0,0,0,0
male,african-american,27,25 - 45,1,2,0,0,low,2013-09-27,0,0,misdemeanor,1,917,0,0,0,0,0
female,african-american,32,25 - 45,3,2,0,0,low,2013-01-11,0,2,felony,0,340,0,0,0,0,0
female,african-american,24,less than 25,6,5,0,0,medium,2013-01-19,0,2,misdemeanor,31,355,0,0,0,0,0
male,african-american,24,less than 25,9,9,1,0,high,2013-02-20,1,4,felony,50,196,1,0,0,0,0
male,caucasian,30,25 - 45,2,3,1,0,low,2013-11-25,1,0,misdemeanor,1,324,1,0,0,0,0
male,african-american,21,less than 25,6,8,0,0,medium,2013-10-22,0,2,felony,0,892,0,1,1,0,2
male,caucasian,41,25 - 45,2,1,0,0,low,2013-02-18,0,0,felony,0,1138,0,0,0,0,0
male,other,38,25 - 45,3,3,0,0,low,2013-05-22,0,1,felony,0,1045,0,0,0,0,0
male,african-american,32,25 - 45,8,6,1,1,high,2014-01-04,1,2,felony,19,88,1,0,0,0,0
male,caucasian,27,25 - 45,6,3,0,0,medium,2013-10-15,0,5,felony,0,414,0,0,0,0,0
female,caucasian,24,less than 25,5,4,0,0,medium,2013-01-22,0,1,felony,0,1165,0,0,0,0,0
male,caucasian,69,greater than 45,1,1,1,0,low,2013-09-30,1,0,misdemeanor,0,86,1,0,0,0,0
male,caucasian,25,25 - 45,9,9,0,0,high,2013-02-08,0,1,felony,59,164,0,0,0,0,0
male,caucasian,55,greater than 45,1,2,1,1,low,2013-10-10,1,0,misdemeanor,29,678,1,0,0,0,0
male,caucasian,27,25 - 45,4,2,1,0,low,2013-10-29,1,0,misdemeanor,0,358,1,0,0,0,0
female,african-american,20,less than 25,6,7,1,0,medium,2014-01-03,1,1,felony,0,232,1,0,0,0,0
male,african-american,36,25 - 45,1,2,1,0,low,2013-03-14,1,2,felony,0,289,1,0,0,0,0
female,hispanic,39,25 - 45,4,3,1,1,low,2014-01-12,1,10,felony,0,218,1,0,0,2,2
female,caucasian,35,25 - 45,4,2,0,0,low,2013-01-02,0,1,misdemeanor,0,1185,0,0,0,0,0
male,african-american,32,25 - 45,10,6,1,1,high,2013-05-07,1,12,misdemeanor,1,43,1,0,1,3,4
male,other,69,greater than 45,1,1,0,0,low,2013-10-03,0,0,misdemeanor,0,911,0,0,0,0,0
male,caucasian,21,less than 25,6,8,0,0,medium,2013-12-16,0,1,misdemeanor,0,837,0,0,0,1,1
male,caucasian,41,25 - 45,1,1,0,0,low,2013-05-08,0,1,felony,2,1059,0,0,0,0,0
male,hispanic,21,less than 25,5,6,0,0,medium,2013-07-15,0,0,felony,0,991,0,0,0,0,0
male,african-american,38,25 - 45,8,6,0,0,high,2013-01-27,0,0,felony,4,1160,0,0,0,0,0
male,caucasian,31,25 - 45,8,4,0,0,high,2013-05-04,0,10,misdemeanor,0,185,0,0,0,0,0
male,caucasian,35,25 - 45,2,3,1,1,low,2013-08-27,1,2,misdemeanor,34,78,1,0,0,0,0
male,african-american,34,25 - 45,6,6,0,0,medium,2013-03-27,0,5,misdemeanor,0,1101,0,0,0,0,0
male,caucasian,52,greater than 45,1,1,0,0,low,2013-12-11,0,0,misdemeanor,0,842,0,0,0,0,0
male,african-american,21,less than 25,8,8,0,0,high,2013-01-08,0,0,felony,1,546,0,0,0,0,0
male,african-american,43,25 - 45,2,2,0,0,low,2014-03-06,0,8,misdemeanor,0,757,0,0,0,0,0
female,caucasian,32,25 - 45,2,2,0,0,low,2013-01-28,0,0,felony,0,1159,0,0,0,0,0
male,caucasian,49,greater than 45,6,3,1,0,medium,2013-08-25,1,5,felony,3,178,1,0,0,0,0
female,african-american,21,less than 25,4,5,0,0,low,2013-12-27,0,0,misdemeanor,0,826,0,0,0,0,0
male,african-american,28,25 - 45,5,3,1,0,medium,2013-02-17,1,5,felony,0,484,1,0,0,0,0
female,caucasian,65,greater than 45,1,1,0,0,low,2013-12-24,0,1,felony,0,829,0,0,0,0,0
female,caucasian,27,25 - 45,3,3,0,0,low,2013-02-16,0,0,misdemeanor,1,1140,0,0,0,0,0
male,caucasian,48,greater than 45,8,6,1,0,high,2013-10-21,1,20,felony,46,72,1,0,0,0,0
male,african-american,25,25 - 45,8,8,1,0,high,2013-03-19,0,1,misdemeanor,0,620,0,0,0,1,1
male,african-american,20,less than 25,3,6,1,0,low,2013-12-27,1,0,misdemeanor,0,544,1,0,0,0,0
male,other,49,greater than 45,6,3,1,0,medium,2013-10-24,1,7,felony,13,381,1,0,0,0,0
male,other,42,25 - 45,3,1,0,0,low,2013-12-07,0,6,misdemeanor,0,602,0,0,0,0,0
male,african-american,63,greater than 45,3,2,0,0,low,2013-04-22,0,6,felony,24,1075,0,0,0,0,0
male,caucasian,40,25 - 45,2,1,0,0,low,2013-08-10,0,0,misdemeanor,0,965,0,0,0,0,0
male,hispanic,34,25 - 45,2,3,0,0,low,2013-04-12,0,0,felony,0,1085,0,0,0,0,0
male,african-american,21,less than 25,10,9,1,0,high,2013-04-11,1,1,felony,86,136,1,0,0,0,0
male,caucasian,27,25 - 45,2,2,0,0,low,2013-10-09,0,1,misdemeanor,0,905,0,0,0,0,0
male,hispanic,29,25 - 45,1,1,0,0,low,2014-03-17,0,0,misdemeanor,0,746,0,0,0,0,0
male,african-american,32,25 - 45,6,2,1,0,medium,2013-05-03,1,9,misdemeanor,0,111,0,0,0,0,0
female,african-american,50,greater than 45,1,2,0,0,low,2013-05-14,0,0,misdemeanor,0,1053,0,0,0,0,0
male,african-american,31,25 - 45,2,1,0,0,low,2013-05-13,0,1,misdemeanor,0,1054,0,0,0,0,0
male,caucasian,47,greater than 45,1,1,0,0,low,2013-04-30,0,0,misdemeanor,0,1067,0,0,0,0,0
male,caucasian,44,25 - 45,4,1,0,0,low,2014-01-27,0,2,misdemeanor,0,795,0,0,0,0,0
male,hispanic,56,greater than 45,1,1,0,0,low,2013-12-26,0,0,felony,0,827,0,0,0,0,0
male,african-american,23,less than 25,3,5,0,0,low,2013-10-13,0,0,misdemeanor,12,901,0,0,0,0,0
male,african-american,54,greater than 45,6,1,0,0,medium,2013-03-20,0,10,felony,30,1108,0,0,0,0,0
male,african-american,21,less than 25,4,6,1,0,low,2013-12-11,1,1,felony,0,166,1,1,0,1,2
male,caucasian,38,25 - 45,10,8,0,0,high,2013-08-18,0,17,felony,179,957,0,0,0,0,0
male,hispanic,25,25 - 45,2,3,1,1,low,2013-02-11,1,0,felony,0,136,0,0,0,0,0
male,caucasian,44,25 - 45,3,3,1,0,low,2013-08-08,1,2,felony,1,125,0,0,0,0,0
male,african-american,52,greater than 45,3,1,1,0,low,2013-04-08,1,3,misdemeanor,30,91,1,0,0,0,0
male,african-american,21,less than 25,9,8,1,0,high,2013-04-10,1,0,misdemeanor,0,86,1,0,0,0,0
male,african-american,31,25 - 45,2,1,0,0,low,2013-12-18,0,4,felony,0,835,0,0,0,0,0
female,african-american,39,25 - 45,1,1,0,0,low,2013-08-08,0,1,felony,0,967,0,0,0,0,0
male,african-american,56,greater than 45,2,1,0,0,low,2014-01-08,0,6,felony,0,54,0,0,0,0,0
male,african-american,35,25 - 45,8,7,1,0,high,2013-01-05,1,12,felony,0,382,0,0,0,0,0
male,caucasian,39,25 - 45,1,1,0,0,low,2013-08-07,0,1,felony,0,968,0,0,0,0,0
male,caucasian,29,25 - 45,1,2,0,0,low,2013-12-28,0,0,misdemeanor,1,825,0,0,0,0,0
female,caucasian,28,25 - 45,8,3,0,0,high,2013-02-12,0,3,felony,0,1144,0,0,0,0,0
male,caucasian,26,25 - 45,5,3,0,0,medium,2013-12-09,0,0,misdemeanor,0,844,0,0,0,0,0
female,african-american,51,greater than 45,10,6,1,0,high,2013-02-28,0,10,felony,0,173,0,1,0,0,1
female,other,58,greater than 45,1,1,0,0,low,2014-03-07,0,0,felony,0,756,0,0,0,0,0
male,caucasian,20,less than 25,2,5,1,0,low,2014-01-08,1,1,felony,1,173,0,0,0,2,2
male,african-american,21,less than 25,5,7,1,1,medium,2013-08-17,1,0,felony,41,76,1,0,0,0,0
male,african-american,21,less than 25,5,8,1,0,medium,2013-02-16,0,0,felony,46,991,1,0,0,0,0
male,african-american,23,less than 25,7,8,0,0,medium,2013-08-11,0,0,felony,1,143,0,0,0,0,0
male,african-american,46,greater than 45,4,3,0,0,low,2013-08-23,0,3,felony,1,952,0,0,0,0,0
male,african-american,25,25 - 45,9,9,1,0,high,2013-03-13,1,21,felony,118,254,1,0,13,1,14
male,hispanic,35,25 - 45,7,5,1,1,medium,2013-05-09,0,5,felony,0,759,1,0,0,0,0
male,african-american,34,25 - 45,7,6,1,0,medium,2013-06-13,0,12,felony,0,811,1,0,0,0,0
female,african-american,30,25 - 45,3,2,0,0,low,2014-01-31,0,0,misdemeanor,0,791,0,0,0,0,0
male,caucasian,47,greater than 45,1,1,0,0,low,2014-01-24,0,1,felony,0,798,0,0,0,0,0
male,caucasian,30,25 - 45,4,2,0,0,low,2013-06-26,0,4,felony,0,127,0,0,0,0,0
male,hispanic,33,25 - 45,1,1,0,0,low,2013-12-01,0,0,misdemeanor,0,852,0,0,0,0,0
male,african-american,47,greater than 45,1,1,0,0,low,2013-02-22,0,1,felony,0,70,0,0,0,0,0
male,african-american,42,25 - 45,7,3,1,0,medium,2013-05-09,1,33,felony,0,200,1,0,0,0,0
male,african-american,39,25 - 45,2,1,1,0,low,2013-03-02,1,1,felony,0,526,1,0,0,0,0
male,caucasian,50,greater than 45,2,1,1,1,low,2013-07-22,1,11,felony,0,319,1,0,0,0,0
male,hispanic,30,25 - 45,2,2,1,0,low,2013-04-12,1,2,misdemeanor,5,282,1,0,0,0,0
male,caucasian,24,less than 25,3,4,0,0,low,2013-04-04,0,1,felony,0,1093,0,0,0,2,2
female,african-american,22,less than 25,9,6,0,0,high,2013-01-14,0,2,felony,0,1173,0,0,0,0,0
male,caucasian,45,greater than 45,1,1,0,0,low,2013-08-20,0,3,felony,0,955,0,0,0,0,0
male,caucasian,39,25 - 45,2,1,0,0,low,2013-03-24,0,3,felony,0,1104,0,0,0,0,0
male,caucasian,40,25 - 45,3,1,0,0,low,2013-08-15,0,1,felony,41,291,0,0,0,0,0
male,african-american,24,less than 25,10,6,0,0,high,2013-01-21,0,0,felony,0,1166,0,0,0,0,0
male,african-american,23,less than 25,7,4,0,0,medium,2014-01-05,0,1,felony,0,817,0,0,0,1,1
male,caucasian,61,greater than 45,1,1,0,0,low,2013-03-01,0,0,misdemeanor,0,1127,0,0,0,0,0
male,caucasian,42,25 - 45,5,3,1,0,medium,2013-09-07,1,3,felony,0,219,1,0,0,0,0
male,african-american,38,25 - 45,2,1,1,0,low,2013-01-09,1,3,felony,4,98,1,0,0,0,0
male,caucasian,67,greater than 45,1,1,1,0,low,2013-02-17,1,0,felony,23,33,1,0,0,0,0
male,caucasian,23,less than 25,6,7,0,0,medium,2014-01-02,0,2,felony,0,820,0,0,0,0,0
male,african-american,40,25 - 45,8,6,0,0,high,2013-04-11,0,15,felony,54,1086,0,1,0,0,1
male,african-american,44,25 - 45,2,2,0,0,low,2013-01-03,0,0,felony,3,1184,0,0,0,0,0
male,african-american,37,25 - 45,7,2,1,0,medium,2013-10-12,1,10,felony,0,125,1,0,0,0,0
female,african-american,22,less than 25,9,6,0,0,high,2013-10-29,0,3,misdemeanor,0,885,0,0,1,0,1
male,caucasian,31,25 - 45,3,2,1,0,low,2013-05-09,1,6,misdemeanor,0,202,1,0,0,0,0
male,african-american,57,greater than 45,8,4,0,0,high,2013-05-15,0,2,felony,0,1052,0,0,0,0,0
male,other,24,less than 25,6,4,0,0,medium,2013-03-23,0,5,misdemeanor,4,249,0,0,0,0,0
male,caucasian,33,25 - 45,4,3,0,0,low,2013-04-14,0,9,felony,0,59,0,0,0,0,0
female,african-american,30,25 - 45,10,9,1,0,high,2014-01-04,1,10,felony,0,2,1,0,3,2,5
male,other,31,25 - 45,1,2,0,0,low,2013-08-22,0,5,felony,0,25,0,0,1,0,1
male,caucasian,56,greater than 45,5,1,0,0,medium,2014-03-28,0,7,felony,0,735,0,0,0,0,0
male,hispanic,67,greater than 45,1,1,0,0,low,2013-09-16,0,2,felony,0,67,0,0,0,0,0
male,african-american,35,25 - 45,7,3,1,0,medium,2013-10-27,1,0,felony,0,3,1,0,0,0,0
male,african-american,57,greater than 45,8,7,1,1,high,2013-02-21,1,23,felony,29,272,0,0,0,0,0
male,caucasian,65,greater than 45,2,2,0,0,low,2013-08-05,0,3,felony,22,52,0,0,0,0,0
female,caucasian,22,less than 25,9,7,0,0,high,2013-02-27,0,0,misdemeanor,0,1129,0,0,0,0,0
female,african-american,35,25 - 45,6,2,0,0,medium,2013-08-14,0,2,felony,0,232,0,0,0,0,0
male,african-american,29,25 - 45,3,4,1,1,low,2013-01-27,1,2,misdemeanor,1,150,1,0,1,0,1
male,caucasian,37,25 - 45,1,1,1,0,low,2013-02-15,1,2,misdemeanor,0,428,1,0,0,0,0
male,african-american,22,less than 25,10,6,1,1,high,2014-01-27,1,5,misdemeanor,0,152,0,0,0,0,0
male,african-american,31,25 - 45,8,5,1,1,high,2013-10-14,0,6,misdemeanor,0,80,0,0,0,0,0
male,african-american,22,less than 25,3,5,1,0,low,2013-09-09,1,0,misdemeanor,0,161,1,0,0,0,0
male,hispanic,31,25 - 45,3,3,1,0,low,2013-03-01,1,8,felony,12,64,1,0,0,0,0
female,african-american,56,greater than 45,1,1,0,0,low,2013-04-18,0,1,felony,0,1079,0,0,0,0,0
male,caucasian,25,25 - 45,6,5,0,0,medium,2013-08-27,0,2,felony,0,948,0,0,0,0,0
male,caucasian,33,25 - 45,4,2,0,0,low,2013-05-20,0,10,misdemeanor,1,1047,0,0,0,0,0
male,caucasian,25,25 - 45,5,6,0,0,medium,2013-02-11,0,2,felony,1,464,0,0,0,0,0
female,african-american,27,25 - 45,5,3,0,0,medium,2013-05-05,0,3,felony,0,373,0,0,0,0,0
male,african-american,37,25 - 45,10,10,0,0,high,2013-04-02,0,1,felony,2,148,0,0,0,0,0
male,caucasian,41,25 - 45,1,1,0,0,low,2013-06-03,0,2,misdemeanor,0,1033,0,0,0,0,0
male,african-american,35,25 - 45,8,5,0,0,high,2013-12-24,0,5,felony,0,92,0,0,0,1,1
male,caucasian,55,greater than 45,1,1,0,0,low,2014-01-03,0,0,misdemeanor,2,819,0,0,0,0,0
female,african-american,24,less than 25,5,5,0,0,medium,2013-03-18,0,1,felony,0,1110,0,0,0,0,0
male,african-american,26,25 - 45,2,3,1,1,low,2013-10-04,1,2,felony,4,257,0,0,0,0,0
male,african-american,35,25 - 45,3,3,0,0,low,2013-05-22,0,7,felony,194,1045,0,0,0,0,0
male,caucasian,50,greater than 45,4,6,1,1,low,2013-02-16,1,3,misdemeanor,25,690,1,0,0,0,0
male,african-american,30,25 - 45,8,9,0,0,high,2013-05-24,0,1,misdemeanor,0,1043,0,0,0,0,0
male,african-american,25,25 - 45,6,4,1,0,medium,2013-08-07,1,3,felony,1,263,1,0,0,0,0
female,caucasian,65,greater than 45,1,1,1,0,low,2014-01-06,1,1,misdemeanor,0,169,1,0,0,0,0
female,african-american,31,25 - 45,5,2,1,0,medium,2013-05-07,1,0,felony,0,444,1,0,0,0,0
female,african-american,24,less than 25,2,3,0,0,low,2014-01-17,0,0,misdemeanor,0,805,0,0,0,0,0
male,african-american,34,25 - 45,8,9,1,1,high,2013-01-23,1,6,felony,13,87,0,0,0,0,0
female,african-american,30,25 - 45,6,2,0,0,medium,2013-02-14,0,4,felony,1,279,0,0,1,0,1
female,hispanic,35,25 - 45,2,1,0,0,low,2013-02-14,0,0,misdemeanor,0,1142,0,0,0,0,0
male,african-american,30,25 - 45,6,7,1,0,medium,2013-12-27,1,14,felony,0,27,1,0,0,0,0
male,caucasian,24,less than 25,2,3,0,0,low,2013-09-23,0,1,misdemeanor,0,921,0,0,0,0,0
male,caucasian,51,greater than 45,3,1,1,0,low,2013-03-19,1,3,felony,0,142,0,0,0,0,0
female,african-american,28,25 - 45,3,3,0,0,low,2013-12-07,0,3,felony,0,846,0,0,0,0,0
female,african-american,27,25 - 45,6,2,1,0,medium,2014-02-17,1,4,felony,0,194,1,0,0,0,0
male,other,50,greater than 45,1,1,0,0,low,2013-08-02,0,5,felony,0,973,0,0,0,0,0
male,african-american,29,25 - 45,4,3,1,0,low,2013-09-19,1,2,felony,0,368,1,0,0,0,0
male,african-american,31,25 - 45,6,3,0,0,medium,2013-11-23,0,0,felony,1,86,0,0,0,0,0
male,caucasian,31,25 - 45,1,2,0,0,low,2013-12-30,0,0,misdemeanor,0,823,0,0,0,0,0
female,african-american,32,25 - 45,2,2,0,0,low,2013-02-27,0,3,felony,29,68,0,0,0,0,0
male,caucasian,29,25 - 45,5,2,1,1,medium,2013-06-10,1,6,felony,0,58,0,0,0,0,0
male,african-american,59,greater than 45,3,2,1,0,low,2013-01-31,0,3,felony,0,732,1,0,0,0,0
female,caucasian,27,25 - 45,4,3,0,0,low,2013-05-22,0,1,felony,0,433,0,0,0,0,0
male,african-american,33,25 - 45,10,6,0,0,high,2013-03-05,0,0,felony,141,1123,0,0,0,0,0
female,other,35,25 - 45,1,1,0,0,low,2013-10-11,0,0,misdemeanor,0,903,0,0,0,0,0
female,other,40,25 - 45,1,1,0,0,low,2013-07-29,0,0,felony,0,977,0,0,0,0,0
male,hispanic,53,greater than 45,2,3,0,0,low,2013-02-19,0,3,misdemeanor,0,1137,0,0,0,0,0
male,other,45,greater than 45,3,1,0,0,low,2013-02-19,0,0,misdemeanor,0,1137,0,0,0,0,0
male,african-american,24,less than 25,9,7,1,1,high,2013-02-12,1,9,misdemeanor,0,80,1,1,0,1,2
male,african-american,31,25 - 45,9,6,1,0,high,2013-11-25,1,16,felony,462,792,1,2,1,1,4
male,hispanic,25,25 - 45,2,4,0,0,low,2013-05-21,0,0,misdemeanor,3,1046,0,0,0,0,0
male,caucasian,24,less than 25,4,5,1,0,low,2013-03-31,1,0,misdemeanor,0,386,1,0,0,0,0
male,african-american,24,less than 25,9,9,0,0,high,2014-03-11,0,0,felony,0,752,0,0,0,0,0
male,hispanic,23,less than 25,8,5,0,0,high,2013-04-06,0,6,misdemeanor,33,1091,0,0,0,0,0
male,african-american,23,less than 25,8,7,1,1,high,2013-08-22,1,7,felony,0,224,1,0,1,0,1
female,hispanic,47,greater than 45,1,1,0,0,low,2013-08-02,0,2,felony,0,973,0,0,0,0,0
male,hispanic,48,greater than 45,1,1,0,0,low,2013-09-16,0,0,misdemeanor,0,928,0,0,0,0,0
male,hispanic,35,25 - 45,2,1,0,0,low,2013-10-14,0,0,misdemeanor,0,900,0,0,0,0,0
male,other,24,less than 25,3,4,1,0,low,2013-12-12,1,3,felony,0,93,1,0,0,0,0
male,caucasian,62,greater than 45,1,1,0,0,low,2013-03-30,0,0,felony,0,1098,0,0,0,0,0
male,african-american,52,greater than 45,3,1,0,0,low,2013-10-31,0,19,felony,0,883,0,0,0,0,0
female,african-american,25,25 - 45,7,4,1,0,medium,2013-11-04,1,4,felony,0,259,1,0,0,0,0
male,other,25,25 - 45,3,3,0,0,low,2013-03-22,0,1,felony,0,923,0,0,0,0,0
male,african-american,49,greater than 45,7,4,1,1,medium,2013-02-21,0,1,misdemeanor,9,339,0,0,0,0,0
male,caucasian,50,greater than 45,1,1,1,1,low,2014-01-27,1,0,felony,36,58,1,0,0,0,0
male,african-american,37,25 - 45,8,3,0,0,high,2013-08-02,0,14,felony,0,973,0,0,0,0,0
male,caucasian,26,25 - 45,2,3,0,0,low,2013-02-04,0,0,misdemeanor,1,1152,0,0,0,0,0
male,african-american,28,25 - 45,10,10,1,1,high,2013-01-14,0,21,felony,0,772,1,0,2,0,2
male,other,48,greater than 45,2,1,0,0,low,2013-03-18,0,4,felony,0,1110,0,0,0,0,0
male,african-american,25,25 - 45,4,4,0,0,low,2014-01-06,0,1,felony,0,361,0,0,0,0,0
male,african-american,20,less than 25,8,10,1,1,high,2013-08-20,1,1,felony,0,4,1,0,1,0,1
male,african-american,34,25 - 45,10,5,1,0,high,2013-08-02,1,9,felony,16,102,1,0,0,0,0
male,hispanic,26,25 - 45,1,2,0,0,low,2013-08-24,0,1,misdemeanor,1,951,0,0,0,0,0
male,african-american,46,greater than 45,9,7,1,0,high,2013-01-07,1,9,felony,115,154,1,1,0,1,2
male,african-american,21,less than 25,8,7,1,0,high,2014-01-23,1,0,felony,7,304,1,0,0,1,1
female,caucasian,27,25 - 45,5,3,1,0,medium,2013-02-24,1,2,felony,0,10,1,0,0,0,0
male,african-american,21,less than 25,8,8,1,0,high,2013-10-07,1,3,misdemeanor,18,274,1,0,1,1,2
male,caucasian,29,25 - 45,4,2,0,0,low,2013-03-09,0,1,felony,13,1119,0,0,0,0,0
male,caucasian,46,greater than 45,4,1,0,0,low,2014-01-04,0,4,felony,1,818,0,0,0,0,0
male,african-american,24,less than 25,4,5,1,0,low,2013-01-07,0,0,felony,1,810,1,0,0,0,0
female,hispanic,51,greater than 45,1,1,0,0,low,2014-03-17,0,2,misdemeanor,0,746,0,0,0,0,0
male,african-american,33,25 - 45,2,4,1,0,low,2014-03-24,1,4,felony,0,689,1,0,0,0,0
male,african-american,23,less than 25,9,6,1,0,high,2014-03-04,1,4,felony,143,262,1,0,1,0,1
male,african-american,29,25 - 45,8,4,0,0,high,2013-02-23,0,5,felony,1,191,0,0,0,0,0
male,caucasian,22,less than 25,4,5,1,0,low,2013-03-16,1,0,misdemeanor,9,46,1,0,0,0,0
male,hispanic,56,greater than 45,2,1,1,1,low,2014-01-04,1,10,misdemeanor,12,387,1,0,0,0,0
female,caucasian,33,25 - 45,6,3,1,0,medium,2013-10-16,1,1,misdemeanor,0,86,0,0,0,0,0
male,hispanic,31,25 - 45,2,1,0,0,low,2013-07-25,0,1,misdemeanor,0,981,0,0,0,0,0
male,african-american,40,25 - 45,8,5,1,0,high,2014-04-01,1,3,felony,0,9,1,0,0,0,0
male,other,48,greater than 45,1,1,0,0,low,2013-08-19,0,0,misdemeanor,0,956,0,0,0,0,0
male,african-american,32,25 - 45,6,5,1,0,medium,2013-08-21,1,10,felony,3,54,0,0,3,0,3
male,african-american,68,greater than 45,2,1,0,0,low,2013-06-26,0,1,felony,0,1010,0,0,0,0,0
male,african-american,24,less than 25,4,4,0,0,low,2013-10-02,0,1,misdemeanor,0,912,0,0,0,0,0
male,african-american,32,25 - 45,2,2,0,0,low,2013-10-02,0,1,felony,0,912,0,0,0,0,0
male,hispanic,56,greater than 45,1,1,0,0,low,2013-10-01,0,4,felony,0,913,0,0,0,0,0
male,african-american,23,less than 25,9,8,1,0,high,2014-02-06,1,6,felony,0,123,1,0,0,0,0
male,caucasian,39,25 - 45,7,5,1,0,medium,2013-03-06,1,17,felony,180,427,1,6,1,0,7
male,african-american,25,25 - 45,3,6,0,0,low,2013-04-28,0,1,felony,0,366,0,0,0,0,0
male,african-american,42,25 - 45,8,8,1,0,high,2013-01-31,1,6,felony,0,350,1,0,0,0,0
male,caucasian,29,25 - 45,3,2,0,0,low,2013-12-05,0,1,misdemeanor,42,848,0,0,0,0,0
male,caucasian,38,25 - 45,1,2,0,0,low,2013-08-11,0,2,misdemeanor,0,964,0,0,0,0,0
male,caucasian,32,25 - 45,5,3,1,0,medium,2013-12-15,1,10,felony,6,59,0,0,2,1,3
male,african-american,58,greater than 45,3,2,1,0,low,2013-06-18,1,10,felony,0,20,1,0,0,0,0
male,african-american,42,25 - 45,6,4,1,0,medium,2013-02-17,1,9,felony,0,157,1,0,0,0,0
male,hispanic,52,greater than 45,4,3,0,0,low,2013-02-01,0,3,felony,13,809,0,0,0,0,0
male,caucasian,27,25 - 45,1,2,0,0,low,2013-11-12,0,1,felony,1,871,0,0,0,0,0
male,caucasian,33,25 - 45,2,2,0,0,low,2013-05-16,0,1,felony,0,1051,0,0,0,0,0
male,african-american,23,less than 25,2,4,1,0,low,2013-08-06,1,0,misdemeanor,0,90,1,0,0,0,0
male,hispanic,34,25 - 45,9,9,1,0,high,2014-02-15,1,14,felony,40,244,1,0,0,0,0
female,caucasian,29,25 - 45,2,2,0,0,low,2013-10-27,0,0,misdemeanor,1,887,0,0,0,0,0
male,african-american,38,25 - 45,9,5,1,1,high,2013-06-05,1,19,felony,0,79,0,0,0,0,0
male,caucasian,29,25 - 45,1,2,0,0,low,2013-04-08,0,0,misdemeanor,0,1089,0,0,0,0,0
male,african-american,27,25 - 45,8,9,1,0,high,2014-01-25,1,6,felony,34,663,1,0,0,0,0
female,caucasian,31,25 - 45,5,4,1,0,medium,2013-10-10,1,2,felony,0,371,0,0,0,2,2
male,african-american,30,25 - 45,9,9,1,0,high,2013-01-10,1,8,felony,65,322,1,0,0,0,0
male,african-american,41,25 - 45,7,1,0,0,medium,2014-01-18,0,0,felony,0,804,0,0,0,0,0
male,african-american,59,greater than 45,4,2,1,0,low,2013-04-11,0,8,felony,4,314,0,0,0,0,0
male,caucasian,21,less than 25,4,7,1,1,low,2013-12-13,1,1,misdemeanor,0,172,1,0,0,0,0
male,african-american,30,25 - 45,1,2,0,0,low,2014-03-04,0,0,felony,0,759,0,0,0,0,0
male,caucasian,43,25 - 45,5,1,0,0,medium,2013-04-06,0,4,felony,47,1091,0,0,0,0,0
female,caucasian,24,less than 25,9,4,0,0,high,2014-01-09,0,2,felony,0,813,0,0,0,1,1
male,african-american,45,greater than 45,7,6,1,1,medium,2013-05-26,1,13,misdemeanor,5,18,0,0,0,0,0
male,caucasian,23,less than 25,9,9,1,1,high,2013-01-03,1,0,felony,19,508,1,0,0,1,1
female,caucasian,40,25 - 45,10,3,0,0,high,2013-07-18,0,5,felony,0,16,0,0,0,0,0
female,african-american,23,less than 25,7,6,0,0,medium,2013-10-29,0,0,felony,1,885,0,0,0,0,0
male,african-american,39,25 - 45,2,3,0,0,low,2013-03-22,0,3,felony,0,1106,0,0,0,0,0
female,african-american,26,25 - 45,5,6,1,0,medium,2014-01-30,1,5,felony,33,162,1,0,0,0,0
female,caucasian,26,25 - 45,2,2,0,0,low,2013-07-08,0,0,misdemeanor,0,998,0,0,0,0,0
male,african-american,21,less than 25,4,6,0,0,low,2013-08-06,0,0,misdemeanor,1,969,0,0,0,0,0
male,caucasian,30,25 - 45,3,3,0,0,low,2013-03-05,0,3,felony,64,1123,0,0,1,1,2
male,caucasian,44,25 - 45,4,1,0,0,low,2013-09-04,0,0,felony,12,940,0,0,0,0,0
male,african-american,21,less than 25,7,8,1,0,medium,2013-10-17,1,1,felony,0,328,1,0,0,0,0
male,african-american,23,less than 25,4,5,1,0,low,2013-02-14,0,0,misdemeanor,1,750,1,0,0,0,0
female,african-american,49,greater than 45,1,1,0,0,low,2014-02-04,0,1,felony,0,787,0,0,0,0,0
male,african-american,24,less than 25,5,7,1,0,medium,2013-02-04,1,1,felony,74,196,1,0,0,0,0
female,caucasian,37,25 - 45,6,2,1,0,medium,2013-08-16,1,7,felony,0,35,1,0,0,0,0
female,african-american,21,less than 25,5,6,1,0,medium,2013-08-07,1,1,misdemeanor,0,310,1,0,0,0,0
male,caucasian,28,25 - 45,2,3,1,1,low,2013-10-04,1,2,felony,9,363,1,0,0,0,0
male,caucasian,42,25 - 45,4,5,0,0,low,2013-10-08,0,2,misdemeanor,0,906,0,0,0,0,0
male,other,23,less than 25,6,8,1,1,medium,2013-04-07,1,7,felony,9,109,1,0,2,0,2
male,caucasian,31,25 - 45,7,6,0,0,medium,2014-01-22,0,0,felony,0,800,0,0,0,0,0
male,african-american,24,less than 25,10,9,1,0,high,2013-05-08,1,2,misdemeanor,0,392,1,1,0,0,1
male,african-american,25,25 - 45,2,3,0,0,low,2013-04-08,0,1,felony,0,255,0,0,0,0,0
male,african-american,55,greater than 45,2,1,0,0,low,2013-10-02,0,12,felony,0,912,0,0,0,0,0
male,african-american,33,25 - 45,1,1,1,0,low,2013-03-24,1,1,misdemeanor,0,147,1,0,0,0,0
male,african-american,26,25 - 45,10,10,1,1,high,2013-01-13,1,24,misdemeanor,85,444,1,1,3,0,4
male,african-american,27,25 - 45,7,4,0,0,medium,2013-04-18,0,1,felony,5,1079,0,0,0,0,0
male,caucasian,26,25 - 45,2,3,0,0,low,2013-09-05,0,3,misdemeanor,0,939,0,0,0,0,0
male,hispanic,21,less than 25,10,9,1,0,high,2013-08-15,1,0,misdemeanor,493,571,1,0,0,0,0
female,african-american,27,25 - 45,4,3,0,0,low,2013-01-01,0,0,misdemeanor,0,1186,0,0,0,0,0
male,caucasian,46,greater than 45,1,1,1,1,low,2013-04-26,0,0,felony,1,151,0,0,0,0,0
female,caucasian,38,25 - 45,6,4,1,1,medium,2013-02-10,1,1,misdemeanor,0,458,1,0,0,0,0
female,african-american,24,less than 25,5,5,0,0,medium,2013-02-13,0,0,misdemeanor,0,1143,0,0,0,0,0
female,african-american,38,25 - 45,4,1,0,0,low,2014-03-23,0,0,misdemeanor,0,740,0,0,0,0,0
male,african-american,48,greater than 45,3,2,0,0,low,2013-11-24,0,6,felony,1,859,0,0,0,0,0
female,caucasian,31,25 - 45,4,1,1,0,low,2014-03-26,1,2,felony,0,51,0,0,0,0,0
male,african-american,28,25 - 45,5,7,1,0,medium,2013-05-13,1,5,misdemeanor,51,174,1,0,0,0,0
male,hispanic,30,25 - 45,9,7,0,0,high,2013-11-06,0,7,felony,0,877,0,0,0,0,0
male,african-american,27,25 - 45,10,9,1,1,high,2013-02-14,1,8,felony,0,53,1,0,0,0,0
male,caucasian,55,greater than 45,1,1,0,0,low,2013-03-01,0,0,misdemeanor,1,1127,0,0,0,0,0
male,african-american,25,25 - 45,3,4,0,0,low,2013-02-07,0,1,felony,0,1149,0,0,0,0,0
male,african-american,21,less than 25,4,6,1,0,low,2013-03-29,1,0,felony,0,112,0,0,0,0,0
male,african-american,28,25 - 45,7,6,1,0,medium,2013-04-17,1,10,felony,243,503,1,0,1,0,1
male,african-american,20,less than 25,9,7,1,0,high,2013-12-03,1,2,felony,0,15,1,0,1,0,1
male,native american,33,25 - 45,7,9,1,1,medium,2013-09-20,1,9,misdemeanor,0,72,1,1,0,0,1
male,african-american,31,25 - 45,9,6,1,0,high,2013-05-24,1,10,felony,4,116,1,5,0,0,5
female,african-american,57,greater than 45,1,1,0,0,low,2013-01-10,0,0,misdemeanor,77,1177,0,0,0,0,0
male,african-american,25,25 - 45,2,4,0,0,low,2013-09-17,0,0,misdemeanor,6,927,0,0,0,0,0
male,african-american,22,less than 25,8,9,1,0,high,2013-07-26,1,7,felony,0,195,1,0,4,0,4
male,african-american,31,25 - 45,3,2,1,1,low,2013-09-20,1,3,felony,15,224,1,0,0,0,0
male,african-american,43,25 - 45,4,3,0,0,low,2014-02-03,0,7,felony,1,788,0,0,0,0,0
female,caucasian,25,25 - 45,4,3,0,0,low,2013-11-18,0,0,misdemeanor,0,723,0,0,0,0,0
male,hispanic,39,25 - 45,2,2,0,0,low,2013-01-14,0,1,misdemeanor,0,1173,0,0,0,0,0
male,african-american,40,25 - 45,1,1,0,0,low,2013-09-11,0,1,felony,1,933,0,0,0,0,0
male,african-american,35,25 - 45,7,4,0,0,medium,2013-01-16,0,2,misdemeanor,0,1171,0,0,0,0,0
male,african-american,34,25 - 45,1,1,1,0,low,2013-03-12,1,1,misdemeanor,1,7,1,0,0,0,0
male,hispanic,37,25 - 45,5,3,1,0,medium,2013-10-28,1,1,felony,0,161,1,0,0,0,0
male,caucasian,21,less than 25,7,7,1,0,medium,2014-01-17,1,0,felony,0,355,1,0,0,0,0
male,african-american,25,25 - 45,1,2,1,0,low,2014-02-08,1,0,misdemeanor,0,114,1,0,0,0,0
male,african-american,53,greater than 45,6,3,1,0,medium,2013-03-10,1,6,misdemeanor,7,18,1,0,0,0,0
female,african-american,50,greater than 45,3,1,0,0,low,2013-12-06,0,4,felony,12,410,0,0,0,0,0
female,caucasian,23,less than 25,6,4,0,0,medium,2014-03-26,0,1,misdemeanor,1,737,0,0,0,0,0
male,african-american,27,25 - 45,4,5,1,0,low,2013-01-25,1,2,felony,0,165,1,1,0,0,1
male,caucasian,27,25 - 45,3,3,1,0,low,2014-01-06,1,0,misdemeanor,0,652,1,0,0,0,0
male,african-american,29,25 - 45,8,7,1,0,high,2013-10-04,1,5,felony,0,606,1,0,0,0,0
male,african-american,38,25 - 45,1,1,0,0,low,2013-10-21,0,1,misdemeanor,3,893,0,0,0,0,0
female,caucasian,54,greater than 45,2,1,0,0,low,2013-12-23,0,2,felony,0,830,0,0,0,0,0
male,african-american,26,25 - 45,10,10,1,0,high,2013-08-11,1,1,felony,57,61,1,0,0,0,0
male,african-american,37,25 - 45,8,6,1,0,high,2013-11-26,1,23,felony,1,74,0,1,8,5,14
male,african-american,36,25 - 45,10,3,1,0,high,2013-05-01,1,25,misdemeanor,1,31,0,0,2,1,3
male,african-american,28,25 - 45,10,7,1,1,high,2013-03-10,1,18,felony,11,113,0,0,0,0,0
male,african-american,49,greater than 45,1,1,0,0,low,2013-03-23,0,1,misdemeanor,1,1105,0,0,0,0,0
male,african-american,36,25 - 45,7,3,1,0,medium,2013-01-15,0,11,felony,0,936,1,0,0,0,0
female,african-american,26,25 - 45,9,8,0,0,high,2014-03-07,0,2,felony,0,756,0,0,0,0,0
female,caucasian,41,25 - 45,3,1,0,0,low,2013-05-10,0,0,felony,0,1057,0,0,0,0,0
male,hispanic,26,25 - 45,7,5,1,0,medium,2014-01-06,1,9,felony,1,265,0,0,0,1,1
male,caucasian,40,25 - 45,9,6,0,0,high,2013-11-06,0,9,felony,0,877,0,1,0,0,1
male,caucasian,29,25 - 45,8,4,0,0,high,2013-12-06,0,8,misdemeanor,0,847,0,0,0,1,1
male,african-american,21,less than 25,10,10,1,0,high,2013-05-01,1,7,felony,10,331,0,1,0,0,1
male,other,22,less than 25,2,4,1,0,low,2013-08-16,1,0,felony,0,192,1,0,0,0,0
male,caucasian,33,25 - 45,1,1,0,0,low,2013-04-11,0,0,felony,0,242,0,0,0,0,0
male,african-american,26,25 - 45,7,6,0,0,medium,2013-11-26,0,7,felony,0,247,0,0,0,0,0
male,african-american,35,25 - 45,2,1,0,0,low,2013-08-02,0,1,felony,0,973,0,0,0,0,0
male,african-american,27,25 - 45,2,4,0,0,low,2014-03-02,0,3,misdemeanor,0,761,0,0,0,0,0
male,hispanic,37,25 - 45,1,1,1,0,low,2013-04-01,1,3,misdemeanor,1,540,1,0,0,0,0
female,african-american,31,25 - 45,5,3,0,0,medium,2013-12-02,0,3,felony,61,74,0,0,0,0,0
male,african-american,36,25 - 45,8,4,1,0,high,2013-01-11,1,26,felony,0,141,1,1,0,0,1
female,other,32,25 - 45,2,2,0,0,low,2013-11-02,0,0,misdemeanor,1,881,0,0,0,0,0
male,caucasian,50,greater than 45,1,1,0,0,low,2013-04-01,0,1,felony,0,1096,0,0,0,0,0
male,caucasian,52,greater than 45,1,1,0,0,low,2013-03-01,0,1,felony,0,1127,0,0,0,0,0
male,african-american,24,less than 25,4,4,0,0,low,2013-02-05,0,1,misdemeanor,1,1151,0,0,0,0,0
male,african-american,38,25 - 45,4,3,0,0,low,2013-03-23,0,0,felony,1,725,0,0,0,0,0
male,african-american,54,greater than 45,8,3,0,0,high,2013-03-28,0,11,felony,0,1100,0,0,0,0,0
male,caucasian,71,greater than 45,2,1,0,0,low,2013-08-18,0,13,felony,0,957,0,0,0,0,0
female,caucasian,39,25 - 45,4,1,0,0,low,2013-09-09,0,1,felony,38,935,0,0,0,0,0
male,other,34,25 - 45,2,2,1,0,low,2013-03-02,1,1,misdemeanor,0,174,1,0,0,0,0
male,other,23,less than 25,8,5,1,0,high,2014-02-25,1,0,misdemeanor,4,23,1,0,0,0,0
male,african-american,46,greater than 45,4,5,1,0,low,2013-10-08,1,8,misdemeanor,0,260,1,1,0,0,1
female,african-american,36,25 - 45,6,4,1,1,medium,2013-01-01,1,5,felony,1,74,0,0,0,0,0
male,african-american,55,greater than 45,1,1,0,0,low,2013-12-16,0,0,felony,0,837,0,0,0,0,0
male,hispanic,33,25 - 45,4,3,0,0,low,2013-03-15,0,1,felony,0,1113,0,0,0,0,0
male,african-american,45,greater than 45,3,1,1,1,low,2013-05-13,1,0,misdemeanor,0,288,1,0,0,0,0
male,caucasian,27,25 - 45,4,3,0,0,low,2013-10-30,0,0,felony,9,884,0,0,0,0,0
male,african-american,23,less than 25,4,4,1,0,low,2013-08-30,1,2,felony,0,401,1,0,0,3,3
male,african-american,20,less than 25,7,7,1,0,medium,2013-12-17,1,1,felony,0,35,0,1,0,0,1
female,african-american,31,25 - 45,8,4,0,0,high,2014-02-10,0,10,felony,0,493,0,0,2,0,2
male,caucasian,24,less than 25,9,9,1,0,high,2013-04-07,0,8,felony,37,932,1,0,0,0,0
male,african-american,25,25 - 45,6,7,1,0,medium,2013-08-29,1,0,misdemeanor,0,240,1,0,0,0,0
male,caucasian,26,25 - 45,3,3,0,0,low,2013-04-05,0,0,felony,0,1092,0,0,0,0,0
male,hispanic,29,25 - 45,3,2,0,0,low,2013-05-07,0,0,felony,0,1060,0,0,0,0,0
male,hispanic,33,25 - 45,2,2,0,0,low,2013-04-10,0,3,misdemeanor,0,1087,0,0,0,0,0
male,caucasian,29,25 - 45,2,3,0,0,low,2013-04-15,0,0,felony,0,1082,0,0,0,0,0
male,african-american,41,25 - 45,1,1,1,0,low,2013-12-15,1,4,misdemeanor,0,471,1,0,0,0,0
male,african-american,37,25 - 45,1,1,1,1,low,2014-01-04,1,0,felony,0,508,1,0,0,0,0
male,caucasian,46,greater than 45,3,1,0,0,low,2013-02-05,0,2,felony,0,379,0,0,0,0,0
female,caucasian,56,greater than 45,5,4,1,0,medium,2013-01-31,1,10,felony,40,74,1,0,0,0,0
male,african-american,23,less than 25,3,5,1,0,low,2013-05-16,1,0,felony,0,285,0,0,0,0,0
male,african-american,25,25 - 45,8,6,1,0,high,2013-02-02,1,0,felony,0,144,1,0,0,0,0
male,african-american,35,25 - 45,10,6,0,0,high,2013-12-31,0,27,felony,0,822,0,0,0,0,0
male,african-american,48,greater than 45,8,6,0,0,high,2013-01-15,0,10,felony,0,1172,0,0,0,0,0
male,hispanic,26,25 - 45,2,3,1,0,low,2013-04-02,1,1,misdemeanor,0,445,1,0,0,0,0
male,caucasian,24,less than 25,7,5,1,0,medium,2013-03-23,1,2,felony,9,203,1,0,0,0,0
male,african-american,25,25 - 45,10,8,0,0,high,2013-02-28,0,8,felony,0,1128,0,0,1,1,2
male,african-american,23,less than 25,9,6,1,1,high,2013-02-13,1,0,felony,14,28,1,0,0,0,0
male,caucasian,43,25 - 45,1,1,0,0,low,2013-03-13,0,2,felony,0,1115,0,0,0,0,0
female,caucasian,53,greater than 45,1,1,0,0,low,2013-09-13,0,0,misdemeanor,0,931,0,0,0,0,0
male,african-american,24,less than 25,6,5,1,0,medium,2013-12-03,1,1,felony,57,346,1,0,0,0,0
male,african-american,25,25 - 45,9,7,0,0,high,2013-11-26,0,4,misdemeanor,0,857,0,1,0,0,1
male,african-american,28,25 - 45,4,5,0,0,low,2013-03-13,0,0,felony,0,1115,0,0,0,0,0
male,caucasian,21,less than 25,3,5,0,0,low,2013-04-18,0,1,felony,0,1079,0,0,0,0,0
male,other,31,25 - 45,2,2,0,0,low,2013-12-10,0,0,misdemeanor,8,843,0,0,0,0,0
female,african-american,35,25 - 45,1,1,0,0,low,2014-03-11,0,1,felony,0,752,0,0,0,0,0
male,caucasian,55,greater than 45,3,1,0,0,low,2013-04-06,0,3,misdemeanor,1,1091,0,0,0,0,0
male,hispanic,50,greater than 45,5,6,1,0,medium,2013-11-18,1,9,misdemeanor,28,131,0,0,0,0,0
male,african-american,28,25 - 45,3,3,0,0,low,2013-07-10,0,0,misdemeanor,0,996,0,0,0,0,0
male,caucasian,44,25 - 45,1,1,1,1,low,2014-01-25,1,0,misdemeanor,1,706,1,0,0,0,0
female,caucasian,48,greater than 45,1,1,0,0,low,2013-10-01,0,2,felony,0,913,0,0,0,0,0
male,other,23,less than 25,7,9,0,0,medium,2013-01-15,0,2,misdemeanor,44,153,0,0,0,0,0
male,african-american,24,less than 25,8,7,1,0,high,2013-12-29,1,3,felony,0,293,1,0,0,1,1
male,caucasian,50,greater than 45,3,6,0,0,low,2013-02-09,0,2,felony,1,843,0,0,0,0,0
male,african-american,31,25 - 45,4,3,0,0,low,2013-04-26,0,0,misdemeanor,22,1071,0,0,0,0,0
male,caucasian,42,25 - 45,1,1,0,0,low,2013-11-20,0,0,felony,0,863,0,0,0,0,0
male,african-american,21,less than 25,9,6,1,0,high,2014-02-26,1,0,misdemeanor,97,285,1,0,0,0,0
male,african-american,29,25 - 45,10,9,0,0,high,2014-03-18,0,5,felony,0,745,0,0,0,0,0
male,caucasian,48,greater than 45,1,1,0,0,low,2013-01-19,0,1,felony,0,1168,0,0,0,0,0
male,caucasian,21,less than 25,8,5,1,0,high,2013-09-14,1,0,felony,0,64,1,0,0,0,0
male,other,24,less than 25,4,4,1,0,low,2013-02-28,1,0,misdemeanor,0,128,0,0,0,0,0
male,caucasian,31,25 - 45,5,3,1,0,medium,2013-02-15,1,3,felony,1,135,1,0,0,0,0
male,hispanic,23,less than 25,3,5,0,0,low,2013-01-07,0,0,misdemeanor,2,1180,0,0,0,0,0
male,caucasian,27,25 - 45,9,8,1,0,high,2013-11-27,1,0,felony,0,218,1,0,0,0,0
male,other,32,25 - 45,2,2,0,0,low,2013-12-09,0,0,misdemeanor,0,844,0,0,0,0,0
male,caucasian,75,greater than 45,4,1,1,0,low,2013-07-17,1,1,felony,0,653,1,0,0,0,0
male,african-american,28,25 - 45,5,3,1,0,medium,2013-03-22,1,7,felony,77,377,1,0,0,0,0
male,caucasian,67,greater than 45,1,1,0,0,low,2013-04-29,0,0,misdemeanor,0,1068,0,0,0,0,0
female,african-american,32,25 - 45,7,4,0,0,medium,2013-12-18,0,11,felony,0,835,0,0,0,0,0
male,african-american,44,25 - 45,4,3,0,0,low,2013-11-06,0,7,felony,1,622,0,0,0,0,0
male,african-american,25,25 - 45,4,5,1,0,low,2013-03-20,1,1,felony,0,42,1,0,0,0,0
female,african-american,30,25 - 45,8,4,1,0,high,2013-09-26,1,15,misdemeanor,1,451,0,0,0,0,0
male,caucasian,28,25 - 45,4,3,0,0,low,2013-10-13,0,9,misdemeanor,0,101,0,0,1,0,1
male,african-american,27,25 - 45,6,6,1,0,medium,2013-11-22,1,0,felony,3,20,0,0,0,0,0
male,african-american,36,25 - 45,4,2,0,0,low,2014-03-05,0,4,felony,0,758,0,0,0,0,0
male,other,36,25 - 45,2,2,0,0,low,2013-01-20,0,8,misdemeanor,1,288,0,0,0,0,0
female,caucasian,25,25 - 45,4,4,0,0,low,2013-05-22,0,0,misdemeanor,2,1045,0,0,0,0,0
male,caucasian,31,25 - 45,5,2,1,0,medium,2014-01-20,1,5,felony,0,76,1,0,0,0,0
male,caucasian,30,25 - 45,1,2,1,0,low,2013-12-13,1,0,misdemeanor,0,24,1,0,0,0,0
male,african-american,33,25 - 45,2,2,0,0,low,2013-10-22,0,4,felony,0,892,0,0,0,0,0
male,hispanic,38,25 - 45,1,1,0,0,low,2013-10-15,0,0,misdemeanor,0,899,0,0,0,0,0
male,african-american,26,25 - 45,3,3,1,0,low,2013-03-06,1,1,misdemeanor,0,379,1,0,0,0,0
male,hispanic,52,greater than 45,3,1,1,1,low,2013-04-03,1,5,felony,6,438,1,0,0,0,0
male,caucasian,50,greater than 45,1,1,0,0,low,2014-02-25,0,0,felony,0,766,0,0,0,0,0
male,african-american,37,25 - 45,1,1,0,0,low,2013-05-14,0,4,felony,0,135,0,0,0,0,0
male,caucasian,58,greater than 45,1,1,1,1,low,2014-01-01,1,1,felony,0,639,0,0,0,0,0
male,caucasian,34,25 - 45,4,3,1,0,low,2013-03-08,1,3,misdemeanor,0,91,1,0,0,0,0
male,caucasian,32,25 - 45,1,1,1,0,low,2014-01-18,1,1,felony,0,123,1,0,0,0,0
male,african-american,29,25 - 45,1,2,1,0,low,2014-03-07,1,0,misdemeanor,1,446,1,0,0,0,0
male,african-american,27,25 - 45,1,2,0,0,low,2013-09-08,0,0,misdemeanor,1,936,0,0,0,0,0
male,caucasian,39,25 - 45,3,2,0,0,low,2013-08-19,0,5,felony,0,956,0,0,0,0,0
male,african-american,24,less than 25,3,4,0,0,low,2013-12-30,0,0,felony,0,539,0,0,0,0,0
male,african-american,38,25 - 45,7,6,0,0,medium,2013-02-03,0,8,misdemeanor,1,1153,0,1,0,0,1
male,caucasian,52,greater than 45,2,1,0,0,low,2013-12-02,0,7,felony,0,851,0,0,0,0,0
male,african-american,56,greater than 45,2,1,1,0,low,2013-10-31,1,3,misdemeanor,0,270,1,0,0,0,0
male,caucasian,46,greater than 45,6,7,1,0,medium,2013-01-17,1,7,felony,36,341,1,0,0,0,0
male,caucasian,38,25 - 45,1,2,1,0,low,2013-12-06,1,5,felony,0,46,1,0,0,0,0
male,caucasian,47,greater than 45,5,1,0,0,medium,2013-04-15,0,3,misdemeanor,63,1082,0,0,0,0,0
male,caucasian,32,25 - 45,1,2,0,0,low,2013-04-16,0,0,felony,0,1081,0,0,0,0,0
male,african-american,34,25 - 45,7,3,0,0,medium,2013-04-06,0,27,misdemeanor,0,1091,0,0,1,0,1
male,african-american,42,25 - 45,6,6,0,0,medium,2013-11-26,0,5,felony,2,310,0,0,0,0,0
male,caucasian,20,less than 25,10,10,1,0,high,2014-03-07,1,0,felony,6,313,1,0,0,0,0
male,caucasian,21,less than 25,5,7,0,0,medium,2013-04-09,0,0,misdemeanor,0,1088,0,0,0,1,1
male,african-american,24,less than 25,9,9,1,0,high,2013-03-21,1,1,misdemeanor,0,7,1,0,0,0,0
male,hispanic,55,greater than 45,1,1,0,0,low,2013-06-11,0,2,felony,0,1025,0,0,0,0,0
male,african-american,26,25 - 45,3,4,1,0,low,2013-09-13,1,0,misdemeanor,0,95,0,0,0,0,0
male,caucasian,52,greater than 45,2,1,0,0,low,2013-09-07,0,8,felony,39,937,0,0,0,0,0
male,african-american,27,25 - 45,2,4,0,0,low,2013-08-10,0,1,misdemeanor,1,965,0,0,0,0,0
female,caucasian,27,25 - 45,5,3,0,0,medium,2013-12-28,0,0,misdemeanor,1,825,0,0,0,0,0
male,caucasian,56,greater than 45,1,1,0,0,low,2014-03-04,0,0,felony,0,759,0,0,0,0,0
male,african-american,37,25 - 45,1,1,1,0,low,2013-02-22,1,3,felony,0,367,1,0,0,0,0
male,african-american,45,greater than 45,1,1,0,0,low,2013-07-11,0,0,misdemeanor,0,995,0,0,0,0,0
male,african-american,23,less than 25,2,4,0,0,low,2013-11-20,0,1,misdemeanor,0,455,0,0,0,0,0
female,caucasian,36,25 - 45,6,7,1,0,medium,2014-02-11,1,3,felony,0,327,0,0,0,0,0
female,african-american,29,25 - 45,2,2,0,0,low,2013-12-16,0,0,felony,0,837,0,0,0,0,0
male,hispanic,21,less than 25,3,6,0,0,low,2013-02-19,0,0,felony,0,272,0,0,0,0,0
male,other,20,less than 25,2,4,1,0,low,2014-01-13,1,3,misdemeanor,0,68,1,0,2,1,3
male,african-american,69,greater than 45,6,1,0,0,medium,2013-08-28,0,3,felony,0,947,0,0,0,0,0
male,african-american,27,25 - 45,8,6,0,0,high,2013-08-26,0,11,felony,4,151,0,0,1,0,1
male,african-american,28,25 - 45,8,6,1,0,high,2013-04-06,1,11,felony,0,447,1,1,0,1,2
male,african-american,38,25 - 45,1,1,1,0,low,2013-03-31,0,4,misdemeanor,0,739,1,0,0,0,0
male,other,30,25 - 45,1,2,0,0,low,2013-02-20,0,0,felony,0,1136,0,0,0,0,0
female,caucasian,37,25 - 45,1,1,0,0,low,2013-09-12,0,1,felony,0,932,0,0,0,0,0
male,african-american,34,25 - 45,1,1,1,1,low,2013-03-31,1,0,misdemeanor,1,67,1,0,0,0,0
male,african-american,21,less than 25,8,7,0,0,high,2013-09-21,0,1,felony,0,780,0,0,0,1,1
male,african-american,21,less than 25,9,8,1,0,high,2013-02-18,1,0,felony,6,246,1,0,0,0,0
female,caucasian,38,25 - 45,4,2,0,0,low,2013-12-31,0,3,felony,0,645,0,0,0,0,0
male,african-american,47,greater than 45,4,5,0,0,low,2014-02-27,0,1,misdemeanor,1,764,0,0,0,0,0
male,caucasian,56,greater than 45,2,2,0,0,low,2013-03-10,0,3,felony,190,1118,0,0,0,0,0
male,african-american,27,25 - 45,7,7,1,0,medium,2013-10-29,1,2,felony,580,324,0,0,0,0,0
male,african-american,23,less than 25,8,8,0,0,high,2013-02-23,0,0,misdemeanor,0,600,0,0,0,0,0
male,caucasian,57,greater than 45,1,1,0,0,low,2013-07-18,0,0,felony,0,988,0,0,0,0,0
male,african-american,25,25 - 45,7,4,0,0,medium,2014-01-30,0,9,felony,0,792,0,0,1,0,1
female,african-american,23,less than 25,10,9,1,1,high,2013-02-14,1,2,felony,0,16,0,0,0,0,0
female,african-american,36,25 - 45,5,3,0,0,medium,2013-10-18,0,2,misdemeanor,0,896,0,0,0,0,0
male,african-american,41,25 - 45,5,6,0,0,medium,2014-02-07,0,5,misdemeanor,0,784,0,0,0,0,0
male,hispanic,31,25 - 45,3,2,0,0,low,2013-05-08,0,2,felony,0,1059,0,0,0,0,0
female,other,39,25 - 45,1,1,0,0,low,2013-05-24,0,0,felony,0,1043,0,0,0,0,0
male,african-american,21,less than 25,6,6,1,1,medium,2013-08-29,1,1,felony,1,68,0,0,0,0,0
male,african-american,31,25 - 45,4,6,0,0,low,2013-04-29,0,2,misdemeanor,1,356,0,0,0,0,0
male,caucasian,37,25 - 45,1,2,0,0,low,2013-02-04,0,0,misdemeanor,0,1152,0,0,0,0,0
male,african-american,27,25 - 45,2,4,0,0,low,2013-02-07,0,0,felony,1,1149,0,0,0,0,0
male,caucasian,59,greater than 45,1,1,0,0,low,2013-11-22,0,2,felony,0,861,0,0,0,0,0
male,caucasian,39,25 - 45,10,10,0,0,high,2013-12-17,0,21,felony,0,583,0,0,0,0,0
female,african-american,43,25 - 45,3,1,0,0,low,2013-05-17,0,2,felony,1,173,0,0,0,0,0
male,caucasian,25,25 - 45,4,5,1,0,low,2014-03-23,1,5,felony,101,165,0,0,0,0,0
male,african-american,23,less than 25,5,5,1,0,medium,2014-02-13,1,3,felony,3,136,1,0,0,0,0
female,caucasian,43,25 - 45,2,1,1,1,low,2013-07-30,1,3,misdemeanor,0,9,1,0,0,0,0
male,african-american,50,greater than 45,5,1,1,0,medium,2013-03-05,1,2,misdemeanor,0,113,0,0,0,0,0
female,caucasian,54,greater than 45,2,1,0,0,low,2013-05-02,0,1,misdemeanor,0,1065,0,0,0,0,0
male,other,36,25 - 45,4,3,1,1,low,2013-11-05,1,3,misdemeanor,45,215,1,0,0,0,0
male,african-american,56,greater than 45,4,1,0,0,low,2013-05-04,0,0,misdemeanor,1,1063,0,0,0,0,0
male,african-american,25,25 - 45,9,7,1,0,high,2013-05-29,0,2,felony,0,498,0,1,0,0,1
female,caucasian,42,25 - 45,3,1,1,0,low,2013-11-07,1,1,felony,20,150,1,0,0,0,0
male,african-american,34,25 - 45,10,9,1,1,high,2013-01-17,1,9,misdemeanor,0,33,1,0,2,0,2
male,african-american,48,greater than 45,6,3,0,0,medium,2014-02-08,0,4,felony,0,494,0,0,0,0,0
male,african-american,34,25 - 45,10,10,1,1,high,2013-12-08,1,21,misdemeanor,5,104,1,1,0,0,1
male,caucasian,28,25 - 45,2,2,0,0,low,2013-04-14,0,0,felony,0,1083,0,0,0,0,0
male,caucasian,32,25 - 45,3,2,0,0,low,2013-11-17,0,1,felony,0,605,0,0,0,0,0
female,caucasian,31,25 - 45,1,1,0,0,low,2014-03-11,0,2,felony,1,752,0,0,0,0,0
female,caucasian,25,25 - 45,4,4,1,0,low,2013-03-13,1,0,felony,0,238,1,0,0,0,0
female,caucasian,32,25 - 45,2,1,0,0,low,2014-01-16,0,4,felony,0,806,0,0,0,1,1
male,african-american,37,25 - 45,9,5,1,0,high,2013-04-26,1,20,felony,0,165,1,0,0,0,0
male,african-american,24,less than 25,3,4,1,0,low,2013-08-17,1,1,felony,1,2,1,0,0,0,0
male,african-american,48,greater than 45,1,1,0,0,low,2014-03-15,0,0,misdemeanor,1,748,0,0,0,0,0
male,african-american,25,25 - 45,9,9,1,1,high,2013-06-26,1,9,felony,0,43,1,1,2,0,3
male,african-american,35,25 - 45,2,1,0,0,low,2013-12-16,0,1,felony,0,837,0,0,0,0,0
male,african-american,21,less than 25,4,6,1,0,low,2013-09-09,1,1,felony,0,53,1,0,0,0,0
female,african-american,21,less than 25,10,9,1,0,high,2013-04-13,1,0,felony,32,160,0,0,0,0,0
male,african-american,22,less than 25,2,4,0,0,low,2014-03-26,0,0,felony,0,737,0,0,0,0,0
male,african-american,28,25 - 45,5,5,0,0,medium,2013-04-05,0,4,felony,0,558,0,0,0,0,0
male,african-american,26,25 - 45,2,3,0,0,low,2013-05-09,0,0,misdemeanor,0,1058,0,0,0,0,0
male,caucasian,34,25 - 45,2,1,0,0,low,2013-04-11,0,0,felony,0,1086,0,0,0,0,0
male,african-american,22,less than 25,9,9,0,0,high,2013-01-12,0,3,felony,33,726,0,0,0,0,0
male,other,30,25 - 45,5,4,1,0,medium,2013-05-19,1,5,felony,61,177,1,0,0,0,0
male,caucasian,44,25 - 45,2,1,0,0,low,2014-03-03,0,5,felony,7,760,0,0,0,0,0
male,caucasian,57,greater than 45,2,1,0,0,low,2013-11-25,0,1,felony,16,858,0,0,0,0,0
male,african-american,22,less than 25,8,9,1,0,high,2013-04-19,1,0,felony,4,50,1,0,0,1,1
male,african-american,34,25 - 45,3,4,0,0,low,2013-03-08,0,0,felony,0,1120,0,0,0,0,0
male,caucasian,20,less than 25,4,7,0,0,low,2013-08-16,0,0,felony,0,959,0,0,0,0,0
male,caucasian,35,25 - 45,9,5,0,0,high,2014-01-14,0,2,felony,0,71,0,0,0,0,0
male,hispanic,53,greater than 45,1,1,1,0,low,2013-02-08,1,1,misdemeanor,0,102,0,0,0,0,0
male,african-american,60,greater than 45,3,1,0,0,low,2013-05-30,0,13,felony,0,1037,0,0,0,0,0
female,african-american,22,less than 25,5,7,0,0,medium,2014-02-21,0,2,felony,0,770,0,0,0,0,0
male,hispanic,43,25 - 45,1,1,0,0,low,2013-03-11,0,0,misdemeanor,0,1117,0,0,0,0,0
male,caucasian,72,greater than 45,4,1,0,0,low,2013-09-23,0,7,felony,0,921,0,0,0,0,0
male,african-american,24,less than 25,4,4,1,0,low,2013-01-31,1,1,felony,0,282,1,0,0,0,0
male,african-american,60,greater than 45,1,1,0,0,low,2013-08-08,0,0,felony,217,880,0,0,0,0,0
male,caucasian,24,less than 25,5,4,1,0,medium,2014-01-31,1,3,felony,6,417,1,0,0,0,0
male,other,43,25 - 45,2,1,0,0,low,2013-01-01,0,2,misdemeanor,0,1186,0,0,0,0,0
male,african-american,30,25 - 45,4,6,0,0,low,2013-06-19,0,1,misdemeanor,0,1017,0,0,0,0,0
female,caucasian,43,25 - 45,6,1,0,0,medium,2013-11-03,0,0,misdemeanor,29,880,0,0,0,0,0
male,hispanic,48,greater than 45,1,1,0,0,low,2013-02-25,0,1,misdemeanor,0,1131,0,0,0,0,0
male,other,54,greater than 45,1,1,0,0,low,2013-02-11,0,0,misdemeanor,0,1145,0,0,0,0,0
male,african-american,45,greater than 45,1,1,0,0,low,2013-08-25,0,1,misdemeanor,1,950,0,0,0,0,0
male,other,36,25 - 45,4,2,0,0,low,2013-03-19,0,0,felony,3,1109,0,0,0,0,0
male,caucasian,31,25 - 45,1,1,1,0,low,2013-08-26,0,1,misdemeanor,0,922,1,0,0,0,0
male,african-american,40,25 - 45,1,1,0,0,low,2013-04-25,0,0,misdemeanor,1,1072,0,0,0,0,0
male,caucasian,50,greater than 45,1,1,0,0,low,2013-12-30,0,1,felony,0,823,0,0,0,0,0
female,other,26,25 - 45,6,4,0,0,medium,2013-06-25,0,1,misdemeanor,0,870,0,0,0,0,0
male,african-american,41,25 - 45,4,1,0,0,low,2013-09-04,0,7,felony,1,940,0,0,0,0,0
male,caucasian,34,25 - 45,6,5,1,0,medium,2013-09-25,1,5,felony,0,35,1,0,0,1,1
female,caucasian,28,25 - 45,6,3,0,0,medium,2013-05-28,0,0,felony,1,88,0,0,0,0,0
male,african-american,30,25 - 45,1,2,0,0,low,2014-01-15,0,1,felony,0,807,0,0,0,0,0
male,caucasian,23,less than 25,9,9,1,0,high,2013-05-01,1,2,felony,0,292,1,0,0,2,2
female,hispanic,37,25 - 45,1,1,1,0,low,2014-02-03,1,0,misdemeanor,0,292,1,0,0,0,0
male,hispanic,35,25 - 45,2,1,0,0,low,2013-01-09,0,5,misdemeanor,0,1178,0,0,0,0,0
male,caucasian,21,less than 25,6,7,1,0,medium,2014-03-06,1,1,felony,48,376,1,0,0,1,1
male,african-american,45,greater than 45,9,8,0,0,high,2014-02-12,0,1,felony,0,779,0,0,0,0,0
female,african-american,22,less than 25,8,8,1,0,high,2013-03-28,1,2,misdemeanor,34,48,1,0,1,0,1
male,african-american,29,25 - 45,8,4,1,0,high,2013-09-18,1,6,felony,35,39,1,0,0,0,0
female,african-american,30,25 - 45,2,2,0,0,low,2013-11-04,0,0,misdemeanor,0,879,0,0,0,0,0
male,caucasian,45,greater than 45,3,2,1,1,low,2013-05-22,1,3,misdemeanor,92,186,1,0,0,0,0
female,african-american,24,less than 25,4,4,0,0,low,2013-04-15,0,2,felony,0,536,0,0,0,0,0
male,caucasian,31,25 - 45,8,8,1,0,high,2013-01-13,1,4,felony,29,64,0,0,0,0,0
male,caucasian,56,greater than 45,1,1,0,0,low,2013-11-20,0,0,misdemeanor,0,863,0,0,0,0,0
female,hispanic,44,25 - 45,3,1,1,0,low,2013-05-06,1,4,felony,0,35,1,0,0,0,0
male,african-american,24,less than 25,10,10,1,1,high,2013-05-18,1,14,felony,179,408,1,0,4,0,4
male,african-american,38,25 - 45,6,2,0,0,medium,2013-08-03,0,11,felony,17,972,0,0,0,0,0
male,african-american,51,greater than 45,9,2,1,0,high,2013-03-15,1,22,felony,34,272,1,0,0,0,0
male,caucasian,22,less than 25,3,5,0,0,low,2013-04-11,0,0,felony,0,1086,0,0,0,0,0
male,african-american,28,25 - 45,8,6,0,0,high,2013-10-11,0,5,misdemeanor,0,903,0,0,0,0,0
male,african-american,47,greater than 45,8,3,1,0,high,2013-05-09,1,19,felony,211,503,1,0,0,1,1
male,african-american,51,greater than 45,4,1,1,0,low,2014-01-01,1,0,misdemeanor,29,73,1,0,0,0,0
male,caucasian,25,25 - 45,3,4,0,0,low,2013-04-23,0,1,misdemeanor,42,60,0,0,0,0,0
male,hispanic,53,greater than 45,1,1,0,0,low,2013-02-04,0,1,felony,0,68,0,0,0,0,0
male,african-american,30,25 - 45,1,1,0,0,low,2013-10-29,0,0,felony,1,885,0,0,0,0,0
male,caucasian,33,25 - 45,6,3,1,1,medium,2013-04-19,1,0,felony,0,329,1,0,0,0,0
male,african-american,35,25 - 45,4,3,1,1,low,2013-02-09,1,5,felony,224,481,1,0,0,0,0
female,african-american,33,25 - 45,2,2,0,0,low,2013-12-27,0,0,felony,1,826,0,0,0,0,0
male,african-american,65,greater than 45,10,4,0,0,high,2013-04-03,0,11,felony,0,1094,0,0,0,0,0
male,other,59,greater than 45,1,1,0,0,low,2013-09-26,0,1,misdemeanor,0,918,0,0,0,0,0
female,african-american,37,25 - 45,5,3,0,0,medium,2014-01-09,0,4,misdemeanor,0,813,0,0,0,0,0
female,caucasian,33,25 - 45,7,5,0,0,medium,2013-09-13,0,1,felony,84,931,0,0,0,0,0
male,african-american,27,25 - 45,7,7,1,0,medium,2013-09-06,1,2,felony,131,712,1,0,0,0,0
female,african-american,29,25 - 45,7,5,1,0,medium,2013-11-27,1,9,felony,14,465,1,0,0,0,0
male,african-american,24,less than 25,10,9,1,1,high,2013-11-07,1,3,felony,43,272,1,0,0,3,3
male,african-american,43,25 - 45,9,5,0,0,high,2013-04-03,0,5,felony,0,1094,0,0,0,0,0
male,african-american,53,greater than 45,7,6,0,0,medium,2013-04-04,0,13,felony,90,1093,0,0,0,0,0
male,african-american,43,25 - 45,1,1,1,0,low,2013-03-06,0,4,felony,0,1045,1,0,0,0,0
male,african-american,26,25 - 45,8,5,1,0,high,2014-01-24,1,4,felony,1,139,1,0,0,0,0
female,caucasian,30,25 - 45,3,2,0,0,low,2013-09-10,0,1,misdemeanor,0,934,0,0,0,0,0
male,african-american,27,25 - 45,7,6,1,0,medium,2013-10-15,1,6,felony,2,30,0,0,0,0,0
male,caucasian,39,25 - 45,5,3,1,0,medium,2013-03-21,1,9,felony,0,90,1,0,0,0,0
male,caucasian,37,25 - 45,4,3,1,1,low,2013-01-29,1,4,misdemeanor,0,211,1,0,0,0,0
male,caucasian,22,less than 25,10,6,1,0,high,2014-01-18,1,3,misdemeanor,11,223,0,0,0,0,0
male,caucasian,25,25 - 45,6,4,0,0,medium,2013-10-12,0,0,felony,1,902,0,0,0,0,0
male,hispanic,26,25 - 45,5,3,0,0,medium,2013-08-30,0,1,felony,1,945,0,0,0,0,0
female,caucasian,28,25 - 45,6,2,0,0,medium,2013-01-28,0,0,misdemeanor,0,1159,0,0,0,0,0
male,african-american,25,25 - 45,5,3,1,0,medium,2014-03-09,1,0,misdemeanor,1,213,1,0,0,0,0
male,caucasian,58,greater than 45,1,1,0,0,low,2013-01-12,0,1,felony,2,388,0,0,0,0,0
male,african-american,33,25 - 45,5,3,0,0,medium,2014-01-03,0,8,felony,3,819,0,0,0,0,0
male,african-american,38,25 - 45,1,1,0,0,low,2014-01-19,0,0,felony,0,803,0,0,0,0,0
male,caucasian,38,25 - 45,3,2,0,0,low,2014-01-08,0,2,felony,0,814,0,0,0,0,0
male,african-american,59,greater than 45,6,6,1,0,medium,2013-01-24,1,22,felony,68,84,0,0,0,0,0
male,other,29,25 - 45,5,4,1,0,medium,2013-02-08,1,4,misdemeanor,0,202,1,0,0,0,0
male,african-american,57,greater than 45,5,5,0,0,medium,2014-03-04,0,9,felony,0,759,0,0,0,0,0
male,caucasian,58,greater than 45,1,1,0,0,low,2014-01-20,0,1,misdemeanor,0,802,0,0,0,0,0
male,caucasian,51,greater than 45,1,1,0,0,low,2013-09-14,0,1,misdemeanor,0,930,0,0,0,0,0
male,african-american,25,25 - 45,9,8,1,0,high,2013-07-24,1,11,felony,0,126,1,0,0,2,2
male,caucasian,53,greater than 45,4,2,0,0,low,2013-04-12,0,2,felony,40,1085,0,0,0,0,0
male,caucasian,39,25 - 45,1,1,0,0,low,2013-09-30,0,1,felony,0,914,0,0,0,0,0
male,hispanic,36,25 - 45,9,4,0,0,high,2013-02-22,0,1,misdemeanor,0,1134,0,0,0,0,0
female,caucasian,42,25 - 45,4,1,1,0,low,2013-04-07,1,5,misdemeanor,5,631,1,0,0,0,0
male,african-american,37,25 - 45,2,2,0,0,low,2013-03-02,0,0,misdemeanor,0,1126,0,0,0,0,0
male,caucasian,39,25 - 45,1,1,0,0,low,2013-05-13,0,0,felony,2,1054,0,0,0,0,0
female,caucasian,52,greater than 45,1,1,0,0,low,2013-11-26,0,3,misdemeanor,0,857,0,0,0,0,0
male,other,60,greater than 45,1,1,0,0,low,2014-02-23,0,1,misdemeanor,0,768,0,0,0,0,0
male,hispanic,37,25 - 45,1,1,1,0,low,2013-05-29,0,2,misdemeanor,0,850,1,0,0,0,0
male,caucasian,42,25 - 45,1,2,1,0,low,2013-03-26,1,4,felony,17,231,1,0,0,0,0
male,african-american,23,less than 25,6,7,1,1,medium,2013-04-26,1,6,felony,1,62,1,0,0,0,0
female,caucasian,28,25 - 45,3,2,0,0,low,2013-10-15,0,2,felony,0,899,0,0,0,0,0
male,african-american,28,25 - 45,4,4,0,0,low,2013-08-07,0,5,felony,0,968,0,0,0,0,0
male,caucasian,38,25 - 45,5,3,0,0,medium,2013-05-03,0,12,felony,0,1064,0,0,0,0,0
female,african-american,43,25 - 45,2,1,1,0,low,2014-02-04,1,2,felony,1,24,1,0,0,0,0
male,african-american,42,25 - 45,5,5,0,0,medium,2013-10-19,0,0,felony,0,895,0,0,0,0,0
female,caucasian,25,25 - 45,3,3,0,0,low,2014-01-16,0,0,misdemeanor,0,806,0,0,0,0,0
male,african-american,32,25 - 45,9,9,1,1,high,2013-02-27,1,7,felony,37,154,1,0,0,0,0
male,african-american,21,less than 25,6,7,1,0,medium,2013-12-02,1,0,felony,0,192,1,0,0,0,0
female,caucasian,35,25 - 45,5,2,0,0,medium,2013-10-09,0,1,misdemeanor,0,905,0,0,0,0,0
male,caucasian,37,25 - 45,5,3,0,0,medium,2013-02-19,0,0,felony,126,1137,0,0,0,0,0
female,african-american,33,25 - 45,2,1,0,0,low,2013-10-22,0,2,felony,0,892,0,0,0,0,0
female,caucasian,51,greater than 45,3,1,0,0,low,2013-02-04,0,4,felony,0,52,0,0,0,0,0
male,caucasian,39,25 - 45,4,2,1,0,low,2013-04-18,0,3,felony,2,928,1,0,0,0,0
male,hispanic,35,25 - 45,6,6,1,1,medium,2013-03-27,1,5,misdemeanor,1,306,1,0,0,0,0
male,african-american,40,25 - 45,7,8,0,0,medium,2013-05-19,0,3,felony,12,1048,0,0,0,0,0
male,caucasian,32,25 - 45,6,2,1,0,medium,2013-05-12,1,3,felony,0,424,0,0,0,0,0
male,other,37,25 - 45,1,1,0,0,low,2013-11-25,0,0,misdemeanor,0,858,0,0,0,0,0
male,caucasian,47,greater than 45,3,2,1,1,low,2013-08-14,1,5,misdemeanor,0,76,1,0,0,0,0
female,caucasian,23,less than 25,7,5,0,0,medium,2013-01-14,0,0,misdemeanor,0,1173,0,0,0,0,0
male,caucasian,63,greater than 45,4,1,1,1,low,2013-10-03,1,10,felony,2,70,0,0,0,0,0
male,african-american,38,25 - 45,9,10,1,1,high,2013-05-17,1,16,felony,241,744,1,0,1,0,1
male,african-american,32,25 - 45,5,4,1,0,medium,2013-04-28,1,6,misdemeanor,1,301,0,0,0,0,0
male,african-american,31,25 - 45,8,3,1,1,high,2013-12-08,1,4,felony,23,47,1,0,0,0,0
male,african-american,23,less than 25,3,3,0,0,low,2013-04-20,0,0,felony,1,1077,0,0,0,0,0
male,hispanic,38,25 - 45,5,2,0,0,medium,2013-05-28,0,1,misdemeanor,125,1039,0,0,0,0,0
female,caucasian,47,greater than 45,1,1,0,0,low,2013-07-29,0,0,misdemeanor,0,977,0,0,0,0,0
male,caucasian,22,less than 25,4,5,1,0,low,2013-07-05,0,1,felony,0,943,1,0,0,0,0
male,caucasian,26,25 - 45,3,4,0,0,low,2013-01-24,0,1,misdemeanor,0,318,0,0,0,0,0
male,caucasian,40,25 - 45,1,1,1,0,low,2013-12-31,1,0,misdemeanor,0,262,1,0,0,0,0
male,african-american,36,25 - 45,7,5,1,0,medium,2013-04-25,1,14,felony,173,211,1,10,0,0,10
female,caucasian,65,greater than 45,1,1,0,0,low,2013-05-07,0,0,misdemeanor,1,1060,0,0,0,0,0
male,caucasian,44,25 - 45,5,5,1,0,medium,2013-09-04,1,4,misdemeanor,0,173,1,0,0,0,0
female,african-american,22,less than 25,3,4,0,0,low,2013-08-24,0,0,misdemeanor,0,951,0,0,0,0,0
male,hispanic,34,25 - 45,1,1,0,0,low,2013-04-01,0,0,misdemeanor,0,1096,0,0,0,0,0
female,hispanic,38,25 - 45,1,1,0,0,low,2013-11-03,0,0,felony,0,880,0,0,0,0,0
female,caucasian,26,25 - 45,3,3,1,0,low,2013-02-19,1,4,felony,0,77,1,0,0,0,0
male,hispanic,20,less than 25,4,6,1,0,low,2014-03-16,1,0,misdemeanor,22,39,1,0,0,0,0
male,hispanic,49,greater than 45,1,1,0,0,low,2013-04-29,0,0,felony,0,1068,0,0,0,0,0
male,african-american,56,greater than 45,4,4,0,0,low,2014-02-25,0,7,felony,0,580,0,0,0,0,0
male,caucasian,52,greater than 45,9,1,1,0,high,2013-12-04,1,2,felony,5,94,1,0,0,0,0
male,other,25,25 - 45,2,3,1,0,low,2013-01-10,1,2,misdemeanor,0,698,0,0,0,0,0
male,african-american,34,25 - 45,1,2,0,0,low,2014-02-16,0,5,felony,3,775,0,0,0,0,0
male,african-american,33,25 - 45,1,2,1,0,low,2014-02-01,1,1,misdemeanor,0,412,1,0,0,0,0
male,african-american,21,less than 25,7,9,0,0,medium,2014-01-28,0,1,felony,0,215,0,0,1,2,3
male,african-american,46,greater than 45,4,2,0,0,low,2013-10-24,0,9,felony,4,890,0,0,0,0,0
male,african-american,22,less than 25,6,6,1,1,medium,2013-04-29,1,2,misdemeanor,0,250,1,0,0,0,0
male,caucasian,57,greater than 45,4,3,0,0,low,2013-05-03,0,1,misdemeanor,0,608,0,0,0,0,0
male,african-american,22,less than 25,3,6,1,0,low,2013-03-09,1,2,felony,0,82,1,0,0,1,1
male,african-american,40,25 - 45,5,3,0,0,medium,2013-05-23,0,21,felony,29,1044,0,0,0,0,0
female,african-american,30,25 - 45,2,1,0,0,low,2013-03-16,0,1,felony,0,1112,0,0,0,0,0
male,caucasian,21,less than 25,7,6,1,1,medium,2013-12-17,1,4,misdemeanor,32,204,1,0,1,0,1
female,african-american,39,25 - 45,10,3,1,1,high,2014-02-09,1,22,felony,3,21,1,0,2,0,2
female,caucasian,33,25 - 45,6,3,1,0,medium,2013-02-14,1,0,misdemeanor,0,117,1,0,0,0,0
male,african-american,24,less than 25,3,4,0,0,low,2013-03-22,0,0,felony,0,1106,0,0,0,0,0
male,african-american,43,25 - 45,1,1,1,0,low,2013-01-23,1,0,felony,0,379,1,0,0,0,0
female,caucasian,45,greater than 45,1,1,0,0,low,2013-10-19,0,0,misdemeanor,1,895,0,0,0,0,0
male,african-american,51,greater than 45,3,2,0,0,low,2013-09-09,0,3,felony,0,935,0,0,0,0,0
male,african-american,31,25 - 45,7,3,1,0,medium,2014-01-28,1,9,misdemeanor,0,424,1,0,0,0,0
male,caucasian,27,25 - 45,2,3,0,0,low,2013-05-08,0,0,misdemeanor,1,1059,0,0,0,0,0
male,african-american,32,25 - 45,2,3,0,0,low,2014-01-17,0,1,felony,0,805,0,0,0,0,0
male,caucasian,49,greater than 45,1,1,0,0,low,2013-08-26,0,0,misdemeanor,0,949,0,0,0,0,0
male,african-american,29,25 - 45,3,2,0,0,low,2013-08-19,0,2,felony,26,956,0,0,0,0,0
male,african-american,23,less than 25,6,5,1,0,medium,2014-02-06,1,2,felony,0,6,1,0,1,0,1
male,asian,30,25 - 45,3,2,1,0,low,2013-02-16,0,6,misdemeanor,0,866,1,0,0,0,0
male,african-american,55,greater than 45,6,2,1,1,medium,2013-06-13,1,12,felony,0,291,1,0,0,0,0
male,caucasian,30,25 - 45,4,5,0,0,low,2013-01-19,0,0,misdemeanor,56,543,0,0,0,0,0
male,caucasian,56,greater than 45,1,1,0,0,low,2013-07-26,0,2,felony,0,980,0,0,0,0,0
male,african-american,33,25 - 45,6,2,0,0,medium,2013-09-25,0,4,felony,0,53,0,0,0,0,0
male,african-american,28,25 - 45,2,3,0,0,low,2013-08-19,0,1,misdemeanor,0,956,0,0,0,0,0
male,african-american,29,25 - 45,8,8,0,0,high,2013-03-22,0,1,felony,40,1106,0,0,0,0,0
male,caucasian,38,25 - 45,1,1,0,0,low,2014-03-16,0,0,misdemeanor,0,747,0,0,0,0,0
male,caucasian,37,25 - 45,3,2,0,0,low,2014-03-25,0,0,felony,0,738,0,0,0,0,0
female,caucasian,33,25 - 45,1,1,1,0,low,2013-11-27,1,0,misdemeanor,0,126,1,0,0,0,0
male,hispanic,30,25 - 45,2,2,0,0,low,2013-02-24,0,0,felony,0,1132,0,0,0,0,0
male,african-american,51,greater than 45,9,4,0,0,high,2013-04-09,0,19,felony,12,344,0,1,0,1,2
male,african-american,65,greater than 45,5,1,0,0,medium,2013-10-24,0,7,misdemeanor,0,607,0,0,0,0,0
female,african-american,32,25 - 45,1,1,0,0,low,2013-12-16,0,1,misdemeanor,0,837,0,0,0,0,0
male,caucasian,38,25 - 45,7,2,1,0,medium,2013-04-08,1,5,felony,0,15,1,0,0,0,0
male,african-american,35,25 - 45,4,3,0,0,low,2013-01-17,0,1,felony,0,1013,0,0,0,0,0
male,caucasian,57,greater than 45,1,1,0,0,low,2013-06-12,0,1,felony,0,1024,0,0,0,0,0
male,caucasian,26,25 - 45,3,3,0,0,low,2013-01-24,0,1,felony,0,1163,0,0,0,0,0
female,hispanic,33,25 - 45,4,2,1,0,low,2013-06-12,1,2,felony,0,97,0,0,0,0,0
male,african-american,33,25 - 45,1,1,0,0,low,2013-12-13,0,0,felony,0,480,0,0,0,0,0
male,caucasian,47,greater than 45,1,1,0,0,low,2013-05-05,0,0,misdemeanor,1,1062,0,0,0,0,0
female,hispanic,53,greater than 45,1,1,0,0,low,2013-08-24,0,0,misdemeanor,0,951,0,0,0,0,0
male,other,31,25 - 45,5,4,0,0,medium,2014-03-05,0,6,felony,0,758,0,0,0,0,0
female,caucasian,25,25 - 45,3,3,0,0,low,2013-12-26,0,0,misdemeanor,0,827,0,0,0,0,0
male,hispanic,52,greater than 45,6,7,0,0,medium,2013-03-20,0,10,felony,149,564,0,0,0,0,0
male,hispanic,23,less than 25,7,8,1,1,medium,2013-09-10,1,3,misdemeanor,0,249,1,0,0,0,0
male,african-american,34,25 - 45,3,2,0,0,low,2014-01-02,0,7,misdemeanor,0,820,0,0,0,0,0
male,african-american,43,25 - 45,7,5,1,0,medium,2013-04-20,1,8,felony,363,720,1,0,0,0,0
male,african-american,45,greater than 45,7,2,1,0,medium,2013-02-05,0,20,misdemeanor,46,789,1,1,0,1,2
male,african-american,49,greater than 45,4,1,0,0,low,2013-10-16,0,4,felony,0,99,0,0,0,0,0
male,african-american,25,25 - 45,7,3,1,0,medium,2013-02-12,1,2,felony,0,67,1,0,1,0,1
male,caucasian,25,25 - 45,5,3,1,0,medium,2013-12-28,1,0,misdemeanor,1,255,1,0,0,0,0
male,african-american,23,less than 25,5,7,0,0,medium,2013-03-19,0,0,felony,1,30,0,0,0,0,0
male,caucasian,31,25 - 45,5,4,0,0,medium,2014-01-21,0,3,misdemeanor,0,801,0,0,0,0,0
female,african-american,28,25 - 45,2,2,0,0,low,2013-12-19,0,0,misdemeanor,1,834,0,0,0,0,0
male,african-american,24,less than 25,9,5,1,0,high,2013-09-24,1,11,felony,50,213,1,0,0,0,0
male,caucasian,45,greater than 45,1,1,0,0,low,2013-03-04,0,0,felony,37,511,0,0,0,0,0
male,african-american,39,25 - 45,8,6,1,1,high,2013-03-31,1,7,felony,0,137,1,0,0,0,0
male,caucasian,25,25 - 45,4,4,0,0,low,2013-03-13,0,2,felony,0,674,0,0,0,0,0
male,african-american,24,less than 25,2,4,0,0,low,2014-01-03,0,1,felony,0,819,0,0,1,0,1
male,caucasian,46,greater than 45,1,1,0,0,low,2013-06-07,0,1,felony,0,434,0,0,0,0,0
male,caucasian,47,greater than 45,1,1,0,0,low,2013-01-11,0,3,felony,1,1176,0,0,0,0,0
male,caucasian,54,greater than 45,4,3,1,1,low,2013-07-16,1,2,misdemeanor,0,66,0,0,0,0,0
male,african-american,22,less than 25,4,5,1,0,low,2013-05-10,1,1,misdemeanor,0,332,1,0,0,1,1
female,caucasian,34,25 - 45,2,1,0,0,low,2013-08-20,0,0,misdemeanor,0,955,0,0,0,0,0
male,caucasian,33,25 - 45,1,1,1,0,low,2013-01-18,1,0,misdemeanor,0,410,0,0,0,0,0
male,caucasian,27,25 - 45,6,3,0,0,medium,2013-01-15,0,1,misdemeanor,0,1172,0,0,0,0,0
male,african-american,29,25 - 45,10,8,1,0,high,2013-11-09,1,16,felony,0,89,1,0,0,1,1
male,hispanic,34,25 - 45,2,2,0,0,low,2013-07-23,0,3,misdemeanor,0,139,0,0,0,0,0
male,african-american,32,25 - 45,5,5,0,0,medium,2013-07-01,0,1,felony,0,247,0,0,0,0,0
male,african-american,29,25 - 45,6,3,0,0,medium,2013-04-13,0,0,misdemeanor,1,1084,0,0,0,0,0
male,caucasian,34,25 - 45,6,6,1,0,medium,2014-01-12,1,16,felony,0,628,1,0,0,0,0
female,african-american,55,greater than 45,1,1,0,0,low,2013-04-19,0,1,felony,0,1078,0,0,0,0,0
male,african-american,27,25 - 45,4,4,1,0,low,2013-10-20,1,0,felony,0,20,1,0,0,0,0
male,african-american,26,25 - 45,3,3,0,0,low,2013-02-23,0,0,misdemeanor,0,1133,0,0,0,0,0
male,african-american,39,25 - 45,9,7,1,0,high,2013-04-21,1,19,felony,179,393,1,2,2,1,5
male,african-american,24,less than 25,7,7,0,0,medium,2014-01-11,0,1,felony,0,811,0,0,0,0,0
male,caucasian,29,25 - 45,2,2,0,0,low,2013-02-16,0,0,misdemeanor,1,1140,0,0,0,0,0
female,caucasian,31,25 - 45,7,4,1,0,medium,2013-05-10,1,3,felony,0,468,1,0,0,0,0
male,african-american,50,greater than 45,1,1,1,0,low,2013-02-09,1,13,felony,0,4,1,0,0,0,0
male,other,31,25 - 45,2,2,0,0,low,2013-07-25,0,0,misdemeanor,0,981,0,0,0,0,0
male,caucasian,26,25 - 45,6,8,1,0,medium,2013-01-30,0,2,felony,0,958,1,1,0,0,1
male,caucasian,54,greater than 45,2,1,0,0,low,2013-09-15,0,2,felony,97,929,0,0,0,0,0
male,african-american,33,25 - 45,8,4,1,1,high,2014-01-19,1,14,felony,0,86,1,0,0,0,0
male,african-american,35,25 - 45,9,8,1,0,high,2013-03-02,0,8,felony,239,1112,1,0,1,0,1
female,other,30,25 - 45,7,4,1,0,medium,2013-05-23,1,4,felony,0,244,1,0,0,0,0
male,african-american,25,25 - 45,2,3,0,0,low,2014-03-26,0,0,felony,0,737,0,0,0,0,0
male,african-american,25,25 - 45,5,3,0,0,medium,2013-02-06,0,0,felony,0,1150,0,0,0,0,0
female,caucasian,29,25 - 45,7,4,1,0,medium,2013-11-02,1,2,felony,8,88,1,0,0,0,0
male,caucasian,46,greater than 45,3,1,1,0,low,2014-02-27,1,2,felony,0,112,1,0,0,0,0
male,caucasian,53,greater than 45,1,1,0,0,low,2013-11-04,0,0,misdemeanor,4,879,0,0,0,0,0
male,african-american,24,less than 25,7,4,1,0,medium,2014-03-15,1,2,felony,1,649,1,0,0,0,0
female,african-american,52,greater than 45,1,1,1,0,low,2013-11-03,1,2,felony,0,123,1,0,0,0,0
male,caucasian,41,25 - 45,1,1,0,0,low,2013-11-03,0,0,felony,0,880,0,0,0,0,0
female,african-american,21,less than 25,5,6,1,0,medium,2013-07-15,1,0,felony,0,702,1,0,0,0,0
male,caucasian,24,less than 25,4,3,0,0,low,2013-09-27,0,1,felony,0,917,0,0,0,0,0
male,caucasian,38,25 - 45,2,4,0,0,low,2013-04-01,0,8,felony,0,388,0,0,0,0,0
male,caucasian,23,less than 25,2,4,0,0,low,2013-12-26,0,0,misdemeanor,0,827,0,0,0,0,0
male,african-american,42,25 - 45,1,1,0,0,low,2013-05-23,0,0,felony,0,1044,0,0,0,0,0
male,caucasian,32,25 - 45,5,1,0,0,medium,2013-09-09,0,4,felony,0,659,0,0,0,0,0
male,hispanic,24,less than 25,7,8,1,1,medium,2014-04-01,1,3,misdemeanor,0,423,1,0,0,0,0
male,african-american,24,less than 25,8,9,1,0,high,2014-03-21,1,5,felony,0,361,1,5,0,0,5
male,caucasian,50,greater than 45,3,2,1,0,low,2013-04-12,1,9,felony,0,79,1,0,0,0,0
female,african-american,32,25 - 45,6,4,0,0,medium,2014-03-09,0,3,misdemeanor,0,754,0,0,0,0,0
male,african-american,40,25 - 45,9,3,0,0,high,2013-09-25,0,13,felony,0,595,0,0,0,0,0
male,caucasian,25,25 - 45,2,3,1,0,low,2013-07-22,1,1,misdemeanor,0,208,0,0,0,0,0
male,hispanic,42,25 - 45,1,1,0,0,low,2013-05-09,0,1,felony,0,1058,0,0,0,0,0
male,african-american,27,25 - 45,3,4,0,0,low,2013-03-28,0,2,felony,0,719,0,0,0,0,0
male,caucasian,23,less than 25,9,5,1,0,high,2013-12-02,1,0,felony,0,578,1,0,0,0,0
male,african-american,32,25 - 45,4,2,1,1,low,2013-04-07,1,1,misdemeanor,3,139,1,0,0,0,0
male,caucasian,52,greater than 45,3,2,1,0,low,2013-03-24,1,4,misdemeanor,1,102,1,0,0,0,0
male,caucasian,29,25 - 45,2,3,0,0,low,2013-08-19,0,2,felony,3,956,0,0,0,0,0
male,african-american,28,25 - 45,3,2,1,1,low,2013-08-13,1,7,misdemeanor,0,403,1,0,0,0,0
male,african-american,49,greater than 45,1,1,0,0,low,2013-01-03,0,0,misdemeanor,0,1184,0,0,0,0,0
male,caucasian,50,greater than 45,1,1,0,0,low,2014-02-04,0,0,felony,0,787,0,0,0,0,0
male,caucasian,26,25 - 45,2,3,1,0,low,2013-10-23,1,2,felony,0,145,1,0,0,0,0
female,caucasian,28,25 - 45,7,3,1,0,medium,2013-02-02,0,1,felony,9,757,1,0,0,0,0
male,caucasian,36,25 - 45,8,2,1,0,high,2013-12-02,1,4,felony,0,74,0,0,0,0,0
male,african-american,45,greater than 45,2,1,1,0,low,2013-09-20,1,1,felony,0,117,0,0,0,0,0
male,african-american,30,25 - 45,3,2,1,0,low,2013-03-12,1,0,felony,0,150,1,0,0,0,0
male,african-american,24,less than 25,4,4,1,0,low,2014-02-19,1,3,felony,1,250,1,0,0,0,0
male,caucasian,45,greater than 45,1,1,0,0,low,2013-02-25,0,2,felony,0,1131,0,0,0,0,0
male,caucasian,26,25 - 45,7,6,1,0,medium,2014-03-18,1,1,felony,2,140,0,0,0,0,0
male,other,37,25 - 45,1,1,0,0,low,2013-03-18,0,2,felony,28,1110,0,0,0,0,0
male,hispanic,24,less than 25,2,3,0,0,low,2014-03-22,0,0,misdemeanor,1,741,0,0,0,0,0
male,caucasian,40,25 - 45,1,1,0,0,low,2013-03-23,0,2,misdemeanor,1,1105,0,0,0,0,0
male,caucasian,60,greater than 45,1,1,0,0,low,2013-01-02,0,1,misdemeanor,0,1185,0,0,0,0,0
female,hispanic,33,25 - 45,2,1,0,0,low,2013-06-04,0,0,felony,0,1032,0,0,0,0,0
male,african-american,31,25 - 45,9,8,0,0,high,2013-03-06,0,6,felony,0,1122,0,0,0,1,1
male,hispanic,53,greater than 45,2,1,0,0,low,2013-09-06,0,18,felony,1,938,0,0,0,0,0
male,hispanic,55,greater than 45,1,1,0,0,low,2014-03-26,0,0,misdemeanor,0,737,0,0,0,0,0
male,caucasian,36,25 - 45,6,4,0,0,medium,2014-03-26,0,4,misdemeanor,0,737,0,0,0,0,0
male,other,30,25 - 45,9,7,1,1,high,2013-10-25,1,6,felony,17,72,1,0,0,0,0
male,caucasian,55,greater than 45,1,1,0,0,low,2013-12-07,0,0,misdemeanor,0,846,0,0,0,0,0
male,caucasian,22,less than 25,3,5,1,0,low,2013-02-16,1,1,felony,0,9,1,0,0,0,0
female,african-american,23,less than 25,3,4,0,0,low,2013-03-05,0,1,felony,0,1123,0,0,0,0,0
female,caucasian,24,less than 25,8,7,1,0,high,2013-07-25,1,7,misdemeanor,0,158,1,0,0,1,1
female,african-american,40,25 - 45,10,9,1,1,high,2013-04-02,1,13,felony,0,31,1,0,0,0,0
male,caucasian,57,greater than 45,4,1,1,0,low,2014-02-12,1,9,felony,58,174,1,0,0,0,0
male,caucasian,33,25 - 45,3,2,1,0,low,2013-09-30,1,0,misdemeanor,0,595,1,0,0,0,0
male,caucasian,32,25 - 45,1,1,0,0,low,2013-05-29,0,2,felony,1,138,0,0,0,0,0
male,caucasian,47,greater than 45,2,1,0,0,low,2013-09-09,0,3,felony,12,224,0,0,0,0,0
male,caucasian,51,greater than 45,1,1,1,0,low,2013-06-27,1,6,misdemeanor,0,11,0,0,0,0,0
male,african-american,22,less than 25,6,7,0,0,medium,2013-08-09,0,1,felony,0,966,0,0,1,0,1
male,caucasian,47,greater than 45,1,2,0,0,low,2014-02-20,0,2,felony,1,771,0,0,0,0,0
male,caucasian,28,25 - 45,1,2,1,0,low,2014-03-20,1,1,felony,0,327,1,0,0,0,0
male,african-american,28,25 - 45,8,4,0,0,high,2013-08-10,0,5,felony,34,108,0,0,0,0,0
male,african-american,25,25 - 45,4,3,1,0,low,2013-05-08,1,0,felony,3,458,1,0,0,0,0
male,african-american,34,25 - 45,2,2,0,0,low,2014-02-12,0,4,misdemeanor,0,779,0,0,0,0,0
male,caucasian,65,greater than 45,1,1,0,0,low,2013-02-22,0,0,misdemeanor,1,21,0,0,0,0,0
male,caucasian,33,25 - 45,6,6,1,0,medium,2013-02-05,1,5,felony,119,516,1,0,0,0,0
female,caucasian,23,less than 25,3,3,0,0,low,2013-03-24,0,0,misdemeanor,0,1104,0,0,0,0,0
female,caucasian,44,25 - 45,1,1,0,0,low,2014-01-27,0,0,misdemeanor,0,795,0,0,0,0,0
male,hispanic,21,less than 25,8,9,1,1,high,2013-03-06,1,1,felony,0,87,1,1,0,0,1
male,african-american,24,less than 25,3,5,0,0,low,2013-01-22,0,1,misdemeanor,0,1165,0,0,0,0,0
male,caucasian,51,greater than 45,2,1,0,0,low,2013-12-01,0,1,misdemeanor,0,852,0,0,0,0,0
female,african-american,21,less than 25,8,7,1,0,high,2013-04-21,1,0,felony,1,398,1,0,0,0,0
male,caucasian,39,25 - 45,6,2,0,0,medium,2013-09-17,0,6,felony,0,927,0,0,0,0,0
male,caucasian,24,less than 25,6,4,0,0,medium,2013-12-03,0,1,felony,0,850,0,0,0,0,0
female,african-american,23,less than 25,5,5,1,0,medium,2013-01-11,1,0,felony,1,340,1,0,0,0,0
female,african-american,35,25 - 45,2,1,0,0,low,2013-12-23,0,0,misdemeanor,0,830,0,0,0,0,0
male,other,30,25 - 45,1,1,0,0,low,2013-12-07,0,0,felony,0,846,0,0,0,0,0
male,caucasian,34,25 - 45,7,4,0,0,medium,2013-10-31,0,8,felony,0,735,0,0,0,0,0
female,african-american,39,25 - 45,6,1,0,0,medium,2013-08-05,0,4,felony,0,700,0,0,0,0,0
male,african-american,29,25 - 45,2,2,0,0,low,2013-10-21,0,6,misdemeanor,0,702,0,0,0,0,0
male,caucasian,51,greater than 45,1,1,0,0,low,2013-10-06,0,0,misdemeanor,0,908,0,0,0,0,0
male,caucasian,22,less than 25,7,5,0,0,medium,2013-05-16,0,1,felony,236,1051,0,0,0,1,1
male,caucasian,29,25 - 45,2,3,0,0,low,2013-11-08,0,2,felony,0,875,0,0,0,0,0
male,caucasian,32,25 - 45,2,3,1,0,low,2013-02-19,1,6,felony,2,52,1,0,0,0,0
male,caucasian,33,25 - 45,4,3,1,1,low,2013-03-19,1,3,misdemeanor,0,80,1,0,0,0,0
male,caucasian,58,greater than 45,3,1,1,0,low,2014-03-09,1,5,felony,0,22,1,0,0,0,0
male,other,54,greater than 45,1,1,0,0,low,2013-02-21,0,0,felony,27,1135,0,0,0,0,0
male,african-american,30,25 - 45,2,2,0,0,low,2014-03-05,0,3,felony,0,477,0,0,0,0,0
male,african-american,33,25 - 45,9,5,1,0,high,2013-05-09,1,2,felony,27,755,1,0,0,0,0
male,african-american,24,less than 25,3,5,1,0,low,2013-03-06,1,0,felony,0,63,1,0,0,0,0
male,african-american,48,greater than 45,4,1,0,0,low,2013-10-01,0,10,felony,175,913,0,0,0,0,0
male,african-american,23,less than 25,8,7,0,0,high,2013-11-24,0,0,misdemeanor,2,859,0,0,0,0,0
male,caucasian,23,less than 25,7,6,1,1,medium,2013-09-19,1,2,felony,14,28,0,0,0,0,0
male,asian,47,greater than 45,1,1,0,0,low,2013-10-13,0,1,misdemeanor,1,53,0,0,0,0,0
male,other,21,less than 25,4,6,0,0,low,2013-05-02,0,0,felony,1,536,0,0,0,0,0
male,caucasian,48,greater than 45,1,1,0,0,low,2014-02-25,0,2,felony,0,766,0,0,0,0,0
male,caucasian,37,25 - 45,4,4,1,0,low,2013-02-08,1,4,misdemeanor,82,213,1,0,0,0,0
male,caucasian,50,greater than 45,3,1,0,0,low,2013-03-28,0,3,felony,13,1100,0,0,0,0,0
male,caucasian,39,25 - 45,3,1,0,0,low,2013-12-09,0,2,misdemeanor,0,844,0,0,0,0,0
male,african-american,49,greater than 45,3,2,0,0,low,2013-02-01,0,13,felony,0,1155,0,2,0,0,2
male,caucasian,58,greater than 45,5,2,0,0,medium,2014-02-21,0,2,felony,4,770,0,0,0,0,0
male,african-american,31,25 - 45,8,6,0,0,high,2013-10-11,0,6,felony,0,45,0,0,0,0,0
male,african-american,23,less than 25,7,5,0,0,medium,2013-11-13,0,1,misdemeanor,0,870,0,0,0,2,2
male,other,33,25 - 45,1,2,1,1,low,2013-01-03,1,0,felony,83,499,1,0,0,0,0
male,caucasian,57,greater than 45,2,2,0,0,low,2013-09-25,0,6,felony,0,919,0,0,0,0,0
female,caucasian,31,25 - 45,2,2,0,0,low,2013-12-16,0,0,misdemeanor,0,837,0,0,0,0,0
male,african-american,57,greater than 45,6,1,0,0,medium,2013-05-19,0,19,felony,2,326,0,0,0,0,0
male,caucasian,57,greater than 45,5,1,0,0,medium,2013-11-11,0,12,misdemeanor,3,210,0,0,0,0,0
male,african-american,30,25 - 45,1,1,1,0,low,2013-05-10,1,0,misdemeanor,0,635,0,0,0,0,0
male,african-american,45,greater than 45,3,3,0,0,low,2013-12-15,0,11,felony,0,838,0,0,0,0,0
male,caucasian,42,25 - 45,5,2,0,0,medium,2013-12-15,0,0,felony,0,838,0,0,0,0,0
male,other,48,greater than 45,2,2,0,0,low,2013-05-15,0,7,felony,0,1052,0,0,0,0,0
male,african-american,29,25 - 45,8,5,1,0,high,2013-05-04,1,12,felony,12,172,1,0,2,0,2
male,caucasian,23,less than 25,4,5,0,0,low,2013-05-25,0,0,felony,0,521,0,0,0,0,0
female,caucasian,28,25 - 45,2,2,0,0,low,2013-12-02,0,0,felony,0,851,0,0,0,0,0
male,african-american,41,25 - 45,7,3,0,0,medium,2013-04-01,0,3,felony,0,1096,0,0,0,0,0
male,african-american,25,25 - 45,2,3,1,1,low,2013-04-27,1,1,misdemeanor,0,296,1,0,0,0,0
female,caucasian,34,25 - 45,5,2,0,0,medium,2013-08-05,0,3,misdemeanor,9,970,0,0,0,0,0
male,african-american,53,greater than 45,5,4,1,0,medium,2013-06-17,1,26,felony,0,31,1,0,0,0,0
female,african-american,28,25 - 45,3,3,1,0,low,2013-04-18,1,1,felony,0,653,0,0,0,0,0
male,african-american,27,25 - 45,2,4,0,0,low,2013-12-13,0,0,felony,0,840,0,0,0,0,0
male,african-american,39,25 - 45,4,2,0,0,low,2013-10-07,0,4,felony,40,907,0,0,0,0,0
female,caucasian,55,greater than 45,4,1,0,0,low,2013-01-09,0,6,felony,0,1001,0,0,0,0,0
male,african-american,27,25 - 45,5,6,1,1,medium,2013-11-25,1,4,felony,50,236,1,0,0,0,0
male,african-american,31,25 - 45,10,4,1,0,high,2013-01-12,1,15,misdemeanor,4,16,1,3,0,1,4
male,african-american,44,25 - 45,5,5,1,0,medium,2013-08-27,1,7,felony,0,246,1,0,0,0,0
male,african-american,33,25 - 45,10,10,1,1,high,2013-05-21,1,17,felony,0,388,1,0,0,0,0
male,caucasian,34,25 - 45,1,1,1,0,low,2013-03-30,1,0,felony,0,647,1,0,0,0,0
male,caucasian,27,25 - 45,2,2,0,0,low,2013-08-21,0,0,misdemeanor,0,954,0,0,0,0,0
male,african-american,29,25 - 45,2,2,1,0,low,2013-10-10,0,4,felony,0,162,0,0,0,0,0
male,african-american,27,25 - 45,6,4,0,0,medium,2013-08-24,0,7,felony,4,951,0,0,0,0,0
female,caucasian,24,less than 25,8,5,0,0,high,2014-01-01,0,0,felony,1,440,0,0,0,0,0
male,african-american,29,25 - 45,5,4,1,0,medium,2013-08-06,1,0,felony,0,306,1,0,0,0,0
male,caucasian,20,less than 25,3,6,0,0,low,2013-09-11,0,0,felony,0,933,0,0,0,0,0
female,caucasian,23,less than 25,3,3,0,0,low,2013-11-22,0,0,felony,0,537,0,0,0,0,0
female,african-american,48,greater than 45,1,1,0,0,low,2013-01-02,0,0,misdemeanor,0,1185,0,0,0,0,0
male,african-american,34,25 - 45,1,1,1,0,low,2014-01-06,1,0,misdemeanor,0,695,1,0,0,0,0
male,african-american,46,greater than 45,6,4,1,0,medium,2013-02-18,1,1,misdemeanor,0,472,1,0,0,0,0
female,caucasian,41,25 - 45,5,2,0,0,medium,2013-08-21,0,3,felony,0,954,0,0,0,0,0
male,african-american,26,25 - 45,6,4,1,0,medium,2013-08-02,1,3,felony,0,35,1,0,0,0,0
male,african-american,37,25 - 45,8,6,1,0,high,2013-11-26,1,11,felony,0,48,0,0,0,0,0
female,caucasian,54,greater than 45,5,2,0,0,medium,2014-01-17,0,7,felony,0,805,0,0,0,0,0
female,african-american,25,25 - 45,10,9,0,0,high,2013-04-09,0,5,misdemeanor,0,1088,0,0,0,0,0
female,caucasian,22,less than 25,3,4,0,0,low,2013-12-20,0,2,felony,0,833,0,0,0,0,0
male,african-american,32,25 - 45,1,1,0,0,low,2014-03-24,0,7,felony,0,739,0,0,0,0,0
male,african-american,44,25 - 45,1,1,0,0,low,2013-10-28,0,0,misdemeanor,1,492,0,0,0,0,0
male,african-american,28,25 - 45,1,2,0,0,low,2013-08-22,0,1,felony,0,953,0,0,0,0,0
male,african-american,60,greater than 45,1,1,0,0,low,2013-12-15,0,3,misdemeanor,0,838,0,0,0,0,0
male,caucasian,49,greater than 45,1,1,0,0,low,2013-02-13,0,0,felony,0,1143,0,0,0,0,0
male,african-american,32,25 - 45,4,3,0,0,low,2013-09-30,0,9,felony,0,914,0,0,0,0,0
male,african-american,30,25 - 45,4,5,1,1,low,2013-09-18,1,10,misdemeanor,2,54,1,0,0,0,0
male,caucasian,52,greater than 45,1,1,0,0,low,2013-01-16,0,0,felony,0,1171,0,0,0,0,0
female,african-american,27,25 - 45,10,9,0,0,high,2014-02-22,0,1,misdemeanor,0,769,0,0,0,0,0
male,african-american,34,25 - 45,10,9,0,0,high,2014-01-13,0,0,felony,1,809,0,0,0,0,0
male,african-american,55,greater than 45,4,1,1,1,low,2013-05-11,1,5,felony,3,29,1,0,0,0,0
male,african-american,37,25 - 45,6,5,0,0,medium,2013-09-06,0,6,misdemeanor,0,938,0,0,0,0,0
male,african-american,33,25 - 45,7,7,0,0,medium,2013-02-19,0,0,misdemeanor,0,1137,0,0,0,0,0
male,african-american,22,less than 25,6,6,1,0,medium,2013-10-28,1,0,felony,0,469,1,0,0,0,0
female,african-american,27,25 - 45,2,2,0,0,low,2013-05-01,0,0,misdemeanor,1,1066,0,0,0,0,0
male,caucasian,33,25 - 45,2,2,0,0,low,2013-04-19,0,0,felony,53,1078,0,0,0,0,0
male,african-american,26,25 - 45,2,2,0,0,low,2014-02-05,0,0,misdemeanor,1,786,0,0,0,0,0
male,african-american,29,25 - 45,5,2,0,0,medium,2013-02-11,0,0,misdemeanor,1,1145,0,0,0,0,0
male,african-american,32,25 - 45,3,4,0,0,low,2013-02-25,0,1,misdemeanor,0,1131,0,0,0,0,0
male,caucasian,37,25 - 45,1,1,0,0,low,2013-02-09,0,4,misdemeanor,1,1147,0,0,0,0,0
male,african-american,31,25 - 45,10,7,0,0,high,2013-02-24,0,15,felony,104,477,0,0,0,0,0
male,african-american,29,25 - 45,8,4,1,0,high,2013-04-24,1,6,felony,0,97,1,0,0,0,0
male,african-american,31,25 - 45,4,2,0,0,low,2013-04-06,0,6,felony,41,214,0,0,0,0,0
female,caucasian,36,25 - 45,3,3,0,0,low,2013-11-13,0,2,felony,1,870,0,0,0,0,0
male,african-american,35,25 - 45,6,7,0,0,medium,2013-12-01,0,4,misdemeanor,0,852,0,0,0,0,0
female,african-american,37,25 - 45,1,1,0,0,low,2014-02-24,0,1,felony,0,767,0,0,0,0,0
male,caucasian,34,25 - 45,2,4,1,1,low,2013-04-20,1,5,misdemeanor,5,27,1,0,0,0,0
female,african-american,50,greater than 45,6,3,1,1,medium,2013-09-11,1,12,misdemeanor,0,316,1,0,0,0,0
male,caucasian,24,less than 25,9,10,1,0,high,2013-02-28,1,8,felony,0,12,1,0,0,2,2
female,african-american,45,greater than 45,1,1,0,0,low,2013-06-21,0,1,felony,0,1015,0,0,0,0,0
male,caucasian,34,25 - 45,7,6,1,0,medium,2013-04-22,1,2,felony,0,83,1,0,0,0,0
male,african-american,70,greater than 45,1,1,0,0,low,2013-03-04,0,0,misdemeanor,0,1124,0,0,0,0,0
male,african-american,26,25 - 45,4,4,0,0,low,2013-08-23,0,2,felony,0,607,0,0,0,0,0
male,african-american,23,less than 25,9,9,0,0,high,2014-01-15,0,4,felony,2,496,0,1,0,0,1
male,caucasian,27,25 - 45,4,3,0,0,low,2014-01-02,0,5,misdemeanor,0,820,0,0,0,0,0
male,caucasian,44,25 - 45,6,2,1,0,medium,2013-05-19,1,6,felony,118,794,1,0,0,0,0
male,african-american,23,less than 25,3,4,1,1,low,2013-01-18,1,2,misdemeanor,0,275,1,0,0,0,0
male,african-american,26,25 - 45,5,3,0,0,medium,2013-02-26,0,0,misdemeanor,0,731,0,0,0,0,0
female,caucasian,23,less than 25,6,4,0,0,medium,2013-03-07,0,2,misdemeanor,0,1121,0,0,0,0,0
male,african-american,27,25 - 45,9,7,1,0,high,2013-12-24,1,3,felony,7,698,1,0,0,0,0
female,caucasian,46,greater than 45,2,1,1,1,low,2013-01-14,0,1,felony,24,1106,1,0,0,0,0
female,african-american,27,25 - 45,5,4,0,0,medium,2013-05-08,0,1,felony,27,1059,0,1,0,0,1
male,caucasian,45,greater than 45,2,2,0,0,low,2013-02-21,0,7,felony,0,1135,0,0,0,0,0
male,african-american,42,25 - 45,5,2,0,0,medium,2013-10-21,0,1,misdemeanor,0,893,0,0,0,0,0
female,caucasian,24,less than 25,5,5,1,0,medium,2013-11-13,1,3,misdemeanor,0,26,0,0,1,0,1
male,african-american,20,less than 25,8,7,1,0,high,2014-02-03,1,2,felony,1,644,1,1,1,1,3
male,caucasian,49,greater than 45,4,2,0,0,low,2013-09-24,0,3,felony,0,198,0,0,0,0,0
male,caucasian,29,25 - 45,9,7,1,0,high,2013-01-03,1,8,misdemeanor,0,149,1,0,0,0,0
male,hispanic,29,25 - 45,2,2,0,0,low,2013-10-14,0,0,felony,0,900,0,0,0,0,0
female,caucasian,52,greater than 45,1,1,0,0,low,2013-10-16,0,1,felony,0,36,0,0,0,0,0
male,hispanic,37,25 - 45,1,1,1,1,low,2014-02-03,1,4,misdemeanor,1,9,1,0,0,0,0
male,african-american,26,25 - 45,3,4,1,0,low,2013-03-18,0,1,misdemeanor,6,852,1,0,0,0,0
male,african-american,53,greater than 45,1,2,1,0,low,2013-01-09,1,15,felony,80,153,1,0,0,0,0
male,hispanic,47,greater than 45,1,1,0,0,low,2014-01-23,0,1,felony,0,799,0,0,0,0,0
male,african-american,38,25 - 45,8,8,1,0,high,2013-04-03,1,0,misdemeanor,748,771,1,0,0,0,0
male,african-american,25,25 - 45,6,6,0,0,medium,2013-01-11,0,1,felony,0,1176,0,0,0,0,0
male,african-american,48,greater than 45,1,1,0,0,low,2013-03-30,0,0,misdemeanor,1,1098,0,0,0,0,0
female,caucasian,40,25 - 45,2,1,0,0,low,2013-03-20,0,1,felony,0,200,0,0,0,0,0
female,other,24,less than 25,3,3,0,0,low,2013-12-17,0,0,felony,0,836,0,0,0,0,0
male,african-american,22,less than 25,4,5,1,1,low,2013-04-20,1,0,felony,0,308,1,0,0,0,0
male,african-american,36,25 - 45,8,5,0,0,high,2013-03-28,0,4,misdemeanor,0,1100,0,0,0,0,0
male,caucasian,38,25 - 45,2,1,0,0,low,2013-01-22,0,2,misdemeanor,28,717,0,0,0,0,0
male,other,54,greater than 45,1,1,0,0,low,2013-10-22,0,2,misdemeanor,0,892,0,0,0,0,0
male,hispanic,24,less than 25,4,4,0,0,low,2013-01-21,0,1,felony,11,1166,0,0,0,0,0
female,caucasian,44,25 - 45,1,1,1,1,low,2013-04-08,1,0,misdemeanor,0,369,1,0,0,0,0
female,african-american,23,less than 25,7,7,1,0,medium,2013-04-15,1,2,felony,0,299,1,0,0,0,0
male,caucasian,64,greater than 45,1,1,0,0,low,2013-10-30,0,0,misdemeanor,0,884,0,0,0,0,0
male,caucasian,38,25 - 45,5,2,1,0,medium,2013-03-18,1,5,misdemeanor,0,38,0,0,0,0,0
female,other,45,greater than 45,1,1,0,0,low,2013-08-19,0,0,misdemeanor,0,956,0,0,0,0,0
male,african-american,49,greater than 45,5,6,0,0,medium,2013-10-10,0,1,felony,4,904,0,0,0,0,0
female,african-american,45,greater than 45,7,2,0,0,medium,2013-08-01,0,3,felony,0,974,0,0,0,0,0
male,asian,33,25 - 45,1,1,0,0,low,2014-03-02,0,0,misdemeanor,0,761,0,0,0,0,0
male,hispanic,44,25 - 45,2,1,0,0,low,2013-03-29,0,2,felony,0,1099,0,0,0,0,0
male,african-american,51,greater than 45,1,1,0,0,low,2013-09-10,0,3,felony,2,934,0,0,0,0,0
male,african-american,50,greater than 45,1,1,0,0,low,2013-01-27,0,0,felony,1,402,0,0,0,0,0
male,caucasian,33,25 - 45,2,2,0,0,low,2013-10-11,0,2,misdemeanor,0,903,0,0,2,0,2
female,caucasian,54,greater than 45,1,1,0,0,low,2014-01-16,0,0,misdemeanor,29,806,0,0,0,0,0
male,hispanic,28,25 - 45,5,3,1,0,medium,2013-11-02,1,3,felony,0,97,0,0,0,0,0
male,caucasian,33,25 - 45,9,8,0,0,high,2014-02-20,0,14,felony,0,278,0,0,0,1,1
male,african-american,42,25 - 45,7,4,1,0,medium,2013-01-07,1,17,misdemeanor,51,389,1,0,0,0,0
male,caucasian,34,25 - 45,1,1,0,0,low,2013-10-23,0,3,felony,0,891,0,0,0,0,0
male,caucasian,38,25 - 45,3,3,1,0,low,2013-05-17,1,2,felony,8,42,1,0,0,0,0
male,african-american,21,less than 25,9,8,1,1,high,2013-01-17,1,1,felony,0,105,1,0,0,0,0
male,african-american,33,25 - 45,4,2,0,0,low,2013-10-05,0,5,felony,0,909,0,0,0,0,0
male,african-american,32,25 - 45,7,4,1,1,medium,2013-01-24,1,9,misdemeanor,22,243,1,0,0,1,1
male,caucasian,45,greater than 45,1,1,0,0,low,2014-01-01,0,1,misdemeanor,1,821,0,0,0,0,0
female,african-american,29,25 - 45,10,7,0,0,high,2014-02-13,0,0,felony,1,778,0,0,0,0,0
male,african-american,44,25 - 45,3,1,0,0,low,2013-05-04,0,3,misdemeanor,0,1063,0,0,0,0,0
female,african-american,28,25 - 45,3,3,0,0,low,2014-01-29,0,0,felony,0,793,0,0,0,0,0
male,caucasian,27,25 - 45,3,2,0,0,low,2014-01-01,0,1,felony,0,821,0,0,0,0,0
female,african-american,30,25 - 45,2,3,0,0,low,2014-03-25,0,0,felony,0,738,0,0,0,0,0
male,african-american,32,25 - 45,7,2,0,0,medium,2013-04-11,0,0,misdemeanor,1,1086,0,0,0,0,0
male,caucasian,27,25 - 45,4,3,0,0,low,2013-08-23,0,5,felony,0,952,0,0,0,0,0
male,african-american,21,less than 25,5,7,0,0,medium,2013-05-14,0,0,felony,1,672,0,0,0,0,0
female,caucasian,34,25 - 45,3,2,1,0,low,2013-05-25,1,0,felony,62,557,1,0,0,0,0
male,african-american,24,less than 25,9,6,1,0,high,2013-09-27,1,7,felony,199,292,1,0,0,0,0
male,caucasian,32,25 - 45,1,1,0,0,low,2013-04-08,0,0,misdemeanor,18,1089,0,0,0,0,0
female,caucasian,38,25 - 45,6,4,1,0,medium,2013-05-16,1,5,felony,41,156,1,0,0,0,0
male,african-american,56,greater than 45,1,1,0,0,low,2014-02-13,0,3,misdemeanor,0,778,0,0,0,0,0
female,african-american,44,25 - 45,1,1,0,0,low,2013-02-23,0,0,misdemeanor,0,1133,0,0,0,0,0
male,african-american,31,25 - 45,5,2,1,0,medium,2013-08-25,1,1,misdemeanor,0,79,1,0,0,0,0
female,caucasian,25,25 - 45,7,4,0,0,medium,2013-05-21,0,6,felony,24,1046,0,0,0,0,0
female,african-american,20,less than 25,5,7,0,0,medium,2013-09-10,0,0,misdemeanor,0,934,0,0,0,0,0
male,african-american,35,25 - 45,5,5,0,0,medium,2014-01-02,0,1,misdemeanor,1,820,0,0,0,0,0
male,african-american,33,25 - 45,4,3,1,0,low,2013-08-24,1,1,felony,0,500,1,0,0,0,0
male,african-american,24,less than 25,3,4,0,0,low,2014-02-02,0,0,misdemeanor,0,789,0,0,0,0,0
female,hispanic,40,25 - 45,2,1,0,0,low,2013-09-30,0,2,misdemeanor,0,914,0,0,0,0,0
female,african-american,21,less than 25,3,5,0,0,low,2014-01-15,0,2,misdemeanor,0,807,0,0,0,0,0
male,caucasian,20,less than 25,6,9,1,0,medium,2013-09-14,1,0,felony,0,169,0,0,0,1,1
male,african-american,30,25 - 45,3,2,1,0,low,2013-11-17,1,9,felony,0,643,0,0,0,0,0
male,caucasian,36,25 - 45,6,4,1,1,medium,2013-04-06,1,9,felony,233,356,1,0,0,0,0
male,african-american,23,less than 25,9,9,1,0,high,2014-01-28,1,2,misdemeanor,7,699,1,0,0,0,0
male,african-american,32,25 - 45,6,3,0,0,medium,2013-02-23,0,3,misdemeanor,0,1133,0,0,0,0,0
male,caucasian,58,greater than 45,1,1,1,0,low,2013-04-27,1,2,misdemeanor,0,11,1,0,0,0,0
male,hispanic,23,less than 25,7,5,0,0,medium,2013-04-26,0,2,felony,34,1071,0,0,0,1,1
male,caucasian,23,less than 25,8,6,1,1,high,2013-01-27,1,3,misdemeanor,25,57,1,0,0,0,0
female,african-american,68,greater than 45,2,1,0,0,low,2013-10-21,0,5,felony,0,893,0,0,0,0,0
female,caucasian,26,25 - 45,5,4,0,0,medium,2013-04-23,0,2,misdemeanor,0,1074,0,0,0,0,0
male,african-american,25,25 - 45,2,3,0,0,low,2014-02-14,0,0,misdemeanor,0,777,0,0,0,0,0
male,african-american,40,25 - 45,9,10,1,0,high,2013-01-02,1,5,felony,305,774,1,0,0,0,0
male,african-american,51,greater than 45,5,2,0,0,medium,2014-02-04,0,14,felony,0,538,0,0,0,0,0
male,african-american,27,25 - 45,5,3,1,0,medium,2013-01-04,1,2,misdemeanor,14,22,1,0,0,0,0
male,other,36,25 - 45,1,1,0,0,low,2014-01-22,0,0,misdemeanor,2,800,0,0,0,0,0
male,caucasian,28,25 - 45,7,6,0,0,medium,2013-05-02,0,5,misdemeanor,0,851,0,0,0,0,0
male,african-american,20,less than 25,3,6,0,0,low,2013-08-06,0,0,felony,0,969,0,0,0,0,0
male,african-american,21,less than 25,10,6,1,0,high,2013-08-22,1,2,felony,86,251,1,0,0,0,0
female,african-american,31,25 - 45,2,2,0,0,low,2013-09-11,0,0,felony,1,933,0,0,0,0,0
male,african-american,57,greater than 45,1,1,0,0,low,2013-05-27,0,0,misdemeanor,1,1040,0,0,0,0,0
female,caucasian,61,greater than 45,3,1,1,0,low,2013-05-07,1,8,felony,31,135,0,0,0,0,0
male,african-american,54,greater than 45,6,3,1,0,medium,2013-12-18,1,3,felony,1,67,1,0,0,0,0
male,caucasian,39,25 - 45,3,2,0,0,low,2014-03-20,0,0,felony,0,743,0,0,0,0,0
male,african-american,24,less than 25,7,7,0,0,medium,2013-01-05,0,1,felony,32,1182,0,0,1,0,1
female,hispanic,29,25 - 45,4,2,1,1,low,2013-09-20,1,0,felony,0,89,1,0,0,0,0
male,african-american,48,greater than 45,9,4,1,0,high,2013-04-07,1,8,felony,10,11,1,0,0,1,1
male,african-american,30,25 - 45,7,3,1,0,medium,2013-05-08,1,6,misdemeanor,0,336,1,0,0,1,1
male,african-american,26,25 - 45,10,10,1,0,high,2013-05-26,1,10,felony,1,34,1,0,1,0,1
male,caucasian,36,25 - 45,5,3,0,0,medium,2013-12-05,0,2,felony,0,848,0,0,0,0,0
male,african-american,37,25 - 45,9,8,1,0,high,2013-01-11,1,12,felony,0,173,0,0,0,0,0
male,african-american,29,25 - 45,10,9,1,0,high,2013-01-21,1,7,misdemeanor,9,449,1,0,0,0,0
male,african-american,26,25 - 45,6,5,1,0,medium,2013-03-04,1,1,misdemeanor,29,145,1,0,0,0,0
male,african-american,60,greater than 45,1,1,0,0,low,2013-09-20,0,2,felony,1,924,0,0,0,0,0
male,african-american,41,25 - 45,7,5,1,0,medium,2013-04-25,1,16,felony,0,349,1,2,0,0,2
male,caucasian,22,less than 25,6,7,0,0,medium,2013-01-15,0,1,felony,0,82,0,0,0,1,1
male,african-american,28,25 - 45,7,8,0,0,medium,2013-08-09,0,3,felony,0,966,0,0,0,0,0
male,african-american,33,25 - 45,6,4,1,0,medium,2013-02-22,1,13,felony,0,564,0,0,0,0,0
male,african-american,28,25 - 45,2,3,1,0,low,2013-01-16,0,2,felony,124,170,0,0,0,0,0
male,caucasian,55,greater than 45,1,1,1,1,low,2013-12-23,1,0,misdemeanor,0,203,1,0,0,0,0
male,african-american,21,less than 25,8,7,1,0,high,2013-11-09,1,6,felony,0,214,0,0,1,0,1
male,hispanic,28,25 - 45,3,2,1,1,low,2013-03-04,1,2,felony,1,446,1,0,0,0,0
female,hispanic,22,less than 25,2,4,0,0,low,2014-02-11,0,0,misdemeanor,0,780,0,0,0,0,0
male,african-american,45,greater than 45,1,1,0,0,low,2013-08-15,0,5,felony,0,230,0,0,0,0,0
male,african-american,24,less than 25,8,6,1,0,high,2013-05-12,1,2,misdemeanor,50,125,0,0,0,0,0
male,african-american,50,greater than 45,1,1,1,0,low,2013-03-05,1,12,felony,0,283,1,0,0,0,0
male,african-american,47,greater than 45,2,3,0,0,low,2013-01-22,0,1,felony,49,1165,0,0,0,0,0
male,caucasian,57,greater than 45,1,1,0,0,low,2013-08-27,0,1,misdemeanor,0,948,0,0,0,0,0
male,caucasian,54,greater than 45,1,1,0,0,low,2013-03-15,0,6,felony,1,1113,0,0,0,0,0
female,caucasian,42,25 - 45,2,1,0,0,low,2013-03-28,0,0,misdemeanor,0,1100,0,0,0,0,0
male,caucasian,35,25 - 45,3,2,0,0,low,2013-03-22,0,5,felony,0,1106,0,0,0,0,0
male,african-american,30,25 - 45,4,2,1,0,low,2013-12-07,1,0,felony,0,303,1,0,0,0,0
male,caucasian,53,greater than 45,1,1,0,0,low,2013-02-13,0,1,felony,0,1143,0,0,0,0,0
female,african-american,31,25 - 45,3,2,0,0,low,2014-02-28,0,2,misdemeanor,1,763,0,0,0,0,0
male,caucasian,83,greater than 45,1,1,0,0,low,2013-08-08,0,4,felony,0,967,0,0,0,0,0
male,hispanic,46,greater than 45,6,7,0,0,medium,2013-08-27,0,15,felony,0,948,0,0,0,0,0
male,other,23,less than 25,10,10,0,0,high,2013-08-15,0,4,felony,1,960,0,0,0,0,0
male,african-american,47,greater than 45,4,2,1,0,low,2013-08-06,0,9,felony,64,861,1,0,0,0,0
male,hispanic,31,25 - 45,6,2,0,0,medium,2013-02-17,0,4,felony,0,998,0,0,0,0,0
male,african-american,50,greater than 45,8,5,0,0,high,2013-09-17,0,0,misdemeanor,23,927,0,0,0,0,0
male,african-american,24,less than 25,9,5,1,0,high,2013-04-30,1,9,misdemeanor,2,35,0,0,1,0,1
female,african-american,22,less than 25,9,8,0,0,high,2013-10-15,0,2,felony,2,899,0,0,1,0,1
male,hispanic,45,greater than 45,1,1,0,0,low,2013-02-08,0,1,misdemeanor,0,1148,0,0,0,0,0
female,african-american,30,25 - 45,2,2,0,0,low,2014-01-22,0,2,felony,0,800,0,0,0,0,0
male,other,30,25 - 45,8,3,1,0,high,2013-01-05,1,5,misdemeanor,5,493,1,0,0,0,0
male,african-american,36,25 - 45,2,3,0,0,low,2013-11-14,0,4,misdemeanor,0,869,0,0,0,0,0
male,african-american,50,greater than 45,1,1,0,0,low,2013-04-22,0,0,misdemeanor,0,1075,0,0,0,0,0
female,caucasian,42,25 - 45,5,1,0,0,medium,2013-02-11,0,3,felony,0,574,0,0,0,0,0
female,hispanic,28,25 - 45,3,3,0,0,low,2013-07-08,0,2,felony,0,998,0,0,0,0,0
male,hispanic,31,25 - 45,1,1,0,0,low,2013-03-24,0,0,misdemeanor,1,1104,0,0,0,0,0
male,african-american,36,25 - 45,5,3,0,0,medium,2013-05-12,0,4,felony,1,184,0,0,0,0,0
male,african-american,24,less than 25,5,7,1,0,medium,2013-05-03,1,1,misdemeanor,1,409,1,0,0,0,0
male,caucasian,28,25 - 45,5,4,0,0,medium,2013-04-14,0,5,felony,0,1083,0,0,0,0,0
male,african-american,23,less than 25,4,6,0,0,low,2013-02-09,0,0,felony,2,565,0,0,0,0,0
male,caucasian,29,25 - 45,6,3,1,1,medium,2013-04-12,1,4,misdemeanor,6,39,0,0,0,0,0
male,african-american,51,greater than 45,5,7,1,0,medium,2013-08-13,1,11,misdemeanor,78,639,1,0,0,0,0
male,african-american,34,25 - 45,5,3,0,0,medium,2013-01-10,0,1,felony,0,1177,0,0,0,0,0
male,african-american,29,25 - 45,2,4,1,0,low,2013-11-01,1,12,felony,0,65,1,0,0,0,0
female,hispanic,36,25 - 45,2,1,0,0,low,2013-04-07,0,0,misdemeanor,0,1090,0,0,0,0,0
male,african-american,59,greater than 45,6,2,1,0,medium,2014-03-12,1,15,misdemeanor,14,156,0,0,0,0,0
male,african-american,23,less than 25,8,8,1,1,high,2013-12-12,1,3,felony,0,114,1,0,0,2,2
male,african-american,31,25 - 45,8,3,0,0,high,2013-05-25,0,15,felony,0,395,0,0,0,0,0
male,caucasian,53,greater than 45,1,1,0,0,low,2013-11-18,0,0,misdemeanor,0,865,0,0,0,0,0
male,african-american,34,25 - 45,7,5,0,0,medium,2014-02-06,0,12,felony,35,785,0,0,0,0,0
female,african-american,63,greater than 45,1,1,0,0,low,2013-11-08,0,1,felony,0,875,0,0,0,0,0
male,other,21,less than 25,4,6,1,0,low,2013-10-31,1,0,felony,0,155,1,0,0,0,0
male,african-american,43,25 - 45,1,1,0,0,low,2013-05-29,0,1,misdemeanor,0,1038,0,0,0,0,0
male,african-american,36,25 - 45,8,7,1,0,high,2013-12-18,1,16,felony,0,479,1,3,0,0,3
female,african-american,23,less than 25,4,4,1,1,low,2013-01-31,0,0,misdemeanor,1,522,0,0,0,0,0
male,african-american,34,25 - 45,2,1,1,0,low,2013-04-26,1,5,felony,0,696,1,0,0,0,0
male,caucasian,56,greater than 45,2,1,0,0,low,2013-07-09,0,13,felony,0,997,0,0,0,0,0
female,caucasian,52,greater than 45,1,1,0,0,low,2013-12-11,0,0,felony,0,842,0,0,0,0,0
male,african-american,56,greater than 45,2,1,0,0,low,2013-03-27,0,0,felony,6,1101,0,0,0,0,0
female,african-american,37,25 - 45,1,1,0,0,low,2014-02-13,0,0,misdemeanor,0,778,0,0,0,0,0
female,caucasian,50,greater than 45,1,1,0,0,low,2013-09-30,0,0,misdemeanor,2,914,0,0,0,0,0
male,african-american,25,25 - 45,2,3,1,0,low,2013-02-09,1,1,felony,0,101,1,0,0,0,0
male,african-american,22,less than 25,5,5,1,1,medium,2013-03-12,1,0,felony,0,251,1,0,0,0,0
female,caucasian,43,25 - 45,1,1,1,1,low,2013-08-02,1,0,misdemeanor,0,493,0,0,0,0,0
male,caucasian,30,25 - 45,2,2,0,0,low,2013-01-12,0,1,misdemeanor,34,1175,0,0,0,0,0
male,asian,29,25 - 45,1,2,0,0,low,2013-02-25,0,0,felony,0,1131,0,0,0,0,0
male,caucasian,24,less than 25,2,3,0,0,low,2013-03-31,0,0,felony,0,1097,0,0,0,0,0
male,african-american,29,25 - 45,8,3,1,1,high,2013-09-08,1,7,misdemeanor,0,185,1,0,0,0,0
female,caucasian,27,25 - 45,3,3,0,0,low,2013-01-15,0,3,felony,0,1172,0,0,0,0,0
female,caucasian,24,less than 25,4,5,0,0,low,2013-10-02,0,0,felony,0,912,0,0,0,0,0
female,african-american,74,greater than 45,1,1,0,0,low,2013-11-07,0,0,felony,0,876,0,0,0,0,0
male,african-american,27,25 - 45,7,5,1,1,medium,2013-08-30,1,8,misdemeanor,1,170,1,0,0,1,1
male,hispanic,37,25 - 45,2,1,1,0,low,2013-04-05,1,1,felony,0,565,1,0,0,0,0
male,african-american,39,25 - 45,10,9,1,0,high,2014-02-19,1,8,felony,0,197,0,0,1,1,2
male,caucasian,29,25 - 45,2,3,0,0,low,2013-10-26,0,5,felony,0,888,0,0,0,0,0
male,african-american,25,25 - 45,3,4,1,0,low,2013-12-23,1,0,misdemeanor,0,149,1,0,0,0,0
female,african-american,35,25 - 45,3,3,0,0,low,2013-11-20,0,5,felony,0,863,0,0,0,0,0
male,african-american,29,25 - 45,6,5,1,0,medium,2013-10-24,1,1,misdemeanor,98,529,1,0,0,0,0
male,caucasian,36,25 - 45,2,1,0,0,low,2013-12-06,0,1,felony,0,847,0,0,0,0,0
male,african-american,61,greater than 45,4,2,1,0,low,2013-04-22,1,13,felony,0,64,0,0,0,0,0
male,caucasian,26,25 - 45,4,7,0,0,low,2013-01-10,0,2,felony,2,841,0,0,0,0,0
male,african-american,28,25 - 45,5,5,0,0,medium,2013-01-06,0,1,misdemeanor,0,1181,0,0,0,0,0
female,african-american,26,25 - 45,5,4,0,0,medium,2014-01-22,0,1,felony,0,800,0,0,0,0,0
female,caucasian,39,25 - 45,6,3,1,0,medium,2014-03-20,1,11,felony,0,316,1,0,1,0,1
male,african-american,22,less than 25,4,6,1,0,low,2013-03-22,1,3,felony,0,8,1,0,1,0,1
male,caucasian,28,25 - 45,3,2,0,0,low,2013-04-25,0,0,felony,1,272,0,0,0,0,0
male,caucasian,51,greater than 45,1,1,1,1,low,2013-03-11,1,1,felony,0,78,0,0,0,0,0
female,hispanic,35,25 - 45,2,1,0,0,low,2014-01-21,0,0,misdemeanor,0,801,0,0,0,0,0
female,african-american,23,less than 25,2,3,0,0,low,2014-03-02,0,0,misdemeanor,0,761,0,0,0,0,0
male,african-american,29,25 - 45,6,8,1,0,medium,2013-07-31,1,6,felony,1,681,1,1,2,0,3
male,african-american,24,less than 25,9,9,1,0,high,2013-04-20,1,1,misdemeanor,5,104,0,0,0,2,2
female,hispanic,23,less than 25,4,6,0,0,low,2013-09-23,0,2,misdemeanor,0,921,0,0,1,0,1
female,african-american,33,25 - 45,7,5,0,0,medium,2013-09-20,0,5,felony,186,916,0,0,0,0,0
male,caucasian,21,less than 25,3,6,1,0,low,2013-04-25,1,1,felony,0,32,1,1,0,0,1
male,caucasian,59,greater than 45,1,1,0,0,low,2013-05-15,0,3,misdemeanor,0,1052,0,0,0,0,0
male,caucasian,26,25 - 45,4,3,1,1,low,2013-09-23,1,4,felony,3,13,1,0,0,0,0
male,caucasian,36,25 - 45,1,1,1,0,low,2013-03-20,0,0,misdemeanor,0,992,1,0,0,0,0
male,other,38,25 - 45,1,1,0,0,low,2014-03-27,0,2,felony,0,736,0,0,0,0,0
male,hispanic,28,25 - 45,8,6,0,0,high,2013-11-25,0,2,felony,2,858,0,0,0,0,0
male,african-american,52,greater than 45,1,1,1,0,low,2013-03-24,1,0,misdemeanor,0,720,1,0,0,0,0
male,african-american,56,greater than 45,5,4,1,0,medium,2013-03-26,1,12,felony,1,4,1,0,0,0,0
male,caucasian,40,25 - 45,4,3,0,0,low,2013-12-24,0,1,misdemeanor,1,829,0,0,0,0,0
female,caucasian,48,greater than 45,4,2,1,0,low,2014-02-06,1,8,misdemeanor,0,99,1,0,0,0,0
male,african-american,24,less than 25,6,7,0,0,medium,2013-01-03,0,2,misdemeanor,0,561,0,0,1,2,3
female,african-american,26,25 - 45,4,4,0,0,low,2013-12-21,0,0,felony,0,628,0,0,0,0,0
male,african-american,59,greater than 45,6,4,0,0,medium,2013-08-15,0,5,misdemeanor,0,960,0,0,0,0,0
female,african-american,54,greater than 45,4,1,0,0,low,2013-12-02,0,6,felony,0,851,0,0,0,0,0
male,caucasian,31,25 - 45,7,7,1,1,medium,2014-01-27,1,4,misdemeanor,26,263,1,0,0,0,0
male,caucasian,34,25 - 45,3,2,1,1,low,2013-05-22,0,0,felony,0,771,0,0,0,0,0
male,african-american,25,25 - 45,9,8,1,0,high,2013-02-07,1,9,felony,412,547,1,0,0,0,0
male,caucasian,47,greater than 45,4,1,0,0,low,2013-03-08,0,2,felony,0,189,0,0,0,0,0
male,african-american,51,greater than 45,8,3,1,1,high,2013-01-15,1,12,felony,0,640,1,0,0,1,1
male,caucasian,25,25 - 45,3,3,0,0,low,2013-09-11,0,1,felony,0,933,0,0,0,0,0
male,other,25,25 - 45,2,4,1,1,low,2013-03-21,1,0,felony,19,108,1,0,0,0,0
female,african-american,31,25 - 45,2,2,1,0,low,2013-08-27,1,2,felony,0,7,1,0,0,0,0
male,hispanic,44,25 - 45,1,2,1,1,low,2013-02-22,1,2,felony,0,361,1,0,0,0,0
male,caucasian,36,25 - 45,2,3,1,1,low,2013-02-08,0,1,felony,0,747,1,0,0,0,0
male,caucasian,77,greater than 45,1,1,0,0,low,2013-03-06,0,3,felony,0,1122,0,0,0,0,0
male,caucasian,49,greater than 45,1,1,0,0,low,2013-03-18,0,0,misdemeanor,0,1110,0,0,0,0,0
male,african-american,31,25 - 45,7,4,0,0,medium,2013-04-05,0,0,felony,0,594,0,0,0,0,0
male,caucasian,30,25 - 45,3,3,0,0,low,2014-03-11,0,1,felony,0,170,0,0,0,1,1
male,african-american,29,25 - 45,9,6,1,0,high,2013-04-20,1,3,felony,0,503,1,1,0,0,1
female,caucasian,53,greater than 45,5,1,1,0,medium,2014-01-07,1,6,felony,10,246,0,0,0,0,0
male,african-american,21,less than 25,9,8,1,1,high,2013-10-15,1,1,felony,0,374,1,0,1,0,1
male,african-american,21,less than 25,4,6,0,0,low,2013-12-07,0,0,felony,0,846,0,0,0,0,0
female,african-american,27,25 - 45,5,4,1,0,medium,2013-10-25,1,1,felony,0,351,1,0,0,0,0
female,african-american,65,greater than 45,1,1,0,0,low,2014-02-24,0,0,felony,0,767,0,0,0,0,0
female,caucasian,59,greater than 45,1,1,0,0,low,2014-02-06,0,0,misdemeanor,0,785,0,0,0,0,0
male,african-american,59,greater than 45,1,1,0,0,low,2013-11-18,0,0,misdemeanor,1,865,0,0,0,0,0
male,african-american,24,less than 25,7,7,0,0,medium,2013-03-15,0,0,misdemeanor,2,1113,0,0,0,0,0
male,african-american,40,25 - 45,1,1,0,0,low,2013-02-20,0,0,felony,1,1136,0,0,0,0,0
male,african-american,34,25 - 45,9,4,1,1,high,2013-03-18,1,10,felony,0,63,1,1,0,0,1
male,hispanic,30,25 - 45,2,2,1,0,low,2013-02-08,1,1,felony,0,484,1,0,0,0,0
male,african-american,52,greater than 45,1,1,0,0,low,2014-02-24,0,1,felony,0,767,0,0,0,0,0
male,caucasian,29,25 - 45,4,6,1,0,low,2013-09-30,1,1,felony,0,80,0,0,0,0,0
male,african-american,38,25 - 45,3,1,1,1,low,2013-05-26,1,2,felony,2,355,1,0,0,0,0
female,african-american,22,less than 25,8,8,0,0,high,2013-07-23,0,0,felony,0,178,0,0,0,0,0
male,african-american,43,25 - 45,5,3,0,0,medium,2013-02-01,0,0,felony,2,1155,0,0,0,0,0
male,caucasian,32,25 - 45,9,3,1,0,high,2013-12-10,1,5,felony,55,363,1,0,0,0,0
male,african-american,55,greater than 45,1,1,0,0,low,2013-10-04,0,0,felony,0,103,0,0,0,0,0
male,african-american,26,25 - 45,2,3,1,0,low,2013-12-14,0,2,felony,8,545,0,0,0,0,0
male,caucasian,23,less than 25,2,3,0,0,low,2013-11-22,0,1,misdemeanor,0,861,0,0,0,1,1
female,other,47,greater than 45,1,1,0,0,low,2013-05-26,0,0,felony,2,1041,0,0,0,0,0
male,hispanic,27,25 - 45,2,3,1,0,low,2013-09-22,1,0,felony,0,396,1,0,0,0,0
male,hispanic,61,greater than 45,4,1,1,0,low,2013-02-24,1,2,felony,2,82,0,0,0,0,0
male,african-american,26,25 - 45,2,3,0,0,low,2013-05-26,0,0,felony,1,1041,0,0,0,0,0
male,hispanic,41,25 - 45,1,1,0,0,low,2014-01-27,0,1,misdemeanor,0,364,0,0,0,0,0
male,african-american,43,25 - 45,5,4,1,0,medium,2014-03-02,1,0,felony,1,313,1,0,0,0,0
male,caucasian,30,25 - 45,4,3,0,0,low,2013-06-14,0,3,felony,0,225,0,0,0,0,0
male,caucasian,21,less than 25,3,5,0,0,low,2013-12-31,0,0,misdemeanor,0,822,0,0,0,1,1
female,caucasian,32,25 - 45,1,1,0,0,low,2013-02-24,0,0,misdemeanor,0,1132,0,0,0,1,1
male,african-american,22,less than 25,4,5,1,0,low,2013-02-16,1,1,felony,0,248,1,0,0,0,0
male,african-american,51,greater than 45,1,1,0,0,low,2013-10-10,0,3,felony,0,904,0,0,0,0,0
male,african-american,20,less than 25,10,8,1,0,high,2013-10-01,1,2,felony,128,227,1,0,0,1,1
male,caucasian,35,25 - 45,3,2,0,0,low,2014-02-14,0,2,felony,0,777,0,0,0,0,0
female,african-american,37,25 - 45,1,1,0,0,low,2013-09-06,0,3,felony,28,938,0,0,0,0,0
male,african-american,28,25 - 45,7,7,1,0,medium,2013-11-05,1,0,misdemeanor,0,68,0,0,0,0,0
male,caucasian,41,25 - 45,5,2,1,0,medium,2013-09-29,1,3,misdemeanor,1,337,0,0,0,0,0
male,african-american,24,less than 25,8,8,1,1,high,2013-01-18,1,0,misdemeanor,1,556,1,0,0,0,0
female,african-american,33,25 - 45,4,3,0,0,low,2013-02-01,0,3,misdemeanor,1,1155,0,0,0,0,0
female,caucasian,30,25 - 45,6,5,0,0,medium,2014-01-06,0,4,felony,29,816,0,0,0,0,0
female,african-american,42,25 - 45,1,1,0,0,low,2013-10-30,0,1,felony,0,884,0,0,0,0,0
female,african-american,40,25 - 45,7,6,1,1,medium,2014-01-07,1,15,felony,65,328,1,0,0,0,0
male,african-american,21,less than 25,7,8,0,0,medium,2014-03-02,0,0,felony,3,761,0,0,0,0,0
male,caucasian,39,25 - 45,2,2,1,0,low,2013-04-11,1,2,felony,0,463,1,0,0,0,0
male,caucasian,24,less than 25,2,3,0,0,low,2013-12-30,0,0,felony,0,823,0,0,0,0,0
male,african-american,41,25 - 45,1,1,0,0,low,2013-04-22,0,0,felony,0,1075,0,0,0,0,0
male,african-american,39,25 - 45,4,2,0,0,low,2013-10-03,0,1,felony,0,911,0,0,0,0,0
female,african-american,24,less than 25,8,10,0,0,high,2013-01-25,0,3,felony,0,56,0,0,0,0,0
female,african-american,24,less than 25,4,4,0,0,low,2013-05-30,0,1,felony,0,407,0,0,0,0,0
male,african-american,29,25 - 45,2,3,1,0,low,2013-02-28,1,0,misdemeanor,0,66,0,0,0,0,0
male,african-american,39,25 - 45,10,8,0,0,high,2013-08-22,0,35,felony,0,47,0,0,0,0,0
male,caucasian,25,25 - 45,5,7,1,0,medium,2013-10-21,1,2,misdemeanor,0,686,1,0,0,0,0
male,african-american,22,less than 25,10,10,1,0,high,2013-08-25,1,1,felony,0,277,1,0,0,1,1
male,african-american,26,25 - 45,9,9,1,0,high,2013-04-24,1,3,misdemeanor,281,357,0,0,3,0,3
male,african-american,44,25 - 45,5,4,0,0,medium,2013-01-09,0,0,misdemeanor,33,1178,0,0,0,0,0
male,caucasian,36,25 - 45,2,2,1,0,low,2014-03-21,1,1,felony,0,258,1,0,0,0,0
male,caucasian,39,25 - 45,8,5,1,0,high,2013-04-17,1,10,felony,0,276,1,0,0,0,0
male,caucasian,42,25 - 45,4,1,0,0,low,2013-12-10,0,0,felony,0,843,0,0,0,0,0
male,caucasian,45,greater than 45,1,1,0,0,low,2014-02-10,0,1,misdemeanor,0,781,0,0,0,0,0
male,african-american,25,25 - 45,10,10,1,1,high,2013-05-17,1,7,felony,19,294,0,0,1,0,1
female,caucasian,28,25 - 45,9,6,0,0,high,2013-02-20,0,7,felony,0,606,0,0,0,0,0
male,caucasian,33,25 - 45,2,1,0,0,low,2013-12-12,0,0,felony,4,841,0,0,0,0,0
male,caucasian,25,25 - 45,3,4,0,0,low,2013-04-15,0,0,misdemeanor,2,1082,0,0,0,0,0
male,african-american,32,25 - 45,4,2,0,0,low,2013-05-31,0,5,felony,0,1036,0,0,1,0,1
male,african-american,23,less than 25,7,5,0,0,medium,2013-05-10,0,0,felony,3,1057,0,0,0,0,0
male,caucasian,39,25 - 45,5,2,0,0,medium,2013-01-07,0,0,misdemeanor,1,1180,0,0,0,0,0
male,african-american,27,25 - 45,8,4,1,1,high,2013-12-03,1,12,felony,0,150,1,0,0,0,0
female,caucasian,35,25 - 45,7,2,0,0,medium,2013-12-06,0,4,misdemeanor,1,847,0,0,0,0,0
male,african-american,23,less than 25,5,6,0,0,medium,2013-10-25,0,1,felony,0,117,0,0,0,0,0
female,african-american,38,25 - 45,1,1,0,0,low,2013-08-29,0,0,misdemeanor,1,946,0,0,0,0,0
male,african-american,30,25 - 45,2,2,0,0,low,2013-03-25,0,4,felony,0,1103,0,0,0,0,0
male,caucasian,30,25 - 45,5,2,0,0,medium,2013-12-17,0,1,felony,28,392,0,0,0,0,0
female,caucasian,30,25 - 45,8,5,0,0,high,2013-02-13,0,0,misdemeanor,0,1143,0,0,0,0,0
male,african-american,26,25 - 45,10,7,1,0,high,2013-11-04,1,18,felony,567,582,1,1,1,0,2
male,african-american,31,25 - 45,2,2,1,0,low,2013-05-02,0,2,felony,1,443,0,0,0,0,0
female,caucasian,41,25 - 45,2,1,0,0,low,2013-01-07,0,1,misdemeanor,0,1180,0,0,0,0,0
male,other,34,25 - 45,2,2,0,0,low,2013-10-15,0,0,felony,107,899,0,0,0,0,0
female,african-american,25,25 - 45,5,4,0,0,medium,2013-08-04,0,0,misdemeanor,43,971,0,0,0,0,0
female,caucasian,26,25 - 45,6,4,0,0,medium,2013-02-19,0,1,felony,0,1137,0,0,0,0,0
male,african-american,38,25 - 45,7,6,1,0,medium,2013-04-28,1,2,felony,9,11,1,0,0,0,0
female,african-american,37,25 - 45,1,1,0,0,low,2013-03-25,0,0,misdemeanor,0,1103,0,0,0,0,0
male,caucasian,34,25 - 45,5,5,0,0,medium,2013-12-27,0,3,misdemeanor,0,826,0,0,0,1,1
male,hispanic,44,25 - 45,3,4,1,0,low,2013-08-23,1,7,felony,0,163,1,0,0,0,0
female,hispanic,38,25 - 45,2,1,0,0,low,2013-10-13,0,0,felony,24,901,0,0,0,0,0
female,african-american,31,25 - 45,6,5,0,0,medium,2014-02-16,0,0,misdemeanor,1,775,0,0,0,0,0
female,caucasian,29,25 - 45,2,2,0,0,low,2013-04-10,0,0,misdemeanor,0,1087,0,0,0,0,0
male,caucasian,20,less than 25,9,10,1,0,high,2013-08-29,1,1,felony,0,28,0,1,0,0,1
male,african-american,22,less than 25,4,6,0,0,low,2013-02-01,0,0,felony,0,997,0,0,0,0,0
female,hispanic,51,greater than 45,1,1,0,0,low,2014-03-24,0,0,misdemeanor,0,739,0,0,0,0,0
male,african-american,24,less than 25,4,4,1,0,low,2014-03-31,1,2,misdemeanor,0,295,1,0,0,0,0
female,african-american,36,25 - 45,5,4,1,0,medium,2013-12-19,1,1,felony,5,708,1,0,0,0,0
male,african-american,21,less than 25,4,6,0,0,low,2013-10-10,0,1,misdemeanor,0,904,0,0,0,0,0
male,african-american,25,25 - 45,10,9,1,0,high,2013-11-10,1,3,misdemeanor,80,108,0,0,1,0,1
male,african-american,23,less than 25,9,9,1,1,high,2013-03-07,1,5,felony,4,35,1,0,0,1,1
male,other,23,less than 25,3,4,0,0,low,2013-09-16,0,0,misdemeanor,0,928,0,0,0,0,0
female,caucasian,24,less than 25,10,6,0,0,high,2013-10-25,0,0,misdemeanor,0,111,0,0,0,0,0
male,caucasian,35,25 - 45,2,1,1,0,low,2014-03-28,1,2,felony,1,348,1,0,0,0,0
female,hispanic,23,less than 25,4,5,0,0,low,2013-08-07,0,0,misdemeanor,0,968,0,0,0,0,0
male,caucasian,32,25 - 45,1,2,1,1,low,2014-01-24,1,0,felony,5,513,1,0,0,0,0
female,caucasian,39,25 - 45,1,1,1,1,low,2013-03-25,1,0,misdemeanor,0,506,1,0,0,0,0
male,african-american,30,25 - 45,9,6,1,0,high,2013-02-17,1,12,felony,9,219,1,4,0,0,4
male,african-american,33,25 - 45,7,7,0,0,medium,2013-01-04,0,2,felony,258,1183,0,0,0,0,0
female,caucasian,36,25 - 45,2,1,0,0,low,2014-01-11,0,0,misdemeanor,0,811,0,0,0,0,0
male,hispanic,61,greater than 45,1,1,0,0,low,2014-03-04,0,1,felony,0,759,0,0,0,0,0
female,caucasian,40,25 - 45,2,1,0,0,low,2013-08-23,0,0,felony,0,952,0,0,0,0,0
male,african-american,53,greater than 45,7,1,0,0,medium,2013-09-04,0,4,felony,0,940,0,0,0,0,0
female,caucasian,28,25 - 45,2,2,0,0,low,2013-10-28,0,0,misdemeanor,0,886,0,0,0,0,0
male,hispanic,38,25 - 45,2,1,0,0,low,2013-10-07,0,2,misdemeanor,29,907,0,0,0,0,0
male,african-american,27,25 - 45,9,8,1,0,high,2013-01-26,1,9,felony,1,135,1,0,1,0,1
male,caucasian,55,greater than 45,3,1,0,0,low,2013-11-09,0,0,felony,0,874,0,0,0,0,0
male,african-american,22,less than 25,7,6,0,0,medium,2013-08-22,0,1,misdemeanor,1,953,0,1,0,0,1
female,african-american,34,25 - 45,1,1,0,0,low,2013-11-20,0,1,felony,1,863,0,0,0,0,0
male,caucasian,55,greater than 45,2,3,0,0,low,2013-05-15,0,1,misdemeanor,0,1052,0,0,0,0,0
male,hispanic,24,less than 25,8,6,1,1,high,2013-02-17,0,2,felony,92,783,0,0,0,0,0
female,african-american,47,greater than 45,9,6,1,0,high,2014-03-06,1,21,misdemeanor,21,182,1,0,1,1,2
male,other,41,25 - 45,1,1,0,0,low,2013-09-09,0,0,misdemeanor,0,935,0,0,0,0,0
male,hispanic,41,25 - 45,3,1,0,0,low,2013-07-15,0,0,felony,0,991,0,0,0,0,0
male,african-american,61,greater than 45,3,4,0,0,low,2013-02-06,0,12,felony,241,1150,0,0,0,0,0
male,african-american,57,greater than 45,1,1,0,0,low,2013-04-27,0,3,felony,2,1070,0,0,0,0,0
female,caucasian,38,25 - 45,3,2,0,0,low,2013-10-20,0,2,misdemeanor,0,894,0,0,0,0,0
male,caucasian,25,25 - 45,4,3,1,0,low,2014-01-27,1,13,felony,4,52,0,4,0,1,5
male,caucasian,23,less than 25,5,6,0,0,medium,2013-11-19,0,3,felony,9,864,0,0,0,0,0
male,african-american,20,less than 25,3,5,0,0,low,2013-12-10,0,0,felony,0,843,0,0,0,0,0
male,caucasian,44,25 - 45,8,5,0,0,high,2013-10-04,0,1,felony,0,910,0,0,0,0,0
female,caucasian,38,25 - 45,1,1,0,0,low,2014-01-10,0,1,misdemeanor,0,812,0,0,0,0,0
male,african-american,56,greater than 45,2,2,1,0,low,2013-05-09,1,5,felony,0,29,1,0,0,0,0
male,caucasian,43,25 - 45,2,1,1,0,low,2013-09-15,1,2,felony,5,33,1,0,0,0,0
male,african-american,22,less than 25,3,5,1,0,low,2013-04-25,1,0,felony,149,166,0,0,0,0,0
male,african-american,31,25 - 45,9,9,1,0,high,2013-10-16,1,6,felony,0,34,1,0,0,0,0
male,other,32,25 - 45,1,2,0,0,low,2013-12-27,0,0,felony,0,129,0,0,0,0,0
male,african-american,29,25 - 45,6,3,0,0,medium,2013-11-20,0,0,felony,1,863,0,0,0,0,0
male,african-american,22,less than 25,9,10,1,0,high,2013-02-23,1,1,felony,103,170,1,0,0,0,0
male,african-american,23,less than 25,9,8,1,1,high,2013-01-17,1,3,felony,43,104,1,0,0,0,0
male,caucasian,24,less than 25,4,4,0,0,low,2013-12-19,0,1,felony,0,834,0,0,0,1,1
male,other,45,greater than 45,1,1,0,0,low,2014-02-03,0,0,misdemeanor,0,788,0,0,0,0,0
male,african-american,21,less than 25,9,7,0,0,high,2014-03-20,0,2,felony,0,743,0,0,1,0,1
female,african-american,29,25 - 45,2,2,0,0,low,2013-10-05,0,0,misdemeanor,1,909,0,0,0,0,0
female,caucasian,51,greater than 45,4,1,1,0,low,2013-01-14,1,0,misdemeanor,0,70,1,0,0,0,0
male,african-american,25,25 - 45,3,4,0,0,low,2013-08-07,0,1,felony,0,968,0,0,0,0,0
male,hispanic,46,greater than 45,3,2,0,0,low,2013-01-03,0,13,felony,141,1184,0,0,0,0,0
male,african-american,25,25 - 45,4,5,1,0,low,2013-03-22,1,0,felony,0,483,1,0,0,0,0
male,caucasian,27,25 - 45,2,3,0,0,low,2013-12-15,0,2,felony,1,838,0,0,0,0,0
male,african-american,49,greater than 45,2,2,1,0,low,2013-01-09,0,0,misdemeanor,1,749,1,0,0,0,0
male,hispanic,37,25 - 45,1,1,0,0,low,2014-03-18,0,1,felony,1,745,0,0,0,0,0
male,caucasian,21,less than 25,3,5,1,1,low,2014-03-26,1,0,felony,1,73,1,0,0,0,0
female,caucasian,39,25 - 45,5,1,1,0,medium,2013-05-07,1,2,felony,0,24,1,0,0,0,0
male,african-american,43,25 - 45,3,3,1,0,low,2013-12-04,1,8,felony,0,261,1,0,0,0,0
male,african-american,22,less than 25,6,8,1,0,medium,2013-08-05,1,0,misdemeanor,1,402,1,0,0,0,0
female,african-american,28,25 - 45,7,3,0,0,medium,2014-01-31,0,4,felony,1,791,0,0,0,0,0
male,caucasian,43,25 - 45,9,3,1,0,high,2014-03-25,1,0,felony,0,394,1,0,0,0,0
male,other,27,25 - 45,2,3,1,0,low,2013-03-22,1,0,felony,53,721,1,0,0,0,0
female,african-american,28,25 - 45,2,2,0,0,low,2013-03-20,0,0,misdemeanor,1,1108,0,0,0,0,0
male,caucasian,58,greater than 45,2,1,0,0,low,2013-11-12,0,3,misdemeanor,0,871,0,0,0,0,0
male,african-american,31,25 - 45,4,3,1,0,low,2013-12-17,0,5,felony,1,805,1,0,0,0,0
male,african-american,33,25 - 45,3,3,0,0,low,2013-03-24,0,0,felony,40,1104,0,0,0,0,0
male,african-american,26,25 - 45,10,4,1,0,high,2013-05-10,1,6,misdemeanor,1,680,1,0,0,0,0
female,african-american,23,less than 25,5,5,0,0,medium,2014-01-29,0,1,misdemeanor,0,793,0,0,1,0,1
male,caucasian,32,25 - 45,10,9,0,0,high,2013-09-20,0,11,felony,140,924,0,0,0,0,0
male,african-american,57,greater than 45,2,1,0,0,low,2013-01-08,0,2,felony,0,1179,0,0,0,0,0
male,caucasian,22,less than 25,8,8,0,0,high,2013-04-07,0,0,felony,1,1090,0,0,0,0,0
female,african-american,35,25 - 45,2,1,0,0,low,2013-04-17,0,2,felony,0,98,0,0,0,0,0
male,caucasian,47,greater than 45,6,3,1,0,medium,2013-04-12,1,1,felony,0,8,1,0,0,0,0
male,hispanic,35,25 - 45,1,1,0,0,low,2013-07-23,0,2,felony,0,602,0,0,0,0,0
male,african-american,29,25 - 45,9,8,1,0,high,2013-03-13,1,17,felony,0,217,1,0,0,1,1
female,caucasian,54,greater than 45,2,1,0,0,low,2013-05-13,0,1,misdemeanor,0,368,0,0,0,0,0
male,caucasian,29,25 - 45,8,3,0,0,high,2013-08-11,0,0,felony,89,964,0,0,0,0,0
male,african-american,51,greater than 45,8,2,1,0,high,2013-07-12,1,17,felony,0,82,1,0,0,0,0
female,african-american,36,25 - 45,6,2,0,0,medium,2013-02-09,0,0,misdemeanor,1,1147,0,0,0,0,0
male,caucasian,35,25 - 45,4,4,1,0,low,2013-01-20,1,3,misdemeanor,9,462,1,0,0,0,0
male,african-american,20,less than 25,4,7,1,0,low,2013-10-24,1,1,felony,0,25,0,0,0,1,1
male,african-american,25,25 - 45,5,5,0,0,medium,2013-03-02,0,0,felony,2,1126,0,0,0,0,0
male,african-american,29,25 - 45,5,3,0,0,medium,2013-08-01,0,2,misdemeanor,0,974,0,0,0,0,0
male,hispanic,31,25 - 45,10,9,1,1,high,2013-11-30,1,0,felony,0,48,1,0,0,0,0
male,african-american,62,greater than 45,1,1,0,0,low,2013-09-26,0,4,felony,0,918,0,0,0,0,0
male,caucasian,39,25 - 45,2,2,0,0,low,2013-01-10,0,0,misdemeanor,0,1177,0,0,0,0,0
male,african-american,30,25 - 45,4,3,1,0,low,2013-02-26,1,1,felony,131,217,1,0,0,0,0
female,african-american,23,less than 25,7,4,0,0,medium,2014-01-23,0,0,felony,0,799,0,0,0,0,0
female,african-american,23,less than 25,4,4,0,0,low,2013-12-23,0,1,felony,0,830,0,0,0,0,0
female,hispanic,37,25 - 45,3,3,0,0,low,2013-06-17,0,0,misdemeanor,0,1019,0,0,0,0,0
male,african-american,33,25 - 45,9,8,1,0,high,2013-12-09,1,18,felony,0,11,1,0,0,3,3
female,african-american,61,greater than 45,6,3,0,0,medium,2014-02-26,0,1,felony,0,765,0,0,0,0,0
male,african-american,30,25 - 45,7,2,1,1,medium,2013-01-13,1,9,felony,7,453,1,0,1,0,1
male,african-american,23,less than 25,6,5,0,0,medium,2013-02-23,0,1,felony,35,1133,0,0,0,0,0
female,african-american,27,25 - 45,3,3,1,1,low,2013-01-10,1,0,felony,0,404,1,0,0,0,0
male,african-american,38,25 - 45,6,2,0,0,medium,2013-02-06,0,10,misdemeanor,0,506,0,0,1,0,1
male,african-american,42,25 - 45,1,1,0,0,low,2014-02-01,0,1,felony,1,306,0,0,0,0,0
male,african-american,31,25 - 45,3,2,0,0,low,2013-04-06,0,0,felony,0,1091,0,0,0,0,0
male,african-american,23,less than 25,9,7,1,0,high,2013-01-04,1,2,felony,5,234,1,0,0,0,0
male,caucasian,31,25 - 45,3,2,1,0,low,2013-02-05,1,1,felony,38,68,1,0,0,0,0
male,african-american,43,25 - 45,5,4,1,1,medium,2013-11-12,1,1,misdemeanor,4,672,1,0,0,0,0
male,caucasian,39,25 - 45,3,1,0,0,low,2013-09-07,0,0,felony,5,937,0,0,0,0,0
male,african-american,31,25 - 45,2,2,0,0,low,2013-02-04,0,0,misdemeanor,3,1152,0,0,0,0,0
male,caucasian,22,less than 25,7,6,1,0,medium,2013-01-10,1,3,felony,141,320,0,0,0,0,0
female,african-american,33,25 - 45,3,2,0,0,low,2013-12-19,0,0,felony,2,834,0,0,0,0,0
male,caucasian,21,less than 25,5,7,1,1,medium,2013-01-27,1,1,felony,0,115,0,0,1,0,1
male,african-american,23,less than 25,6,8,1,1,medium,2013-12-16,1,1,felony,119,283,1,0,0,0,0
female,caucasian,29,25 - 45,4,3,0,0,low,2013-04-17,0,0,felony,27,1080,0,0,0,0,0
male,caucasian,62,greater than 45,1,1,0,0,low,2013-01-16,0,2,felony,0,21,0,0,0,0,0
female,african-american,56,greater than 45,2,1,1,0,low,2013-03-18,1,1,felony,0,167,1,0,0,0,0
female,african-american,24,less than 25,3,3,1,0,low,2014-03-20,1,4,felony,1,420,1,0,0,0,0
female,caucasian,44,25 - 45,1,1,0,0,low,2014-03-18,0,0,misdemeanor,0,745,0,0,0,0,0
male,african-american,22,less than 25,7,8,1,0,medium,2013-08-03,1,2,felony,1,699,1,0,1,0,1
male,african-american,30,25 - 45,5,3,0,0,medium,2013-03-18,0,0,felony,0,1110,0,0,0,0,0
male,caucasian,32,25 - 45,1,1,1,0,low,2014-03-09,1,1,misdemeanor,1,194,1,0,0,0,0
male,caucasian,51,greater than 45,6,3,0,0,medium,2013-03-09,0,3,felony,16,497,0,0,0,0,0
male,african-american,21,less than 25,5,6,0,0,medium,2014-02-03,0,0,felony,2,788,0,0,0,0,0
male,african-american,21,less than 25,9,9,1,0,high,2013-08-28,1,2,felony,17,264,1,0,0,0,0
male,african-american,27,25 - 45,9,5,1,1,high,2013-01-02,1,3,felony,8,360,1,0,0,0,0
male,hispanic,28,25 - 45,4,2,0,0,low,2013-04-20,0,0,felony,0,1077,0,0,0,0,0
female,african-american,31,25 - 45,1,1,0,0,low,2013-10-28,0,0,felony,1,886,0,0,0,0,0
male,african-american,33,25 - 45,8,6,1,0,high,2014-01-19,1,0,misdemeanor,0,359,1,0,0,0,0
female,caucasian,49,greater than 45,2,1,0,0,low,2013-10-02,0,2,felony,0,912,0,0,0,0,0
female,other,41,25 - 45,3,3,0,0,low,2013-04-19,0,2,felony,15,568,0,0,0,0,0
male,caucasian,20,less than 25,4,7,0,0,low,2013-10-24,0,0,misdemeanor,0,890,0,0,0,5,5
male,african-american,31,25 - 45,6,2,1,0,medium,2013-01-20,1,10,felony,181,457,1,0,0,1,1
male,african-american,25,25 - 45,5,4,1,0,medium,2013-02-16,1,5,felony,48,240,1,0,0,0,0
male,african-american,23,less than 25,9,9,1,1,high,2013-04-08,1,4,felony,193,226,1,0,1,0,1
male,caucasian,26,25 - 45,4,3,0,0,low,2013-12-10,0,0,misdemeanor,2,843,0,0,0,0,0
male,caucasian,28,25 - 45,2,2,0,0,low,2013-03-23,0,1,misdemeanor,1,1105,0,0,0,0,0
male,caucasian,39,25 - 45,1,1,1,0,low,2013-10-18,1,0,felony,0,364,1,0,0,0,0
male,hispanic,59,greater than 45,2,1,1,0,low,2013-07-12,1,1,felony,0,217,1,0,0,0,0
male,african-american,52,greater than 45,1,1,0,0,low,2013-06-28,0,4,misdemeanor,0,1008,0,0,0,0,0
male,hispanic,36,25 - 45,5,3,0,0,medium,2013-12-16,0,1,misdemeanor,3,837,0,0,0,0,0
male,hispanic,54,greater than 45,5,1,0,0,medium,2013-06-24,0,5,felony,0,149,0,0,0,0,0
male,caucasian,32,25 - 45,3,2,1,0,low,2013-03-29,1,0,felony,0,500,1,0,0,0,0
male,african-american,54,greater than 45,6,2,0,0,medium,2013-10-07,0,3,misdemeanor,0,907,0,0,0,0,0
male,african-american,30,25 - 45,3,2,1,0,low,2013-08-30,1,2,felony,1,54,0,0,0,0,0
male,african-american,25,25 - 45,4,5,1,0,low,2013-01-27,1,2,misdemeanor,5,100,1,0,0,0,0
male,hispanic,26,25 - 45,5,4,1,0,medium,2013-05-08,1,1,felony,0,79,0,1,0,0,1
male,african-american,22,less than 25,4,4,0,0,low,2014-02-20,0,0,felony,0,771,0,0,0,0,0
male,african-american,61,greater than 45,2,1,1,0,low,2013-01-15,1,20,misdemeanor,30,58,1,0,0,0,0
male,caucasian,24,less than 25,6,5,0,0,medium,2013-05-04,0,2,felony,32,1063,0,0,0,2,2
male,african-american,32,25 - 45,8,8,0,0,high,2013-04-25,0,2,felony,0,1072,0,0,0,0,0
female,african-american,34,25 - 45,3,2,0,0,low,2013-04-30,0,6,felony,0,1067,0,0,0,0,0
male,african-american,45,greater than 45,8,6,1,0,high,2013-03-30,1,12,misdemeanor,3,106,0,1,0,0,1
male,african-american,54,greater than 45,3,1,1,0,low,2013-02-13,1,4,felony,1,58,0,0,0,0,0
male,african-american,51,greater than 45,5,1,0,0,medium,2013-05-05,0,8,misdemeanor,25,1062,0,0,0,0,0
male,african-american,28,25 - 45,2,3,0,0,low,2013-10-20,0,0,felony,0,894,0,0,0,0,0
male,caucasian,23,less than 25,2,5,0,0,low,2013-03-09,0,0,felony,1,1119,0,0,0,0,0
male,african-american,25,25 - 45,3,4,1,0,low,2013-09-06,1,0,misdemeanor,1,176,1,0,0,0,0
male,caucasian,25,25 - 45,5,3,0,0,medium,2013-01-30,0,2,felony,8,1157,0,0,0,0,0
male,caucasian,28,25 - 45,7,8,0,0,medium,2013-09-11,0,2,felony,0,104,0,0,0,0,0
female,african-american,32,25 - 45,1,1,1,1,low,2014-03-26,1,0,misdemeanor,0,241,1,0,0,0,0
male,african-american,35,25 - 45,4,3,0,0,low,2013-05-10,0,7,felony,28,1057,0,0,0,0,0
male,african-american,49,greater than 45,1,1,1,0,low,2014-02-15,1,0,misdemeanor,3,296,1,0,0,0,0
male,caucasian,36,25 - 45,3,2,1,0,low,2013-03-22,1,5,felony,0,61,1,0,0,0,0
male,african-american,33,25 - 45,9,9,1,1,high,2013-10-05,1,16,misdemeanor,33,141,1,0,0,0,0
male,other,30,25 - 45,1,2,0,0,low,2013-08-26,0,1,felony,1,949,0,0,0,0,0
female,caucasian,58,greater than 45,2,1,0,0,low,2013-06-24,0,1,misdemeanor,0,1012,0,0,0,0,0
male,african-american,22,less than 25,7,6,1,0,medium,2013-09-24,0,2,felony,14,598,0,0,0,0,0
male,caucasian,28,25 - 45,3,3,1,1,low,2013-01-25,1,2,felony,0,3,1,0,0,0,0
male,hispanic,28,25 - 45,1,2,1,0,low,2013-04-21,1,0,misdemeanor,0,47,1,0,0,0,0
female,caucasian,36,25 - 45,1,1,1,0,low,2014-02-26,1,3,felony,0,352,1,0,0,0,0
male,caucasian,23,less than 25,9,9,0,0,high,2013-04-07,0,0,felony,1,1090,0,0,0,0,0
male,african-american,22,less than 25,5,6,1,0,medium,2013-02-01,1,0,felony,1,140,1,0,0,0,0
male,african-american,25,25 - 45,9,6,1,0,high,2013-02-06,1,10,felony,0,410,1,0,1,0,1
male,african-american,26,25 - 45,3,3,0,0,low,2013-03-28,0,0,felony,1,1100,0,0,0,0,0
male,african-american,25,25 - 45,5,6,0,0,medium,2013-10-30,0,1,felony,0,884,0,0,0,0,0
male,native american,40,25 - 45,6,2,0,0,medium,2013-04-03,0,2,misdemeanor,0,1094,0,0,0,0,0
male,african-american,28,25 - 45,2,3,1,0,low,2013-05-08,1,0,misdemeanor,0,605,1,0,0,0,0
male,hispanic,40,25 - 45,2,2,0,0,low,2013-08-21,0,1,misdemeanor,0,954,0,0,0,0,0
male,african-american,56,greater than 45,1,1,0,0,low,2013-12-18,0,1,felony,0,835,0,0,0,0,0
male,caucasian,51,greater than 45,2,2,0,0,low,2013-09-20,0,3,felony,0,97,0,0,0,0,0
male,african-american,36,25 - 45,4,3,0,0,low,2013-04-13,0,0,felony,279,1084,0,0,0,0,0
male,caucasian,51,greater than 45,1,1,0,0,low,2013-03-11,0,0,misdemeanor,1,1117,0,0,0,0,0
male,caucasian,25,25 - 45,5,3,0,0,medium,2013-08-30,0,2,felony,0,945,0,0,0,0,0
male,african-american,22,less than 25,6,9,0,0,medium,2013-01-09,0,1,misdemeanor,0,1178,0,0,1,0,1
female,african-american,35,25 - 45,8,7,0,0,high,2013-04-21,0,9,felony,173,1076,0,2,0,0,2
male,caucasian,24,less than 25,5,4,1,0,medium,2013-01-16,1,0,misdemeanor,0,237,1,0,0,0,0
male,african-american,66,greater than 45,2,1,1,0,low,2013-06-18,1,5,misdemeanor,0,57,0,0,0,0,0
male,african-american,27,25 - 45,4,4,1,0,low,2013-02-27,1,6,misdemeanor,0,25,1,0,0,0,0
male,caucasian,22,less than 25,9,7,1,1,high,2013-03-01,1,2,felony,1,108,1,0,1,0,1
male,caucasian,43,25 - 45,1,1,0,0,low,2013-02-20,0,2,felony,0,1136,0,0,0,0,0
male,african-american,22,less than 25,6,7,0,0,medium,2013-08-07,0,2,felony,0,968,0,0,0,0,0
male,african-american,31,25 - 45,10,8,1,1,high,2013-02-06,1,4,misdemeanor,0,66,1,0,0,0,0
female,caucasian,23,less than 25,9,5,1,0,high,2013-11-09,1,4,misdemeanor,132,158,1,0,0,0,0
female,caucasian,27,25 - 45,2,2,1,0,low,2013-12-10,1,0,misdemeanor,0,89,1,0,0,0,0
male,african-american,31,25 - 45,9,5,1,0,high,2013-12-07,1,8,felony,0,38,1,0,0,0,0
male,african-american,61,greater than 45,8,5,1,0,high,2013-03-05,1,29,felony,0,88,0,0,0,0,0
male,caucasian,25,25 - 45,7,5,0,0,medium,2013-04-08,0,3,felony,7,1089,0,0,0,1,1
female,caucasian,52,greater than 45,1,1,0,0,low,2013-08-01,0,0,misdemeanor,0,974,0,0,0,0,0
male,hispanic,35,25 - 45,7,4,0,0,medium,2013-01-19,0,0,felony,0,1168,0,0,0,0,0
female,caucasian,24,less than 25,5,2,0,0,medium,2013-07-22,0,0,felony,0,171,0,0,0,0,0
male,african-american,50,greater than 45,10,5,1,0,high,2013-07-31,1,13,misdemeanor,0,160,0,1,0,0,1
male,other,57,greater than 45,1,1,0,0,low,2013-09-20,0,0,felony,7,924,0,0,0,0,0
male,caucasian,38,25 - 45,1,1,0,0,low,2013-09-07,0,2,felony,0,937,0,0,0,0,0
male,african-american,22,less than 25,3,5,0,0,low,2013-10-07,0,1,felony,0,907,0,0,0,0,0
male,hispanic,26,25 - 45,5,3,0,0,medium,2013-03-04,0,1,misdemeanor,0,1124,0,0,0,0,0
male,african-american,25,25 - 45,10,9,0,0,high,2013-10-25,0,8,felony,0,529,0,2,3,0,5
male,african-american,34,25 - 45,2,1,0,0,low,2013-10-14,0,2,felony,0,900,0,0,0,0,0
male,african-american,25,25 - 45,9,7,1,0,high,2013-10-01,1,11,misdemeanor,29,167,1,0,0,0,0
female,caucasian,24,less than 25,5,4,0,0,medium,2013-12-14,0,0,felony,0,203,0,0,0,0,0
male,other,24,less than 25,5,7,1,0,medium,2013-07-16,0,4,felony,0,970,1,0,0,0,0
male,caucasian,49,greater than 45,6,4,1,1,medium,2013-01-24,1,4,misdemeanor,17,169,1,0,0,0,0
male,african-american,28,25 - 45,5,3,1,0,medium,2013-10-24,1,10,felony,0,47,1,0,0,0,0
male,caucasian,55,greater than 45,5,1,0,0,medium,2013-02-05,0,0,felony,0,1151,0,0,0,0,0
male,caucasian,25,25 - 45,4,6,0,0,low,2013-10-04,0,1,felony,0,910,0,0,0,1,1
male,caucasian,47,greater than 45,3,2,1,0,low,2013-02-12,1,3,misdemeanor,12,209,1,0,0,0,0
male,african-american,22,less than 25,3,5,1,0,low,2013-01-11,1,0,felony,0,69,1,0,0,0,0
male,african-american,32,25 - 45,8,8,1,0,high,2013-08-01,0,9,felony,111,945,1,0,0,0,0
male,caucasian,55,greater than 45,1,1,1,0,low,2013-01-19,0,0,felony,0,1116,1,0,0,0,0
male,african-american,23,less than 25,5,6,0,0,medium,2013-08-15,0,3,misdemeanor,6,960,0,0,0,0,0
male,caucasian,54,greater than 45,4,2,1,1,low,2013-02-05,1,2,felony,0,262,1,0,0,0,0
male,asian,40,25 - 45,1,1,0,0,low,2013-04-04,0,0,felony,19,1093,0,0,0,0,0
male,african-american,27,25 - 45,2,3,1,1,low,2014-01-16,1,0,misdemeanor,0,449,1,0,0,0,0
male,caucasian,36,25 - 45,1,1,1,1,low,2013-06-28,1,4,misdemeanor,0,85,0,0,0,0,0
female,african-american,29,25 - 45,7,3,1,0,medium,2013-03-18,0,5,felony,1,1079,1,0,0,0,0
female,caucasian,45,greater than 45,1,1,0,0,low,2014-03-30,0,0,misdemeanor,0,733,0,0,0,0,0
male,other,25,25 - 45,6,6,0,0,medium,2013-05-21,0,2,misdemeanor,63,1046,0,0,0,0,0
male,caucasian,40,25 - 45,3,5,1,1,low,2013-11-12,1,4,felony,32,466,1,0,0,0,0
male,african-american,38,25 - 45,4,4,1,1,low,2013-08-25,1,7,felony,6,72,0,0,0,0,0
male,caucasian,57,greater than 45,4,2,0,0,low,2013-07-10,0,3,felony,0,996,0,0,0,0,0
female,african-american,37,25 - 45,1,1,0,0,low,2013-06-19,0,0,felony,0,1017,0,0,0,0,0
male,caucasian,41,25 - 45,1,1,0,0,low,2014-03-19,0,1,felony,0,744,0,0,0,0,0
female,other,33,25 - 45,2,1,0,0,low,2013-11-22,0,0,felony,0,415,0,0,0,0,0
male,african-american,57,greater than 45,1,1,0,0,low,2013-02-07,0,1,felony,0,1149,0,0,0,0,0
male,african-american,34,25 - 45,9,7,0,0,high,2013-02-09,0,3,misdemeanor,0,1067,0,0,0,0,0
male,african-american,29,25 - 45,4,5,1,1,low,2013-05-25,1,1,felony,0,337,1,0,0,0,0
male,hispanic,45,greater than 45,7,5,0,0,medium,2013-01-28,0,8,felony,1,1159,0,0,0,0,0
male,caucasian,22,less than 25,4,5,1,0,low,2013-01-25,0,1,felony,0,126,0,0,0,0,0
female,african-american,22,less than 25,8,9,1,0,high,2013-05-28,1,0,misdemeanor,0,379,1,0,0,0,0
male,african-american,42,25 - 45,9,5,1,0,high,2013-11-06,1,5,felony,0,186,0,0,1,0,1
male,african-american,21,less than 25,4,6,0,0,low,2014-02-15,0,0,misdemeanor,44,776,0,0,0,0,0
male,caucasian,56,greater than 45,1,1,0,0,low,2013-02-03,0,1,misdemeanor,0,1153,0,0,0,0,0
male,african-american,48,greater than 45,3,3,0,0,low,2013-01-04,0,4,felony,0,1183,0,0,0,0,0
male,hispanic,27,25 - 45,2,2,0,0,low,2014-03-09,0,1,misdemeanor,0,754,0,0,0,0,0
male,caucasian,27,25 - 45,6,3,1,0,medium,2013-11-20,1,2,felony,6,77,1,0,0,0,0
male,hispanic,34,25 - 45,2,2,0,0,low,2013-09-24,0,1,felony,3,358,0,0,0,0,0
male,african-american,47,greater than 45,5,9,1,0,medium,2013-11-30,1,3,felony,11,37,1,0,0,0,0
male,african-american,33,25 - 45,3,3,1,1,low,2013-01-27,1,6,misdemeanor,1,500,1,0,1,0,1
male,caucasian,58,greater than 45,1,1,0,0,low,2013-03-30,0,1,felony,1,1098,0,0,0,0,0
female,african-american,33,25 - 45,5,2,0,0,medium,2013-07-22,0,1,felony,0,984,0,0,0,0,0
female,african-american,40,25 - 45,5,1,0,0,medium,2013-01-28,0,2,misdemeanor,100,1159,0,0,0,0,0
male,caucasian,22,less than 25,5,6,1,1,medium,2013-02-19,0,0,felony,1,885,1,0,0,0,0
male,caucasian,39,25 - 45,3,1,0,0,low,2013-03-15,0,2,felony,7,473,0,0,0,0,0
male,other,30,25 - 45,8,4,0,0,high,2014-03-31,0,2,felony,0,732,0,0,0,0,0
female,african-american,23,less than 25,8,7,1,0,high,2013-05-29,0,3,felony,0,187,0,0,0,0,0
male,caucasian,35,25 - 45,1,1,0,0,low,2013-05-27,0,1,felony,0,1040,0,0,0,1,1
male,hispanic,22,less than 25,2,5,0,0,low,2013-05-07,0,0,misdemeanor,0,1060,0,0,0,0,0
male,african-american,43,25 - 45,6,7,1,0,medium,2014-02-26,1,7,felony,1,88,1,0,0,0,0
male,hispanic,37,25 - 45,4,3,0,0,low,2013-08-10,0,4,misdemeanor,0,965,0,0,0,0,0
male,african-american,38,25 - 45,8,4,0,0,high,2014-02-12,0,14,felony,0,779,0,1,0,4,5
male,african-american,26,25 - 45,8,8,1,0,high,2013-04-26,1,2,felony,0,36,1,0,0,0,0
male,hispanic,60,greater than 45,4,1,0,0,low,2014-03-30,0,0,felony,0,733,0,0,0,0,0
female,caucasian,39,25 - 45,4,4,0,0,low,2014-01-23,0,1,felony,6,799,0,0,0,0,0
male,african-american,25,25 - 45,4,3,0,0,low,2013-05-30,0,1,misdemeanor,0,735,0,0,0,0,0
male,caucasian,21,less than 25,4,7,1,0,low,2013-05-27,1,0,misdemeanor,0,229,0,0,0,0,0
female,other,70,greater than 45,1,1,0,0,low,2013-04-19,0,0,felony,0,1078,0,0,0,0,0
male,african-american,25,25 - 45,9,5,1,0,high,2013-02-15,1,3,misdemeanor,0,392,1,0,0,0,0
male,african-american,53,greater than 45,2,2,1,0,low,2013-08-13,0,6,felony,0,808,1,0,0,0,0
male,caucasian,37,25 - 45,6,3,0,0,medium,2013-03-05,0,0,felony,0,288,0,0,0,0,0
male,african-american,21,less than 25,6,6,1,0,medium,2014-01-08,1,1,felony,1,205,1,0,0,0,0
male,african-american,28,25 - 45,6,4,0,0,medium,2013-10-28,0,1,felony,0,886,0,0,0,0,0
male,african-american,21,less than 25,6,7,0,0,medium,2013-02-20,0,1,felony,156,1136,0,0,0,0,0
male,african-american,32,25 - 45,10,10,0,0,high,2013-09-11,0,2,felony,0,933,0,0,0,0,0
male,african-american,56,greater than 45,1,2,0,0,low,2013-05-01,0,0,felony,5,1066,0,0,0,0,0
male,caucasian,30,25 - 45,3,2,0,0,low,2014-03-09,0,3,misdemeanor,0,754,0,0,0,0,0
male,caucasian,27,25 - 45,8,5,1,0,high,2014-02-10,1,0,felony,46,296,0,0,0,0,0
male,hispanic,37,25 - 45,2,2,1,0,low,2013-04-25,1,6,felony,0,138,1,0,0,0,0
male,african-american,27,25 - 45,8,9,0,0,high,2013-02-02,0,1,felony,1,1061,0,0,0,0,0
male,african-american,41,25 - 45,7,3,1,1,medium,2013-10-31,1,7,misdemeanor,1,105,1,0,0,1,1
male,african-american,32,25 - 45,8,6,1,1,high,2014-03-04,1,7,felony,0,44,0,0,1,3,4
male,caucasian,26,25 - 45,5,3,0,0,medium,2014-02-26,0,7,felony,0,765,0,0,0,0,0
male,african-american,31,25 - 45,4,2,0,0,low,2013-02-20,0,0,misdemeanor,0,1136,0,0,0,0,0
male,african-american,32,25 - 45,4,5,0,0,low,2013-04-01,0,3,felony,0,763,0,0,0,0,0
male,african-american,46,greater than 45,1,1,0,0,low,2013-05-13,0,3,felony,1,1054,0,0,0,0,0
male,african-american,32,25 - 45,6,7,1,0,medium,2013-01-24,1,7,felony,50,282,0,0,0,1,1
male,caucasian,43,25 - 45,4,1,1,0,low,2013-11-02,1,6,felony,9,17,1,0,0,0,0
male,caucasian,50,greater than 45,2,1,0,0,low,2013-11-23,0,3,felony,11,860,0,0,0,0,0
male,caucasian,30,25 - 45,4,4,1,0,low,2013-03-10,1,4,felony,96,370,1,3,0,0,3
male,african-american,37,25 - 45,7,3,0,0,medium,2013-05-24,0,3,misdemeanor,0,1043,0,0,0,0,0
male,african-american,31,25 - 45,9,7,1,0,high,2013-08-21,1,12,felony,0,82,1,1,1,1,3
male,hispanic,37,25 - 45,5,1,0,0,medium,2014-02-25,0,1,felony,2,766,0,0,0,0,0
male,caucasian,21,less than 25,6,9,0,0,medium,2013-05-15,0,1,felony,0,296,0,0,0,0,0
male,hispanic,75,greater than 45,1,1,0,0,low,2013-08-05,0,1,felony,0,970,0,0,0,0,0
male,caucasian,40,25 - 45,4,3,0,0,low,2014-01-10,0,3,misdemeanor,40,812,0,0,0,0,0
female,caucasian,53,greater than 45,1,1,0,0,low,2013-01-18,0,0,misdemeanor,0,1169,0,0,0,0,0
male,other,31,25 - 45,2,2,1,0,low,2013-11-01,1,6,misdemeanor,0,190,1,0,0,0,0
male,african-american,33,25 - 45,3,1,0,0,low,2014-03-23,0,4,misdemeanor,0,740,0,0,0,0,0
male,african-american,23,less than 25,6,5,1,0,medium,2013-01-17,1,2,felony,0,418,0,1,0,0,1
female,african-american,22,less than 25,4,5,0,0,low,2013-10-07,0,0,misdemeanor,0,907,0,0,0,0,0
male,african-american,27,25 - 45,3,3,1,0,low,2013-08-01,1,2,misdemeanor,0,274,1,0,0,0,0
male,african-american,25,25 - 45,8,6,1,1,high,2013-09-12,1,5,misdemeanor,3,62,1,0,0,0,0
male,caucasian,24,less than 25,2,4,0,0,low,2013-09-12,0,2,felony,0,932,0,0,0,0,0
female,african-american,24,less than 25,5,4,1,0,medium,2013-08-25,1,2,felony,3,460,1,0,0,0,0
female,african-american,26,25 - 45,7,6,0,0,medium,2013-02-09,0,1,felony,2,1147,0,0,0,0,0
male,african-american,56,greater than 45,4,2,0,0,low,2013-02-28,0,9,felony,0,1128,0,0,0,0,0
male,caucasian,20,less than 25,4,7,1,0,low,2013-11-13,1,0,felony,1,397,1,0,0,0,0
male,african-american,27,25 - 45,6,5,1,0,medium,2013-05-28,1,4,misdemeanor,0,190,1,0,0,0,0
male,caucasian,24,less than 25,3,4,1,1,low,2013-12-15,1,1,felony,0,25,1,0,0,0,0
male,african-american,26,25 - 45,7,5,1,0,medium,2013-08-30,1,8,felony,1,702,0,0,0,0,0
male,caucasian,26,25 - 45,5,6,0,0,medium,2013-11-21,0,5,misdemeanor,5,862,0,0,0,0,0
male,caucasian,65,greater than 45,6,1,0,0,medium,2013-01-18,0,3,felony,0,1169,0,0,0,0,0
male,african-american,64,greater than 45,6,2,0,0,medium,2013-09-17,0,13,misdemeanor,0,927,0,0,0,0,0
male,caucasian,24,less than 25,2,3,0,0,low,2014-02-06,0,0,felony,0,201,0,0,0,0,0
male,african-american,35,25 - 45,6,8,0,0,medium,2013-09-27,0,29,felony,0,905,0,0,0,0,0
female,caucasian,57,greater than 45,1,1,0,0,low,2013-02-27,0,0,misdemeanor,0,1129,0,0,0,0,0
female,caucasian,46,greater than 45,1,1,0,0,low,2013-05-27,0,0,misdemeanor,1,14,0,0,0,0,0
male,african-american,56,greater than 45,5,2,0,0,medium,2013-02-17,0,16,felony,0,431,0,0,0,0,0
female,caucasian,39,25 - 45,2,1,0,0,low,2013-11-08,0,0,misdemeanor,0,875,0,0,0,0,0
male,caucasian,68,greater than 45,1,1,0,0,low,2014-02-10,0,4,misdemeanor,10,781,0,0,0,0,0
female,african-american,22,less than 25,9,6,1,0,high,2013-09-19,1,5,felony,0,140,1,0,0,0,0
male,african-american,28,25 - 45,3,3,1,1,low,2013-12-27,1,1,misdemeanor,0,332,1,0,0,0,0
male,african-american,39,25 - 45,6,1,1,0,medium,2014-01-10,1,19,misdemeanor,0,1,0,0,0,0,0
male,caucasian,38,25 - 45,1,1,0,0,low,2013-08-28,0,0,misdemeanor,0,947,0,0,0,0,0
female,african-american,25,25 - 45,10,8,0,0,high,2014-01-27,0,3,misdemeanor,0,795,0,0,0,0,0
male,caucasian,25,25 - 45,5,4,0,0,medium,2013-01-04,0,2,felony,1,81,0,0,0,1,1
male,african-american,21,less than 25,7,6,1,0,medium,2014-01-27,1,3,felony,9,35,1,0,0,0,0
male,caucasian,31,25 - 45,5,5,0,0,medium,2013-03-19,0,2,felony,16,1109,0,0,0,0,0
male,african-american,33,25 - 45,6,2,1,0,medium,2013-01-11,1,3,felony,6,125,1,0,0,0,0
male,african-american,31,25 - 45,7,4,0,0,medium,2013-03-26,0,2,felony,0,1102,0,0,0,0,0
female,african-american,35,25 - 45,8,5,0,0,high,2013-03-13,0,13,felony,2,1115,0,0,0,0,0
male,african-american,34,25 - 45,8,4,0,0,high,2013-12-13,0,19,misdemeanor,0,840,0,0,6,1,7
male,other,41,25 - 45,9,5,1,0,high,2013-01-29,1,31,felony,242,308,1,0,0,0,0
male,other,57,greater than 45,1,1,0,0,low,2013-03-05,0,0,misdemeanor,0,1123,0,0,0,0,0
female,african-american,42,25 - 45,2,1,0,0,low,2013-10-22,0,1,felony,0,892,0,0,0,0,0
male,african-american,26,25 - 45,10,6,1,0,high,2013-02-23,1,9,felony,1,248,1,1,2,0,3
male,caucasian,24,less than 25,9,8,0,0,high,2014-03-25,0,1,felony,0,738,0,0,0,0,0
male,caucasian,27,25 - 45,2,3,0,0,low,2013-08-04,0,0,felony,0,971,0,0,0,0,0
female,other,58,greater than 45,1,1,1,0,low,2013-10-11,1,0,felony,0,77,0,0,0,0,0
male,caucasian,45,greater than 45,1,1,1,0,low,2013-09-24,1,3,felony,0,175,1,0,0,0,0
male,caucasian,34,25 - 45,2,2,1,0,low,2013-02-02,0,5,felony,1,303,0,0,0,0,0
male,hispanic,50,greater than 45,1,1,0,0,low,2013-02-04,0,0,misdemeanor,0,1152,0,0,0,0,0
male,hispanic,39,25 - 45,3,1,0,0,low,2013-01-28,0,2,misdemeanor,0,1159,0,0,0,0,0
male,african-american,27,25 - 45,7,6,0,0,medium,2013-01-03,0,2,felony,82,874,0,0,0,0,0
male,african-american,25,25 - 45,3,3,0,0,low,2013-05-23,0,3,felony,0,1044,0,0,0,0,0
male,caucasian,30,25 - 45,4,4,1,0,low,2013-02-07,1,2,misdemeanor,0,356,0,0,0,1,1
male,caucasian,22,less than 25,8,6,1,0,high,2013-05-08,1,3,felony,0,228,1,0,2,0,2
male,african-american,27,25 - 45,5,6,0,0,medium,2013-01-31,0,0,felony,0,485,0,0,0,0,0
male,caucasian,30,25 - 45,1,2,0,0,low,2013-01-19,0,0,felony,0,1168,0,0,0,0,0
male,african-american,24,less than 25,8,7,1,0,high,2013-02-02,0,3,felony,75,445,0,0,0,0,0
male,african-american,39,25 - 45,1,1,1,1,low,2013-05-12,0,0,misdemeanor,0,946,1,0,0,0,0
male,african-american,32,25 - 45,6,4,1,1,medium,2013-05-25,1,6,felony,0,55,1,0,0,0,0
female,african-american,32,25 - 45,2,2,1,0,low,2013-08-23,1,3,felony,0,69,1,0,0,0,0
male,african-american,26,25 - 45,10,7,1,1,high,2013-03-01,1,24,felony,0,223,0,0,1,0,1
male,other,30,25 - 45,1,2,0,0,low,2013-02-02,0,2,felony,0,1154,0,0,0,0,0
male,african-american,20,less than 25,10,7,1,1,high,2013-12-05,1,4,felony,0,13,1,1,1,1,3
male,african-american,25,25 - 45,5,5,1,0,medium,2013-12-21,1,0,misdemeanor,0,62,1,0,0,0,0
male,caucasian,41,25 - 45,1,1,1,0,low,2014-02-04,1,0,felony,0,32,0,0,0,0,0
male,caucasian,25,25 - 45,3,4,0,0,low,2013-03-20,0,0,felony,0,1058,0,0,0,0,0
male,african-american,25,25 - 45,5,5,1,1,medium,2013-02-11,1,2,felony,0,95,1,0,0,0,0
male,african-american,22,less than 25,4,5,1,0,low,2013-11-01,1,1,felony,0,246,1,0,0,0,0
female,african-american,25,25 - 45,7,5,0,0,medium,2013-08-22,0,0,felony,4,953,0,0,0,0,0
male,african-american,38,25 - 45,2,1,0,0,low,2013-03-28,0,0,misdemeanor,1,1100,0,0,0,0,0
male,hispanic,40,25 - 45,5,1,0,0,medium,2013-09-22,0,0,felony,65,922,0,0,0,0,0
female,caucasian,49,greater than 45,2,1,0,0,low,2013-10-30,0,4,misdemeanor,3,884,0,0,0,0,0
female,caucasian,35,25 - 45,3,1,0,0,low,2013-08-05,0,2,misdemeanor,0,44,0,0,0,0,0
male,native american,21,less than 25,6,7,1,0,medium,2013-09-05,1,0,misdemeanor,0,455,1,0,0,1,1
male,other,25,25 - 45,4,3,0,0,low,2013-12-20,0,0,felony,1,833,0,0,0,0,0
male,caucasian,21,less than 25,4,6,0,0,low,2013-12-25,0,1,felony,0,308,0,0,0,0,0
female,caucasian,24,less than 25,4,3,0,0,low,2013-10-07,0,2,felony,0,907,0,0,0,0,0
male,hispanic,45,greater than 45,3,3,0,0,low,2013-04-30,0,1,felony,0,1067,0,0,0,0,0
female,african-american,24,less than 25,9,8,1,0,high,2013-09-04,1,11,misdemeanor,76,692,1,0,0,1,1
male,caucasian,28,25 - 45,3,2,0,0,low,2013-05-22,0,3,felony,50,1045,0,0,0,0,0
female,african-american,34,25 - 45,9,7,0,0,high,2013-01-30,0,1,misdemeanor,0,148,0,0,0,0,0
male,african-american,34,25 - 45,6,3,1,0,medium,2013-08-16,1,4,felony,0,243,1,0,0,0,0
male,african-american,57,greater than 45,7,5,1,1,medium,2013-03-24,0,8,misdemeanor,4,882,1,0,0,0,0
male,african-american,40,25 - 45,9,7,1,1,high,2013-02-02,1,15,felony,71,203,1,0,0,0,0
male,african-american,37,25 - 45,6,5,1,0,medium,2013-02-17,1,3,misdemeanor,0,394,1,0,0,0,0
female,african-american,43,25 - 45,6,1,0,0,medium,2013-11-24,0,0,felony,0,225,0,0,0,0,0
male,african-american,26,25 - 45,7,8,1,0,medium,2013-09-21,1,5,felony,0,291,1,0,0,0,0
male,caucasian,24,less than 25,3,5,1,0,low,2013-02-26,1,2,felony,0,52,1,0,0,0,0
male,african-american,23,less than 25,7,7,0,0,medium,2013-08-10,0,1,felony,0,965,0,0,0,0,0
male,caucasian,56,greater than 45,1,1,1,0,low,2014-01-16,1,1,felony,0,51,1,0,0,0,0
male,african-american,23,less than 25,7,6,1,0,medium,2013-02-14,1,2,felony,1,85,1,0,0,1,1
male,caucasian,43,25 - 45,6,3,0,0,medium,2013-10-23,0,12,felony,51,891,0,0,0,0,0
male,asian,32,25 - 45,1,1,0,0,low,2013-09-12,0,0,misdemeanor,0,932,0,0,0,0,0
male,african-american,21,less than 25,9,9,1,1,high,2013-12-31,1,0,felony,1,251,1,0,0,0,0
male,african-american,51,greater than 45,3,1,0,0,low,2013-09-09,0,2,felony,24,86,0,0,0,0,0
male,african-american,20,less than 25,10,10,1,1,high,2014-03-27,1,0,misdemeanor,11,274,1,0,0,0,0
male,caucasian,39,25 - 45,1,2,0,0,low,2013-12-04,0,1,felony,0,849,0,0,0,0,0
male,hispanic,58,greater than 45,1,1,0,0,low,2014-03-05,0,1,misdemeanor,0,758,0,0,0,0,0
female,other,28,25 - 45,2,2,0,0,low,2013-05-14,0,1,felony,0,1053,0,0,0,1,1
female,african-american,30,25 - 45,3,2,0,0,low,2013-08-29,0,2,misdemeanor,0,946,0,0,0,0,0
male,caucasian,28,25 - 45,6,3,1,0,medium,2014-02-01,1,4,misdemeanor,0,670,1,1,1,1,3
male,african-american,29,25 - 45,6,3,1,0,medium,2013-04-12,1,6,felony,0,108,0,0,0,0,0
female,caucasian,24,less than 25,10,8,1,0,high,2013-04-10,1,9,misdemeanor,8,11,1,0,0,0,0
male,african-american,22,less than 25,9,9,1,1,high,2013-03-23,1,1,felony,38,123,0,0,0,0,0
female,african-american,27,25 - 45,4,3,1,0,low,2013-10-07,1,3,felony,0,221,1,0,0,0,0
male,caucasian,50,greater than 45,2,2,0,0,low,2013-04-03,0,1,felony,0,1094,0,0,0,0,0
male,african-american,30,25 - 45,9,8,1,0,high,2013-02-28,0,5,misdemeanor,0,723,0,0,0,0,0
male,hispanic,26,25 - 45,1,2,0,0,low,2014-02-11,0,2,misdemeanor,0,780,0,0,0,1,1
female,caucasian,51,greater than 45,5,1,0,0,medium,2013-01-27,0,0,felony,1,1160,0,0,0,0,0
male,african-american,21,less than 25,7,7,0,0,medium,2013-02-24,0,1,felony,3,1132,0,0,0,0,0
male,caucasian,29,25 - 45,2,3,1,1,low,2013-02-26,1,0,felony,0,401,1,0,0,0,0
male,caucasian,43,25 - 45,4,2,0,0,low,2014-02-19,0,0,misdemeanor,0,772,0,0,0,0,0
male,african-american,22,less than 25,4,6,0,0,low,2013-04-20,0,1,felony,2,289,0,0,0,0,0
male,african-american,52,greater than 45,7,7,1,0,medium,2013-02-04,1,0,felony,4,53,1,0,0,0,0
male,african-american,36,25 - 45,1,1,0,0,low,2013-04-27,0,0,felony,1,1070,0,0,0,0,0
male,african-american,24,less than 25,2,3,0,0,low,2013-12-12,0,0,felony,0,841,0,0,0,0,0
male,african-american,26,25 - 45,6,7,0,0,medium,2013-09-04,0,5,felony,0,940,0,0,1,0,1
male,african-american,27,25 - 45,8,7,1,0,high,2013-01-12,0,8,misdemeanor,0,381,0,0,0,0,0
male,caucasian,26,25 - 45,5,3,0,0,medium,2013-04-29,0,2,felony,0,1068,0,0,0,0,0
male,african-american,24,less than 25,4,5,0,0,low,2013-08-23,0,1,felony,0,952,0,0,0,0,0
female,african-american,29,25 - 45,4,2,0,0,low,2013-04-08,0,0,felony,0,1089,0,0,0,0,0
male,african-american,34,25 - 45,6,2,0,0,medium,2013-08-09,0,5,felony,0,966,0,1,0,0,1
male,other,23,less than 25,4,5,1,0,low,2013-02-06,0,2,felony,1,79,0,0,0,0,0
male,other,26,25 - 45,5,4,1,0,medium,2013-05-10,1,0,felony,0,579,1,0,0,0,0
female,african-american,29,25 - 45,2,2,0,0,low,2013-08-02,0,1,misdemeanor,0,973,0,0,0,0,0
male,african-american,24,less than 25,5,5,1,0,medium,2013-02-01,0,1,felony,1,835,1,0,0,0,0
male,hispanic,31,25 - 45,8,8,1,0,high,2013-08-15,1,1,felony,16,80,1,0,0,0,0
male,caucasian,50,greater than 45,1,1,0,0,low,2014-03-17,0,0,felony,0,746,0,0,0,0,0
female,african-american,24,less than 25,7,5,1,0,medium,2013-03-11,0,0,misdemeanor,0,904,1,0,0,0,0
female,african-american,31,25 - 45,3,1,0,0,low,2014-02-17,0,0,felony,0,253,0,0,0,0,0
male,african-american,36,25 - 45,9,5,1,0,high,2013-10-23,1,13,felony,1,261,1,0,0,0,0
male,african-american,32,25 - 45,9,8,1,0,high,2013-02-25,1,13,misdemeanor,38,56,1,0,0,0,0
male,caucasian,63,greater than 45,1,1,0,0,low,2013-02-20,0,1,misdemeanor,0,1136,0,0,0,0,0
male,african-american,42,25 - 45,2,2,1,0,low,2013-09-13,1,1,misdemeanor,0,183,1,0,0,0,0
male,african-american,22,less than 25,7,7,0,0,medium,2013-01-09,0,0,felony,0,320,0,0,0,0,0
male,african-american,26,25 - 45,7,6,1,0,medium,2013-09-26,1,5,felony,26,173,1,0,0,0,0
male,african-american,26,25 - 45,8,7,1,0,high,2013-04-02,1,10,felony,0,77,1,0,0,0,0
male,african-american,23,less than 25,6,5,1,0,medium,2013-07-18,1,2,felony,0,267,0,0,1,2,3
male,caucasian,22,less than 25,3,6,0,0,low,2013-03-06,0,0,felony,0,1122,0,0,0,0,0
male,caucasian,27,25 - 45,2,3,0,0,low,2013-03-23,0,0,misdemeanor,1,1105,0,0,0,0,0
female,other,21,less than 25,4,5,0,0,low,2013-08-30,0,0,misdemeanor,0,945,0,0,0,0,0
male,caucasian,80,greater than 45,1,1,0,0,low,2013-03-18,0,0,misdemeanor,0,1110,0,0,0,0,0
male,caucasian,58,greater than 45,1,1,0,0,low,2013-08-28,0,1,misdemeanor,0,947,0,0,0,0,0
male,african-american,68,greater than 45,4,1,0,0,low,2013-09-22,0,6,misdemeanor,2,640,0,0,0,0,0
male,african-american,23,less than 25,8,5,0,0,high,2013-02-12,0,1,felony,2,137,0,0,0,0,0
male,caucasian,24,less than 25,10,7,0,0,high,2013-03-31,0,0,felony,15,102,0,0,0,0,0
male,caucasian,41,25 - 45,1,1,0,0,low,2014-03-25,0,2,felony,0,738,0,0,0,0,0
male,caucasian,21,less than 25,8,7,1,1,high,2013-04-10,1,0,felony,0,89,1,0,0,1,1
female,african-american,30,25 - 45,7,5,1,0,medium,2013-04-21,1,8,felony,44,103,1,0,0,0,0
male,hispanic,39,25 - 45,1,1,1,1,low,2013-12-28,1,0,misdemeanor,0,283,1,0,0,0,0
male,caucasian,36,25 - 45,5,1,0,0,medium,2013-09-15,0,1,felony,0,929,0,0,0,0,0
male,african-american,21,less than 25,8,7,1,1,high,2013-12-19,1,0,felony,33,125,0,0,0,0,0
female,african-american,31,25 - 45,5,3,0,0,medium,2013-02-02,0,1,misdemeanor,0,1154,0,0,0,0,0
female,african-american,20,less than 25,6,6,1,0,medium,2013-11-15,1,0,felony,1,643,1,0,0,0,0
male,caucasian,49,greater than 45,8,3,1,1,high,2013-02-19,0,4,misdemeanor,0,1048,1,0,0,0,0
male,caucasian,24,less than 25,9,7,0,0,high,2013-10-20,0,0,felony,2,894,0,0,0,0,0
male,african-american,20,less than 25,8,7,1,0,high,2014-02-28,1,0,felony,0,5,1,0,0,0,0
male,caucasian,44,25 - 45,1,1,1,0,low,2013-10-21,0,1,misdemeanor,0,771,1,0,0,0,0
female,african-american,25,25 - 45,3,4,0,0,low,2013-09-04,0,1,felony,0,211,0,0,0,0,0
male,african-american,25,25 - 45,2,3,0,0,low,2013-12-06,0,1,felony,0,360,0,0,0,0,0
male,hispanic,44,25 - 45,1,1,0,0,low,2013-10-21,0,0,misdemeanor,0,893,0,0,0,0,0
male,african-american,33,25 - 45,1,1,0,0,low,2013-05-07,0,0,felony,0,1060,0,0,0,0,0
male,caucasian,44,25 - 45,5,1,0,0,medium,2013-03-26,0,3,felony,0,316,0,0,0,0,0
male,african-american,35,25 - 45,8,6,1,0,high,2014-03-18,1,0,misdemeanor,56,727,1,0,0,0,0
female,african-american,41,25 - 45,1,1,0,0,low,2013-03-23,0,0,misdemeanor,1,1105,0,0,0,0,0
male,african-american,30,25 - 45,5,2,0,0,medium,2013-02-20,0,1,felony,21,1136,0,0,0,0,0
female,caucasian,23,less than 25,6,5,0,0,medium,2013-03-10,0,0,misdemeanor,0,1118,0,0,0,0,0
male,african-american,36,25 - 45,2,1,1,0,low,2014-03-07,1,7,felony,1,25,1,0,0,0,0
female,hispanic,32,25 - 45,2,1,0,0,low,2013-09-09,0,0,felony,0,935,0,0,0,0,0
male,caucasian,26,25 - 45,4,4,0,0,low,2013-07-09,0,2,felony,0,997,0,0,0,0,0
male,caucasian,23,less than 25,3,5,1,0,low,2013-01-15,1,0,misdemeanor,0,132,1,0,0,0,0
female,african-american,43,25 - 45,9,7,0,0,high,2014-01-02,0,9,misdemeanor,1,820,0,0,0,1,1
male,african-american,30,25 - 45,2,2,1,0,low,2013-02-14,1,3,felony,1,17,1,0,0,0,0
male,caucasian,44,25 - 45,1,2,1,0,low,2013-07-01,1,1,felony,0,49,1,0,0,0,0
male,african-american,37,25 - 45,3,1,1,0,low,2013-01-10,1,1,felony,0,71,1,0,0,0,0
male,caucasian,39,25 - 45,1,1,0,0,low,2014-01-28,0,1,felony,0,211,0,0,0,0,0
male,hispanic,37,25 - 45,1,1,1,0,low,2013-08-04,1,2,felony,1,96,1,0,0,0,0
female,african-american,49,greater than 45,1,1,0,0,low,2013-10-30,0,1,felony,0,884,0,0,0,0,0
male,african-american,31,25 - 45,8,4,1,0,high,2013-03-29,1,6,felony,0,40,1,0,0,0,0
male,caucasian,63,greater than 45,1,1,0,0,low,2013-03-02,0,5,misdemeanor,3,56,0,0,0,0,0
female,african-american,66,greater than 45,8,2,1,0,high,2013-12-14,1,11,felony,5,490,1,0,0,0,0
male,caucasian,24,less than 25,5,4,0,0,medium,2013-05-09,0,3,felony,0,1058,0,0,0,2,2
male,caucasian,21,less than 25,10,8,1,0,high,2013-02-16,0,2,misdemeanor,27,475,0,1,0,3,4
female,caucasian,48,greater than 45,2,1,0,0,low,2013-05-25,0,0,felony,1,236,0,0,0,0,0
male,african-american,37,25 - 45,1,1,0,0,low,2013-05-03,0,0,felony,12,1064,0,0,0,0,0
male,african-american,21,less than 25,2,5,1,0,low,2014-03-07,1,0,misdemeanor,0,53,1,0,0,0,0
female,other,20,less than 25,5,7,0,0,medium,2014-02-27,0,0,misdemeanor,0,764,0,0,0,0,0
female,caucasian,64,greater than 45,1,1,0,0,low,2013-08-20,0,0,misdemeanor,0,955,0,0,0,0,0
male,caucasian,22,less than 25,6,5,0,0,medium,2013-02-11,0,0,misdemeanor,1,1145,0,0,0,0,0
male,caucasian,43,25 - 45,3,1,0,0,low,2013-01-13,0,8,felony,1,1174,0,0,0,0,0
male,caucasian,25,25 - 45,7,3,1,0,medium,2013-02-20,1,3,felony,0,48,1,0,0,0,0
male,caucasian,33,25 - 45,9,8,0,0,high,2013-05-07,0,10,felony,118,1060,0,0,0,0,0
male,african-american,26,25 - 45,6,6,0,0,medium,2013-08-22,0,1,felony,0,953,0,0,0,0,0
female,caucasian,33,25 - 45,3,2,0,0,low,2013-01-22,0,1,misdemeanor,0,1165,0,0,0,0,0
male,caucasian,25,25 - 45,3,3,0,0,low,2014-02-28,0,3,felony,0,763,0,0,0,0,0
female,african-american,30,25 - 45,6,5,0,0,medium,2013-07-09,0,3,misdemeanor,0,997,0,0,0,0,0
female,african-american,20,less than 25,5,7,1,0,medium,2013-08-15,0,3,misdemeanor,0,903,1,0,3,0,3
male,african-american,44,25 - 45,1,1,0,0,low,2013-03-21,0,0,felony,1,1107,0,0,0,0,0
male,african-american,31,25 - 45,2,2,0,0,low,2014-02-02,0,0,felony,1,442,0,0,0,0,0
male,caucasian,50,greater than 45,6,4,1,0,medium,2013-10-30,1,9,misdemeanor,0,174,1,0,0,0,0
male,african-american,33,25 - 45,9,6,1,0,high,2013-01-13,1,16,felony,5,155,0,0,2,2,4
female,caucasian,50,greater than 45,1,1,0,0,low,2013-02-13,0,1,misdemeanor,0,1143,0,0,0,0,0
male,african-american,31,25 - 45,10,6,1,0,high,2013-09-13,1,1,felony,0,190,1,0,0,0,0
female,hispanic,25,25 - 45,3,3,0,0,low,2013-04-29,0,0,misdemeanor,0,1068,0,0,0,0,0
female,african-american,43,25 - 45,2,1,0,0,low,2014-01-08,0,2,misdemeanor,0,814,0,0,0,0,0
female,caucasian,51,greater than 45,8,3,1,0,high,2013-03-04,1,2,felony,0,109,0,0,0,0,0
male,other,34,25 - 45,1,1,0,0,low,2013-12-27,0,2,misdemeanor,0,826,0,0,0,0,0
male,other,44,25 - 45,1,1,0,0,low,2013-05-13,0,0,felony,4,1054,0,0,0,0,0
male,african-american,31,25 - 45,10,5,1,0,high,2013-04-02,1,6,misdemeanor,0,29,0,0,0,0,0
male,hispanic,30,25 - 45,4,6,1,1,low,2013-06-10,1,14,felony,0,462,1,0,1,0,1
male,african-american,26,25 - 45,3,4,1,0,low,2013-04-23,1,2,felony,147,370,1,0,0,0,0
male,african-american,20,less than 25,9,9,1,0,high,2013-10-22,1,4,felony,1,68,0,2,2,0,4
female,hispanic,55,greater than 45,1,1,0,0,low,2014-01-21,0,0,misdemeanor,0,801,0,0,0,0,0
male,african-american,29,25 - 45,2,2,0,0,low,2014-02-07,0,6,felony,0,784,0,3,0,0,3
male,other,31,25 - 45,1,1,0,0,low,2013-08-15,0,0,misdemeanor,0,960,0,0,0,0,0
male,other,52,greater than 45,1,1,0,0,low,2013-03-12,0,0,felony,0,1116,0,0,0,0,0
male,caucasian,59,greater than 45,1,1,0,0,low,2013-03-25,0,0,misdemeanor,0,449,0,0,0,0,0
male,african-american,49,greater than 45,1,1,1,1,low,2013-04-24,1,1,misdemeanor,0,410,1,0,0,0,0
male,caucasian,36,25 - 45,6,4,1,1,medium,2013-05-06,1,11,misdemeanor,1,41,1,0,0,0,0
female,african-american,23,less than 25,3,4,0,0,low,2013-11-07,0,1,felony,0,876,0,0,0,0,0
male,caucasian,59,greater than 45,1,1,1,0,low,2013-08-20,1,2,misdemeanor,6,245,1,0,0,0,0
male,hispanic,51,greater than 45,1,1,0,0,low,2013-10-21,0,1,felony,0,893,0,0,0,0,0
male,african-american,34,25 - 45,1,2,0,0,low,2013-03-31,0,0,felony,0,1097,0,0,0,0,0
male,other,32,25 - 45,1,1,0,0,low,2013-11-18,0,0,felony,0,865,0,0,0,0,0
male,african-american,54,greater than 45,3,1,0,0,low,2013-09-19,0,1,felony,0,657,0,0,0,0,0
male,african-american,24,less than 25,10,10,1,0,high,2013-05-18,1,3,felony,0,37,0,0,1,0,1
male,other,32,25 - 45,3,2,1,0,low,2013-02-09,1,0,misdemeanor,0,34,1,0,0,0,0
male,caucasian,22,less than 25,5,5,1,0,medium,2013-12-14,1,0,felony,0,84,0,0,0,0,0
male,african-american,36,25 - 45,1,1,0,0,low,2013-03-13,0,0,felony,0,1115,0,0,0,0,0
male,caucasian,61,greater than 45,1,1,0,0,low,2013-06-04,0,0,misdemeanor,0,66,0,0,0,0,0
female,african-american,38,25 - 45,2,1,0,0,low,2013-01-06,0,0,misdemeanor,0,1181,0,0,0,0,0
male,hispanic,41,25 - 45,2,1,0,0,low,2013-05-06,0,9,felony,8,252,0,0,0,0,0
male,african-american,32,25 - 45,3,2,0,0,low,2013-08-13,0,0,felony,1,962,0,0,0,0,0
male,caucasian,37,25 - 45,7,1,1,0,medium,2013-12-19,1,1,felony,0,93,0,0,0,0,0
male,african-american,46,greater than 45,7,3,1,0,medium,2013-05-01,0,18,felony,0,962,1,0,0,0,0
male,african-american,21,less than 25,8,6,0,0,high,2013-08-27,0,4,felony,60,630,0,0,0,0,0
male,african-american,68,greater than 45,4,2,0,0,low,2013-12-20,0,2,felony,0,833,0,0,0,0,0
male,african-american,24,less than 25,3,4,0,0,low,2014-03-17,0,0,misdemeanor,1,746,0,0,0,0,0
male,other,30,25 - 45,2,2,0,0,low,2013-01-23,0,0,felony,9,1164,0,0,0,0,0
male,african-american,25,25 - 45,8,7,1,0,high,2013-12-28,1,8,felony,0,114,0,0,0,2,2
male,african-american,24,less than 25,7,6,1,0,medium,2014-01-19,1,7,felony,0,39,0,0,0,0,0
male,african-american,41,25 - 45,4,3,0,0,low,2014-02-23,0,1,felony,2,768,0,0,0,0,0
male,other,55,greater than 45,1,1,0,0,low,2014-01-11,0,4,felony,4,811,0,0,0,0,0
male,hispanic,26,25 - 45,2,3,0,0,low,2013-01-29,0,1,felony,0,1158,0,0,0,0,0
male,hispanic,39,25 - 45,2,1,0,0,low,2013-09-04,0,2,felony,0,940,0,0,0,0,0
male,caucasian,33,25 - 45,4,3,0,0,low,2013-03-07,0,1,felony,0,1121,0,0,0,0,0
male,african-american,23,less than 25,2,4,0,0,low,2014-02-06,0,0,felony,0,785,0,0,0,0,0
female,caucasian,51,greater than 45,1,1,0,0,low,2013-02-01,0,0,felony,0,1155,0,0,0,0,0
male,caucasian,36,25 - 45,2,3,0,0,low,2014-01-05,0,1,misdemeanor,0,817,0,0,0,0,0
male,hispanic,57,greater than 45,1,1,0,0,low,2013-05-04,0,0,misdemeanor,109,506,0,0,0,0,0
male,african-american,43,25 - 45,1,1,0,0,low,2013-12-06,0,0,misdemeanor,0,847,0,0,0,0,0
male,african-american,26,25 - 45,7,6,1,0,medium,2013-08-28,1,4,felony,1,35,0,0,0,0,0
male,other,47,greater than 45,1,1,0,0,low,2014-02-17,0,0,misdemeanor,0,774,0,0,0,0,0
male,african-american,60,greater than 45,1,1,0,0,low,2013-12-22,0,1,felony,0,831,0,0,0,0,0
male,african-american,24,less than 25,5,5,1,1,medium,2013-02-10,1,0,misdemeanor,0,368,1,0,0,0,0
male,caucasian,20,less than 25,7,6,1,0,medium,2013-12-26,1,0,felony,0,606,1,0,0,0,0
male,caucasian,39,25 - 45,1,2,1,0,low,2014-01-13,1,3,misdemeanor,0,316,1,0,1,0,1
female,caucasian,28,25 - 45,3,4,0,0,low,2013-09-06,0,0,misdemeanor,0,938,0,0,0,0,0
male,caucasian,58,greater than 45,3,1,1,0,low,2013-08-04,1,2,misdemeanor,82,190,1,0,0,0,0
male,caucasian,67,greater than 45,1,1,0,0,low,2014-01-21,0,2,felony,0,801,0,0,0,0,0
male,other,54,greater than 45,1,1,0,0,low,2013-07-02,0,1,felony,0,34,0,0,0,0,0
female,african-american,26,25 - 45,8,9,0,0,high,2014-01-07,0,1,felony,0,815,0,0,0,0,0
female,other,34,25 - 45,1,1,0,0,low,2014-01-25,0,0,misdemeanor,1,797,0,0,0,0,0
male,other,48,greater than 45,1,1,0,0,low,2013-09-11,0,1,felony,0,933,0,0,0,0,0
male,african-american,37,25 - 45,8,7,0,0,high,2013-04-21,0,0,felony,0,1076,0,0,0,0,0
male,african-american,28,25 - 45,8,7,1,1,high,2013-01-17,1,8,felony,2,287,1,0,0,0,0
male,caucasian,46,greater than 45,3,4,1,0,low,2014-03-11,1,14,felony,0,60,0,0,0,0,0
male,caucasian,45,greater than 45,4,3,0,0,low,2013-02-07,0,2,misdemeanor,3,1149,0,0,0,0,0
male,african-american,52,greater than 45,1,1,0,0,low,2013-02-24,0,0,misdemeanor,1,1132,0,0,0,0,0
male,african-american,29,25 - 45,2,2,0,0,low,2013-12-26,0,0,misdemeanor,0,827,0,0,0,0,0
male,african-american,34,25 - 45,8,8,1,1,high,2013-04-22,1,11,felony,1,107,1,0,0,4,4
male,african-american,24,less than 25,2,4,1,0,low,2013-10-12,1,0,felony,23,243,1,0,0,0,0
male,african-american,28,25 - 45,10,10,1,1,high,2013-05-25,1,6,felony,81,91,1,0,0,0,0
male,african-american,29,25 - 45,7,7,0,0,medium,2013-10-01,0,0,felony,0,913,0,0,0,0,0
female,caucasian,55,greater than 45,1,1,0,0,low,2013-09-12,0,2,felony,0,141,0,0,0,0,0
male,hispanic,68,greater than 45,1,1,0,0,low,2013-09-16,0,0,misdemeanor,0,928,0,0,0,0,0
male,hispanic,22,less than 25,4,5,1,0,low,2013-05-10,1,0,felony,1,11,1,0,0,0,0
male,african-american,20,less than 25,3,6,0,0,low,2014-02-04,0,0,felony,0,787,0,0,0,0,0
male,african-american,23,less than 25,5,5,0,0,medium,2014-01-17,0,0,misdemeanor,32,805,0,0,0,0,0
male,african-american,44,25 - 45,4,3,1,0,low,2013-04-11,1,6,felony,195,840,1,0,0,0,0
male,african-american,55,greater than 45,1,1,1,1,low,2013-02-23,1,0,misdemeanor,0,88,0,0,0,0,0
female,african-american,23,less than 25,6,6,1,0,medium,2013-04-03,1,0,felony,0,93,1,0,0,0,0
male,hispanic,24,less than 25,2,3,0,0,low,2013-10-27,0,0,felony,5,887,0,0,0,0,0
male,african-american,77,greater than 45,1,1,0,0,low,2013-10-02,0,0,misdemeanor,0,912,0,0,0,0,0
male,caucasian,52,greater than 45,2,1,0,0,low,2013-01-29,0,3,misdemeanor,0,1158,0,0,0,0,0
male,hispanic,39,25 - 45,1,1,0,0,low,2013-04-07,0,0,felony,0,1090,0,0,0,0,0
male,caucasian,30,25 - 45,2,2,1,0,low,2013-04-01,1,2,misdemeanor,0,29,1,0,0,0,0
male,african-american,30,25 - 45,2,2,1,0,low,2013-05-17,1,3,misdemeanor,5,24,1,0,0,0,0
male,african-american,26,25 - 45,4,3,1,0,low,2013-03-04,1,0,felony,0,514,1,0,0,0,0
female,caucasian,51,greater than 45,2,1,0,0,low,2013-06-17,0,1,misdemeanor,0,1019,0,0,0,0,0
male,african-american,34,25 - 45,3,2,1,0,low,2014-01-23,0,2,felony,0,756,1,0,0,0,0
male,caucasian,23,less than 25,2,4,0,0,low,2014-01-14,0,0,felony,4,808,0,0,0,0,0
male,caucasian,32,25 - 45,2,1,0,0,low,2013-12-17,0,2,felony,0,836,0,0,0,0,0
male,african-american,38,25 - 45,6,4,0,0,medium,2013-10-29,0,8,misdemeanor,16,885,0,1,5,0,6
male,african-american,21,less than 25,7,7,1,0,medium,2013-01-18,1,0,felony,0,236,1,0,0,0,0
male,hispanic,34,25 - 45,6,2,1,0,medium,2014-02-14,1,5,felony,0,292,0,0,0,0,0
male,caucasian,53,greater than 45,2,2,1,0,low,2013-11-03,1,8,misdemeanor,3,512,1,0,0,0,0
male,caucasian,34,25 - 45,7,3,0,0,medium,2013-08-09,0,1,felony,50,966,0,0,0,0,0
male,hispanic,28,25 - 45,7,3,0,0,medium,2013-01-31,0,1,misdemeanor,0,44,0,0,0,0,0
male,african-american,54,greater than 45,1,1,0,0,low,2013-05-26,0,1,misdemeanor,0,1041,0,0,0,0,0
male,other,25,25 - 45,8,5,1,0,high,2014-02-16,1,3,felony,1,306,1,0,0,0,0
male,hispanic,34,25 - 45,1,1,0,0,low,2013-09-09,0,1,misdemeanor,0,935,0,0,0,0,0
male,other,46,greater than 45,1,1,1,0,low,2013-09-28,1,0,felony,0,480,1,0,0,0,0
male,african-american,22,less than 25,7,8,1,0,medium,2013-02-23,1,0,felony,1,276,1,0,0,1,1
female,african-american,23,less than 25,10,7,1,0,high,2013-01-14,1,2,felony,0,373,0,0,0,0,0
male,caucasian,27,25 - 45,7,4,1,0,medium,2013-01-30,1,1,misdemeanor,27,186,1,0,0,0,0
male,african-american,45,greater than 45,1,1,0,0,low,2014-01-29,0,7,felony,0,415,0,0,0,0,0
male,hispanic,46,greater than 45,6,3,1,0,medium,2013-08-27,1,12,felony,0,64,0,0,0,0,0
female,caucasian,31,25 - 45,7,5,1,0,medium,2013-03-18,1,9,felony,26,31,1,0,0,0,0
male,caucasian,45,greater than 45,1,2,0,0,low,2013-06-03,0,1,misdemeanor,0,1033,0,0,0,0,0
male,african-american,28,25 - 45,5,5,0,0,medium,2014-03-12,0,12,felony,1,751,0,1,0,0,1
female,caucasian,28,25 - 45,10,9,1,0,high,2013-02-26,1,6,misdemeanor,30,82,1,0,0,0,0
male,african-american,41,25 - 45,1,1,0,0,low,2013-05-06,0,2,felony,0,1061,0,0,0,0,0
male,african-american,35,25 - 45,2,2,1,0,low,2013-09-26,1,3,misdemeanor,0,726,1,0,0,2,2
male,african-american,32,25 - 45,9,4,1,0,high,2013-05-16,1,19,felony,0,97,0,0,3,0,3
male,african-american,28,25 - 45,5,7,0,0,medium,2013-02-19,0,2,felony,30,827,0,0,0,0,0
male,african-american,33,25 - 45,6,2,1,0,medium,2013-01-15,1,7,felony,0,209,1,0,0,0,0
male,african-american,26,25 - 45,8,7,1,0,high,2014-03-05,1,8,felony,13,205,1,0,1,1,2
male,african-american,22,less than 25,9,8,1,0,high,2013-02-05,1,1,misdemeanor,0,189,1,0,0,0,0
female,african-american,25,25 - 45,5,4,0,0,medium,2013-02-08,0,4,felony,0,1148,0,0,0,0,0
male,hispanic,21,less than 25,9,10,1,0,high,2013-05-26,1,0,felony,0,312,1,0,0,2,2
female,caucasian,23,less than 25,2,3,0,0,low,2014-02-13,0,1,misdemeanor,0,778,0,0,0,2,2
male,african-american,30,25 - 45,8,4,1,1,high,2014-03-21,1,2,felony,0,75,1,0,0,0,0
male,caucasian,69,greater than 45,1,2,1,0,low,2013-03-13,1,6,misdemeanor,0,234,1,0,0,0,0
male,african-american,25,25 - 45,8,7,1,0,high,2013-04-10,1,11,misdemeanor,531,408,0,0,0,0,0
female,african-american,56,greater than 45,2,1,0,0,low,2014-01-02,0,2,felony,0,820,0,0,0,0,0
male,african-american,33,25 - 45,6,4,1,0,medium,2013-05-07,1,3,felony,11,455,0,0,0,0,0
male,caucasian,35,25 - 45,3,2,1,0,low,2013-04-25,0,3,misdemeanor,0,934,1,0,0,0,0
male,caucasian,34,25 - 45,8,3,1,1,high,2013-01-07,1,13,felony,18,65,1,0,0,0,0
male,caucasian,43,25 - 45,1,1,0,0,low,2013-09-27,0,1,misdemeanor,0,917,0,0,0,0,0
male,african-american,27,25 - 45,10,9,1,1,high,2013-02-27,1,27,misdemeanor,0,79,0,0,5,1,6
male,african-american,26,25 - 45,6,6,0,0,medium,2013-03-21,0,7,felony,0,516,0,0,0,0,0
female,caucasian,42,25 - 45,6,3,1,0,medium,2013-08-27,1,4,misdemeanor,0,5,0,0,0,0,0
male,hispanic,27,25 - 45,2,3,0,0,low,2013-09-05,0,0,misdemeanor,0,939,0,0,0,0,0
male,caucasian,41,25 - 45,5,7,0,0,medium,2013-11-29,0,1,felony,62,854,0,0,0,0,0
male,african-american,21,less than 25,9,7,1,0,high,2013-07-11,1,2,misdemeanor,0,338,1,0,1,0,1
male,caucasian,30,25 - 45,8,3,0,0,high,2013-01-12,0,1,felony,0,696,0,0,0,0,0
female,caucasian,45,greater than 45,9,2,1,0,high,2013-03-04,1,0,felony,0,95,1,0,0,0,0
female,african-american,31,25 - 45,5,4,1,0,medium,2013-12-30,1,2,felony,175,296,1,0,0,0,0
male,african-american,33,25 - 45,2,1,0,0,low,2013-11-19,0,1,felony,0,531,0,0,0,0,0
male,african-american,40,25 - 45,3,2,1,1,low,2013-10-22,1,11,misdemeanor,0,169,1,0,0,0,0
male,caucasian,56,greater than 45,2,1,0,0,low,2014-02-26,0,1,felony,15,765,0,0,0,0,0
male,african-american,21,less than 25,3,5,1,0,low,2014-02-17,1,0,misdemeanor,0,43,1,0,0,0,0
male,caucasian,22,less than 25,2,5,0,0,low,2013-04-10,0,1,felony,0,630,0,0,0,0,0
male,african-american,51,greater than 45,1,2,0,0,low,2013-02-13,0,4,felony,0,1143,0,0,0,0,0
male,caucasian,36,25 - 45,1,1,0,0,low,2013-09-04,0,0,misdemeanor,1,940,0,0,0,0,0
male,hispanic,25,25 - 45,6,4,1,1,medium,2013-02-10,1,3,felony,0,448,1,0,0,0,0
male,caucasian,30,25 - 45,1,2,0,0,low,2014-02-06,0,0,misdemeanor,0,785,0,0,0,0,0
female,caucasian,21,less than 25,5,6,0,0,medium,2013-05-25,0,0,felony,0,145,0,0,0,0,0
male,hispanic,38,25 - 45,2,2,0,0,low,2013-01-13,0,0,felony,1,1174,0,0,0,0,0
male,caucasian,28,25 - 45,5,2,1,0,medium,2013-04-12,1,3,misdemeanor,0,469,0,0,0,0,0
male,african-american,41,25 - 45,2,1,1,0,low,2014-01-13,1,3,misdemeanor,1,631,1,0,0,0,0
female,caucasian,22,less than 25,7,6,1,0,medium,2013-02-07,1,0,felony,0,241,0,0,0,0,0
male,hispanic,21,less than 25,3,6,1,0,low,2013-03-16,1,0,felony,0,393,1,0,0,0,0
female,african-american,40,25 - 45,1,1,0,0,low,2013-02-15,0,2,felony,0,1141,0,0,0,0,0
male,african-american,47,greater than 45,6,3,1,0,medium,2013-09-05,1,12,felony,0,198,1,0,0,0,0
male,african-american,37,25 - 45,3,2,0,0,low,2013-09-11,0,2,felony,0,933,0,0,0,0,0
female,african-american,37,25 - 45,3,2,0,0,low,2013-05-20,0,0,felony,0,1047,0,0,0,0,0
female,african-american,23,less than 25,5,5,1,1,medium,2013-09-05,1,2,felony,0,238,1,0,0,0,0
male,hispanic,55,greater than 45,1,1,0,0,low,2013-03-21,0,0,felony,0,1107,0,0,0,0,0
male,caucasian,26,25 - 45,2,3,1,0,low,2014-01-06,1,1,felony,1,196,1,0,0,0,0
male,african-american,25,25 - 45,9,8,1,0,high,2013-03-31,1,4,felony,0,289,0,0,0,0,0
male,african-american,25,25 - 45,3,5,0,0,low,2013-04-26,0,0,misdemeanor,0,88,0,0,0,0,0
male,caucasian,48,greater than 45,2,1,1,0,low,2013-07-29,0,3,felony,0,621,0,0,0,0,0
male,caucasian,36,25 - 45,3,5,1,0,low,2013-11-10,1,0,felony,0,291,1,0,0,0,0
male,african-american,26,25 - 45,8,6,0,0,high,2013-05-26,0,6,misdemeanor,10,233,0,0,0,0,0
male,african-american,20,less than 25,8,8,0,0,high,2013-11-19,0,0,felony,29,864,0,0,0,0,0
female,caucasian,43,25 - 45,1,1,0,0,low,2013-02-11,0,0,misdemeanor,0,1145,0,0,0,0,0
male,african-american,35,25 - 45,3,2,0,0,low,2013-08-17,0,2,felony,0,958,0,0,0,0,0
male,african-american,57,greater than 45,9,4,1,0,high,2013-01-16,1,12,felony,0,70,0,0,0,0,0
male,caucasian,25,25 - 45,7,5,1,1,medium,2013-08-27,1,6,misdemeanor,0,39,0,0,0,0,0
male,caucasian,55,greater than 45,1,1,0,0,low,2013-05-26,0,0,misdemeanor,0,1041,0,0,0,0,0
female,african-american,52,greater than 45,1,1,0,0,low,2013-03-21,0,0,misdemeanor,0,1107,0,0,0,0,0
female,african-american,33,25 - 45,9,6,0,0,high,2013-09-06,0,0,misdemeanor,6,938,0,0,0,0,0
male,other,30,25 - 45,1,2,0,0,low,2013-01-25,0,0,felony,0,1162,0,0,0,0,0
male,african-american,67,greater than 45,4,2,0,0,low,2014-03-02,0,8,felony,1,761,0,0,0,0,0
male,african-american,31,25 - 45,4,2,0,0,low,2013-10-27,0,7,misdemeanor,0,887,0,0,0,0,0
male,african-american,30,25 - 45,8,4,0,0,high,2013-03-24,0,4,misdemeanor,4,1104,0,0,0,0,0
male,caucasian,55,greater than 45,1,1,0,0,low,2013-03-11,0,0,misdemeanor,0,84,0,0,0,0,0
male,african-american,25,25 - 45,2,3,0,0,low,2013-03-01,0,0,felony,1,1127,0,0,0,0,0
male,african-american,25,25 - 45,7,5,0,0,medium,2013-02-12,0,0,felony,0,57,0,0,0,0,0
male,african-american,47,greater than 45,8,2,0,0,high,2013-06-26,0,17,felony,0,783,0,0,0,0,0
male,african-american,27,25 - 45,8,8,1,0,high,2013-05-25,1,10,felony,1,149,1,0,0,0,0
male,african-american,22,less than 25,4,5,0,0,low,2013-10-30,0,0,felony,0,884,0,0,0,0,0
male,african-american,37,25 - 45,6,4,0,0,medium,2013-03-02,0,8,felony,1,194,0,0,0,0,0
male,caucasian,68,greater than 45,7,6,1,1,medium,2013-02-06,1,7,felony,4,452,1,0,0,0,0
male,caucasian,37,25 - 45,6,3,0,0,medium,2013-09-08,0,0,felony,1,936,0,0,0,0,0
female,african-american,42,25 - 45,1,1,0,0,low,2013-11-20,0,1,felony,0,863,0,0,0,0,0
male,caucasian,22,less than 25,5,4,1,0,medium,2014-01-24,1,5,misdemeanor,0,24,1,0,0,0,0
male,african-american,30,25 - 45,2,2,0,0,low,2014-03-09,0,4,misdemeanor,0,754,0,0,0,0,0
male,african-american,34,25 - 45,2,2,0,0,low,2013-06-17,0,1,misdemeanor,0,572,0,0,0,0,0
male,other,28,25 - 45,1,2,0,0,low,2013-04-15,0,0,misdemeanor,1,1082,0,0,0,0,0
female,african-american,41,25 - 45,8,4,1,0,high,2013-04-23,1,8,felony,65,177,1,0,0,0,0
male,hispanic,52,greater than 45,1,1,0,0,low,2014-03-07,0,0,misdemeanor,0,756,0,0,0,0,0
male,caucasian,36,25 - 45,1,1,0,0,low,2013-04-09,0,2,misdemeanor,0,1088,0,0,0,0,0
male,caucasian,26,25 - 45,2,3,0,0,low,2013-04-01,0,2,felony,0,1096,0,0,0,0,0
male,caucasian,24,less than 25,2,3,0,0,low,2013-01-23,0,0,felony,15,1164,0,0,0,0,0
male,african-american,27,25 - 45,6,7,0,0,medium,2014-02-12,0,0,felony,1,779,0,0,0,0,0
female,caucasian,37,25 - 45,1,1,0,0,low,2013-12-27,0,0,misdemeanor,1,826,0,0,0,0,0
male,african-american,31,25 - 45,6,6,0,0,medium,2013-01-04,0,1,felony,0,650,0,0,0,0,0
male,hispanic,37,25 - 45,3,2,0,0,low,2013-06-19,0,1,felony,0,1017,0,0,0,0,0
male,african-american,23,less than 25,7,5,1,0,medium,2013-09-30,1,3,felony,43,594,1,0,0,0,0
male,caucasian,58,greater than 45,2,1,0,0,low,2013-04-21,0,5,misdemeanor,2,221,0,0,0,0,0
female,caucasian,62,greater than 45,1,1,1,0,low,2013-02-20,1,1,misdemeanor,0,175,1,0,0,0,0
female,african-american,41,25 - 45,1,1,0,0,low,2014-01-02,0,0,felony,1,820,0,0,0,0,0
male,hispanic,33,25 - 45,1,1,0,0,low,2013-03-12,0,0,misdemeanor,0,1116,0,0,0,0,0
male,african-american,33,25 - 45,1,1,0,0,low,2014-03-03,0,0,misdemeanor,0,760,0,0,0,0,0
male,african-american,33,25 - 45,10,7,1,0,high,2013-02-23,1,12,felony,0,347,1,4,0,0,4
male,african-american,41,25 - 45,6,3,1,0,medium,2013-09-05,1,14,felony,0,32,1,0,0,0,0
male,hispanic,22,less than 25,3,5,0,0,low,2013-05-10,0,0,felony,0,1057,0,0,0,0,0
male,caucasian,26,25 - 45,5,3,1,0,medium,2013-03-09,1,3,felony,0,50,1,0,0,0,0
female,caucasian,33,25 - 45,1,1,0,0,low,2013-09-30,0,0,felony,0,914,0,0,0,0,0
male,african-american,25,25 - 45,6,5,0,0,medium,2013-05-29,0,0,misdemeanor,0,1038,0,0,0,0,0
male,african-american,37,25 - 45,1,1,1,1,low,2013-03-26,1,0,misdemeanor,0,197,0,0,0,0,0
male,caucasian,23,less than 25,10,9,1,0,high,2014-02-22,1,11,felony,3,409,0,8,2,0,10
male,caucasian,37,25 - 45,8,2,1,0,high,2013-07-17,1,8,felony,0,381,1,0,0,0,0
male,african-american,21,less than 25,9,9,0,0,high,2013-08-18,0,0,misdemeanor,0,957,0,0,0,0,0
male,caucasian,37,25 - 45,7,3,0,0,medium,2014-01-01,0,13,felony,0,821,0,1,6,0,7
male,african-american,24,less than 25,4,7,0,0,low,2013-05-21,0,2,misdemeanor,3,80,0,0,0,0,0
male,african-american,35,25 - 45,4,3,0,0,low,2013-12-16,0,0,felony,1,837,0,0,0,0,0
male,caucasian,29,25 - 45,9,5,1,1,high,2013-01-15,1,10,felony,2,72,1,4,1,0,5
male,african-american,41,25 - 45,3,2,1,1,low,2013-10-19,1,6,felony,1,44,0,2,0,0,2
male,african-american,22,less than 25,7,9,1,1,medium,2013-03-26,1,3,felony,0,300,1,0,0,0,0
male,african-american,34,25 - 45,7,2,0,0,medium,2013-01-17,0,5,misdemeanor,0,264,0,2,1,0,3
female,caucasian,40,25 - 45,6,1,1,0,medium,2014-03-18,1,3,felony,0,286,1,0,0,0,0
male,hispanic,37,25 - 45,2,2,1,0,low,2013-12-03,1,8,felony,0,158,1,0,0,0,0
male,african-american,46,greater than 45,7,6,0,0,medium,2014-01-21,0,2,misdemeanor,0,801,0,0,0,0,0
male,caucasian,41,25 - 45,1,1,0,0,low,2013-08-06,0,0,felony,3,969,0,0,0,0,0
male,caucasian,31,25 - 45,6,4,1,0,medium,2013-11-01,1,9,felony,469,539,1,0,0,3,3
male,african-american,25,25 - 45,9,9,0,0,high,2013-02-28,0,2,felony,1,112,0,0,0,0,0
male,african-american,27,25 - 45,5,2,0,0,medium,2013-08-20,0,1,misdemeanor,1,773,0,0,0,0,0
male,caucasian,23,less than 25,4,4,0,0,low,2014-02-24,0,0,misdemeanor,0,767,0,0,0,0,0
male,african-american,29,25 - 45,6,3,1,0,medium,2013-11-13,1,6,felony,0,301,1,0,0,0,0
male,caucasian,40,25 - 45,7,5,1,0,medium,2013-01-13,1,10,felony,4,44,1,0,0,0,0
female,caucasian,49,greater than 45,2,2,0,0,low,2013-01-28,0,0,felony,0,1159,0,0,0,0,0
male,caucasian,49,greater than 45,2,1,0,0,low,2013-04-12,0,8,felony,0,406,0,0,0,0,0
male,african-american,41,25 - 45,3,2,1,0,low,2013-03-24,0,7,misdemeanor,0,936,1,0,0,0,0
female,african-american,27,25 - 45,5,4,1,0,medium,2013-09-24,1,3,misdemeanor,0,98,1,0,0,0,0
male,african-american,40,25 - 45,1,1,1,0,low,2014-02-14,1,1,felony,0,259,1,0,0,0,0
male,caucasian,47,greater than 45,1,1,1,0,low,2013-09-24,1,0,misdemeanor,0,38,1,0,0,0,0
male,african-american,21,less than 25,8,8,1,0,high,2014-02-26,1,2,misdemeanor,35,67,1,0,0,0,0
male,caucasian,41,25 - 45,1,1,0,0,low,2013-01-29,0,0,misdemeanor,0,1158,0,0,0,0,0
male,african-american,31,25 - 45,9,3,1,1,high,2013-10-15,1,5,misdemeanor,0,198,1,0,1,0,1
male,hispanic,42,25 - 45,1,1,0,0,low,2014-03-31,0,1,misdemeanor,0,732,0,0,0,0,0
female,african-american,67,greater than 45,1,1,0,0,low,2013-01-28,0,0,felony,1,1159,0,0,0,0,0
male,caucasian,42,25 - 45,2,1,0,0,low,2014-01-13,0,1,misdemeanor,0,809,0,0,0,0,0
male,african-american,25,25 - 45,3,4,0,0,low,2013-12-04,0,0,felony,33,849,0,0,0,0,0
male,other,43,25 - 45,1,1,0,0,low,2014-02-26,0,2,misdemeanor,0,765,0,0,0,0,0
male,caucasian,23,less than 25,9,6,1,1,high,2013-01-28,1,6,felony,6,152,1,0,0,0,0
male,african-american,27,25 - 45,10,10,1,0,high,2013-09-20,1,13,felony,0,481,1,0,0,1,1
male,african-american,23,less than 25,2,4,0,0,low,2013-05-29,0,2,felony,0,1038,0,0,1,0,1
male,caucasian,33,25 - 45,3,1,0,0,low,2013-08-11,0,2,felony,1,964,0,0,0,0,0
male,caucasian,41,25 - 45,1,1,0,0,low,2013-05-03,0,0,misdemeanor,1,1064,0,0,0,0,0
female,caucasian,31,25 - 45,2,1,0,0,low,2013-05-28,0,1,felony,0,1039,0,0,0,0,0
female,african-american,23,less than 25,8,6,1,1,high,2013-01-10,1,2,misdemeanor,0,49,1,0,0,0,0
male,african-american,21,less than 25,7,8,1,0,medium,2014-01-15,1,2,felony,28,156,0,0,0,0,0
male,african-american,53,greater than 45,4,1,0,0,low,2013-02-02,0,5,felony,346,1154,0,0,0,0,0
male,african-american,36,25 - 45,1,1,0,0,low,2013-08-19,0,1,misdemeanor,0,956,0,0,0,0,0
male,caucasian,58,greater than 45,3,1,1,0,low,2013-04-25,0,10,misdemeanor,0,1069,1,0,0,0,0
male,caucasian,62,greater than 45,1,1,0,0,low,2013-05-13,0,0,felony,2,1054,0,0,0,0,0
male,caucasian,25,25 - 45,6,3,0,0,medium,2013-12-23,0,4,felony,0,830,0,0,0,0,0
male,caucasian,46,greater than 45,2,1,0,0,low,2013-03-27,0,2,felony,0,972,0,0,0,0,0
male,african-american,28,25 - 45,2,2,1,0,low,2014-03-17,1,4,misdemeanor,0,311,1,0,0,0,0
male,caucasian,32,25 - 45,8,8,0,0,high,2014-02-17,0,6,felony,0,774,0,0,0,0,0
male,caucasian,56,greater than 45,4,1,0,0,low,2013-06-05,0,13,misdemeanor,0,1031,0,0,0,0,0
male,african-american,23,less than 25,9,10,1,0,high,2013-05-23,1,2,felony,1,294,1,1,0,0,1
male,african-american,25,25 - 45,3,4,0,0,low,2013-01-03,0,1,felony,0,188,0,0,0,0,0
male,african-american,26,25 - 45,3,4,0,0,low,2013-01-30,0,2,felony,0,1157,0,0,0,0,0
female,caucasian,58,greater than 45,1,1,0,0,low,2013-05-21,0,0,misdemeanor,0,1046,0,0,0,0,0
male,african-american,59,greater than 45,8,6,1,0,high,2013-07-09,1,8,felony,0,160,0,0,0,0,0
male,caucasian,44,25 - 45,2,1,0,0,low,2014-01-28,0,5,felony,0,794,0,0,0,0,0
male,african-american,20,less than 25,7,9,1,1,medium,2013-08-10,1,0,felony,1,301,1,0,0,0,0
male,caucasian,37,25 - 45,2,1,1,0,low,2013-09-21,1,1,felony,0,141,1,0,0,0,0
male,african-american,43,25 - 45,1,1,1,0,low,2013-05-14,1,0,felony,0,440,1,0,0,0,0
female,african-american,36,25 - 45,5,1,0,0,medium,2014-02-21,0,1,misdemeanor,1,770,0,0,0,0,0
male,caucasian,59,greater than 45,1,1,0,0,low,2013-04-29,0,0,misdemeanor,0,1068,0,0,0,0,0
male,caucasian,35,25 - 45,2,2,1,0,low,2013-12-23,1,4,felony,31,505,1,0,0,0,0
female,african-american,21,less than 25,5,6,0,0,medium,2014-03-17,0,0,misdemeanor,0,746,0,0,0,0,0
male,caucasian,28,25 - 45,1,2,0,0,low,2013-12-10,0,0,misdemeanor,1,843,0,0,0,0,0
male,african-american,34,25 - 45,3,2,1,0,low,2013-09-13,1,5,misdemeanor,2,91,1,0,0,0,0
female,african-american,42,25 - 45,6,2,0,0,medium,2013-04-08,0,16,felony,23,642,0,0,0,0,0
male,african-american,21,less than 25,9,6,1,1,high,2013-03-08,1,3,felony,0,134,1,0,2,1,3
male,african-american,69,greater than 45,1,1,1,0,low,2014-03-04,1,1,felony,0,37,0,0,0,0,0
female,caucasian,49,greater than 45,1,1,0,0,low,2013-08-13,0,1,misdemeanor,0,962,0,0,0,0,0
female,caucasian,24,less than 25,5,5,0,0,medium,2013-05-21,0,0,misdemeanor,1,1046,0,0,0,0,0
female,african-american,55,greater than 45,1,1,0,0,low,2013-01-19,0,1,misdemeanor,1,1168,0,0,0,0,0
male,african-american,19,less than 25,10,9,1,1,high,2013-11-25,1,3,felony,0,412,1,1,2,0,3
male,african-american,24,less than 25,8,7,1,0,high,2013-10-25,1,7,misdemeanor,2,31,1,2,0,0,2
male,other,39,25 - 45,1,1,0,0,low,2013-09-23,0,1,misdemeanor,0,921,0,0,0,0,0
male,caucasian,21,less than 25,4,6,0,0,low,2013-09-09,0,1,felony,0,935,0,0,0,0,0
male,caucasian,28,25 - 45,6,7,1,0,medium,2013-09-15,1,0,felony,36,124,0,0,0,0,0
male,african-american,34,25 - 45,6,6,0,0,medium,2013-01-25,0,4,misdemeanor,0,1162,0,0,0,0,0
male,african-american,27,25 - 45,5,3,1,0,medium,2013-01-16,0,2,felony,1,373,1,0,0,0,0
male,african-american,37,25 - 45,10,9,0,0,high,2013-04-20,0,12,misdemeanor,51,334,0,3,0,0,3
male,african-american,40,25 - 45,1,1,0,0,low,2013-12-20,0,1,felony,0,833,0,0,0,0,0
male,caucasian,23,less than 25,4,5,0,0,low,2013-08-16,0,0,felony,0,790,0,0,0,0,0
male,african-american,34,25 - 45,7,6,1,1,medium,2013-10-21,1,19,felony,0,296,0,0,0,0,0
male,african-american,27,25 - 45,9,5,1,1,high,2013-10-12,1,5,felony,0,259,1,0,0,1,1
male,african-american,50,greater than 45,1,1,0,0,low,2014-02-01,0,1,felony,0,790,0,0,0,0,0
male,african-american,22,less than 25,5,7,0,0,medium,2013-03-30,0,1,felony,2,1098,0,0,1,2,3
male,caucasian,29,25 - 45,7,5,1,0,medium,2013-05-04,1,0,misdemeanor,0,42,1,0,0,0,0
female,hispanic,50,greater than 45,2,1,1,0,low,2013-08-22,1,1,felony,0,18,0,0,0,0,0
male,caucasian,61,greater than 45,1,1,1,0,low,2014-03-11,1,1,felony,0,110,1,0,0,0,0
male,african-american,34,25 - 45,1,2,0,0,low,2013-10-07,0,1,felony,23,907,0,0,0,0,0
male,african-american,56,greater than 45,1,2,0,0,low,2014-02-27,0,1,felony,0,98,0,0,0,0,0
male,caucasian,21,less than 25,4,5,0,0,low,2013-03-05,0,0,felony,0,1123,0,0,0,0,0
male,other,45,greater than 45,1,1,0,0,low,2013-01-18,0,1,felony,0,1169,0,0,0,0,0
male,african-american,24,less than 25,8,6,1,0,high,2013-01-04,1,1,misdemeanor,14,61,1,0,0,0,0
male,african-american,30,25 - 45,9,7,0,0,high,2013-09-23,0,1,felony,0,921,0,0,0,0,0
male,african-american,32,25 - 45,8,7,1,0,high,2013-05-24,1,17,felony,112,510,0,0,6,5,11
male,caucasian,61,greater than 45,1,1,0,0,low,2013-05-08,0,0,misdemeanor,6,1059,0,0,0,0,0
male,caucasian,27,25 - 45,3,3,0,0,low,2014-02-08,0,3,misdemeanor,2,437,0,0,0,0,0
female,african-american,27,25 - 45,5,4,0,0,medium,2013-07-12,0,2,misdemeanor,0,994,0,0,0,0,0
male,hispanic,41,25 - 45,2,1,0,0,low,2013-11-23,0,2,misdemeanor,0,860,0,0,0,0,0
male,caucasian,60,greater than 45,1,1,0,0,low,2013-05-02,0,0,misdemeanor,0,1065,0,0,0,0,0
male,african-american,23,less than 25,8,8,0,0,high,2013-02-07,0,1,misdemeanor,4,1149,0,0,0,0,0
male,caucasian,40,25 - 45,1,1,0,0,low,2013-11-07,0,0,misdemeanor,0,876,0,0,0,0,0
male,caucasian,30,25 - 45,3,1,0,0,low,2014-02-12,0,0,felony,0,303,0,0,0,0,0
female,caucasian,20,less than 25,5,6,0,0,medium,2013-10-02,0,1,felony,0,912,0,0,0,0,0
female,african-american,20,less than 25,5,7,0,0,medium,2014-02-05,0,0,felony,0,238,0,0,0,0,0
male,asian,48,greater than 45,2,1,0,0,low,2013-03-18,0,0,felony,2,1110,0,0,0,0,0
male,african-american,24,less than 25,5,5,1,1,medium,2013-11-14,1,0,misdemeanor,0,170,1,0,0,0,0
male,african-american,30,25 - 45,3,2,0,0,low,2013-08-02,0,5,misdemeanor,0,973,0,0,0,0,0
female,african-american,20,less than 25,4,6,1,0,low,2013-12-04,1,0,misdemeanor,0,252,1,0,0,0,0
male,african-american,25,25 - 45,3,5,0,0,low,2013-02-17,0,0,misdemeanor,1,1139,0,0,0,0,0
male,caucasian,38,25 - 45,2,2,1,0,low,2013-10-07,0,0,misdemeanor,0,760,1,0,0,0,0
male,african-american,27,25 - 45,2,3,1,0,low,2013-03-13,0,1,felony,0,525,0,0,0,0,0
male,african-american,24,less than 25,7,9,0,0,medium,2013-01-31,0,1,felony,141,1156,0,0,0,0,0
male,caucasian,53,greater than 45,1,1,1,0,low,2013-10-11,1,3,felony,197,279,1,0,0,0,0
male,african-american,23,less than 25,10,5,1,0,high,2013-03-12,1,0,misdemeanor,1,336,1,0,0,0,0
male,caucasian,26,25 - 45,10,9,0,0,high,2013-11-06,0,3,misdemeanor,0,453,0,0,0,0,0
male,caucasian,48,greater than 45,1,1,0,0,low,2013-09-26,0,0,felony,32,918,0,0,0,0,0
male,other,27,25 - 45,4,4,1,0,low,2014-02-10,1,6,felony,0,60,1,0,0,0,0
male,african-american,21,less than 25,4,6,0,0,low,2013-09-30,0,0,felony,0,914,0,0,0,0,0
male,african-american,20,less than 25,5,6,1,0,medium,2014-01-10,1,0,felony,1,121,1,0,0,0,0
male,african-american,37,25 - 45,9,3,0,0,high,2013-05-12,0,17,misdemeanor,45,446,0,0,0,0,0
male,caucasian,51,greater than 45,5,2,1,0,medium,2013-02-12,1,8,felony,0,172,1,0,0,0,0
male,caucasian,47,greater than 45,2,1,1,0,low,2013-11-15,1,2,felony,0,695,1,0,0,0,0
male,caucasian,29,25 - 45,9,8,1,0,high,2013-02-04,1,2,misdemeanor,0,726,1,0,0,0,0
male,african-american,27,25 - 45,9,8,1,0,high,2013-08-01,1,2,felony,39,107,1,0,0,1,1
male,african-american,45,greater than 45,7,2,0,0,medium,2013-11-23,0,16,felony,0,143,0,1,0,0,1
male,asian,28,25 - 45,8,6,1,0,high,2013-01-03,0,9,felony,36,912,1,0,0,0,0
female,african-american,29,25 - 45,3,2,0,0,low,2013-07-29,0,1,felony,0,977,0,0,0,0,0
male,caucasian,39,25 - 45,1,1,0,0,low,2013-04-20,0,1,felony,0,1077,0,0,0,0,0
male,caucasian,33,25 - 45,1,2,0,0,low,2013-08-04,0,0,felony,0,971,0,0,0,0,0
male,asian,48,greater than 45,1,1,0,0,low,2013-09-23,0,0,misdemeanor,9,921,0,0,0,0,0
male,african-american,27,25 - 45,3,3,0,0,low,2013-10-31,0,3,misdemeanor,37,348,0,0,0,0,0
male,hispanic,24,less than 25,5,4,0,0,medium,2013-03-30,0,0,felony,31,1098,0,0,0,0,0
female,caucasian,24,less than 25,3,3,0,0,low,2014-01-29,0,0,misdemeanor,0,793,0,0,0,0,0
male,african-american,29,25 - 45,3,4,1,0,low,2013-02-20,1,3,misdemeanor,0,389,1,0,0,0,0
male,hispanic,33,25 - 45,2,2,0,0,low,2013-09-11,0,3,felony,0,933,0,0,0,0,0
female,caucasian,31,25 - 45,10,5,0,0,high,2013-08-04,0,14,felony,1,971,0,0,0,2,2
male,hispanic,32,25 - 45,1,1,0,0,low,2013-10-18,0,1,felony,0,896,0,0,0,0,0
male,caucasian,62,greater than 45,1,1,0,0,low,2013-10-11,0,0,misdemeanor,1,903,0,0,0,0,0
male,caucasian,56,greater than 45,3,1,0,0,low,2013-10-23,0,2,misdemeanor,15,197,0,0,0,0,0
male,african-american,28,25 - 45,1,2,0,0,low,2014-02-25,0,6,felony,0,766,0,0,0,0,0
female,african-american,26,25 - 45,6,5,1,1,medium,2013-12-30,1,6,felony,2,7,1,0,0,0,0
male,african-american,24,less than 25,9,7,1,0,high,2013-01-29,1,5,felony,6,113,1,0,0,0,0
male,hispanic,51,greater than 45,1,1,0,0,low,2013-08-27,0,0,misdemeanor,0,948,0,0,0,0,0
male,hispanic,51,greater than 45,3,2,0,0,low,2013-03-06,0,1,felony,2,1122,0,0,0,0,0
male,african-american,28,25 - 45,10,6,0,0,high,2013-02-02,0,7,felony,1,131,0,0,0,1,1
female,african-american,36,25 - 45,2,1,0,0,low,2013-05-06,0,1,misdemeanor,0,1061,0,0,0,0,0
male,hispanic,39,25 - 45,1,1,0,0,low,2014-03-28,0,0,felony,0,735,0,0,0,0,0
female,caucasian,38,25 - 45,1,1,0,0,low,2013-03-04,0,0,misdemeanor,1,1124,0,0,0,0,0
male,african-american,23,less than 25,2,4,0,0,low,2013-12-16,0,1,felony,0,168,0,0,0,0,0
male,caucasian,28,25 - 45,7,5,1,1,medium,2013-05-12,1,5,misdemeanor,25,146,1,0,0,0,0
male,african-american,20,less than 25,10,10,1,0,high,2013-12-12,1,6,felony,0,77,0,4,2,1,7
female,other,38,25 - 45,1,1,0,0,low,2014-01-02,0,0,felony,0,820,0,0,0,0,0
male,african-american,29,25 - 45,3,5,0,0,low,2014-02-10,0,0,misdemeanor,1,781,0,0,0,0,0
female,asian,34,25 - 45,1,1,0,0,low,2013-11-14,0,1,felony,0,869,0,0,0,0,0
male,african-american,29,25 - 45,3,4,1,0,low,2013-05-17,1,11,felony,1,35,0,0,0,0,0
male,african-american,34,25 - 45,7,3,1,0,medium,2013-12-23,0,8,misdemeanor,0,690,0,0,0,0,0
male,african-american,26,25 - 45,7,6,1,1,medium,2013-01-09,1,6,felony,1,588,1,0,0,0,0
male,african-american,58,greater than 45,1,1,0,0,low,2013-10-02,0,0,felony,1,912,0,0,0,0,0
male,hispanic,37,25 - 45,5,3,1,1,medium,2013-02-08,1,6,felony,0,357,0,0,0,0,0
male,african-american,23,less than 25,8,9,0,0,high,2013-05-22,0,1,felony,0,1045,0,0,0,0,0
male,african-american,61,greater than 45,2,2,0,0,low,2013-08-27,0,9,felony,0,253,0,0,0,0,0
male,african-american,44,25 - 45,3,3,0,0,low,2014-03-18,0,0,felony,2,745,0,0,0,0,0
male,african-american,26,25 - 45,7,4,1,0,medium,2013-03-26,0,3,felony,0,926,1,0,0,0,0
male,african-american,46,greater than 45,3,3,1,1,low,2013-09-26,1,3,felony,0,38,1,0,0,0,0
male,caucasian,36,25 - 45,3,1,0,0,low,2013-11-05,0,5,felony,3,878,0,0,0,0,0
female,african-american,29,25 - 45,9,5,1,0,high,2013-02-07,1,11,felony,22,283,1,0,1,0,1
female,other,23,less than 25,6,6,0,0,medium,2013-03-18,0,0,misdemeanor,0,1110,0,0,0,0,0
male,african-american,53,greater than 45,6,1,1,1,medium,2013-04-14,1,3,felony,5,341,1,0,0,0,0
male,other,33,25 - 45,3,2,1,0,low,2013-04-30,0,5,felony,0,1002,1,0,0,0,0
male,african-american,35,25 - 45,6,4,0,0,medium,2013-08-02,0,8,misdemeanor,8,973,0,0,0,0,0
female,caucasian,39,25 - 45,3,1,0,0,low,2013-04-12,0,3,felony,0,1085,0,0,0,0,0
male,hispanic,21,less than 25,8,6,1,1,high,2013-09-22,1,1,felony,54,226,1,1,0,0,1
female,caucasian,26,25 - 45,6,4,1,0,medium,2013-02-07,1,2,felony,33,134,1,0,0,0,0
female,caucasian,21,less than 25,7,7,1,1,medium,2013-05-16,1,3,misdemeanor,0,213,1,0,3,1,4
male,african-american,37,25 - 45,5,2,1,0,medium,2013-01-14,0,8,felony,13,762,1,0,0,0,0
male,caucasian,29,25 - 45,6,3,0,0,medium,2013-07-11,0,1,felony,0,995,0,0,0,0,0
male,african-american,59,greater than 45,1,1,0,0,low,2013-05-21,0,4,misdemeanor,0,1046,0,0,0,0,0
male,african-american,28,25 - 45,10,7,1,0,high,2013-03-20,1,12,felony,75,295,1,0,8,2,10
female,caucasian,56,greater than 45,1,1,0,0,low,2014-01-17,0,0,misdemeanor,0,805,0,0,0,0,0
female,caucasian,32,25 - 45,6,3,0,0,medium,2013-08-01,0,2,misdemeanor,0,974,0,0,0,0,0
male,caucasian,30,25 - 45,2,2,0,0,low,2014-01-28,0,0,felony,0,794,0,0,0,0,0
male,african-american,27,25 - 45,4,3,0,0,low,2013-09-09,0,2,felony,2,275,0,0,0,0,0
male,other,29,25 - 45,2,2,0,0,low,2013-02-05,0,0,felony,1,1151,0,0,0,0,0
male,african-american,24,less than 25,4,4,0,0,low,2013-07-15,0,1,felony,0,216,0,0,0,0,0
female,caucasian,27,25 - 45,10,9,0,0,high,2013-09-26,0,6,felony,0,286,0,0,0,0,0
male,african-american,43,25 - 45,9,6,1,1,high,2013-05-18,1,15,misdemeanor,0,48,1,0,0,0,0
female,african-american,53,greater than 45,6,4,0,0,medium,2014-02-04,0,5,felony,1,787,0,0,0,0,0
male,african-american,27,25 - 45,7,8,1,0,medium,2013-08-07,1,6,felony,0,397,1,1,0,0,1
male,african-american,26,25 - 45,5,4,0,0,medium,2013-10-23,0,6,misdemeanor,0,632,0,0,1,0,1
female,caucasian,24,less than 25,6,6,0,0,medium,2013-01-07,0,1,felony,0,1180,0,0,0,0,0
male,african-american,30,25 - 45,6,5,0,0,medium,2013-10-25,0,0,felony,0,889,0,0,0,0,0
male,african-american,26,25 - 45,9,7,1,0,high,2013-01-22,0,4,felony,0,150,0,0,0,0,0
male,hispanic,30,25 - 45,3,2,1,0,low,2013-04-01,1,6,misdemeanor,0,23,1,0,0,0,0
male,hispanic,37,25 - 45,5,2,0,0,medium,2014-02-21,0,4,felony,0,770,0,0,0,0,0
male,african-american,54,greater than 45,1,1,0,0,low,2013-05-06,0,4,felony,1,1061,0,0,0,0,0
female,african-american,48,greater than 45,6,1,1,0,medium,2013-09-26,1,18,felony,0,56,1,0,0,3,3
male,african-american,21,less than 25,10,10,1,0,high,2013-02-20,1,1,felony,1,148,1,0,0,0,0
male,caucasian,45,greater than 45,1,1,0,0,low,2013-05-29,0,0,felony,0,1038,0,0,0,0,0
male,caucasian,47,greater than 45,5,3,0,0,medium,2013-11-13,0,1,misdemeanor,0,870,0,0,0,0,0
male,hispanic,30,25 - 45,8,7,1,1,high,2013-05-09,1,7,felony,0,268,1,0,0,0,0
male,african-american,41,25 - 45,8,9,1,0,high,2013-01-12,1,14,misdemeanor,0,41,0,2,0,1,3
male,caucasian,50,greater than 45,2,4,0,0,low,2013-02-15,0,1,felony,0,693,0,0,0,0,0
male,caucasian,57,greater than 45,1,1,0,0,low,2014-01-29,0,3,misdemeanor,0,793,0,0,0,0,0
male,african-american,31,25 - 45,1,2,0,0,low,2013-05-17,0,2,felony,1,1050,0,0,0,0,0
male,african-american,21,less than 25,7,7,1,0,medium,2013-11-16,1,0,felony,1,93,1,0,0,0,0
female,african-american,28,25 - 45,4,7,1,0,low,2013-10-01,1,1,misdemeanor,0,288,1,1,0,0,1
male,caucasian,29,25 - 45,8,7,1,0,high,2013-04-03,1,9,felony,1,16,1,1,0,1,2
male,african-american,28,25 - 45,4,4,0,0,low,2013-12-17,0,2,felony,0,836,0,0,0,0,0
female,caucasian,25,25 - 45,4,4,1,0,low,2013-07-29,1,1,misdemeanor,0,44,1,0,0,0,0
male,african-american,22,less than 25,3,5,1,0,low,2013-02-12,1,0,felony,0,50,0,0,0,0,0
female,african-american,21,less than 25,6,7,0,0,medium,2013-10-10,0,0,felony,0,904,0,0,0,0,0
male,caucasian,48,greater than 45,8,3,1,0,high,2013-02-11,1,0,felony,67,320,1,0,0,0,0
male,african-american,25,25 - 45,9,8,1,1,high,2014-02-27,1,4,felony,169,358,0,0,0,1,1
male,african-american,37,25 - 45,7,3,0,0,medium,2013-10-17,0,7,felony,0,171,0,0,0,0,0
male,caucasian,31,25 - 45,6,4,1,0,medium,2013-03-04,1,5,felony,0,703,1,0,0,0,0
male,other,56,greater than 45,1,1,0,0,low,2013-12-18,0,0,misdemeanor,6,835,0,0,0,0,0
male,african-american,24,less than 25,3,4,0,0,low,2013-04-20,0,0,misdemeanor,0,1077,0,0,0,0,0
male,african-american,30,25 - 45,10,9,1,0,high,2013-03-07,1,15,felony,93,364,0,0,0,0,0
male,caucasian,47,greater than 45,2,3,0,0,low,2013-04-02,0,5,misdemeanor,4,1095,0,0,0,0,0
male,caucasian,66,greater than 45,3,1,0,0,low,2013-04-04,0,2,misdemeanor,56,1093,0,0,0,0,0
male,african-american,51,greater than 45,8,3,1,0,high,2013-03-19,1,21,felony,937,1083,1,0,0,0,0
male,asian,76,greater than 45,1,1,0,0,low,2013-10-04,0,0,felony,0,910,0,0,0,0,0
female,caucasian,28,25 - 45,6,2,1,0,medium,2013-05-22,1,3,felony,0,9,1,0,0,0,0
male,african-american,35,25 - 45,4,4,0,0,low,2013-05-05,0,1,misdemeanor,1,1062,0,0,0,0,0
male,other,44,25 - 45,1,1,1,0,low,2013-10-24,1,6,felony,2,692,1,0,0,0,0
female,african-american,39,25 - 45,3,3,0,0,low,2013-02-19,0,3,felony,0,1137,0,0,0,0,0
male,hispanic,38,25 - 45,7,2,1,0,medium,2013-01-09,1,7,felony,0,2,1,1,0,1,2
male,african-american,24,less than 25,5,5,0,0,medium,2013-09-05,0,0,felony,1,939,0,0,0,0,0
male,caucasian,27,25 - 45,9,9,0,0,high,2013-03-14,0,4,felony,0,1114,0,0,0,0,0
male,caucasian,36,25 - 45,3,4,0,0,low,2013-02-22,0,0,felony,0,474,0,0,0,0,0
male,african-american,21,less than 25,3,7,1,0,low,2013-07-08,1,0,felony,0,570,1,0,0,1,1
male,african-american,27,25 - 45,10,10,1,0,high,2013-10-30,1,7,felony,35,371,0,0,0,0,0
male,hispanic,52,greater than 45,1,1,1,0,low,2014-03-06,1,0,misdemeanor,0,34,1,0,0,0,0
male,caucasian,39,25 - 45,9,7,1,0,high,2013-04-16,1,16,felony,354,381,0,0,0,0,0
male,caucasian,46,greater than 45,1,1,0,0,low,2014-02-25,0,1,felony,0,766,0,0,0,0,0
male,african-american,40,25 - 45,4,1,0,0,low,2013-02-11,0,2,felony,0,1145,0,0,0,0,0
male,caucasian,30,25 - 45,8,8,1,0,high,2013-04-08,1,5,felony,2,194,1,0,0,0,0
male,caucasian,27,25 - 45,2,3,0,0,low,2013-10-06,0,0,misdemeanor,1,908,0,0,0,0,0
male,hispanic,23,less than 25,7,5,1,0,medium,2013-02-13,1,3,felony,3,166,1,0,0,0,0
male,african-american,33,25 - 45,10,7,1,0,high,2013-05-14,1,8,felony,0,274,1,2,0,0,2
male,african-american,25,25 - 45,6,4,0,0,medium,2013-09-26,0,7,felony,17,918,0,0,0,0,0
male,african-american,25,25 - 45,5,5,1,0,medium,2013-09-18,1,3,felony,0,114,0,0,0,0,0
male,caucasian,33,25 - 45,6,5,0,0,medium,2013-08-14,0,4,felony,0,364,0,0,0,0,0
female,african-american,24,less than 25,3,3,0,0,low,2013-07-26,0,0,felony,0,980,0,0,0,0,0
male,caucasian,44,25 - 45,7,4,0,0,medium,2013-04-17,0,0,felony,3,295,0,0,0,0,0
male,african-american,44,25 - 45,1,1,0,0,low,2013-10-20,0,0,felony,0,894,0,0,0,0,0
female,african-american,23,less than 25,7,5,0,0,medium,2013-11-26,0,0,misdemeanor,1,857,0,0,0,0,0
male,african-american,27,25 - 45,2,3,0,0,low,2013-03-10,0,0,felony,0,1118,0,0,0,1,1
female,caucasian,26,25 - 45,8,3,1,0,high,2013-01-24,1,1,felony,0,77,1,0,0,0,0
male,caucasian,55,greater than 45,1,1,0,0,low,2013-02-20,0,0,felony,0,1136,0,0,0,0,0
male,hispanic,67,greater than 45,1,1,1,1,low,2013-12-14,1,0,misdemeanor,0,502,1,0,0,0,0
female,caucasian,36,25 - 45,6,2,1,0,medium,2013-04-28,1,7,felony,6,13,1,0,0,0,0
male,hispanic,45,greater than 45,6,4,0,0,medium,2013-08-28,0,6,felony,0,630,0,0,0,0,0
male,african-american,24,less than 25,2,3,0,0,low,2013-10-08,0,1,felony,0,91,0,0,0,0,0
male,other,21,less than 25,5,7,1,0,medium,2013-11-01,1,0,felony,1,235,0,0,0,0,0
male,african-american,42,25 - 45,1,1,0,0,low,2013-12-23,0,7,felony,0,830,0,0,0,0,0
male,hispanic,30,25 - 45,4,5,0,0,low,2014-01-09,0,3,misdemeanor,0,813,0,0,0,0,0
male,caucasian,40,25 - 45,4,2,0,0,low,2013-05-02,0,6,felony,0,896,0,0,0,0,0
male,hispanic,24,less than 25,8,7,0,0,high,2013-02-21,0,1,felony,0,1135,0,0,0,0,0
male,asian,24,less than 25,6,4,1,1,medium,2013-12-23,1,4,felony,0,296,0,0,0,0,0
male,other,30,25 - 45,9,5,1,1,high,2013-08-07,1,13,felony,0,21,1,0,0,0,0
male,african-american,30,25 - 45,3,2,0,0,low,2013-04-05,0,4,felony,0,326,0,0,0,0,0
male,caucasian,31,25 - 45,3,3,1,0,low,2013-03-30,1,3,misdemeanor,0,24,1,0,0,0,0
male,caucasian,27,25 - 45,3,4,0,0,low,2013-05-29,0,1,misdemeanor,30,1038,0,0,0,0,0
male,african-american,37,25 - 45,3,2,0,0,low,2013-01-28,0,3,misdemeanor,80,1159,0,0,0,0,0
male,african-american,25,25 - 45,2,3,0,0,low,2014-03-11,0,1,felony,0,752,0,0,0,0,0
male,caucasian,45,greater than 45,1,1,0,0,low,2014-02-03,0,2,felony,7,788,0,0,0,0,0
male,hispanic,22,less than 25,2,4,1,0,low,2014-02-21,1,1,felony,0,696,1,0,0,0,0
male,caucasian,31,25 - 45,5,2,0,0,medium,2013-09-03,0,1,felony,0,941,0,0,0,0,0
male,african-american,23,less than 25,5,8,0,0,medium,2013-04-07,0,0,felony,3,1090,0,0,0,0,0
male,african-american,21,less than 25,4,8,0,0,low,2014-03-10,0,0,felony,2,753,0,0,0,0,0
male,african-american,35,25 - 45,1,1,0,0,low,2013-08-19,0,0,felony,0,956,0,0,0,0,0
male,african-american,29,25 - 45,4,3,1,0,low,2013-11-27,1,4,felony,1,589,1,0,1,1,2
male,african-american,28,25 - 45,10,7,1,0,high,2013-02-15,1,7,felony,0,185,1,0,0,0,0
female,caucasian,34,25 - 45,7,3,1,0,medium,2013-12-22,1,0,misdemeanor,2,416,0,0,0,0,0
female,caucasian,32,25 - 45,2,2,1,0,low,2013-11-18,0,5,felony,0,833,1,0,0,0,0
male,caucasian,52,greater than 45,1,1,0,0,low,2013-08-21,0,2,misdemeanor,0,56,0,0,0,0,0
male,african-american,25,25 - 45,4,4,0,0,low,2013-11-23,0,2,felony,0,472,0,0,0,0,0
male,caucasian,34,25 - 45,7,6,0,0,medium,2014-02-11,0,15,felony,0,780,0,0,1,0,1
male,african-american,47,greater than 45,4,4,1,0,low,2014-03-06,1,4,felony,0,460,1,0,0,0,0
male,african-american,50,greater than 45,9,7,0,0,high,2013-07-16,0,9,felony,0,990,0,0,0,0,0
female,african-american,30,25 - 45,5,2,0,0,medium,2013-10-20,0,4,felony,0,894,0,0,0,0,0
male,caucasian,22,less than 25,3,5,1,0,low,2013-10-20,1,0,misdemeanor,0,598,1,0,0,0,0
male,caucasian,53,greater than 45,1,1,1,0,low,2014-01-17,1,1,misdemeanor,0,500,1,0,0,0,0
male,caucasian,37,25 - 45,8,5,0,0,high,2013-04-08,0,3,felony,241,382,0,0,0,0,0
male,african-american,37,25 - 45,5,5,0,0,medium,2013-02-14,0,8,misdemeanor,0,1142,0,0,0,0,0
male,african-american,26,25 - 45,10,9,1,0,high,2013-09-18,1,7,felony,2,14,1,0,0,0,0
female,caucasian,31,25 - 45,2,2,0,0,low,2013-03-22,0,0,misdemeanor,4,1106,0,0,0,0,0
male,caucasian,20,less than 25,3,5,1,0,low,2014-01-26,1,0,felony,1,391,0,0,0,3,3
male,african-american,22,less than 25,7,7,1,1,medium,2013-01-18,1,0,felony,49,308,1,0,0,0,0
male,african-american,30,25 - 45,2,3,0,0,low,2013-03-19,0,1,misdemeanor,0,1109,0,0,0,0,0
male,caucasian,27,25 - 45,6,6,1,0,medium,2013-04-10,1,5,felony,5,132,1,0,0,0,0
female,other,20,less than 25,4,6,0,0,low,2014-03-02,0,1,misdemeanor,0,761,0,0,0,0,0
male,african-american,29,25 - 45,2,3,0,0,low,2013-04-10,0,0,misdemeanor,1,1087,0,0,0,0,0
male,caucasian,24,less than 25,3,4,0,0,low,2014-01-07,0,0,felony,1,815,0,0,0,0,0
female,caucasian,46,greater than 45,1,1,1,1,low,2013-01-11,1,1,misdemeanor,0,339,1,0,0,0,0
female,african-american,36,25 - 45,2,1,0,0,low,2013-12-15,0,1,felony,0,838,0,0,0,0,0
male,hispanic,25,25 - 45,9,9,1,0,high,2013-02-18,1,10,felony,7,78,1,1,4,0,5
female,hispanic,22,less than 25,4,5,0,0,low,2013-03-25,0,1,felony,0,1103,0,0,0,0,0
male,african-american,29,25 - 45,5,6,1,0,medium,2014-01-04,0,4,misdemeanor,0,767,1,0,0,0,0
female,african-american,26,25 - 45,9,7,0,0,high,2013-09-19,0,0,misdemeanor,0,46,0,0,0,0,0
male,african-american,32,25 - 45,2,2,0,0,low,2013-11-01,0,1,felony,98,882,0,0,0,0,0
male,hispanic,45,greater than 45,1,1,0,0,low,2014-02-23,0,0,felony,1,690,0,0,0,0,0
male,african-american,30,25 - 45,2,2,0,0,low,2013-10-17,0,1,felony,83,897,0,0,0,0,0
male,african-american,25,25 - 45,5,4,0,0,medium,2013-04-20,0,0,felony,0,1077,0,0,0,0,0
female,caucasian,44,25 - 45,5,2,1,0,medium,2013-04-13,1,10,felony,5,465,1,0,0,0,0
male,african-american,24,less than 25,6,4,0,0,medium,2014-03-04,0,5,felony,0,444,0,0,0,0,0
male,caucasian,29,25 - 45,1,2,1,1,low,2014-01-27,1,0,misdemeanor,0,110,1,0,0,0,0
male,caucasian,21,less than 25,5,4,0,0,medium,2014-03-02,0,1,felony,0,403,0,0,0,0,0
male,african-american,38,25 - 45,9,9,1,1,high,2013-08-13,1,22,misdemeanor,0,83,0,1,2,2,5
male,hispanic,62,greater than 45,2,2,0,0,low,2013-06-21,0,5,felony,0,59,0,0,0,0,0
female,caucasian,46,greater than 45,1,1,0,0,low,2013-10-25,0,1,felony,0,820,0,0,0,0,0
male,african-american,29,25 - 45,10,6,1,0,high,2013-05-17,1,17,felony,14,175,1,0,1,0,1
male,african-american,55,greater than 45,1,1,1,0,low,2014-03-15,1,8,felony,1,163,0,0,0,0,0
male,african-american,25,25 - 45,9,7,1,0,high,2013-10-10,1,10,felony,0,516,1,0,0,0,0
male,caucasian,47,greater than 45,1,1,0,0,low,2013-10-15,0,2,misdemeanor,0,448,0,0,0,0,0
male,hispanic,27,25 - 45,2,3,0,0,low,2014-03-21,0,1,misdemeanor,0,742,0,0,0,0,0
male,african-american,24,less than 25,5,6,1,0,medium,2013-03-14,1,4,felony,0,29,1,0,0,3,3
male,caucasian,48,greater than 45,1,1,1,1,low,2013-09-04,1,2,felony,0,232,1,0,0,0,0
male,african-american,26,25 - 45,5,5,0,0,medium,2013-09-26,0,2,misdemeanor,0,918,0,0,0,0,0
female,caucasian,42,25 - 45,2,1,0,0,low,2014-03-18,0,0,misdemeanor,0,745,0,0,0,0,0
male,african-american,34,25 - 45,2,2,0,0,low,2014-03-06,0,1,misdemeanor,1,757,0,0,0,0,0
male,african-american,21,less than 25,4,6,1,0,low,2013-02-21,1,0,misdemeanor,1,11,0,0,0,0,0
female,caucasian,69,greater than 45,1,1,0,0,low,2013-02-04,0,2,misdemeanor,0,1152,0,0,0,0,0
male,caucasian,24,less than 25,5,6,1,1,medium,2013-12-11,1,5,felony,0,632,1,0,0,1,1
male,african-american,45,greater than 45,1,3,0,0,low,2013-02-24,0,1,misdemeanor,0,1132,0,0,0,0,0
male,african-american,28,25 - 45,9,7,0,0,high,2013-05-23,0,3,misdemeanor,0,264,0,0,0,0,0
male,african-american,25,25 - 45,8,5,1,0,high,2014-01-05,1,8,misdemeanor,0,256,0,0,3,1,4
male,african-american,52,greater than 45,1,1,0,0,low,2014-02-20,0,2,misdemeanor,10,28,0,0,0,0,0
male,caucasian,30,25 - 45,1,2,0,0,low,2014-03-03,0,0,felony,0,760,0,0,0,0,0
female,hispanic,26,25 - 45,3,3,0,0,low,2014-03-24,0,0,misdemeanor,0,739,0,0,0,0,0
male,caucasian,32,25 - 45,7,2,1,1,medium,2013-12-10,1,5,felony,0,145,1,0,1,0,1
male,caucasian,47,greater than 45,4,3,0,0,low,2013-12-11,0,11,felony,0,106,0,0,0,0,0
male,african-american,38,25 - 45,4,3,1,0,low,2013-02-18,1,2,misdemeanor,10,138,1,0,0,0,0
male,african-american,32,25 - 45,10,7,0,0,high,2013-03-14,0,2,felony,0,127,0,0,0,0,0
male,african-american,23,less than 25,7,8,1,0,medium,2013-12-04,1,4,felony,0,181,0,0,2,2,4
male,hispanic,30,25 - 45,1,1,0,0,low,2013-10-10,0,0,misdemeanor,0,904,0,0,0,0,0
male,african-american,59,greater than 45,9,4,1,0,high,2013-05-07,1,9,felony,0,30,0,0,0,0,0
female,african-american,22,less than 25,6,7,0,0,medium,2013-03-12,0,0,felony,1,1116,0,0,0,0,0
male,african-american,35,25 - 45,3,3,0,0,low,2013-10-15,0,6,felony,0,899,0,0,0,0,0
male,african-american,24,less than 25,7,7,1,0,medium,2013-09-27,1,0,felony,1,13,1,0,0,0,0
male,african-american,35,25 - 45,6,5,1,1,medium,2013-04-03,0,1,misdemeanor,63,804,1,0,0,0,0
male,african-american,25,25 - 45,6,4,0,0,medium,2013-02-23,0,2,felony,0,1133,0,0,0,0,0
male,caucasian,58,greater than 45,2,1,0,0,low,2013-07-29,0,3,misdemeanor,0,977,0,0,0,0,0
male,african-american,27,25 - 45,4,3,1,0,low,2013-01-20,1,7,felony,1,223,1,0,0,0,0
male,african-american,24,less than 25,9,8,1,0,high,2013-10-11,1,6,felony,46,183,1,0,0,1,1
male,caucasian,33,25 - 45,2,2,0,0,low,2013-04-10,0,2,misdemeanor,0,1087,0,0,0,0,0
male,caucasian,44,25 - 45,3,4,0,0,low,2013-04-08,0,4,felony,0,1089,0,0,0,0,0
male,african-american,30,25 - 45,5,3,0,0,medium,2013-11-12,0,3,felony,1,871,0,0,0,0,0
female,hispanic,39,25 - 45,2,1,0,0,low,2014-01-04,0,2,felony,7,818,0,0,0,0,0
male,caucasian,28,25 - 45,3,2,0,0,low,2013-03-30,0,0,felony,0,1098,0,0,0,0,0
male,african-american,34,25 - 45,2,2,0,0,low,2013-09-21,0,1,felony,0,923,0,0,0,0,0
male,african-american,23,less than 25,2,3,0,0,low,2014-03-15,0,0,felony,1,748,0,0,0,0,0
male,african-american,31,25 - 45,4,4,0,0,low,2013-12-22,0,0,misdemeanor,0,831,0,0,0,0,0
male,other,38,25 - 45,1,1,0,0,low,2013-09-30,0,1,felony,0,914,0,0,0,0,0
male,african-american,30,25 - 45,8,3,1,0,high,2013-01-14,1,14,felony,63,241,1,0,0,0,0
male,african-american,44,25 - 45,1,1,0,0,low,2013-09-30,0,0,felony,0,914,0,0,0,0,0
male,african-american,52,greater than 45,1,1,0,0,low,2013-12-30,0,0,felony,1,823,0,0,0,0,0
male,african-american,30,25 - 45,5,3,1,0,medium,2013-01-04,1,6,felony,0,20,1,0,0,0,0
male,african-american,31,25 - 45,8,6,1,1,high,2013-08-15,1,9,felony,1,108,1,0,0,0,0
female,african-american,21,less than 25,6,7,1,0,medium,2013-04-24,0,2,felony,0,859,1,0,1,0,1
male,caucasian,77,greater than 45,1,1,0,0,low,2013-08-19,0,1,misdemeanor,2,956,0,0,0,0,0
male,caucasian,61,greater than 45,6,5,0,0,medium,2013-10-18,0,4,felony,118,896,0,0,0,0,0
female,african-american,41,25 - 45,1,1,0,0,low,2013-11-22,0,0,misdemeanor,0,861,0,0,0,0,0
female,caucasian,24,less than 25,5,4,0,0,medium,2013-11-21,0,0,misdemeanor,0,862,0,0,0,0,0
female,african-american,34,25 - 45,3,3,1,0,low,2013-04-17,0,5,felony,0,256,0,0,0,0,0
male,caucasian,34,25 - 45,2,1,1,0,low,2013-01-03,1,3,felony,0,47,1,0,0,0,0
male,hispanic,27,25 - 45,3,3,0,0,low,2013-02-06,0,1,felony,1,259,0,0,0,0,0
male,african-american,25,25 - 45,7,5,1,0,medium,2013-10-25,1,6,misdemeanor,0,244,1,0,0,2,2
male,african-american,30,25 - 45,1,2,0,0,low,2013-03-05,0,1,felony,0,1123,0,0,0,0,0
male,hispanic,59,greater than 45,1,1,0,0,low,2013-02-19,0,0,felony,0,1137,0,0,0,0,0
male,caucasian,55,greater than 45,1,1,1,1,low,2013-11-08,1,1,felony,0,486,1,0,0,0,0
female,african-american,22,less than 25,6,6,0,0,medium,2013-09-03,0,1,misdemeanor,0,294,0,0,1,0,1
male,african-american,53,greater than 45,2,1,0,0,low,2013-05-27,0,5,misdemeanor,2,289,0,0,0,0,0
male,caucasian,50,greater than 45,2,2,0,0,low,2013-01-21,0,1,misdemeanor,0,1166,0,0,0,0,0
male,other,26,25 - 45,4,5,1,0,low,2013-01-09,1,1,felony,1,43,1,0,0,0,0
male,hispanic,21,less than 25,5,5,1,1,medium,2013-12-31,1,2,felony,0,70,0,0,0,1,1
male,african-american,36,25 - 45,6,3,1,0,medium,2013-05-13,1,7,felony,0,724,1,0,0,0,0
male,african-american,35,25 - 45,8,6,1,0,high,2013-02-20,1,16,felony,613,1075,1,0,0,0,0
female,caucasian,25,25 - 45,3,3,0,0,low,2013-12-17,0,0,misdemeanor,1,836,0,0,0,0,0
female,caucasian,31,25 - 45,6,3,0,0,medium,2013-04-24,0,2,misdemeanor,117,1073,0,0,0,0,0
female,african-american,26,25 - 45,5,4,0,0,medium,2013-09-07,0,1,felony,1,489,0,0,0,0,0
male,caucasian,25,25 - 45,2,3,0,0,low,2013-12-23,0,0,misdemeanor,0,830,0,0,0,0,0
male,african-american,32,25 - 45,1,1,0,0,low,2013-11-19,0,0,misdemeanor,0,864,0,0,0,0,0
male,caucasian,40,25 - 45,3,1,0,0,low,2013-03-12,0,5,felony,0,1116,0,0,0,0,0
male,african-american,35,25 - 45,3,4,0,0,low,2013-04-05,0,0,felony,0,1092,0,0,0,0,0
male,african-american,27,25 - 45,3,2,0,0,low,2013-10-02,0,2,felony,3,912,0,0,0,0,0
male,african-american,33,25 - 45,9,9,1,0,high,2013-04-07,1,12,felony,2,200,1,0,0,0,0
male,asian,36,25 - 45,1,1,0,0,low,2013-01-11,0,1,felony,40,1176,0,0,0,0,0
male,caucasian,30,25 - 45,2,3,0,0,low,2013-03-01,0,2,felony,0,1127,0,0,0,0,0
male,african-american,30,25 - 45,4,3,0,0,low,2013-04-14,0,0,felony,4,670,0,0,0,0,0
male,african-american,41,25 - 45,8,2,1,0,high,2013-04-15,0,19,felony,220,886,0,0,0,0,0
female,caucasian,21,less than 25,7,6,0,0,medium,2013-05-28,0,1,misdemeanor,0,1039,0,0,0,0,0
female,caucasian,29,25 - 45,7,3,0,0,medium,2013-03-11,0,0,felony,0,1117,0,0,0,0,0
male,caucasian,32,25 - 45,2,3,0,0,low,2013-03-02,0,1,misdemeanor,0,1126,0,0,0,0,0
male,caucasian,25,25 - 45,5,3,0,0,medium,2013-10-04,0,0,felony,0,910,0,0,0,0,0
male,caucasian,50,greater than 45,1,1,0,0,low,2013-03-20,0,0,felony,2,1108,0,0,0,0,0
male,caucasian,35,25 - 45,2,1,0,0,low,2013-08-07,0,4,felony,169,525,0,0,0,0,0
male,african-american,43,25 - 45,1,2,1,1,low,2014-01-16,1,4,felony,0,421,0,0,0,0,0
male,caucasian,29,25 - 45,6,4,1,0,medium,2013-02-07,1,12,misdemeanor,39,250,1,0,0,0,0
female,caucasian,61,greater than 45,1,1,0,0,low,2013-12-04,0,0,felony,0,849,0,0,0,0,0
female,african-american,22,less than 25,9,6,1,1,high,2013-09-15,1,4,felony,2,291,1,0,0,0,0
male,caucasian,27,25 - 45,4,3,1,0,low,2013-09-27,1,2,felony,0,328,1,0,0,0,0
male,african-american,31,25 - 45,10,4,1,0,high,2013-04-15,0,0,misdemeanor,0,1053,1,0,0,0,0
male,african-american,44,25 - 45,9,4,0,0,high,2014-02-13,0,12,felony,0,778,0,0,0,0,0
female,african-american,34,25 - 45,2,1,0,0,low,2013-02-06,0,1,misdemeanor,0,1150,0,0,0,0,0
male,other,24,less than 25,6,4,0,0,medium,2014-03-22,0,0,felony,0,565,0,0,0,0,0
female,caucasian,34,25 - 45,6,2,0,0,medium,2013-09-05,0,1,felony,0,39,0,0,0,0,0
female,african-american,20,less than 25,7,8,1,1,medium,2014-01-02,1,0,misdemeanor,0,154,1,0,0,1,1
male,african-american,30,25 - 45,1,2,0,0,low,2014-03-31,0,0,misdemeanor,0,732,0,0,0,0,0
female,african-american,43,25 - 45,1,1,0,0,low,2013-05-14,0,0,misdemeanor,0,1053,0,0,0,0,0
male,caucasian,51,greater than 45,1,1,1,0,low,2014-02-25,1,4,felony,0,387,1,0,0,0,0
male,hispanic,37,25 - 45,5,3,0,0,medium,2013-02-07,0,9,felony,1,270,0,0,0,0,0
male,african-american,42,25 - 45,9,7,1,0,high,2014-01-22,1,7,felony,2,342,0,1,0,0,1
female,hispanic,29,25 - 45,4,3,0,0,low,2013-02-23,0,1,felony,0,1133,0,0,0,0,0
male,caucasian,44,25 - 45,1,1,0,0,low,2013-08-08,0,4,felony,0,967,0,0,0,0,0
female,caucasian,24,less than 25,6,5,0,0,medium,2013-03-25,0,0,misdemeanor,0,1103,0,0,0,0,0
male,caucasian,36,25 - 45,1,2,0,0,low,2014-03-26,0,12,felony,0,737,0,0,0,0,0
male,african-american,32,25 - 45,5,4,0,0,medium,2013-11-20,0,2,misdemeanor,0,71,0,0,0,0,0
male,african-american,30,25 - 45,2,2,0,0,low,2013-09-10,0,1,felony,0,934,0,0,0,0,0
male,african-american,38,25 - 45,1,1,0,0,low,2013-02-09,0,0,misdemeanor,0,1147,0,0,0,0,0
female,african-american,27,25 - 45,6,4,1,0,medium,2013-04-04,0,8,felony,0,203,0,0,0,0,0
male,caucasian,24,less than 25,3,4,0,0,low,2013-09-12,0,2,misdemeanor,0,932,0,0,0,0,0
female,caucasian,30,25 - 45,6,3,1,0,medium,2013-08-12,1,0,felony,2,364,1,0,0,0,0
female,caucasian,43,25 - 45,2,1,1,0,low,2013-08-13,1,0,misdemeanor,0,382,1,0,0,0,0
male,african-american,30,25 - 45,9,8,1,1,high,2013-01-23,1,8,misdemeanor,0,132,1,6,0,0,6
male,african-american,22,less than 25,7,8,1,0,medium,2013-08-01,1,2,felony,0,366,1,0,0,0,0
female,caucasian,26,25 - 45,4,3,1,0,low,2013-06-03,0,1,misdemeanor,0,768,1,0,0,0,0
male,caucasian,37,25 - 45,4,2,0,0,low,2014-01-04,0,3,felony,38,366,0,0,0,0,0
male,caucasian,25,25 - 45,9,7,1,0,high,2013-11-13,1,5,felony,0,130,0,0,0,0,0
male,other,52,greater than 45,5,1,1,0,medium,2014-02-12,1,0,felony,6,254,1,0,0,0,0
male,hispanic,37,25 - 45,6,7,0,0,medium,2013-07-01,0,9,felony,0,66,0,0,0,0,0
male,caucasian,29,25 - 45,1,2,0,0,low,2013-05-28,0,1,felony,0,1039,0,0,0,0,0
male,caucasian,32,25 - 45,5,2,0,0,medium,2013-01-15,0,3,felony,120,374,0,0,0,0,0
male,caucasian,21,less than 25,3,6,0,0,low,2013-03-12,0,1,felony,0,1116,0,0,0,0,0
male,caucasian,47,greater than 45,4,3,1,1,low,2013-04-14,1,13,misdemeanor,66,152,1,0,0,0,0
female,african-american,36,25 - 45,2,1,0,0,low,2014-02-13,0,4,felony,0,599,0,0,0,0,0
female,african-american,25,25 - 45,7,6,1,0,medium,2013-01-18,1,6,felony,0,24,0,0,0,0,0
male,caucasian,43,25 - 45,1,1,0,0,low,2013-01-25,0,1,felony,0,1162,0,0,0,0,0
male,african-american,27,25 - 45,6,3,0,0,medium,2013-04-04,0,2,felony,131,1093,0,0,0,0,0
male,african-american,21,less than 25,3,5,0,0,low,2013-09-12,0,1,felony,0,932,0,0,0,0,0
male,asian,34,25 - 45,2,1,0,0,low,2013-12-16,0,0,misdemeanor,0,837,0,0,0,0,0
male,hispanic,46,greater than 45,1,1,0,0,low,2014-01-27,0,1,misdemeanor,0,795,0,0,0,0,0
male,african-american,40,25 - 45,6,8,1,1,medium,2013-09-12,1,23,misdemeanor,0,30,1,2,0,0,2
male,caucasian,38,25 - 45,3,1,0,0,low,2013-12-15,0,3,misdemeanor,1,838,0,0,0,0,0
male,african-american,41,25 - 45,9,4,0,0,high,2013-03-27,0,7,felony,57,1101,0,0,0,0,0
male,caucasian,25,25 - 45,10,8,1,0,high,2013-01-10,1,7,felony,42,501,1,0,0,0,0
male,caucasian,21,less than 25,4,7,0,0,low,2013-12-19,0,1,felony,0,834,0,0,0,0,0
female,caucasian,74,greater than 45,1,1,0,0,low,2013-11-15,0,0,misdemeanor,0,868,0,0,0,0,0
male,caucasian,41,25 - 45,4,4,1,0,low,2013-12-31,1,5,misdemeanor,0,204,1,0,0,0,0
female,hispanic,27,25 - 45,3,3,0,0,low,2013-01-24,0,0,misdemeanor,0,1163,0,0,0,0,0
male,african-american,30,25 - 45,2,2,0,0,low,2014-01-23,0,1,misdemeanor,1,799,0,0,1,0,1
female,caucasian,33,25 - 45,6,2,1,1,medium,2013-05-18,1,3,felony,0,266,1,0,0,0,0
male,caucasian,24,less than 25,2,3,0,0,low,2014-03-27,0,2,misdemeanor,0,736,0,0,0,0,0
male,asian,52,greater than 45,1,1,0,0,low,2013-11-14,0,0,felony,0,869,0,0,0,0,0
female,caucasian,29,25 - 45,6,3,0,0,medium,2013-04-04,0,0,misdemeanor,0,1093,0,0,0,0,0
female,caucasian,42,25 - 45,2,1,1,0,low,2014-01-22,1,0,felony,1,103,0,0,0,0,0
female,caucasian,30,25 - 45,2,2,0,0,low,2013-03-31,0,1,felony,0,1097,0,0,0,1,1
male,african-american,33,25 - 45,5,4,0,0,medium,2013-08-07,0,0,felony,44,968,0,0,0,0,0
male,hispanic,38,25 - 45,1,1,0,0,low,2013-12-21,0,1,felony,3,832,0,0,0,0,0
male,african-american,21,less than 25,6,6,1,0,medium,2014-02-01,1,2,felony,7,56,1,0,0,1,1
female,caucasian,41,25 - 45,4,1,1,0,low,2013-11-04,1,9,misdemeanor,0,2,1,0,0,0,0
female,african-american,28,25 - 45,8,7,0,0,high,2013-02-17,0,5,misdemeanor,1,1139,0,0,0,0,0
male,hispanic,28,25 - 45,8,7,0,0,high,2013-03-06,0,3,felony,0,870,0,0,0,0,0
female,african-american,52,greater than 45,1,1,0,0,low,2014-01-13,0,3,felony,0,809,0,0,0,0,0
male,hispanic,21,less than 25,8,6,0,0,high,2014-03-11,0,1,felony,0,233,0,0,0,3,3
female,hispanic,22,less than 25,5,5,1,0,medium,2014-01-13,0,1,felony,1,761,1,0,0,0,0
male,hispanic,32,25 - 45,3,2,0,0,low,2013-05-24,0,3,felony,0,358,0,0,0,0,0
male,african-american,25,25 - 45,2,3,1,1,low,2014-03-22,1,0,felony,90,310,1,0,0,0,0
female,african-american,27,25 - 45,3,3,1,1,low,2013-05-03,0,0,misdemeanor,0,1038,1,0,0,0,0
male,caucasian,35,25 - 45,2,2,0,0,low,2013-11-27,0,0,felony,1,856,0,0,0,0,0
male,african-american,40,25 - 45,3,3,1,1,low,2013-09-27,0,2,misdemeanor,0,161,0,0,0,0,0
female,other,29,25 - 45,3,3,0,0,low,2013-04-17,0,0,felony,47,1080,0,0,0,0,0
male,african-american,24,less than 25,10,9,1,1,high,2013-05-25,1,10,felony,0,24,1,5,1,0,6
male,african-american,54,greater than 45,6,1,0,0,medium,2013-09-04,0,13,felony,0,940,0,0,0,0,0
male,hispanic,26,25 - 45,3,2,0,0,low,2013-04-19,0,5,felony,0,1078,0,0,0,0,0
male,caucasian,50,greater than 45,2,3,0,0,low,2013-10-28,0,1,felony,9,886,0,0,0,0,0
male,african-american,21,less than 25,7,8,1,0,medium,2013-02-15,1,1,felony,0,67,1,0,0,0,0
male,hispanic,51,greater than 45,1,1,0,0,low,2013-02-17,0,0,misdemeanor,0,1139,0,0,0,0,0
male,african-american,24,less than 25,5,5,1,0,medium,2013-02-09,1,2,felony,0,115,0,0,0,2,2
male,african-american,33,25 - 45,8,7,1,0,high,2013-11-06,1,11,felony,0,52,1,0,2,3,5
male,african-american,29,25 - 45,1,2,0,0,low,2013-04-17,0,3,misdemeanor,0,1080,0,0,0,0,0
female,caucasian,25,25 - 45,4,4,0,0,low,2013-08-11,0,0,misdemeanor,1,964,0,0,0,0,0
male,caucasian,46,greater than 45,3,3,0,0,low,2013-09-24,0,1,felony,10,920,0,0,0,0,0
male,hispanic,31,25 - 45,7,2,1,1,medium,2013-09-24,1,19,felony,0,283,0,0,1,0,1
male,other,21,less than 25,4,6,0,0,low,2013-01-04,0,0,misdemeanor,3,1183,0,0,0,0,0
male,other,60,greater than 45,1,1,1,0,low,2013-02-18,1,1,misdemeanor,0,56,0,0,0,0,0
male,african-american,23,less than 25,5,5,0,0,medium,2013-07-19,0,1,felony,0,987,0,0,0,0,0
male,african-american,35,25 - 45,4,5,0,0,low,2013-09-05,0,4,felony,10,634,0,0,0,0,0
male,caucasian,49,greater than 45,2,2,1,0,low,2014-02-19,1,12,felony,2,40,1,0,0,0,0
male,other,26,25 - 45,4,7,0,0,low,2013-04-01,0,1,misdemeanor,0,1096,0,0,0,0,0
male,caucasian,27,25 - 45,5,4,0,0,medium,2013-01-06,0,0,misdemeanor,2,1181,0,0,0,0,0
male,african-american,22,less than 25,6,5,0,0,medium,2014-03-23,0,2,felony,0,740,0,0,1,3,4
male,african-american,31,25 - 45,9,4,0,0,high,2014-01-12,0,0,misdemeanor,1,810,0,0,0,0,0
male,hispanic,31,25 - 45,6,6,1,0,medium,2013-01-02,1,5,felony,37,55,0,0,0,0,0
female,hispanic,29,25 - 45,3,3,0,0,low,2013-04-28,0,0,felony,0,1069,0,0,0,0,0
female,caucasian,65,greater than 45,1,1,0,0,low,2013-04-25,0,0,felony,0,1072,0,0,0,0,0
female,hispanic,34,25 - 45,3,1,0,0,low,2013-06-06,0,1,misdemeanor,0,1030,0,0,0,0,0
male,caucasian,24,less than 25,10,5,0,0,high,2013-02-23,0,6,felony,7,961,0,0,0,2,2
male,african-american,46,greater than 45,2,1,0,0,low,2013-01-26,0,0,misdemeanor,1,1161,0,0,0,0,0
male,other,26,25 - 45,2,3,0,0,low,2013-08-27,0,3,felony,0,948,0,0,0,0,0
male,african-american,20,less than 25,4,6,1,0,low,2014-01-21,1,0,felony,0,277,1,0,0,0,0
male,african-american,29,25 - 45,3,2,1,0,low,2013-02-09,0,7,felony,2,531,0,0,0,0,0
female,caucasian,56,greater than 45,1,1,0,0,low,2014-02-04,0,3,felony,0,787,0,0,0,0,0
male,african-american,21,less than 25,4,7,0,0,low,2013-04-07,0,0,felony,1,1090,0,0,0,0,0
male,african-american,40,25 - 45,10,9,1,1,high,2013-01-07,1,0,felony,4,83,1,0,0,0,0
male,african-american,22,less than 25,9,8,1,1,high,2014-02-14,1,2,misdemeanor,54,126,0,0,0,0,0
male,caucasian,39,25 - 45,1,1,0,0,low,2014-01-06,0,0,misdemeanor,0,816,0,0,0,0,0
male,african-american,22,less than 25,8,10,1,0,high,2013-11-19,1,1,felony,0,99,0,0,1,0,1
male,caucasian,36,25 - 45,2,1,0,0,low,2014-01-17,0,1,felony,0,805,0,0,0,0,0
male,african-american,30,25 - 45,1,2,0,0,low,2013-11-23,0,0,felony,1,860,0,0,0,0,0
male,caucasian,56,greater than 45,4,4,1,1,low,2013-09-24,1,17,felony,0,41,1,0,0,0,0
male,african-american,36,25 - 45,6,5,0,0,medium,2013-09-15,0,0,misdemeanor,1,929,0,0,0,0,0
male,african-american,38,25 - 45,7,7,0,0,medium,2013-03-11,0,5,misdemeanor,0,1117,0,0,0,0,0
male,african-american,32,25 - 45,1,1,0,0,low,2013-01-28,0,0,felony,1,1159,0,0,0,0,0
male,other,23,less than 25,3,4,1,0,low,2013-01-22,0,0,misdemeanor,0,945,1,0,0,0,0
male,caucasian,52,greater than 45,1,1,0,0,low,2013-08-04,0,0,misdemeanor,0,971,0,0,0,0,0
male,caucasian,20,less than 25,10,10,1,0,high,2013-12-10,1,1,felony,12,31,0,0,1,1,2
male,african-american,38,25 - 45,4,2,0,0,low,2013-12-01,0,5,misdemeanor,5,852,0,0,0,0,0
male,caucasian,46,greater than 45,1,1,0,0,low,2013-02-13,0,0,misdemeanor,0,1143,0,0,0,0,0
female,african-american,51,greater than 45,1,1,0,0,low,2013-09-11,0,1,misdemeanor,0,933,0,0,0,0,0
female,african-american,35,25 - 45,2,1,1,0,low,2013-09-05,1,7,felony,1,67,1,0,0,0,0
male,caucasian,63,greater than 45,1,1,0,0,low,2013-05-26,0,0,felony,0,1041,0,0,0,0,0
male,african-american,27,25 - 45,6,4,0,0,medium,2013-05-14,0,2,felony,0,1053,0,0,0,0,0
male,african-american,27,25 - 45,5,4,0,0,medium,2014-01-29,0,0,felony,2,777,0,0,0,0,0
male,african-american,24,less than 25,6,5,1,0,medium,2013-01-14,1,2,misdemeanor,0,9,1,0,0,0,0
male,hispanic,30,25 - 45,2,2,1,0,low,2013-12-10,1,1,felony,0,139,1,0,0,0,0
male,african-american,32,25 - 45,8,9,1,0,high,2013-02-06,1,13,misdemeanor,0,521,1,0,1,0,1
male,caucasian,25,25 - 45,10,9,1,0,high,2013-05-20,1,4,felony,33,57,1,0,0,0,0
male,african-american,24,less than 25,9,5,0,0,high,2013-11-26,0,10,misdemeanor,0,857,0,2,1,0,3
male,african-american,27,25 - 45,1,2,0,0,low,2013-09-07,0,0,misdemeanor,1,489,0,0,0,0,0
female,african-american,48,greater than 45,5,3,0,0,medium,2014-01-13,0,0,misdemeanor,9,809,0,0,0,0,0
female,african-american,26,25 - 45,4,5,0,0,low,2014-01-27,0,1,misdemeanor,0,795,0,0,0,0,0
male,other,58,greater than 45,1,1,0,0,low,2014-01-31,0,0,felony,0,791,0,0,0,0,0
male,caucasian,23,less than 25,5,6,1,0,medium,2013-05-01,1,1,felony,0,97,1,0,0,2,2
female,african-american,51,greater than 45,1,1,0,0,low,2013-10-07,0,4,felony,0,907,0,0,0,0,0
male,african-american,41,25 - 45,1,1,0,0,low,2013-03-20,0,0,felony,3,938,0,0,0,0,0
male,african-american,21,less than 25,7,7,0,0,medium,2013-01-15,0,0,felony,0,1172,0,0,0,0,0
male,african-american,32,25 - 45,7,9,0,0,medium,2013-12-22,0,1,misdemeanor,0,831,0,0,0,0,0
male,other,26,25 - 45,2,3,0,0,low,2013-04-26,0,0,misdemeanor,0,1071,0,0,0,0,0
female,african-american,39,25 - 45,6,2,0,0,medium,2013-01-27,0,3,misdemeanor,1,541,0,0,0,0,0
female,other,48,greater than 45,1,1,0,0,low,2014-02-19,0,0,misdemeanor,0,772,0,0,0,0,0
male,caucasian,46,greater than 45,1,1,0,0,low,2013-12-31,0,0,misdemeanor,0,822,0,0,0,0,0
male,hispanic,56,greater than 45,8,5,0,0,high,2014-02-20,0,2,misdemeanor,0,771,0,0,0,0,0
male,other,33,25 - 45,8,3,1,1,high,2013-12-17,1,7,felony,115,686,1,0,1,0,1
male,african-american,36,25 - 45,4,1,1,0,low,2013-03-15,1,2,felony,46,168,1,0,0,0,0
male,caucasian,32,25 - 45,3,3,0,0,low,2014-01-05,0,0,misdemeanor,0,817,0,0,0,0,0
male,african-american,38,25 - 45,4,1,1,0,low,2014-03-23,1,17,misdemeanor,0,601,1,0,0,0,0
male,hispanic,64,greater than 45,1,1,0,0,low,2013-06-03,0,1,misdemeanor,0,1033,0,0,0,0,0
male,african-american,26,25 - 45,4,4,0,0,low,2014-03-03,0,2,felony,0,760,0,0,0,0,0
female,african-american,27,25 - 45,6,4,1,0,medium,2014-02-05,1,1,misdemeanor,15,332,1,0,0,0,0
female,caucasian,30,25 - 45,6,2,0,0,medium,2013-01-30,0,1,misdemeanor,0,40,0,0,0,0,0
male,african-american,22,less than 25,8,8,1,1,high,2013-04-30,0,2,felony,0,748,1,0,0,0,0
female,caucasian,43,25 - 45,1,1,0,0,low,2013-12-22,0,0,felony,1,831,0,0,0,0,0
male,hispanic,24,less than 25,1,1,1,0,low,2013-01-24,1,0,felony,0,565,1,0,0,0,0
male,caucasian,22,less than 25,4,6,1,0,low,2013-08-23,1,2,misdemeanor,0,670,1,0,0,0,0
female,caucasian,55,greater than 45,1,1,0,0,low,2013-05-10,0,0,misdemeanor,0,1057,0,0,0,0,0
male,hispanic,34,25 - 45,1,1,0,0,low,2013-08-07,0,0,misdemeanor,77,968,0,0,0,0,0
male,african-american,20,less than 25,2,6,0,0,low,2013-10-15,0,1,felony,1,899,0,0,0,2,2
male,african-american,22,less than 25,7,7,1,0,medium,2013-03-28,1,1,misdemeanor,0,64,1,0,0,0,0
male,caucasian,33,25 - 45,9,5,1,0,high,2014-01-04,1,9,felony,48,103,1,0,0,0,0
male,caucasian,55,greater than 45,8,10,0,0,high,2013-02-23,0,7,felony,0,481,0,0,0,0,0
male,african-american,22,less than 25,6,8,0,0,medium,2013-03-06,0,1,felony,1,47,0,0,0,0,0
male,african-american,55,greater than 45,1,1,0,0,low,2013-09-10,0,1,felony,8,934,0,0,0,0,0
female,caucasian,43,25 - 45,1,1,1,0,low,2013-07-18,1,0,felony,0,41,0,0,0,0,0
male,african-american,21,less than 25,10,9,1,1,high,2013-03-15,1,0,felony,6,318,1,0,0,3,3
male,african-american,38,25 - 45,4,3,0,0,low,2013-06-11,0,6,felony,0,1025,0,1,0,0,1
male,african-american,23,less than 25,2,4,0,0,low,2013-09-24,0,0,felony,0,920,0,0,0,0,0
female,caucasian,28,25 - 45,5,2,0,0,medium,2013-08-07,0,1,misdemeanor,0,968,0,0,0,0,0
male,other,45,greater than 45,1,1,0,0,low,2013-05-09,0,0,felony,1,1058,0,0,0,0,0
male,african-american,39,25 - 45,1,2,1,0,low,2013-04-15,0,1,felony,13,843,1,0,0,0,0
male,caucasian,79,greater than 45,1,1,0,0,low,2013-07-29,0,1,misdemeanor,0,977,0,0,0,0,0
male,caucasian,48,greater than 45,1,1,0,0,low,2013-12-07,0,1,felony,0,846,0,0,0,0,0
male,hispanic,20,less than 25,8,8,1,0,high,2013-09-24,1,2,felony,30,132,1,0,2,1,3
male,african-american,31,25 - 45,8,3,0,0,high,2013-01-12,0,5,misdemeanor,0,551,0,1,0,0,1
male,african-american,32,25 - 45,4,2,1,0,low,2013-11-20,1,5,felony,0,78,1,0,0,0,0
male,caucasian,56,greater than 45,1,1,0,0,low,2014-03-23,0,1,misdemeanor,3,740,0,0,0,0,0
female,african-american,28,25 - 45,8,3,1,0,high,2013-04-01,1,0,misdemeanor,0,95,0,0,0,0,0
male,african-american,43,25 - 45,1,1,0,0,low,2013-08-19,0,2,misdemeanor,1,956,0,0,0,0,0
male,hispanic,20,less than 25,3,5,0,0,low,2014-03-13,0,0,felony,0,750,0,0,0,2,2
male,african-american,41,25 - 45,6,2,0,0,medium,2013-08-08,0,0,misdemeanor,0,166,0,0,0,0,0
male,other,24,less than 25,3,3,0,0,low,2013-12-07,0,1,felony,0,56,0,0,0,0,0
female,african-american,33,25 - 45,1,1,0,0,low,2013-09-25,0,1,felony,0,919,0,0,0,0,0
male,african-american,22,less than 25,3,4,0,0,low,2014-02-05,0,0,felony,8,786,0,0,0,0,0
male,african-american,34,25 - 45,1,1,0,0,low,2014-01-22,0,3,felony,0,800,0,0,0,0,0
male,caucasian,36,25 - 45,1,1,0,0,low,2013-01-18,0,0,misdemeanor,0,1169,0,0,0,0,0
male,caucasian,69,greater than 45,5,1,0,0,medium,2013-01-19,0,0,felony,0,1168,0,0,0,0,0
male,caucasian,32,25 - 45,5,4,1,1,medium,2013-02-22,1,5,felony,0,363,0,0,0,0,0
male,african-american,22,less than 25,7,5,1,0,medium,2014-03-21,1,1,felony,0,116,1,0,0,0,0
male,caucasian,46,greater than 45,5,2,0,0,medium,2013-12-10,0,0,felony,78,843,0,0,0,0,0
male,caucasian,34,25 - 45,5,3,0,0,medium,2014-02-24,0,1,misdemeanor,0,767,0,0,0,0,0
female,hispanic,32,25 - 45,1,1,0,0,low,2014-03-07,0,0,misdemeanor,10,457,0,0,0,0,0
male,african-american,39,25 - 45,1,1,0,0,low,2013-01-28,0,0,misdemeanor,0,1159,0,0,0,0,0
female,hispanic,21,less than 25,4,6,1,0,low,2013-05-06,1,0,misdemeanor,0,28,1,0,0,1,1
male,african-american,63,greater than 45,6,1,1,0,medium,2014-03-04,1,9,felony,2,59,1,0,0,0,0
male,caucasian,24,less than 25,4,5,1,0,low,2013-02-06,1,8,felony,0,466,1,0,0,0,0
male,caucasian,29,25 - 45,5,4,1,0,medium,2013-07-26,0,2,misdemeanor,0,101,0,0,0,0,0
female,caucasian,40,25 - 45,5,2,0,0,medium,2014-02-17,0,0,misdemeanor,2,774,0,0,0,0,0
male,african-american,30,25 - 45,8,4,1,0,high,2013-09-28,1,7,felony,0,462,1,0,0,0,0
male,caucasian,36,25 - 45,5,4,1,1,medium,2013-01-29,1,10,misdemeanor,0,54,1,0,0,0,0
male,caucasian,50,greater than 45,7,1,1,0,medium,2013-04-25,0,5,felony,0,915,1,0,0,0,0
male,african-american,34,25 - 45,7,2,0,0,medium,2013-02-24,0,1,felony,0,502,0,0,0,0,0
female,hispanic,35,25 - 45,2,1,0,0,low,2014-03-20,0,0,felony,0,743,0,0,0,0,0
female,african-american,31,25 - 45,2,1,1,0,low,2013-01-09,1,1,misdemeanor,1,258,1,0,0,0,0
male,caucasian,23,less than 25,7,6,1,0,medium,2013-01-12,0,10,felony,69,854,1,0,0,1,1
male,hispanic,22,less than 25,4,5,1,0,low,2013-08-10,1,0,felony,32,485,1,0,0,0,0
male,caucasian,37,25 - 45,1,1,1,0,low,2013-04-22,1,2,felony,4,118,1,0,0,0,0
male,other,20,less than 25,4,7,0,0,low,2013-09-30,0,0,felony,0,297,0,0,0,0,0
male,caucasian,26,25 - 45,5,4,0,0,medium,2013-03-26,0,2,felony,0,1102,0,0,0,0,0
male,caucasian,45,greater than 45,2,1,0,0,low,2013-09-29,0,2,felony,0,915,0,0,0,0,0
male,caucasian,37,25 - 45,2,3,0,0,low,2013-08-16,0,2,misdemeanor,0,34,0,0,0,0,0
male,other,38,25 - 45,1,1,1,0,low,2013-02-14,1,0,felony,0,509,1,0,0,0,0
male,caucasian,45,greater than 45,1,1,1,0,low,2013-08-05,1,1,felony,4,177,1,0,0,0,0
male,african-american,22,less than 25,8,7,0,0,high,2013-08-14,0,1,felony,35,798,0,0,0,0,0
male,african-american,24,less than 25,8,6,1,0,high,2013-03-30,1,3,felony,0,17,1,0,0,1,1
male,african-american,25,25 - 45,5,7,0,0,medium,2013-01-28,0,5,felony,375,1159,0,0,0,0,0
male,african-american,24,less than 25,6,6,1,0,medium,2014-03-13,1,6,felony,0,121,1,0,0,0,0
female,african-american,52,greater than 45,3,2,0,0,low,2013-02-26,0,3,misdemeanor,0,1130,0,0,0,0,0
male,african-american,20,less than 25,4,7,1,1,low,2013-11-08,1,1,misdemeanor,0,653,1,0,0,0,0
male,african-american,32,25 - 45,6,7,0,0,medium,2014-02-06,0,6,felony,0,785,0,0,0,0,0
male,caucasian,39,25 - 45,6,4,0,0,medium,2013-09-24,0,8,felony,0,920,0,0,0,0,0
male,african-american,20,less than 25,4,6,1,0,low,2014-03-12,1,1,felony,0,57,1,1,0,0,1
male,caucasian,58,greater than 45,7,3,1,0,medium,2013-08-10,1,7,felony,185,250,1,0,0,0,0
male,hispanic,50,greater than 45,1,1,0,0,low,2014-02-24,0,2,misdemeanor,1,767,0,0,0,0,0
male,african-american,26,25 - 45,7,4,1,0,medium,2014-02-23,1,11,felony,0,107,1,0,1,1,2
male,african-american,20,less than 25,6,8,0,0,medium,2014-02-05,0,1,felony,0,786,0,1,0,0,1
male,caucasian,39,25 - 45,1,1,0,0,low,2013-04-18,0,1,felony,0,1079,0,0,0,0,0
male,caucasian,51,greater than 45,2,1,1,1,low,2013-08-09,1,1,misdemeanor,1,148,1,0,0,0,0
male,african-american,30,25 - 45,2,2,0,0,low,2013-01-21,0,2,misdemeanor,17,77,0,0,0,0,0
male,other,39,25 - 45,1,1,1,0,low,2014-01-12,0,0,misdemeanor,2,757,1,0,0,0,0
male,caucasian,26,25 - 45,9,9,1,0,high,2014-03-05,1,9,felony,0,153,1,1,0,0,1
male,african-american,26,25 - 45,6,4,0,0,medium,2013-04-06,0,2,felony,32,1091,0,0,0,0,0
male,african-american,35,25 - 45,9,5,1,0,high,2014-01-14,1,13,felony,0,413,1,1,0,0,1
male,other,20,less than 25,5,6,0,0,medium,2013-10-21,0,0,misdemeanor,0,893,0,0,0,0,0
female,caucasian,51,greater than 45,5,2,0,0,medium,2014-01-27,0,7,felony,0,795,0,0,0,0,0
female,caucasian,26,25 - 45,5,4,0,0,medium,2013-02-25,0,0,felony,0,1131,0,0,0,0,0
male,african-american,26,25 - 45,4,3,0,0,low,2013-03-27,0,5,felony,2,171,0,0,0,0,0
male,caucasian,20,less than 25,2,6,0,0,low,2013-12-06,0,0,felony,0,847,0,0,0,2,2
male,african-american,28,25 - 45,3,3,1,1,low,2014-02-17,1,0,felony,15,111,1,0,0,0,0
male,african-american,23,less than 25,2,4,1,0,low,2014-02-04,1,1,misdemeanor,0,465,1,0,1,2,3
female,african-american,21,less than 25,5,7,0,0,medium,2013-01-28,0,0,misdemeanor,0,277,0,0,0,0,0
male,other,25,25 - 45,9,8,1,1,high,2013-05-03,1,0,felony,0,83,1,0,0,0,0
male,caucasian,30,25 - 45,3,2,0,0,low,2013-10-27,0,0,felony,1,887,0,0,0,0,0
male,caucasian,21,less than 25,9,9,1,1,high,2013-10-21,1,2,felony,0,473,1,0,2,7,9
male,caucasian,20,less than 25,7,9,1,0,medium,2013-12-13,1,1,felony,0,13,0,1,0,0,1
male,caucasian,24,less than 25,6,4,1,0,medium,2013-09-23,1,5,felony,0,16,1,0,0,0,0
male,african-american,35,25 - 45,10,7,1,1,high,2013-01-22,1,22,felony,2,82,1,0,0,0,0
male,caucasian,50,greater than 45,2,1,1,1,low,2013-01-09,1,2,felony,8,33,1,0,0,0,0
male,african-american,25,25 - 45,9,9,0,0,high,2013-04-14,0,5,misdemeanor,1,152,0,0,0,0,0
female,caucasian,48,greater than 45,9,2,0,0,high,2013-01-24,0,1,felony,0,1163,0,0,0,0,0
male,african-american,31,25 - 45,8,5,1,0,high,2013-03-23,1,12,misdemeanor,39,52,0,1,1,1,3
male,african-american,26,25 - 45,9,10,0,0,high,2013-08-26,0,0,felony,0,58,0,0,0,0,0
male,african-american,22,less than 25,4,5,0,0,low,2013-05-22,0,0,felony,0,1045,0,0,0,0,0
male,african-american,29,25 - 45,3,3,0,0,low,2013-12-22,0,0,felony,0,831,0,0,0,0,0
male,other,33,25 - 45,1,1,1,0,low,2013-05-21,1,2,felony,1,190,1,0,0,0,0
male,caucasian,52,greater than 45,1,1,0,0,low,2013-01-12,0,1,felony,0,1175,0,0,0,0,0
male,african-american,21,less than 25,7,7,1,0,medium,2013-10-29,0,0,felony,0,811,1,0,0,0,0
male,caucasian,21,less than 25,8,6,0,0,high,2013-12-28,0,1,felony,0,825,0,0,0,0,0
male,caucasian,30,25 - 45,1,1,1,0,low,2014-02-25,1,1,felony,0,336,1,0,0,0,0
female,african-american,33,25 - 45,4,2,1,0,low,2013-02-09,1,3,misdemeanor,5,38,1,0,0,0,0
male,african-american,24,less than 25,7,6,0,0,medium,2013-09-22,0,3,felony,93,922,0,0,0,0,0
female,hispanic,52,greater than 45,1,1,1,0,low,2013-02-01,1,0,misdemeanor,0,25,1,0,0,0,0
female,african-american,30,25 - 45,7,3,1,0,medium,2013-12-01,1,11,felony,6,64,1,0,0,0,0
female,caucasian,30,25 - 45,2,2,0,0,low,2013-05-15,0,0,misdemeanor,0,1052,0,0,0,0,0
male,african-american,41,25 - 45,9,6,0,0,high,2013-02-14,0,9,misdemeanor,1,1142,0,0,1,0,1
male,hispanic,21,less than 25,10,10,1,0,high,2013-09-28,1,4,felony,0,259,1,1,0,0,1
male,hispanic,53,greater than 45,1,1,0,0,low,2013-01-18,0,1,felony,0,1169,0,0,0,0,0
male,caucasian,48,greater than 45,2,1,0,0,low,2013-12-03,0,6,felony,0,53,0,0,0,0,0
female,african-american,34,25 - 45,1,1,0,0,low,2013-02-18,0,1,misdemeanor,0,1138,0,0,0,0,0
male,other,39,25 - 45,4,2,0,0,low,2013-12-23,0,1,felony,0,830,0,0,0,0,0
female,caucasian,48,greater than 45,8,5,0,0,high,2013-01-30,0,17,felony,0,1157,0,0,0,0,0
male,hispanic,31,25 - 45,7,2,0,0,medium,2013-04-15,0,1,felony,0,583,0,0,0,0,0
male,hispanic,26,25 - 45,2,3,1,0,low,2013-04-26,0,0,misdemeanor,1,962,1,0,0,0,0
male,african-american,25,25 - 45,2,3,0,0,low,2013-12-18,0,1,misdemeanor,0,835,0,0,0,0,0
male,african-american,25,25 - 45,4,3,1,0,low,2013-02-25,1,2,felony,0,55,1,0,0,0,0
male,hispanic,24,less than 25,6,5,1,0,medium,2013-03-23,1,4,felony,0,44,0,1,0,0,1
male,caucasian,56,greater than 45,1,1,0,0,low,2013-05-08,0,6,felony,0,1059,0,0,0,0,0
male,african-american,23,less than 25,4,5,0,0,low,2013-04-03,0,0,felony,0,1094,0,0,0,0,0
male,caucasian,21,less than 25,4,6,0,0,low,2014-01-09,0,0,misdemeanor,0,813,0,0,0,0,0
male,caucasian,66,greater than 45,1,1,0,0,low,2013-08-19,0,0,misdemeanor,1,956,0,0,0,0,0
male,african-american,28,25 - 45,7,4,0,0,medium,2013-03-21,0,7,misdemeanor,0,132,0,0,0,0,0
male,caucasian,29,25 - 45,1,1,0,0,low,2013-12-24,0,0,misdemeanor,0,829,0,0,0,0,0
male,caucasian,22,less than 25,7,5,1,0,medium,2014-01-15,1,3,felony,2,53,0,0,0,0,0
male,caucasian,39,25 - 45,1,1,0,0,low,2014-01-06,0,0,felony,0,816,0,0,0,0,0
male,caucasian,29,25 - 45,1,3,1,0,low,2013-08-21,1,2,felony,0,101,1,0,0,0,0
male,caucasian,31,25 - 45,2,2,0,0,low,2013-03-28,0,1,felony,0,1100,0,0,0,0,0
male,african-american,22,less than 25,8,6,0,0,high,2013-02-17,0,0,misdemeanor,53,1139,0,0,0,0,0
female,caucasian,22,less than 25,5,5,0,0,medium,2013-10-25,0,0,misdemeanor,0,889,0,0,0,0,0
male,caucasian,35,25 - 45,4,1,0,0,low,2013-09-25,0,3,felony,1,919,0,0,0,2,2
male,caucasian,29,25 - 45,4,4,1,0,low,2014-02-08,1,3,felony,0,45,1,0,0,0,0
female,african-american,37,25 - 45,5,2,0,0,medium,2014-01-11,0,0,felony,0,811,0,0,0,0,0
female,african-american,30,25 - 45,2,2,0,0,low,2013-01-01,0,0,felony,0,1186,0,0,0,0,0
male,caucasian,56,greater than 45,1,1,1,1,low,2013-01-18,0,1,felony,0,779,1,0,0,0,0
female,african-american,34,25 - 45,1,1,0,0,low,2014-01-26,0,0,felony,0,796,0,0,0,0,0
male,african-american,23,less than 25,4,5,1,0,low,2014-02-14,1,1,felony,3,152,1,0,0,0,0
male,caucasian,43,25 - 45,1,1,0,0,low,2013-09-14,0,2,felony,0,930,0,0,0,0,0
male,caucasian,38,25 - 45,1,1,0,0,low,2013-01-08,0,0,felony,0,1179,0,0,0,0,0
male,caucasian,39,25 - 45,3,6,0,0,low,2013-03-11,0,3,felony,0,1117,0,0,0,0,0
male,african-american,26,25 - 45,3,3,0,0,low,2013-04-29,0,2,misdemeanor,0,1068,0,0,0,0,0
female,caucasian,55,greater than 45,1,1,0,0,low,2014-01-24,0,0,misdemeanor,1,798,0,0,0,0,0
male,african-american,35,25 - 45,6,2,1,0,medium,2013-09-14,1,1,felony,0,362,1,0,0,0,0
male,african-american,61,greater than 45,7,4,0,0,medium,2013-03-26,0,25,felony,0,1102,0,0,0,0,0
male,other,33,25 - 45,1,2,0,0,low,2013-03-12,0,0,misdemeanor,10,1116,0,0,0,0,0
male,caucasian,40,25 - 45,7,7,0,0,medium,2013-09-27,0,4,felony,1,76,0,0,0,0,0
male,african-american,33,25 - 45,2,1,0,0,low,2013-04-11,0,3,felony,0,1086,0,0,0,0,0
male,caucasian,32,25 - 45,9,9,1,0,high,2014-02-03,1,15,felony,91,166,1,0,1,0,1
male,african-american,28,25 - 45,2,3,0,0,low,2014-02-11,0,0,felony,0,780,0,0,0,0,0
male,caucasian,45,greater than 45,1,1,0,0,low,2013-01-05,0,0,misdemeanor,0,1182,0,0,0,0,0
female,caucasian,57,greater than 45,2,1,0,0,low,2013-03-15,0,4,felony,257,1113,0,0,0,0,0
male,african-american,26,25 - 45,7,9,1,1,medium,2013-09-29,1,3,felony,46,218,1,0,0,0,0
male,african-american,35,25 - 45,8,4,0,0,high,2013-09-06,0,1,felony,0,938,0,0,0,0,0
male,hispanic,54,greater than 45,1,1,0,0,low,2013-04-07,0,0,felony,2,1090,0,0,0,0,0
female,african-american,29,25 - 45,5,4,0,0,medium,2014-02-26,0,0,felony,2,765,0,0,0,0,0
female,caucasian,40,25 - 45,2,1,0,0,low,2013-12-19,0,0,misdemeanor,0,834,0,0,0,0,0
male,caucasian,28,25 - 45,2,3,1,0,low,2013-01-16,1,1,felony,0,35,1,0,0,0,0
female,african-american,25,25 - 45,2,2,0,0,low,2013-05-11,0,0,misdemeanor,0,1056,0,0,0,1,1
male,african-american,44,25 - 45,6,5,0,0,medium,2013-05-16,0,3,misdemeanor,2,55,0,0,0,0,0
male,caucasian,48,greater than 45,1,1,0,0,low,2013-05-02,0,1,misdemeanor,0,1065,0,0,0,0,0
female,caucasian,59,greater than 45,1,1,0,0,low,2014-02-28,0,1,felony,0,763,0,0,0,0,0
male,caucasian,23,less than 25,4,4,1,0,low,2013-05-06,1,4,felony,0,537,1,0,0,1,1
male,african-american,29,25 - 45,2,2,0,0,low,2013-10-19,0,0,felony,72,172,0,0,0,0,0
male,caucasian,56,greater than 45,1,1,0,0,low,2013-08-19,0,0,misdemeanor,0,956,0,0,0,0,0
female,african-american,27,25 - 45,3,3,0,0,low,2014-01-24,0,0,misdemeanor,0,798,0,0,0,0,0
female,caucasian,29,25 - 45,7,3,0,0,medium,2013-03-04,0,0,misdemeanor,0,1124,0,0,0,0,0
female,caucasian,34,25 - 45,4,2,0,0,low,2013-11-12,0,4,misdemeanor,0,871,0,0,0,0,0
female,african-american,22,less than 25,7,6,0,0,medium,2013-01-15,0,0,felony,0,1172,0,0,0,0,0
male,caucasian,40,25 - 45,1,2,1,0,low,2013-08-14,1,5,felony,0,7,0,0,0,0,0
male,caucasian,31,25 - 45,1,1,0,0,low,2014-03-22,0,0,felony,2,741,0,0,0,0,0
male,african-american,47,greater than 45,2,1,0,0,low,2014-01-05,0,3,felony,1,817,0,0,0,0,0
male,african-american,24,less than 25,7,7,1,0,medium,2013-08-19,1,8,felony,49,354,1,0,0,0,0
female,caucasian,20,less than 25,4,6,0,0,low,2013-09-23,0,1,felony,0,921,0,0,0,0,0
male,african-american,39,25 - 45,9,5,0,0,high,2013-08-10,0,4,felony,118,965,0,0,0,0,0
male,african-american,29,25 - 45,6,6,1,0,medium,2013-08-18,1,10,felony,1,293,1,0,0,0,0
male,hispanic,30,25 - 45,2,2,0,0,low,2013-09-06,0,2,felony,5,54,0,0,0,0,0
male,african-american,61,greater than 45,8,10,0,0,high,2013-10-11,0,2,misdemeanor,1,903,0,0,0,0,0
male,hispanic,37,25 - 45,4,3,0,0,low,2013-10-18,0,3,misdemeanor,0,896,0,0,0,0,0
male,caucasian,24,less than 25,5,3,1,0,medium,2013-01-31,1,2,felony,0,176,1,0,0,0,0
male,african-american,30,25 - 45,9,7,0,0,high,2013-02-07,0,0,misdemeanor,0,1149,0,0,0,0,0
male,african-american,56,greater than 45,9,5,1,0,high,2013-04-02,1,22,felony,70,98,1,0,0,0,0
female,caucasian,50,greater than 45,3,1,1,0,low,2013-10-02,1,3,felony,0,348,1,0,0,0,0
male,other,47,greater than 45,1,1,0,0,low,2013-12-11,0,0,felony,1,842,0,0,0,0,0
male,caucasian,56,greater than 45,1,1,0,0,low,2014-03-26,0,5,felony,0,737,0,0,0,0,0
female,hispanic,58,greater than 45,5,3,0,0,medium,2014-03-12,0,1,felony,0,751,0,0,0,0,0
male,african-american,30,25 - 45,6,4,1,0,medium,2013-05-16,1,10,felony,0,18,1,0,0,0,0
male,african-american,28,25 - 45,6,5,1,1,medium,2013-09-05,1,12,misdemeanor,0,117,1,0,0,0,0
male,african-american,59,greater than 45,1,1,0,0,low,2013-03-28,0,1,misdemeanor,62,1100,0,0,0,0,0
male,african-american,20,less than 25,10,10,1,0,high,2014-02-23,1,1,felony,186,206,1,1,0,0,1
male,caucasian,23,less than 25,9,9,1,1,high,2013-09-23,1,4,misdemeanor,1,578,1,0,1,0,1
male,hispanic,50,greater than 45,9,4,1,0,high,2013-01-20,1,3,felony,33,103,1,0,0,0,0
male,caucasian,35,25 - 45,5,4,1,0,medium,2014-03-09,1,3,misdemeanor,1,256,1,0,0,0,0
male,african-american,22,less than 25,9,7,1,0,high,2013-04-06,1,1,felony,5,75,0,0,0,0,0
female,hispanic,41,25 - 45,1,1,0,0,low,2014-01-31,0,0,felony,0,791,0,0,0,0,0
male,african-american,22,less than 25,7,7,0,0,medium,2013-09-11,0,0,felony,1,440,0,0,0,0,0
male,african-american,46,greater than 45,6,7,1,0,medium,2013-08-02,1,3,misdemeanor,0,49,0,0,0,0,0
male,african-american,61,greater than 45,2,1,1,0,low,2013-06-26,1,8,felony,0,398,1,0,0,0,0
male,african-american,26,25 - 45,4,5,0,0,low,2013-12-07,0,5,felony,0,846,0,0,0,0,0
male,caucasian,44,25 - 45,5,2,0,0,medium,2014-02-07,0,1,felony,2,784,0,0,0,0,0
female,african-american,34,25 - 45,1,1,1,1,low,2014-03-01,1,0,misdemeanor,0,199,1,0,0,0,0
male,caucasian,29,25 - 45,2,2,1,0,low,2013-01-01,1,1,felony,0,2,1,0,0,0,0
male,hispanic,20,less than 25,10,8,1,0,high,2014-02-07,1,1,felony,0,34,1,0,0,0,0
male,african-american,29,25 - 45,9,4,0,0,high,2013-02-09,0,8,misdemeanor,4,748,0,0,0,0,0
male,african-american,48,greater than 45,4,3,1,0,low,2013-09-12,1,5,felony,0,22,1,0,0,0,0
female,african-american,31,25 - 45,6,4,0,0,medium,2013-11-01,0,0,misdemeanor,0,882,0,0,0,0,0
male,caucasian,21,less than 25,6,5,0,0,medium,2014-02-03,0,2,felony,0,788,0,0,0,0,0
male,caucasian,34,25 - 45,5,6,0,0,medium,2013-04-01,0,4,felony,0,1096,0,0,0,0,0
male,african-american,54,greater than 45,6,1,0,0,medium,2013-03-28,0,21,felony,0,1100,0,0,0,0,0
male,caucasian,20,less than 25,10,10,0,0,high,2013-08-07,0,4,felony,0,968,0,0,4,0,4
male,caucasian,22,less than 25,4,5,0,0,low,2013-10-14,0,0,misdemeanor,1,398,0,0,0,0,0
male,african-american,36,25 - 45,4,1,0,0,low,2014-03-23,0,6,misdemeanor,0,740,0,0,0,0,0
male,caucasian,36,25 - 45,1,2,0,0,low,2013-07-09,0,3,misdemeanor,0,997,0,0,0,0,0
male,african-american,50,greater than 45,8,4,0,0,high,2013-12-03,0,15,misdemeanor,0,850,0,0,0,0,0
female,other,49,greater than 45,1,1,0,0,low,2013-05-10,0,0,misdemeanor,0,1057,0,0,0,0,0
female,african-american,25,25 - 45,9,10,1,0,high,2014-03-13,1,7,felony,0,239,1,0,0,0,0
male,african-american,31,25 - 45,4,2,0,0,low,2014-01-05,0,1,misdemeanor,0,817,0,0,0,0,0
male,african-american,49,greater than 45,3,2,1,0,low,2013-04-24,1,10,felony,9,106,1,0,0,0,0
male,african-american,21,less than 25,9,9,0,0,high,2013-08-28,0,2,felony,35,947,0,1,0,1,2
female,african-american,26,25 - 45,7,5,1,0,medium,2014-03-20,1,5,felony,0,342,1,0,0,0,0
male,other,29,25 - 45,2,3,0,0,low,2013-11-12,0,0,felony,0,871,0,0,0,0,0
male,hispanic,61,greater than 45,1,1,0,0,low,2013-01-06,0,0,felony,0,1181,0,0,0,0,0
female,caucasian,25,25 - 45,9,7,1,1,high,2014-01-15,1,2,felony,0,16,0,0,0,0,0
female,other,26,25 - 45,2,2,0,0,low,2014-01-13,0,1,felony,0,809,0,0,0,0,0
male,caucasian,38,25 - 45,4,1,0,0,low,2013-12-13,0,5,felony,0,840,0,0,0,0,0
male,caucasian,35,25 - 45,1,2,0,0,low,2013-12-09,0,2,misdemeanor,0,844,0,0,0,0,0
male,african-american,50,greater than 45,5,2,0,0,medium,2013-09-19,0,10,felony,0,179,0,0,0,0,0
male,other,55,greater than 45,1,1,1,0,low,2013-02-21,1,8,felony,5,182,1,0,0,0,0
male,caucasian,29,25 - 45,2,3,0,0,low,2014-01-28,0,1,felony,0,794,0,0,0,0,0
male,caucasian,46,greater than 45,1,1,0,0,low,2014-01-21,0,0,felony,0,801,0,0,0,0,0
male,caucasian,53,greater than 45,5,5,1,1,medium,2013-01-22,0,1,misdemeanor,0,794,1,0,0,0,0
male,caucasian,29,25 - 45,8,7,0,0,high,2013-01-25,0,4,felony,0,1162,0,0,0,0,0
male,other,26,25 - 45,1,2,1,0,low,2013-10-20,1,0,felony,1,424,1,0,0,0,0
male,african-american,23,less than 25,2,3,1,0,low,2013-03-07,1,3,misdemeanor,0,90,1,0,0,0,0
male,hispanic,43,25 - 45,3,2,1,0,low,2013-09-23,1,3,misdemeanor,0,21,0,0,0,0,0
male,caucasian,24,less than 25,2,3,1,0,low,2013-10-18,0,1,misdemeanor,0,754,1,0,0,0,0
male,african-american,33,25 - 45,10,9,1,0,high,2014-02-18,1,18,felony,1,19,1,0,0,0,0
female,african-american,38,25 - 45,10,9,1,0,high,2013-01-19,1,7,felony,39,123,0,0,0,0,0
male,african-american,40,25 - 45,7,4,0,0,medium,2013-08-27,0,20,felony,0,611,0,0,0,0,0
female,other,55,greater than 45,1,1,1,0,low,2013-09-04,1,5,felony,0,242,1,0,0,0,0
female,african-american,36,25 - 45,1,2,0,0,low,2013-03-04,0,1,misdemeanor,0,1124,0,0,0,0,0
male,african-american,34,25 - 45,9,2,1,0,high,2014-03-01,1,16,felony,0,19,0,0,0,0,0
male,caucasian,41,25 - 45,2,1,1,0,low,2013-05-06,1,1,misdemeanor,1,639,1,0,0,0,0
male,caucasian,57,greater than 45,1,1,1,0,low,2013-01-28,0,7,felony,151,982,1,0,0,0,0
male,african-american,26,25 - 45,5,4,1,0,medium,2013-10-10,0,1,felony,0,848,1,0,0,0,0
male,african-american,26,25 - 45,3,3,0,0,low,2013-05-10,0,2,felony,0,1057,0,0,0,1,1
female,caucasian,48,greater than 45,1,1,0,0,low,2014-01-30,0,0,felony,0,792,0,0,0,0,0
male,caucasian,52,greater than 45,2,2,0,0,low,2013-04-20,0,7,misdemeanor,0,1077,0,0,0,0,0
male,hispanic,22,less than 25,3,5,1,0,low,2013-01-08,1,2,felony,31,640,1,0,0,0,0
female,african-american,43,25 - 45,1,1,0,0,low,2013-05-01,0,0,misdemeanor,0,1066,0,0,0,0,0
male,african-american,35,25 - 45,1,1,0,0,low,2013-11-12,0,2,felony,0,871,0,0,0,0,0
male,caucasian,24,less than 25,5,4,0,0,medium,2013-08-01,0,3,felony,36,382,0,0,0,0,0
male,hispanic,23,less than 25,9,7,0,0,high,2014-02-06,0,2,felony,22,785,0,0,1,0,1
male,african-american,56,greater than 45,7,4,0,0,medium,2013-05-30,0,28,felony,0,320,0,0,0,0,0
male,african-american,28,25 - 45,6,4,1,0,medium,2013-03-26,1,2,felony,0,122,1,0,0,0,0
male,african-american,21,less than 25,5,6,0,0,medium,2014-02-03,0,0,felony,0,788,0,0,0,0,0
male,african-american,25,25 - 45,8,8,1,0,high,2013-03-23,1,1,felony,0,348,1,0,0,0,0
female,caucasian,25,25 - 45,5,3,0,0,medium,2013-10-28,0,0,felony,1,394,0,0,0,0,0
male,other,31,25 - 45,6,3,1,0,medium,2014-01-30,0,3,felony,0,768,1,0,0,0,0
male,caucasian,46,greater than 45,5,3,0,0,medium,2013-01-18,0,0,misdemeanor,0,1169,0,0,0,0,0
female,african-american,24,less than 25,7,4,0,0,medium,2013-04-20,0,0,felony,2,831,0,0,0,0,0
male,african-american,28,25 - 45,7,6,1,0,medium,2013-01-29,1,4,felony,6,567,1,0,0,0,0
male,african-american,28,25 - 45,7,3,1,0,medium,2014-01-06,1,12,misdemeanor,0,39,1,0,0,1,1
male,other,24,less than 25,3,4,0,0,low,2013-01-14,0,0,misdemeanor,0,1173,0,0,0,0,0
male,hispanic,40,25 - 45,3,3,0,0,low,2013-02-01,0,0,misdemeanor,0,1155,0,0,0,0,0
male,hispanic,36,25 - 45,2,1,0,0,low,2014-02-10,0,1,misdemeanor,0,781,0,0,0,0,0
male,caucasian,50,greater than 45,6,3,1,0,medium,2013-02-04,1,1,misdemeanor,39,103,1,0,0,0,0
male,hispanic,33,25 - 45,1,1,0,0,low,2013-10-22,0,1,misdemeanor,0,892,0,0,0,0,0
male,caucasian,24,less than 25,2,3,0,0,low,2013-05-07,0,0,misdemeanor,1,1060,0,0,0,0,0
female,african-american,55,greater than 45,1,1,0,0,low,2013-05-27,0,2,felony,0,1040,0,0,0,0,0
male,african-american,22,less than 25,7,8,1,0,medium,2013-09-21,1,0,felony,2,41,1,0,0,0,0
male,african-american,38,25 - 45,7,3,0,0,medium,2013-08-07,0,14,felony,55,773,0,0,0,0,0
male,african-american,31,25 - 45,1,2,0,0,low,2013-09-04,0,1,felony,0,940,0,0,0,0,0
female,african-american,30,25 - 45,2,2,0,0,low,2014-01-12,0,3,felony,0,810,0,0,0,0,0
male,caucasian,52,greater than 45,1,1,0,0,low,2013-03-14,0,1,felony,0,714,0,0,0,0,0
female,caucasian,41,25 - 45,2,1,0,0,low,2013-01-14,0,1,misdemeanor,29,1173,0,0,0,0,0
male,african-american,20,less than 25,5,7,1,1,medium,2014-01-31,1,0,felony,0,159,1,0,0,0,0
male,caucasian,21,less than 25,4,7,1,0,low,2013-05-14,1,0,misdemeanor,1,157,1,0,0,0,0
male,caucasian,22,less than 25,5,5,0,0,medium,2013-12-05,0,1,misdemeanor,9,848,0,0,0,0,0
male,african-american,38,25 - 45,6,8,0,0,medium,2013-03-28,0,7,misdemeanor,197,1100,0,0,0,0,0
male,african-american,31,25 - 45,5,2,0,0,medium,2013-08-30,0,0,felony,7,945,0,0,0,0,0
male,caucasian,28,25 - 45,7,4,0,0,medium,2013-08-16,0,0,felony,54,224,0,0,0,0,0
male,african-american,39,25 - 45,8,4,0,0,high,2013-03-30,0,1,felony,0,1098,0,0,0,0,0
male,african-american,34,25 - 45,7,2,1,0,medium,2013-03-12,1,22,felony,0,137,1,0,0,0,0
male,caucasian,32,25 - 45,2,2,0,0,low,2013-01-16,0,2,felony,0,293,0,0,1,0,1
male,hispanic,45,greater than 45,1,1,0,0,low,2014-03-31,0,0,misdemeanor,1,732,0,0,0,0,0
male,african-american,36,25 - 45,5,5,0,0,medium,2013-03-08,0,7,misdemeanor,0,836,0,0,0,2,2
male,african-american,24,less than 25,9,6,1,0,high,2013-03-28,1,0,misdemeanor,14,463,1,0,0,0,0
male,hispanic,30,25 - 45,1,2,0,0,low,2014-03-06,0,0,felony,0,757,0,0,0,0,0
male,african-american,61,greater than 45,6,3,0,0,medium,2013-03-12,0,8,misdemeanor,0,1116,0,0,0,0,0
male,african-american,43,25 - 45,1,1,0,0,low,2013-04-04,0,2,felony,1,1093,0,0,0,0,0
male,african-american,26,25 - 45,4,3,0,0,low,2013-10-12,0,1,felony,0,902,0,0,0,0,0
male,african-american,32,25 - 45,2,2,1,0,low,2013-02-11,0,7,felony,4,613,0,0,3,0,3
female,caucasian,57,greater than 45,1,1,0,0,low,2013-11-26,0,2,felony,0,857,0,0,0,0,0
female,caucasian,40,25 - 45,1,1,0,0,low,2013-03-01,0,0,misdemeanor,0,1127,0,0,0,0,0
male,african-american,30,25 - 45,5,3,1,0,medium,2013-08-06,1,2,felony,0,66,1,0,0,0,0
male,caucasian,29,25 - 45,10,10,0,0,high,2013-03-19,0,1,misdemeanor,10,12,0,0,0,0,0
female,caucasian,21,less than 25,8,9,1,0,high,2013-09-18,0,1,felony,0,132,0,0,0,0,0
male,african-american,36,25 - 45,2,2,0,0,low,2013-03-01,0,2,misdemeanor,0,1127,0,0,0,0,0
male,african-american,59,greater than 45,4,4,0,0,low,2013-12-06,0,17,felony,0,248,0,0,0,0,0
male,african-american,35,25 - 45,8,5,1,1,high,2013-03-29,1,6,felony,1,187,1,0,0,0,0
male,hispanic,49,greater than 45,2,1,0,0,low,2013-05-22,0,0,misdemeanor,0,1045,0,0,0,0,0
male,hispanic,26,25 - 45,9,9,1,0,high,2013-02-11,1,5,felony,0,24,0,0,0,0,0
male,african-american,49,greater than 45,6,1,1,0,medium,2014-01-25,1,29,felony,0,1,1,0,0,0,0
male,hispanic,23,less than 25,10,9,0,0,high,2013-06-28,0,1,felony,0,87,0,0,0,0,0
female,african-american,37,25 - 45,8,4,1,0,high,2014-02-10,1,23,misdemeanor,0,368,1,0,0,0,0
male,hispanic,33,25 - 45,2,1,0,0,low,2013-05-28,0,0,misdemeanor,0,1039,0,0,0,0,0
male,african-american,20,less than 25,3,6,1,1,low,2013-03-08,1,1,felony,0,39,0,1,0,0,1
male,caucasian,28,25 - 45,10,10,0,0,high,2013-05-03,0,1,felony,0,1064,0,0,0,0,0
male,african-american,20,less than 25,8,7,1,0,high,2013-10-25,1,2,felony,32,238,1,0,0,0,0
male,caucasian,30,25 - 45,9,5,1,0,high,2014-03-10,1,3,misdemeanor,0,547,1,0,0,0,0
male,african-american,55,greater than 45,4,3,0,0,low,2013-01-06,0,5,felony,300,1181,0,0,0,0,0
male,caucasian,26,25 - 45,4,4,0,0,low,2013-04-20,0,0,misdemeanor,0,1077,0,0,0,0,0
female,caucasian,52,greater than 45,1,1,0,0,low,2013-02-12,0,6,felony,0,678,0,0,0,0,0
male,african-american,52,greater than 45,8,5,1,1,high,2013-08-30,1,16,felony,0,551,1,0,0,0,0
male,hispanic,27,25 - 45,7,4,1,0,medium,2013-01-14,1,1,felony,1,205,1,0,0,0,0
male,caucasian,60,greater than 45,2,1,0,0,low,2013-09-07,0,2,misdemeanor,10,937,0,0,0,0,0
male,caucasian,44,25 - 45,2,1,0,0,low,2013-08-26,0,0,misdemeanor,1,949,0,0,0,0,0
male,hispanic,30,25 - 45,2,2,0,0,low,2013-08-15,0,1,felony,0,960,0,0,0,0,0
female,african-american,25,25 - 45,4,4,0,0,low,2014-03-19,0,2,misdemeanor,0,744,0,0,0,0,0
male,caucasian,28,25 - 45,7,7,1,0,medium,2013-01-30,1,3,felony,36,85,1,0,0,0,0
male,african-american,39,25 - 45,4,2,1,0,low,2013-03-07,0,3,misdemeanor,0,769,0,0,0,0,0
male,caucasian,22,less than 25,6,4,0,0,medium,2013-08-15,0,1,felony,0,564,0,0,0,0,0
male,caucasian,24,less than 25,8,5,1,0,high,2013-03-01,1,1,felony,0,160,1,0,0,0,0
female,african-american,28,25 - 45,3,4,0,0,low,2013-03-08,0,0,felony,190,320,0,0,0,0,0
male,caucasian,30,25 - 45,1,2,0,0,low,2013-09-30,0,0,misdemeanor,0,914,0,0,0,0,0
male,african-american,39,25 - 45,5,1,0,0,medium,2013-04-25,0,9,felony,0,1072,0,0,0,0,0
female,other,46,greater than 45,1,1,0,0,low,2013-09-10,0,1,felony,0,934,0,0,0,0,0
male,other,47,greater than 45,2,1,0,0,low,2013-02-05,0,3,misdemeanor,3,1151,0,0,0,0,0
male,african-american,26,25 - 45,7,6,0,0,medium,2013-02-27,0,5,misdemeanor,357,1129,0,0,0,0,0
male,african-american,33,25 - 45,4,4,0,0,low,2013-10-07,0,3,felony,0,907,0,0,0,0,0
female,african-american,23,less than 25,3,4,0,0,low,2013-08-18,0,0,felony,24,957,0,0,0,0,0
male,caucasian,54,greater than 45,2,1,0,0,low,2013-11-25,0,0,felony,1,858,0,0,0,0,0
male,african-american,50,greater than 45,6,5,0,0,medium,2013-09-10,0,2,misdemeanor,31,934,0,0,0,0,0
male,african-american,20,less than 25,5,7,1,0,medium,2013-09-26,1,2,felony,0,97,1,0,0,4,4
male,caucasian,25,25 - 45,3,5,0,0,low,2013-09-29,0,1,felony,0,915,0,0,0,0,0
female,caucasian,46,greater than 45,1,1,0,0,low,2013-02-11,0,0,felony,0,1145,0,0,0,0,0
male,african-american,26,25 - 45,10,6,1,0,high,2013-04-12,1,1,felony,0,123,1,0,0,1,1
male,caucasian,22,less than 25,4,5,0,0,low,2013-02-15,0,0,misdemeanor,0,1141,0,0,0,0,0
male,caucasian,38,25 - 45,4,1,1,1,low,2013-03-18,1,10,felony,0,228,1,1,0,0,1
female,hispanic,36,25 - 45,1,1,1,0,low,2014-01-25,1,9,felony,0,70,1,0,0,0,0
female,african-american,34,25 - 45,2,1,1,0,low,2013-04-01,1,5,felony,8,265,1,0,0,0,0
female,caucasian,26,25 - 45,6,4,1,0,medium,2013-08-10,1,3,felony,0,67,1,0,0,0,0
female,caucasian,23,less than 25,6,5,0,0,medium,2013-08-11,0,0,felony,11,964,0,0,0,0,0
female,hispanic,32,25 - 45,5,2,1,1,medium,2013-12-18,1,8,misdemeanor,0,309,1,0,0,1,1
male,caucasian,44,25 - 45,1,1,1,0,low,2014-01-30,1,1,misdemeanor,0,166,1,0,0,0,0
male,caucasian,53,greater than 45,4,7,1,0,low,2013-04-15,1,9,felony,0,18,1,0,0,0,0
male,african-american,27,25 - 45,5,5,0,0,medium,2013-01-30,0,6,felony,0,841,0,0,0,0,0
male,caucasian,25,25 - 45,6,7,1,0,medium,2013-02-22,0,2,felony,0,947,1,0,0,0,0
male,caucasian,48,greater than 45,6,1,1,0,medium,2013-08-06,1,18,felony,0,48,0,0,0,0,0
male,caucasian,53,greater than 45,2,1,0,0,low,2013-04-21,0,0,felony,10,1076,0,0,0,0,0
male,african-american,39,25 - 45,3,4,0,0,low,2013-02-04,0,0,misdemeanor,0,1152,0,0,0,0,0
male,other,37,25 - 45,4,3,1,1,low,2013-12-10,1,2,felony,50,664,1,0,0,0,0
male,african-american,27,25 - 45,8,5,1,0,high,2013-01-04,1,6,felony,0,12,1,1,0,0,1
female,african-american,21,less than 25,10,8,1,0,high,2013-06-10,1,2,felony,0,38,1,0,0,0,0
female,african-american,24,less than 25,9,7,0,0,high,2014-02-12,0,7,felony,0,779,0,0,0,0,0
male,caucasian,33,25 - 45,1,1,0,0,low,2013-03-10,0,0,misdemeanor,0,1118,0,0,0,0,0
female,caucasian,24,less than 25,4,4,0,0,low,2013-05-21,0,1,misdemeanor,0,1046,0,0,0,4,4
male,caucasian,46,greater than 45,1,1,0,0,low,2014-03-17,0,1,felony,0,746,0,0,0,0,0
male,hispanic,32,25 - 45,7,3,0,0,medium,2013-04-06,0,7,felony,0,1091,0,0,0,0,0
male,hispanic,24,less than 25,3,4,0,0,low,2013-03-25,0,2,felony,0,1103,0,0,0,0,0
female,caucasian,38,25 - 45,1,1,0,0,low,2013-03-25,0,0,felony,2,1103,0,0,0,0,0
male,african-american,30,25 - 45,10,9,1,0,high,2014-03-03,1,13,felony,3,72,1,0,2,2,4
male,caucasian,57,greater than 45,1,1,0,0,low,2013-02-07,0,2,felony,0,1149,0,0,0,0,0
male,caucasian,43,25 - 45,1,1,0,0,low,2013-08-01,0,0,felony,1,974,0,0,0,0,0
male,african-american,22,less than 25,6,6,0,0,medium,2013-03-13,0,0,misdemeanor,0,1115,0,0,0,0,0
male,caucasian,26,25 - 45,4,3,0,0,low,2013-12-30,0,1,misdemeanor,0,823,0,0,0,0,0
female,african-american,28,25 - 45,9,9,1,1,high,2013-08-06,1,9,misdemeanor,0,91,1,0,0,0,0
male,caucasian,51,greater than 45,4,3,0,0,low,2013-02-16,0,3,felony,6,738,0,0,0,0,0
male,hispanic,41,25 - 45,1,1,0,0,low,2014-03-13,0,3,felony,0,750,0,0,0,0,0
male,caucasian,24,less than 25,7,5,0,0,medium,2013-01-26,0,1,felony,0,1161,0,0,0,0,0
male,african-american,48,greater than 45,2,1,1,0,low,2013-10-13,1,3,felony,0,69,1,0,0,0,0
male,african-american,31,25 - 45,2,2,1,0,low,2013-12-28,1,6,felony,1,384,1,0,0,0,0
male,african-american,27,25 - 45,10,10,0,0,high,2013-02-03,0,6,misdemeanor,0,159,0,1,2,1,4
male,african-american,25,25 - 45,4,4,0,0,low,2014-02-03,0,0,misdemeanor,0,455,0,0,0,0,0
male,caucasian,56,greater than 45,3,2,0,0,low,2013-05-14,0,3,misdemeanor,0,1053,0,0,0,0,0
female,african-american,29,25 - 45,4,3,0,0,low,2014-01-06,0,1,misdemeanor,1,816,0,0,0,0,0
male,african-american,21,less than 25,8,9,0,0,high,2013-04-10,0,0,felony,1,756,0,0,0,0,0
male,caucasian,22,less than 25,4,5,1,0,low,2013-07-22,1,1,felony,0,8,1,0,0,0,0
female,african-american,28,25 - 45,2,2,0,0,low,2013-09-24,0,0,misdemeanor,0,920,0,0,0,0,0
male,african-american,35,25 - 45,1,1,0,0,low,2014-02-06,0,2,felony,0,217,0,0,0,0,0
male,caucasian,23,less than 25,2,5,0,0,low,2013-03-15,0,0,felony,0,1113,0,0,0,0,0
male,african-american,48,greater than 45,8,4,0,0,high,2014-02-11,0,4,felony,0,43,0,0,0,0,0
male,african-american,37,25 - 45,9,7,0,0,high,2013-02-17,0,2,felony,403,1139,0,0,0,0,0
male,african-american,33,25 - 45,1,1,0,0,low,2014-02-04,0,0,felony,0,51,0,0,0,0,0
male,african-american,23,less than 25,7,4,1,1,medium,2014-03-02,1,5,felony,1,237,1,0,0,1,1
male,african-american,24,less than 25,4,3,0,0,low,2014-01-16,0,0,felony,1,806,0,0,0,0,0
male,african-american,44,25 - 45,7,4,0,0,medium,2013-01-26,0,2,misdemeanor,4,1161,0,0,0,0,0
male,african-american,26,25 - 45,4,6,0,0,low,2013-01-09,0,4,misdemeanor,0,624,0,0,0,0,0
female,african-american,26,25 - 45,2,2,0,0,low,2013-08-17,0,0,misdemeanor,0,958,0,0,0,0,0
male,african-american,29,25 - 45,6,5,0,0,medium,2013-10-25,0,2,felony,1,531,0,0,0,0,0
male,hispanic,26,25 - 45,2,2,0,0,low,2013-05-28,0,0,felony,0,1039,0,0,0,1,1
male,caucasian,30,25 - 45,1,1,0,0,low,2013-05-28,0,1,misdemeanor,0,1039,0,0,0,0,0
male,african-american,23,less than 25,6,5,1,0,medium,2013-04-18,1,1,felony,3,44,1,0,0,0,0
male,other,42,25 - 45,2,2,0,0,low,2013-02-22,0,1,felony,0,1134,0,0,0,0,0
female,african-american,28,25 - 45,3,3,1,1,low,2013-03-18,1,0,felony,1,374,1,0,0,0,0
male,african-american,20,less than 25,3,6,0,0,low,2014-01-11,0,0,felony,10,61,0,0,0,0,0
female,caucasian,24,less than 25,7,4,0,0,medium,2014-01-02,0,7,misdemeanor,0,820,0,0,2,0,2
female,other,36,25 - 45,7,2,1,0,medium,2014-03-06,1,6,felony,0,718,1,0,1,0,1
female,african-american,21,less than 25,9,9,0,0,high,2013-04-27,0,1,felony,3,907,0,0,0,0,0
male,african-american,26,25 - 45,4,3,1,0,low,2013-08-27,1,2,felony,0,78,1,0,0,0,0
male,caucasian,42,25 - 45,1,1,0,0,low,2013-10-13,0,0,misdemeanor,6,901,0,0,0,0,0
male,african-american,23,less than 25,10,6,1,0,high,2014-01-04,1,8,felony,2,72,0,0,0,0,0
male,caucasian,43,25 - 45,1,1,0,0,low,2013-12-02,0,1,felony,0,851,0,0,0,0,0
female,caucasian,55,greater than 45,1,1,0,0,low,2014-02-12,0,0,misdemeanor,0,779,0,0,0,0,0
male,caucasian,38,25 - 45,3,3,1,0,low,2013-01-03,1,0,felony,0,53,0,0,0,0,0
male,caucasian,24,less than 25,6,4,1,0,medium,2013-10-23,1,1,felony,3,715,1,0,0,0,0
male,african-american,23,less than 25,4,6,0,0,low,2013-05-03,0,0,misdemeanor,1,1064,0,0,0,0,0
female,african-american,64,greater than 45,1,1,0,0,low,2013-04-27,0,0,felony,3,1070,0,0,0,0,0
male,other,48,greater than 45,1,1,0,0,low,2013-09-23,0,0,misdemeanor,1,921,0,0,0,0,0
male,african-american,32,25 - 45,5,4,1,0,medium,2013-02-19,1,11,felony,0,679,1,0,1,2,3
female,african-american,39,25 - 45,5,2,1,0,medium,2013-02-22,1,0,felony,58,237,0,0,0,0,0
male,caucasian,30,25 - 45,2,3,0,0,low,2013-05-26,0,0,misdemeanor,0,1041,0,0,0,0,0
female,african-american,22,less than 25,4,4,0,0,low,2014-01-07,0,1,misdemeanor,0,815,0,0,0,0,0
male,african-american,21,less than 25,4,7,1,0,low,2013-11-05,1,0,felony,3,10,1,0,0,0,0
male,caucasian,24,less than 25,4,5,0,0,low,2013-10-17,0,0,felony,0,897,0,0,0,0,0
male,hispanic,49,greater than 45,1,1,1,0,low,2013-09-20,0,2,misdemeanor,0,893,1,0,0,0,0
male,caucasian,50,greater than 45,1,1,0,0,low,2013-12-23,0,2,felony,0,830,0,0,0,0,0
male,african-american,30,25 - 45,7,7,0,0,medium,2013-04-29,0,3,misdemeanor,205,1068,0,0,0,0,0
male,african-american,21,less than 25,9,8,1,1,high,2013-05-16,1,2,misdemeanor,0,111,1,0,2,0,2
male,african-american,21,less than 25,10,10,1,0,high,2013-12-26,1,1,felony,1,15,0,1,0,2,3
male,african-american,31,25 - 45,10,6,0,0,high,2013-09-12,0,1,felony,0,106,0,0,0,0,0
male,african-american,23,less than 25,7,7,1,0,medium,2013-02-17,1,2,misdemeanor,3,160,1,0,0,0,0
male,hispanic,23,less than 25,7,8,0,0,medium,2013-02-27,0,0,misdemeanor,0,1129,0,0,0,0,0
male,african-american,32,25 - 45,4,2,1,0,low,2013-11-16,1,4,felony,0,636,1,0,0,0,0
male,african-american,28,25 - 45,6,5,1,1,medium,2013-02-07,1,11,felony,1,252,1,0,0,0,0
male,caucasian,50,greater than 45,10,7,1,0,high,2013-03-19,1,16,felony,0,228,1,1,0,0,1
male,african-american,24,less than 25,2,4,0,0,low,2014-02-15,0,0,felony,0,776,0,0,0,1,1
male,other,31,25 - 45,1,1,0,0,low,2013-11-27,0,1,misdemeanor,1,856,0,0,0,0,0
male,african-american,29,25 - 45,4,3,1,1,low,2013-02-20,1,3,felony,0,491,1,0,0,0,0
male,african-american,41,25 - 45,6,2,1,0,medium,2013-12-02,1,6,felony,38,153,1,0,0,0,0
male,african-american,28,25 - 45,3,4,1,1,low,2013-11-08,1,4,misdemeanor,33,259,1,0,0,0,0
male,caucasian,29,25 - 45,4,2,1,0,low,2014-03-28,1,6,felony,0,145,1,0,0,0,0
male,caucasian,49,greater than 45,5,2,0,0,medium,2013-02-14,0,0,felony,0,1142,0,0,0,0,0
male,caucasian,42,25 - 45,1,1,0,0,low,2014-03-26,0,0,misdemeanor,0,737,0,0,0,0,0
male,african-american,38,25 - 45,2,2,0,0,low,2013-09-26,0,4,misdemeanor,0,55,0,0,0,0,0
male,african-american,22,less than 25,6,7,1,0,medium,2013-11-17,1,3,felony,15,351,1,0,0,1,1
male,caucasian,46,greater than 45,2,2,1,0,low,2013-01-21,1,0,misdemeanor,37,558,1,0,0,0,0
male,caucasian,63,greater than 45,1,1,0,0,low,2013-10-22,0,1,felony,0,892,0,0,0,0,0
male,african-american,38,25 - 45,3,3,1,0,low,2013-11-11,1,0,felony,0,396,1,0,0,0,0
male,african-american,36,25 - 45,6,1,0,0,medium,2013-10-23,0,0,felony,0,891,0,0,0,0,0
male,caucasian,22,less than 25,9,7,1,0,high,2013-08-27,1,6,felony,0,17,0,0,0,0,0
male,african-american,29,25 - 45,10,5,0,0,high,2013-02-28,0,11,misdemeanor,0,1128,0,0,0,0,0
male,african-american,39,25 - 45,2,1,0,0,low,2013-04-22,0,2,misdemeanor,0,1075,0,0,0,0,0
male,caucasian,47,greater than 45,2,1,0,0,low,2013-05-14,0,0,misdemeanor,2,1053,0,0,0,0,0
male,african-american,26,25 - 45,10,8,1,0,high,2013-02-23,1,7,felony,1,8,1,0,0,0,0
female,african-american,21,less than 25,5,6,1,0,medium,2013-02-04,1,0,felony,0,449,1,0,0,0,0
male,african-american,55,greater than 45,8,6,0,0,high,2013-03-26,0,12,felony,0,659,0,0,0,0,0
male,african-american,63,greater than 45,1,1,0,0,low,2014-03-29,0,2,misdemeanor,1,734,0,0,0,0,0
male,african-american,27,25 - 45,2,2,1,0,low,2013-12-26,1,2,felony,0,118,0,0,0,0,0
male,caucasian,55,greater than 45,5,1,0,0,medium,2014-03-30,0,27,misdemeanor,1,733,0,0,0,0,0
male,caucasian,57,greater than 45,1,1,1,0,low,2014-02-25,1,21,misdemeanor,0,13,1,0,0,0,0
male,hispanic,24,less than 25,2,4,0,0,low,2013-06-26,0,1,felony,0,1010,0,0,0,0,0
male,other,54,greater than 45,2,1,1,1,low,2013-09-08,1,2,misdemeanor,0,528,1,0,0,0,0
male,african-american,30,25 - 45,4,3,1,0,low,2013-01-07,1,2,felony,0,77,1,0,0,0,0
male,african-american,26,25 - 45,6,7,0,0,medium,2014-01-31,0,3,misdemeanor,0,791,0,0,1,0,1
male,caucasian,37,25 - 45,2,1,0,0,low,2013-11-14,0,1,misdemeanor,0,869,0,0,0,0,0
male,african-american,25,25 - 45,5,8,0,0,medium,2013-09-11,0,4,misdemeanor,0,933,0,0,0,0,0
male,african-american,34,25 - 45,1,2,0,0,low,2013-02-12,0,0,felony,0,496,0,0,0,0,0
male,other,57,greater than 45,1,1,1,1,low,2013-09-11,0,0,felony,0,889,1,0,0,0,0
male,caucasian,46,greater than 45,5,2,0,0,medium,2013-07-24,0,2,felony,0,982,0,0,0,0,0
male,african-american,32,25 - 45,9,4,0,0,high,2013-09-17,0,8,felony,0,202,0,0,0,1,1
female,african-american,25,25 - 45,9,5,1,0,high,2013-04-24,1,5,felony,0,128,1,0,0,0,0
male,african-american,35,25 - 45,8,7,1,1,high,2014-02-03,1,4,felony,0,96,1,0,0,0,0
female,african-american,33,25 - 45,3,2,1,0,low,2014-03-06,1,2,felony,1,567,1,0,0,0,0
male,african-american,26,25 - 45,5,6,1,1,medium,2013-08-21,1,2,felony,21,435,0,0,0,0,0
male,caucasian,49,greater than 45,5,4,1,0,medium,2013-03-19,1,10,felony,0,25,1,0,0,0,0
male,african-american,29,25 - 45,4,2,0,0,low,2013-05-08,0,2,misdemeanor,2,1059,0,0,0,0,0
male,caucasian,28,25 - 45,4,3,1,0,low,2013-03-16,1,6,misdemeanor,2,44,0,0,0,0,0
male,african-american,53,greater than 45,5,5,0,0,medium,2013-10-18,0,20,felony,0,31,0,0,0,0,0
male,hispanic,57,greater than 45,1,1,0,0,low,2013-03-11,0,1,misdemeanor,0,1117,0,0,0,0,0
male,african-american,29,25 - 45,10,5,1,1,high,2014-02-12,1,3,felony,0,120,0,0,1,0,1
male,caucasian,27,25 - 45,2,3,0,0,low,2013-04-16,0,0,felony,43,1081,0,0,0,0,0
male,caucasian,48,greater than 45,2,1,0,0,low,2014-01-24,0,0,felony,0,798,0,0,0,0,0
male,caucasian,67,greater than 45,1,1,0,0,low,2013-05-04,0,0,felony,1,1063,0,0,0,0,0
male,african-american,29,25 - 45,5,3,1,0,medium,2013-11-16,0,2,misdemeanor,0,830,1,0,0,1,1
female,african-american,53,greater than 45,2,1,0,0,low,2013-05-23,0,3,felony,1,1044,0,0,0,0,0
male,caucasian,23,less than 25,5,5,0,0,medium,2013-07-26,0,1,felony,0,142,0,0,0,0,0
male,african-american,49,greater than 45,1,1,0,0,low,2013-03-18,0,0,felony,0,1110,0,0,0,0,0
female,caucasian,44,25 - 45,1,1,1,0,low,2013-11-02,0,0,misdemeanor,0,848,1,0,0,0,0
female,hispanic,55,greater than 45,1,1,0,0,low,2014-03-22,0,0,felony,0,741,0,0,0,0,0
male,african-american,46,greater than 45,1,1,1,0,low,2013-12-31,0,0,misdemeanor,0,809,0,0,0,0,0
male,caucasian,30,25 - 45,3,2,1,0,low,2013-05-07,1,1,felony,0,126,1,0,0,0,0
male,african-american,77,greater than 45,1,1,1,1,low,2014-04-01,1,1,misdemeanor,1,692,1,0,0,0,0
male,african-american,21,less than 25,10,7,1,0,high,2013-09-13,1,2,felony,0,58,0,0,2,2,4
male,african-american,54,greater than 45,3,1,1,0,low,2013-10-12,1,4,felony,2,3,1,0,0,0,0
male,caucasian,54,greater than 45,2,1,0,0,low,2013-04-25,0,3,felony,0,1072,0,0,0,0,0
male,african-american,26,25 - 45,9,6,0,0,high,2014-01-22,0,15,felony,42,800,0,0,0,0,0
male,african-american,23,less than 25,9,6,1,0,high,2013-04-27,1,8,felony,0,3,1,0,1,1,2
male,hispanic,27,25 - 45,2,2,0,0,low,2013-04-18,0,1,felony,0,287,0,0,0,0,0
male,caucasian,39,25 - 45,2,2,0,0,low,2013-11-15,0,2,felony,18,868,0,0,0,0,0
male,hispanic,35,25 - 45,7,3,0,0,medium,2013-11-06,0,13,felony,3,877,0,0,0,0,0
male,african-american,29,25 - 45,1,2,1,0,low,2013-09-15,1,1,misdemeanor,0,365,1,0,0,0,0
male,african-american,30,25 - 45,4,4,1,0,low,2014-02-06,1,9,misdemeanor,0,140,1,1,0,0,1
male,african-american,41,25 - 45,3,4,1,0,low,2013-09-06,0,6,felony,5,895,1,0,0,0,0
male,african-american,32,25 - 45,10,8,0,0,high,2013-10-14,0,1,misdemeanor,114,900,0,0,0,0,0
male,african-american,48,greater than 45,6,3,0,0,medium,2013-04-09,0,12,misdemeanor,0,1088,0,0,0,0,0
male,caucasian,39,25 - 45,6,3,0,0,medium,2014-01-14,0,2,felony,0,808,0,0,0,0,0
male,african-american,31,25 - 45,1,2,1,0,low,2013-09-06,1,3,felony,0,233,1,0,1,0,1
male,caucasian,22,less than 25,5,5,1,0,medium,2013-09-17,1,1,felony,0,218,1,0,0,3,3
male,african-american,56,greater than 45,3,1,1,1,low,2014-01-16,1,4,misdemeanor,0,165,1,0,0,0,0
female,caucasian,46,greater than 45,1,1,0,0,low,2013-09-07,0,0,misdemeanor,0,937,0,0,0,0,0
female,african-american,22,less than 25,7,5,0,0,medium,2013-05-09,0,0,felony,0,1058,0,0,0,0,0
male,hispanic,32,25 - 45,1,2,0,0,low,2013-03-06,0,1,felony,0,1122,0,0,0,0,0
male,african-american,39,25 - 45,4,2,0,0,low,2013-04-12,0,8,felony,39,1085,0,0,0,0,0
male,african-american,35,25 - 45,6,3,0,0,medium,2013-08-15,0,9,felony,0,771,0,0,0,0,0
male,african-american,26,25 - 45,1,2,0,0,low,2014-01-21,0,1,misdemeanor,14,195,0,0,0,0,0
male,african-american,27,25 - 45,2,3,1,0,low,2013-02-27,0,1,felony,0,83,0,0,0,0,0
male,african-american,47,greater than 45,9,4,1,0,high,2013-09-24,1,21,felony,0,217,0,0,0,0,0
male,african-american,27,25 - 45,2,2,0,0,low,2014-02-06,0,2,misdemeanor,0,104,0,0,0,0,0
male,hispanic,27,25 - 45,6,6,1,0,medium,2013-04-29,0,6,felony,0,1026,1,0,0,0,0
male,hispanic,28,25 - 45,8,6,1,0,high,2013-02-26,1,8,misdemeanor,0,407,0,0,0,0,0
male,african-american,25,25 - 45,9,9,1,0,high,2013-03-12,1,5,felony,4,63,1,0,0,1,1
male,caucasian,22,less than 25,5,6,1,0,medium,2014-03-28,1,2,misdemeanor,24,69,1,0,0,1,1
male,caucasian,43,25 - 45,2,1,0,0,low,2013-07-18,0,4,misdemeanor,0,988,0,0,0,0,0
male,african-american,52,greater than 45,9,3,1,1,high,2013-04-24,1,7,felony,117,171,1,0,0,0,0
male,african-american,21,less than 25,10,10,1,1,high,2013-09-13,1,2,felony,1,14,1,0,0,0,0
male,african-american,21,less than 25,9,9,1,1,high,2013-07-16,1,1,felony,0,34,1,0,0,0,0
male,hispanic,26,25 - 45,6,4,0,0,medium,2013-08-26,0,0,felony,0,949,0,0,0,0,0
male,caucasian,23,less than 25,4,4,1,0,low,2013-10-04,1,4,misdemeanor,7,284,0,0,1,0,1
male,hispanic,39,25 - 45,1,1,0,0,low,2013-10-14,0,3,misdemeanor,0,900,0,0,0,0,0
male,african-american,31,25 - 45,1,2,0,0,low,2013-05-12,0,1,misdemeanor,0,1055,0,0,0,0,0
male,caucasian,34,25 - 45,5,5,0,0,medium,2013-05-27,0,1,misdemeanor,0,1040,0,0,0,0,0
male,african-american,32,25 - 45,4,3,0,0,low,2013-04-07,0,0,misdemeanor,0,1090,0,0,0,0,0
female,caucasian,50,greater than 45,3,1,1,1,low,2013-08-12,1,0,misdemeanor,0,30,1,0,0,0,0
male,african-american,27,25 - 45,5,3,0,0,medium,2013-04-13,0,1,misdemeanor,0,326,0,0,0,0,0
female,african-american,26,25 - 45,3,3,0,0,low,2014-01-17,0,4,felony,1,805,0,0,1,0,1
male,caucasian,29,25 - 45,3,3,1,0,low,2013-03-12,1,0,felony,1,355,1,0,0,0,0
male,african-american,58,greater than 45,1,1,0,0,low,2013-01-13,0,0,misdemeanor,0,1174,0,0,0,0,0
male,african-american,27,25 - 45,10,10,1,0,high,2013-01-09,1,14,felony,2,49,0,2,0,0,2
male,african-american,28,25 - 45,5,2,1,0,medium,2013-03-24,1,5,felony,0,21,1,0,0,0,0
male,african-american,24,less than 25,10,9,1,1,high,2013-04-18,1,15,felony,1,132,1,0,5,1,6
male,caucasian,50,greater than 45,1,1,0,0,low,2013-12-02,0,0,misdemeanor,0,851,0,0,0,0,0
female,african-american,30,25 - 45,9,7,1,0,high,2013-12-10,1,15,felony,0,77,0,0,0,0,0
male,hispanic,25,25 - 45,3,4,1,0,low,2013-07-26,1,1,felony,0,37,1,0,0,0,0
male,hispanic,46,greater than 45,1,1,0,0,low,2013-11-17,0,0,felony,0,866,0,0,0,0,0
male,caucasian,43,25 - 45,1,1,1,0,low,2013-05-14,1,0,felony,0,491,1,0,0,0,0
male,caucasian,24,less than 25,2,3,1,0,low,2014-01-04,1,0,felony,0,170,1,0,0,0,0
male,african-american,34,25 - 45,7,5,0,0,medium,2013-02-06,0,10,felony,0,1150,0,0,0,0,0
male,hispanic,56,greater than 45,1,1,0,0,low,2014-03-14,0,2,felony,0,749,0,0,0,0,0
male,caucasian,26,25 - 45,2,3,0,0,low,2014-01-18,0,2,felony,2,804,0,0,0,0,0
male,caucasian,31,25 - 45,1,1,0,0,low,2013-01-16,0,0,felony,0,194,0,0,0,0,0
male,african-american,23,less than 25,3,4,1,0,low,2013-08-05,1,1,felony,0,571,1,0,0,3,3
male,african-american,39,25 - 45,1,1,0,0,low,2013-09-17,0,0,felony,17,927,0,0,0,0,0
female,african-american,22,less than 25,6,5,0,0,medium,2013-10-08,0,0,misdemeanor,0,906,0,0,0,0,0
female,african-american,25,25 - 45,2,3,0,0,low,2013-09-14,0,0,misdemeanor,0,930,0,0,0,0,0
female,african-american,21,less than 25,9,6,0,0,high,2013-10-20,0,2,felony,0,894,0,0,1,0,1
male,caucasian,20,less than 25,4,6,0,0,low,2014-02-12,0,1,felony,0,779,0,0,0,0,0
female,african-american,27,25 - 45,6,4,1,1,medium,2013-01-15,1,2,felony,3,260,1,0,0,0,0
female,caucasian,55,greater than 45,1,1,0,0,low,2014-03-22,0,0,felony,0,741,0,0,0,0,0
male,african-american,24,less than 25,2,3,0,0,low,2014-01-23,0,0,misdemeanor,0,799,0,0,0,0,0
male,african-american,37,25 - 45,5,3,1,0,medium,2013-01-31,1,5,misdemeanor,6,231,1,0,0,0,0
female,caucasian,34,25 - 45,1,2,0,0,low,2013-07-02,0,1,misdemeanor,0,1004,0,0,0,0,0
female,african-american,41,25 - 45,6,5,1,0,medium,2013-08-05,1,2,felony,0,74,1,0,0,0,0
male,african-american,24,less than 25,8,6,0,0,high,2013-01-27,0,0,felony,1,1160,0,0,0,0,0
male,caucasian,42,25 - 45,4,4,0,0,low,2013-12-11,0,8,felony,0,48,0,0,0,0,0
female,african-american,23,less than 25,4,5,1,0,low,2013-05-17,1,0,misdemeanor,0,492,1,0,0,0,0
female,african-american,40,25 - 45,1,1,0,0,low,2013-06-05,0,1,felony,0,1031,0,0,0,0,0
male,african-american,19,less than 25,9,9,1,0,high,2013-12-11,1,2,felony,0,71,1,3,0,0,3
male,caucasian,20,less than 25,4,7,0,0,low,2014-01-31,0,0,misdemeanor,3,791,0,0,0,0,0
female,caucasian,44,25 - 45,1,1,1,0,low,2013-10-26,1,0,felony,0,363,1,0,0,0,0
male,african-american,20,less than 25,4,7,1,1,low,2013-10-02,0,0,misdemeanor,0,796,1,0,0,0,0
male,african-american,27,25 - 45,5,4,0,0,medium,2013-02-12,0,5,misdemeanor,0,1144,0,0,0,0,0
male,caucasian,20,less than 25,10,9,1,1,high,2013-09-14,1,0,misdemeanor,0,480,1,0,0,0,0
male,african-american,20,less than 25,6,8,0,0,medium,2013-10-07,0,0,felony,0,907,0,0,0,0,0
male,african-american,29,25 - 45,7,4,1,1,medium,2013-02-22,1,9,felony,5,96,1,0,0,0,0
male,african-american,21,less than 25,9,10,1,0,high,2013-02-13,1,0,felony,1,175,1,0,0,0,0
male,african-american,45,greater than 45,3,1,1,0,low,2013-02-20,1,4,misdemeanor,0,113,1,0,0,0,0
female,african-american,24,less than 25,6,4,1,0,medium,2014-01-13,1,2,felony,57,480,1,0,0,0,0
male,african-american,60,greater than 45,4,1,1,0,low,2013-05-14,1,15,felony,0,273,1,0,0,0,0
male,african-american,43,25 - 45,4,5,1,0,low,2013-10-09,1,8,felony,0,34,0,1,0,0,1
male,other,21,less than 25,4,6,1,0,low,2013-12-23,1,0,felony,0,479,1,0,0,0,0
female,african-american,24,less than 25,5,4,0,0,medium,2013-04-13,0,0,felony,0,1084,0,0,0,0,0
male,african-american,23,less than 25,5,7,1,0,medium,2013-08-08,1,3,felony,5,220,1,0,1,0,1
male,caucasian,27,25 - 45,4,3,0,0,low,2013-04-12,0,0,felony,12,163,0,0,0,0,0
male,caucasian,24,less than 25,4,4,0,0,low,2013-05-10,0,0,felony,0,1057,0,0,0,0,0
male,african-american,22,less than 25,4,6,1,0,low,2013-11-19,1,0,felony,0,252,1,0,0,0,0
female,african-american,46,greater than 45,6,3,0,0,medium,2013-10-29,0,4,felony,0,218,0,0,0,0,0
male,african-american,53,greater than 45,9,3,0,0,high,2014-01-14,0,3,misdemeanor,0,262,0,0,0,0,0
male,caucasian,54,greater than 45,1,1,0,0,low,2013-11-09,0,0,felony,0,874,0,0,0,0,0
female,caucasian,37,25 - 45,2,1,1,0,low,2014-02-24,1,5,felony,0,8,1,0,0,0,0
female,african-american,35,25 - 45,6,2,1,1,medium,2013-02-06,1,7,felony,1,171,1,0,0,0,0
female,african-american,53,greater than 45,5,1,0,0,medium,2013-12-25,0,0,felony,0,828,0,0,0,0,0
male,african-american,26,25 - 45,4,4,1,1,low,2013-01-29,1,9,misdemeanor,1,68,1,0,0,0,0
male,african-american,48,greater than 45,4,2,1,0,low,2013-05-26,1,7,misdemeanor,3,230,1,0,0,0,0
male,african-american,63,greater than 45,9,5,1,0,high,2013-02-15,1,22,misdemeanor,0,272,1,0,0,0,0
female,african-american,56,greater than 45,1,1,1,0,low,2013-11-17,1,2,misdemeanor,0,53,1,0,0,0,0
male,african-american,25,25 - 45,7,4,1,1,medium,2013-08-29,1,6,felony,0,22,0,0,0,0,0
female,caucasian,49,greater than 45,1,1,0,0,low,2013-03-23,0,0,felony,0,1105,0,0,0,0,0
male,caucasian,34,25 - 45,2,1,1,0,low,2013-10-19,1,0,misdemeanor,29,648,1,0,0,0,0
male,caucasian,57,greater than 45,1,1,0,0,low,2013-03-01,0,0,felony,0,1127,0,0,0,0,0
female,other,34,25 - 45,2,1,1,1,low,2013-02-06,0,0,felony,0,212,0,0,0,0,0
male,caucasian,25,25 - 45,10,5,1,1,high,2014-03-09,1,5,felony,34,179,1,0,0,0,0
female,african-american,42,25 - 45,5,4,0,0,medium,2014-03-28,0,1,felony,0,735,0,0,0,0,0
male,african-american,51,greater than 45,5,1,0,0,medium,2013-04-30,0,1,felony,0,1067,0,0,0,0,0
male,african-american,26,25 - 45,7,7,0,0,medium,2014-01-09,0,7,felony,0,813,0,0,0,0,0
male,other,31,25 - 45,2,2,0,0,low,2013-05-01,0,5,misdemeanor,1,1066,0,0,1,0,1
male,african-american,34,25 - 45,8,7,0,0,high,2013-02-19,0,9,felony,0,1137,0,0,1,0,1
male,african-american,53,greater than 45,5,3,0,0,medium,2013-01-23,0,13,misdemeanor,1,1133,0,0,0,0,0
female,african-american,43,25 - 45,7,3,0,0,medium,2013-01-19,0,6,felony,0,1168,0,0,0,0,0
male,african-american,34,25 - 45,1,2,0,0,low,2014-03-17,0,0,felony,0,746,0,0,0,0,0
male,african-american,51,greater than 45,1,1,0,0,low,2014-01-02,0,0,misdemeanor,5,820,0,0,0,0,0
male,caucasian,26,25 - 45,4,3,0,0,low,2013-09-30,0,1,misdemeanor,0,914,0,0,0,0,0
male,african-american,47,greater than 45,6,1,0,0,medium,2014-01-12,0,5,felony,1,810,0,0,0,0,0
male,caucasian,22,less than 25,4,5,0,0,low,2013-03-29,0,0,felony,0,1099,0,0,0,1,1
female,caucasian,36,25 - 45,2,1,0,0,low,2013-02-22,0,0,felony,1,1134,0,0,0,0,0
female,hispanic,36,25 - 45,3,1,0,0,low,2014-01-01,0,1,misdemeanor,1,821,0,0,0,0,0
male,caucasian,41,25 - 45,3,1,1,0,low,2013-12-16,1,4,felony,0,140,1,0,0,0,0
male,african-american,37,25 - 45,2,2,0,0,low,2014-01-16,0,2,misdemeanor,0,806,0,0,0,0,0
male,african-american,21,less than 25,4,6,0,0,low,2013-08-08,0,2,felony,0,967,0,0,0,0,0
male,african-american,25,25 - 45,6,7,0,0,medium,2013-02-27,0,6,misdemeanor,0,1129,0,0,3,1,4
female,hispanic,31,25 - 45,3,1,1,0,low,2014-02-14,1,2,felony,0,337,0,0,0,0,0
male,african-american,24,less than 25,8,9,1,0,high,2013-04-29,1,7,misdemeanor,0,150,1,0,0,1,1
male,caucasian,33,25 - 45,1,1,0,0,low,2014-03-24,0,0,misdemeanor,0,739,0,0,0,0,0
male,caucasian,46,greater than 45,5,6,0,0,medium,2013-01-11,0,5,felony,0,1176,0,0,0,0,0
male,caucasian,46,greater than 45,2,1,1,0,low,2013-01-17,1,0,felony,0,726,1,0,0,0,0
female,african-american,28,25 - 45,2,2,0,0,low,2013-02-21,0,1,felony,0,1135,0,0,0,0,0
male,african-american,28,25 - 45,5,5,1,1,medium,2013-10-12,1,5,felony,0,27,1,1,0,0,1
male,african-american,66,greater than 45,2,1,1,0,low,2013-02-22,1,5,felony,0,318,1,0,0,0,0
male,caucasian,20,less than 25,3,6,0,0,low,2013-12-28,0,0,misdemeanor,0,825,0,0,0,0,0
male,african-american,27,25 - 45,3,3,0,0,low,2014-02-22,0,2,felony,0,769,0,0,0,0,0
female,other,24,less than 25,4,4,0,0,low,2014-03-13,0,0,felony,0,750,0,0,0,0,0
male,african-american,25,25 - 45,3,4,1,0,low,2013-12-09,1,3,felony,5,263,1,0,0,0,0
male,caucasian,31,25 - 45,9,2,0,0,high,2013-03-07,0,8,misdemeanor,0,1121,0,0,0,0,0
female,african-american,39,25 - 45,5,5,0,0,medium,2013-06-14,0,1,felony,0,7,0,0,0,0,0
female,african-american,41,25 - 45,4,2,1,0,low,2013-04-23,1,7,felony,1,20,1,0,0,0,0
male,african-american,26,25 - 45,2,3,0,0,low,2013-03-06,0,0,felony,0,1122,0,0,0,0,0
male,african-american,35,25 - 45,2,2,0,0,low,2013-07-31,0,5,felony,0,975,0,0,0,0,0
male,hispanic,55,greater than 45,1,1,0,0,low,2014-03-27,0,0,misdemeanor,0,736,0,0,0,0,0
male,african-american,22,less than 25,9,10,1,0,high,2013-01-21,1,2,felony,6,30,0,0,0,0,0
female,other,29,25 - 45,2,2,1,0,low,2013-10-15,1,2,misdemeanor,0,26,1,0,0,0,0
male,african-american,25,25 - 45,9,9,1,0,high,2013-12-04,1,7,felony,0,8,0,0,0,0,0
male,caucasian,50,greater than 45,6,3,1,0,medium,2014-03-03,1,18,misdemeanor,0,171,0,0,0,0,0
female,caucasian,27,25 - 45,2,4,0,0,low,2013-12-10,0,2,misdemeanor,0,843,0,0,0,0,0
male,caucasian,56,greater than 45,7,3,1,1,medium,2013-05-11,0,5,misdemeanor,0,59,0,0,0,0,0
male,african-american,25,25 - 45,8,7,1,0,high,2013-02-14,1,5,felony,0,395,1,0,0,0,0
female,african-american,48,greater than 45,1,1,0,0,low,2013-10-26,0,1,felony,0,888,0,0,0,0,0
male,african-american,21,less than 25,9,10,0,0,high,2013-02-19,0,1,felony,1,34,0,0,0,0,0
male,caucasian,35,25 - 45,2,2,0,0,low,2013-08-15,0,0,misdemeanor,0,960,0,0,0,0,0
male,hispanic,25,25 - 45,7,8,1,0,medium,2013-02-15,1,6,misdemeanor,39,306,1,0,0,0,0
male,african-american,32,25 - 45,7,4,0,0,medium,2014-01-07,0,0,felony,24,815,0,0,0,0,0
male,hispanic,33,25 - 45,2,4,0,0,low,2014-01-24,0,1,misdemeanor,0,798,0,0,0,0,0
male,african-american,25,25 - 45,8,6,0,0,high,2014-03-03,0,2,felony,0,760,0,0,0,0,0
male,african-american,26,25 - 45,8,5,1,0,high,2013-05-14,0,13,misdemeanor,0,31,0,0,0,0,0
female,hispanic,44,25 - 45,1,1,0,0,low,2014-02-08,0,0,misdemeanor,0,783,0,0,0,0,0
male,african-american,31,25 - 45,7,7,1,0,medium,2013-12-05,1,11,misdemeanor,1,265,0,0,0,0,0
female,hispanic,47,greater than 45,1,1,0,0,low,2013-06-24,0,1,felony,0,1012,0,0,0,0,0
female,african-american,27,25 - 45,9,8,1,0,high,2013-02-22,1,10,felony,14,118,1,0,1,0,1
male,african-american,24,less than 25,9,9,1,0,high,2013-12-11,1,0,felony,6,35,1,0,0,2,2
male,caucasian,49,greater than 45,1,1,0,0,low,2013-11-04,0,0,felony,0,879,0,0,0,0,0
female,caucasian,40,25 - 45,2,2,0,0,low,2013-11-17,0,0,felony,0,866,0,0,0,0,0
male,african-american,22,less than 25,6,5,0,0,medium,2014-01-22,0,4,misdemeanor,0,800,0,0,0,0,0
female,caucasian,51,greater than 45,1,1,0,0,low,2014-02-26,0,1,felony,0,765,0,0,0,0,0
male,african-american,24,less than 25,6,5,1,0,medium,2014-03-25,1,2,felony,0,175,1,0,0,0,0
male,caucasian,49,greater than 45,1,1,0,0,low,2013-10-31,0,1,misdemeanor,0,883,0,0,0,0,0
male,caucasian,33,25 - 45,7,4,1,0,medium,2014-03-01,1,0,misdemeanor,23,411,1,0,0,0,0
male,african-american,34,25 - 45,3,1,1,0,low,2014-01-08,1,6,felony,0,74,0,0,0,0,0
male,african-american,30,25 - 45,8,4,1,1,high,2013-08-14,1,8,misdemeanor,0,78,1,0,0,1,1
male,caucasian,46,greater than 45,1,1,0,0,low,2014-01-14,0,0,felony,0,808,0,0,0,0,0
male,african-american,57,greater than 45,1,1,0,0,low,2013-12-05,0,2,misdemeanor,0,848,0,0,0,0,0
female,caucasian,44,25 - 45,3,1,0,0,low,2013-12-06,0,1,misdemeanor,0,847,0,0,0,0,0
male,african-american,32,25 - 45,9,6,0,0,high,2014-03-24,0,0,felony,0,7,0,0,0,0,0
male,african-american,36,25 - 45,9,3,0,0,high,2013-03-16,0,1,misdemeanor,0,1112,0,0,0,0,0
male,african-american,30,25 - 45,8,6,0,0,high,2014-01-26,0,1,misdemeanor,0,796,0,0,0,0,0
male,african-american,28,25 - 45,2,3,0,0,low,2013-02-01,0,0,misdemeanor,4,1155,0,0,0,0,0
male,caucasian,31,25 - 45,4,3,1,0,low,2013-01-12,1,3,misdemeanor,0,72,0,0,0,0,0
male,african-american,29,25 - 45,10,9,1,1,high,2014-03-13,1,8,felony,6,12,1,1,0,0,1
male,african-american,21,less than 25,5,6,0,0,medium,2013-11-12,0,1,misdemeanor,15,871,0,0,0,0,0
male,african-american,23,less than 25,8,6,1,1,high,2013-08-30,1,5,felony,0,24,0,1,0,0,1
male,other,27,25 - 45,1,2,0,0,low,2013-10-18,0,0,misdemeanor,0,896,0,0,0,0,0
male,caucasian,25,25 - 45,9,7,0,0,high,2013-08-07,0,4,felony,0,968,0,0,0,0,0
male,other,35,25 - 45,5,3,0,0,medium,2013-10-14,0,2,felony,0,900,0,0,0,0,0
male,hispanic,35,25 - 45,2,2,1,1,low,2013-03-23,1,0,felony,86,492,1,0,0,0,0
male,hispanic,32,25 - 45,7,6,1,0,medium,2013-04-04,1,2,misdemeanor,0,15,0,1,0,0,1
male,african-american,35,25 - 45,6,5,0,0,medium,2013-11-26,0,9,felony,0,857,0,0,0,0,0
male,caucasian,33,25 - 45,3,3,0,0,low,2013-02-09,0,4,misdemeanor,0,1147,0,0,0,0,0
male,caucasian,38,25 - 45,1,1,0,0,low,2013-07-19,0,8,felony,0,987,0,0,0,0,0
male,african-american,32,25 - 45,9,7,0,0,high,2013-08-17,0,0,misdemeanor,0,958,0,0,0,0,0
female,african-american,23,less than 25,4,5,0,0,low,2013-09-25,0,0,misdemeanor,0,919,0,0,0,0,0
male,african-american,67,greater than 45,2,1,0,0,low,2013-02-20,0,3,felony,0,1136,0,0,0,0,0
male,african-american,23,less than 25,10,10,0,0,high,2013-02-11,0,4,felony,30,747,0,1,1,2,4
female,african-american,26,25 - 45,8,4,0,0,high,2013-02-07,0,0,misdemeanor,0,1149,0,0,0,0,0
male,african-american,22,less than 25,4,7,1,0,low,2013-03-12,1,0,misdemeanor,0,405,1,0,0,0,0
male,african-american,24,less than 25,3,4,0,0,low,2013-01-11,0,1,felony,0,1176,0,0,0,0,0
male,african-american,37,25 - 45,7,2,0,0,medium,2013-03-08,0,0,misdemeanor,0,1120,0,0,0,0,0
male,african-american,29,25 - 45,5,3,0,0,medium,2013-03-26,0,0,felony,0,1102,0,0,0,0,0
male,other,34,25 - 45,2,1,0,0,low,2013-08-01,0,0,felony,0,974,0,0,0,0,0
male,african-american,29,25 - 45,7,4,1,0,medium,2013-04-20,1,9,felony,0,139,1,0,0,1,1
male,caucasian,49,greater than 45,1,1,0,0,low,2014-03-30,0,3,felony,0,733,0,0,0,0,0
male,african-american,31,25 - 45,2,2,0,0,low,2013-02-26,0,2,felony,0,1130,0,0,0,0,0
male,caucasian,59,greater than 45,1,1,0,0,low,2014-03-12,0,0,misdemeanor,0,751,0,0,0,0,0
male,african-american,39,25 - 45,1,1,1,0,low,2013-04-14,1,2,misdemeanor,0,324,0,0,0,0,0
male,african-american,23,less than 25,5,5,0,0,medium,2013-03-06,0,1,felony,0,1122,0,0,0,1,1
male,african-american,22,less than 25,9,7,0,0,high,2013-11-19,0,1,felony,4,864,0,0,0,0,0
male,caucasian,21,less than 25,9,9,1,0,high,2014-01-05,1,0,felony,0,149,1,0,0,0,0
male,african-american,36,25 - 45,1,1,0,0,low,2013-02-11,0,0,felony,0,1145,0,0,0,0,0
male,african-american,30,25 - 45,6,2,1,0,medium,2013-03-20,1,10,felony,0,86,0,0,0,1,1
male,caucasian,31,25 - 45,7,9,0,0,medium,2014-01-10,0,3,misdemeanor,0,812,0,0,0,0,0
female,hispanic,29,25 - 45,3,2,0,0,low,2013-06-03,0,0,misdemeanor,0,1033,0,0,0,0,0
male,other,47,greater than 45,1,1,1,0,low,2013-09-22,1,5,misdemeanor,0,15,1,0,0,0,0
male,african-american,25,25 - 45,10,10,1,0,high,2013-03-12,0,7,felony,0,258,0,0,0,0,0
male,caucasian,26,25 - 45,2,3,0,0,low,2013-12-12,0,0,felony,1,841,0,0,0,0,0
male,african-american,24,less than 25,4,5,0,0,low,2013-04-20,0,0,misdemeanor,0,1077,0,0,0,0,0
male,other,43,25 - 45,1,1,0,0,low,2014-02-24,0,1,felony,0,767,0,0,0,0,0
male,african-american,27,25 - 45,9,10,0,0,high,2014-01-28,0,11,felony,2,794,0,1,2,0,3
male,caucasian,28,25 - 45,4,3,0,0,low,2013-09-12,0,4,felony,189,932,0,0,0,0,0
female,other,33,25 - 45,2,2,0,0,low,2013-11-19,0,0,felony,0,864,0,0,0,0,0
male,caucasian,57,greater than 45,1,1,0,0,low,2013-10-03,0,0,misdemeanor,0,911,0,0,0,0,0
male,african-american,30,25 - 45,2,2,0,0,low,2013-05-29,0,2,felony,15,1038,0,0,0,0,0
male,other,27,25 - 45,1,2,0,0,low,2013-11-15,0,0,misdemeanor,0,868,0,0,0,0,0
female,african-american,31,25 - 45,8,5,0,0,high,2013-04-19,0,4,felony,1,1078,0,0,0,0,0
male,caucasian,29,25 - 45,3,3,0,0,low,2013-02-25,0,0,felony,0,1131,0,0,0,0,0
female,hispanic,29,25 - 45,2,2,1,1,low,2013-08-20,1,0,misdemeanor,0,334,1,0,0,0,0
male,hispanic,33,25 - 45,3,4,0,0,low,2013-05-21,0,2,misdemeanor,0,36,0,0,0,0,0
male,african-american,22,less than 25,4,6,0,0,low,2013-09-19,0,0,misdemeanor,0,925,0,0,0,0,0
male,african-american,28,25 - 45,3,3,1,0,low,2013-04-03,0,2,felony,0,883,1,0,0,0,0
male,african-american,35,25 - 45,8,7,1,1,high,2013-02-08,1,0,misdemeanor,1,90,1,0,0,0,0
male,african-american,29,25 - 45,1,2,1,0,low,2013-02-18,1,2,felony,0,326,1,0,0,0,0
male,african-american,30,25 - 45,7,7,1,0,medium,2013-08-04,0,14,felony,5,81,0,0,1,0,1
female,african-american,44,25 - 45,2,2,0,0,low,2013-09-23,0,1,misdemeanor,0,921,0,0,0,0,0
male,african-american,27,25 - 45,10,5,1,0,high,2013-03-14,1,2,felony,0,62,1,0,0,0,0
female,caucasian,63,greater than 45,1,1,0,0,low,2013-02-23,0,0,misdemeanor,0,1133,0,0,0,0,0
male,african-american,27,25 - 45,5,3,1,0,medium,2013-03-27,1,6,felony,0,106,1,0,0,0,0
male,other,34,25 - 45,2,2,0,0,low,2014-02-17,0,3,misdemeanor,0,774,0,0,0,0,0
male,african-american,31,25 - 45,10,7,1,0,high,2013-01-22,1,5,felony,0,31,1,0,0,1,1
male,african-american,21,less than 25,8,8,0,0,high,2013-03-20,0,0,felony,0,466,0,0,0,0,0
male,caucasian,23,less than 25,3,4,0,0,low,2013-12-04,0,1,felony,0,849,0,0,0,0,0
male,african-american,55,greater than 45,5,5,0,0,medium,2013-10-25,0,1,felony,0,889,0,0,0,0,0
male,african-american,40,25 - 45,3,1,0,0,low,2013-02-28,0,1,felony,75,1128,0,0,0,0,0
male,african-american,30,25 - 45,5,5,1,1,medium,2013-01-07,1,3,misdemeanor,1,428,0,0,0,0,0
male,african-american,41,25 - 45,5,2,0,0,medium,2013-09-08,0,1,misdemeanor,1,936,0,0,0,0,0
male,caucasian,56,greater than 45,1,1,0,0,low,2013-01-21,0,0,misdemeanor,0,1166,0,0,0,0,0
male,african-american,23,less than 25,3,4,1,0,low,2014-02-26,1,1,felony,0,112,1,0,0,0,0
male,african-american,61,greater than 45,2,2,1,0,low,2013-10-23,0,14,misdemeanor,0,779,1,0,0,0,0
male,hispanic,22,less than 25,7,8,1,0,medium,2014-02-25,1,0,felony,9,169,1,0,0,0,0
male,caucasian,49,greater than 45,1,1,1,0,low,2013-08-10,1,2,felony,90,578,1,0,0,0,0
male,african-american,31,25 - 45,6,6,0,0,medium,2013-01-06,0,6,felony,25,1181,0,2,0,0,2
female,african-american,31,25 - 45,2,2,1,0,low,2013-01-23,1,3,misdemeanor,0,484,1,0,0,0,0
male,african-american,32,25 - 45,10,9,0,0,high,2013-08-01,0,4,felony,3,974,0,1,0,2,3
male,other,56,greater than 45,1,1,0,0,low,2013-01-21,0,0,misdemeanor,0,1166,0,0,0,0,0
male,african-american,62,greater than 45,1,1,0,0,low,2014-01-23,0,0,misdemeanor,0,799,0,0,0,0,0
male,african-american,43,25 - 45,1,1,1,0,low,2013-12-23,1,3,felony,0,234,1,0,0,0,0
male,hispanic,31,25 - 45,9,7,1,0,high,2013-03-10,1,8,misdemeanor,0,100,1,2,1,0,3
male,african-american,41,25 - 45,10,8,1,0,high,2013-12-11,1,13,felony,0,21,1,0,0,0,0
male,caucasian,23,less than 25,5,6,0,0,medium,2014-03-11,0,0,misdemeanor,0,752,0,0,0,0,0
male,african-american,25,25 - 45,4,5,0,0,low,2013-10-21,0,1,felony,0,893,0,0,0,0,0
male,other,53,greater than 45,1,1,0,0,low,2014-02-03,0,0,misdemeanor,0,788,0,0,0,0,0
male,caucasian,67,greater than 45,1,1,0,0,low,2013-04-27,0,0,misdemeanor,42,1070,0,0,0,0,0
male,hispanic,38,25 - 45,1,1,0,0,low,2013-05-14,0,0,misdemeanor,0,1053,0,0,0,0,0
male,other,40,25 - 45,1,1,0,0,low,2013-08-01,0,1,felony,0,544,0,0,0,0,0
female,other,45,greater than 45,1,1,0,0,low,2013-05-29,0,1,felony,1,1038,0,0,0,0,0
male,african-american,29,25 - 45,8,8,1,1,high,2013-12-07,1,3,misdemeanor,59,62,1,1,0,0,1
male,hispanic,32,25 - 45,2,3,0,0,low,2013-02-11,0,0,misdemeanor,0,1145,0,0,0,0,0
female,caucasian,34,25 - 45,2,1,1,0,low,2013-02-26,1,0,felony,0,58,1,0,0,1,1
female,other,39,25 - 45,1,1,0,0,low,2013-01-07,0,0,felony,0,1180,0,0,0,0,0
male,african-american,29,25 - 45,2,2,0,0,low,2014-01-23,0,0,felony,1,799,0,0,0,0,0
male,african-american,46,greater than 45,1,1,0,0,low,2013-08-27,0,4,felony,0,948,0,0,0,0,0
male,african-american,31,25 - 45,8,8,1,1,high,2013-12-29,1,9,misdemeanor,26,86,1,0,0,0,0
male,african-american,24,less than 25,2,4,0,0,low,2013-02-12,0,1,misdemeanor,0,1144,0,0,0,0,0
male,african-american,28,25 - 45,1,2,1,1,low,2014-03-01,1,1,felony,0,182,1,0,0,0,0
female,african-american,25,25 - 45,4,5,1,0,low,2014-02-09,1,0,misdemeanor,1,75,1,0,0,0,0
female,african-american,24,less than 25,6,5,0,0,medium,2013-10-20,0,0,misdemeanor,0,894,0,0,0,0,0
male,other,29,25 - 45,6,5,0,0,medium,2013-05-18,0,5,felony,257,1049,0,0,0,0,0
male,hispanic,28,25 - 45,8,8,1,1,high,2013-12-28,1,3,felony,164,406,1,0,0,0,0
male,caucasian,36,25 - 45,2,1,0,0,low,2014-03-20,0,1,felony,0,743,0,0,0,0,0
male,african-american,25,25 - 45,6,5,1,1,medium,2013-04-27,0,2,misdemeanor,3,52,0,0,0,0,0
male,caucasian,29,25 - 45,1,2,0,0,low,2013-12-28,0,0,felony,14,825,0,0,0,0,0
female,caucasian,26,25 - 45,9,7,0,0,high,2013-05-06,0,1,felony,2,211,0,0,0,0,0
male,african-american,23,less than 25,9,9,1,0,high,2013-11-27,1,3,felony,1,6,1,1,0,0,1
male,other,20,less than 25,10,9,1,0,high,2014-02-10,1,1,felony,35,115,1,0,0,0,0
male,african-american,32,25 - 45,6,3,1,1,medium,2013-04-04,1,4,felony,0,706,1,0,0,0,0
male,hispanic,29,25 - 45,1,2,0,0,low,2013-11-23,0,1,felony,2,860,0,0,0,0,0
female,caucasian,26,25 - 45,3,3,0,0,low,2013-12-05,0,0,felony,0,848,0,0,0,0,0
male,hispanic,45,greater than 45,1,1,0,0,low,2013-06-10,0,3,felony,0,1026,0,0,0,0,0
male,caucasian,35,25 - 45,1,1,1,0,low,2013-11-18,1,0,misdemeanor,0,113,1,0,0,0,0
male,african-american,23,less than 25,4,4,1,0,low,2014-01-13,1,0,misdemeanor,0,389,0,0,0,0,0
female,caucasian,46,greater than 45,1,1,0,0,low,2014-03-10,0,0,misdemeanor,0,753,0,0,0,0,0
male,caucasian,41,25 - 45,1,1,0,0,low,2013-04-29,0,0,felony,0,1068,0,0,0,0,0
male,caucasian,22,less than 25,6,6,1,0,medium,2013-03-20,1,0,misdemeanor,0,232,1,0,0,1,1
male,african-american,27,25 - 45,7,9,1,0,medium,2013-01-16,1,7,misdemeanor,27,203,1,0,0,0,0
female,other,38,25 - 45,1,1,0,0,low,2013-05-06,0,0,misdemeanor,0,1061,0,0,0,0,0
female,african-american,24,less than 25,6,5,1,1,medium,2013-10-09,1,1,felony,0,25,1,0,0,0,0
male,african-american,27,25 - 45,9,6,1,0,high,2013-08-16,1,10,felony,0,147,1,0,0,0,0
male,caucasian,22,less than 25,7,6,0,0,medium,2013-09-05,0,1,misdemeanor,23,939,0,0,0,0,0
female,african-american,43,25 - 45,2,1,1,0,low,2013-08-23,1,3,felony,0,602,1,0,0,0,0
male,african-american,26,25 - 45,6,5,1,0,medium,2013-02-23,1,3,misdemeanor,1,8,1,0,1,0,1
male,caucasian,26,25 - 45,6,5,0,0,medium,2013-05-22,0,7,misdemeanor,68,111,0,0,0,0,0
male,caucasian,29,25 - 45,4,2,1,0,low,2013-08-11,1,3,felony,0,128,1,0,0,0,0
male,african-american,30,25 - 45,1,1,0,0,low,2014-03-31,0,0,misdemeanor,0,732,0,0,0,0,0
male,caucasian,34,25 - 45,5,4,0,0,medium,2013-08-28,0,1,felony,0,947,0,0,0,0,0
male,caucasian,23,less than 25,7,9,0,0,medium,2014-01-02,0,3,misdemeanor,0,820,0,0,0,7,7
female,caucasian,47,greater than 45,1,1,0,0,low,2013-04-03,0,0,misdemeanor,0,1094,0,0,0,0,0
male,caucasian,55,greater than 45,1,1,0,0,low,2013-05-18,0,2,misdemeanor,12,1049,0,0,0,0,0
male,hispanic,30,25 - 45,3,2,0,0,low,2013-09-15,0,0,misdemeanor,0,929,0,0,0,0,0
male,african-american,43,25 - 45,7,6,0,0,medium,2013-01-12,0,2,felony,0,1175,0,0,0,0,0
male,hispanic,30,25 - 45,1,1,0,0,low,2014-01-03,0,0,misdemeanor,0,819,0,0,0,0,0
female,caucasian,61,greater than 45,6,2,0,0,medium,2013-11-21,0,15,felony,0,862,0,0,0,0,0
male,african-american,63,greater than 45,9,5,0,0,high,2013-09-16,0,16,misdemeanor,0,928,0,0,0,0,0
male,caucasian,49,greater than 45,1,1,0,0,low,2013-02-25,0,0,felony,0,1131,0,0,0,0,0
male,african-american,49,greater than 45,1,1,0,0,low,2014-03-30,0,1,misdemeanor,0,45,0,0,0,0,0
male,african-american,42,25 - 45,1,1,0,0,low,2013-03-01,0,1,felony,0,1127,0,0,0,0,0
male,african-american,24,less than 25,7,5,0,0,medium,2013-02-19,0,1,misdemeanor,24,627,0,0,0,0,0
male,caucasian,51,greater than 45,1,1,0,0,low,2013-08-20,0,0,felony,0,955,0,0,0,0,0
male,caucasian,26,25 - 45,3,3,1,0,low,2013-09-23,1,2,felony,18,23,1,0,0,1,1
male,african-american,49,greater than 45,1,1,0,0,low,2014-01-13,0,2,felony,1,809,0,0,0,0,0
male,caucasian,47,greater than 45,1,1,0,0,low,2013-10-29,0,1,felony,0,885,0,0,0,0,0
male,caucasian,56,greater than 45,2,3,0,0,low,2013-03-16,0,1,felony,35,1112,0,0,0,0,0
male,caucasian,53,greater than 45,4,3,0,0,low,2013-01-04,0,8,misdemeanor,4,12,0,0,0,0,0
male,other,27,25 - 45,2,3,1,1,low,2013-09-23,1,2,misdemeanor,1,71,1,0,0,0,0
male,hispanic,34,25 - 45,6,8,1,0,medium,2013-12-16,1,17,felony,39,272,1,0,0,0,0
male,caucasian,41,25 - 45,1,1,0,0,low,2013-04-14,0,3,misdemeanor,0,1083,0,0,0,0,0
male,african-american,45,greater than 45,4,1,0,0,low,2014-01-14,0,6,felony,1,808,0,0,0,0,0
male,caucasian,47,greater than 45,2,1,0,0,low,2013-05-11,0,2,misdemeanor,0,1056,0,0,0,0,0
female,african-american,21,less than 25,10,9,0,0,high,2013-01-31,0,0,felony,78,1156,0,0,0,0,0
male,caucasian,27,25 - 45,4,3,1,1,low,2013-12-07,1,2,misdemeanor,1,24,0,0,0,1,1
male,african-american,21,less than 25,3,5,0,0,low,2014-02-02,0,0,felony,12,789,0,0,0,0,0
male,caucasian,31,25 - 45,1,1,0,0,low,2013-03-28,0,0,felony,81,1100,0,0,0,0,0
female,hispanic,45,greater than 45,1,1,0,0,low,2013-02-13,0,0,misdemeanor,1,1143,0,0,0,0,0
male,african-american,30,25 - 45,6,4,1,1,medium,2013-03-27,0,8,felony,0,881,1,2,0,0,2
male,hispanic,43,25 - 45,1,1,1,0,low,2013-02-11,1,1,misdemeanor,0,481,1,0,0,0,0
male,african-american,23,less than 25,4,5,0,0,low,2013-04-27,0,0,felony,0,130,0,0,0,0,0
male,caucasian,52,greater than 45,1,1,0,0,low,2013-01-30,0,1,felony,0,82,0,0,0,0,0
male,african-american,48,greater than 45,4,4,1,0,low,2013-11-11,1,11,misdemeanor,0,16,1,0,0,0,0
female,african-american,51,greater than 45,2,2,0,0,low,2013-12-05,0,3,misdemeanor,0,848,0,0,0,0,0
female,african-american,29,25 - 45,4,5,1,0,low,2014-03-06,1,5,felony,0,183,1,0,0,0,0
female,african-american,44,25 - 45,1,1,0,0,low,2013-09-11,0,0,felony,0,933,0,0,0,0,0
male,african-american,34,25 - 45,6,2,1,0,medium,2013-09-06,1,12,felony,1,49,1,0,0,0,0
female,hispanic,25,25 - 45,4,3,0,0,low,2013-04-08,0,0,felony,0,1089,0,0,0,0,0
male,african-american,28,25 - 45,7,8,1,0,medium,2013-01-10,1,5,felony,1,90,1,1,2,0,3
male,african-american,28,25 - 45,7,5,1,0,medium,2013-12-19,1,9,felony,42,116,1,0,0,0,0
male,other,37,25 - 45,1,1,1,1,low,2013-11-02,0,0,misdemeanor,0,827,1,0,0,0,0
female,caucasian,34,25 - 45,3,1,0,0,low,2013-09-10,0,0,felony,0,934,0,0,0,0,0
male,african-american,23,less than 25,7,9,1,1,medium,2013-03-07,1,3,misdemeanor,8,128,0,0,2,1,3
male,caucasian,71,greater than 45,1,1,0,0,low,2013-11-08,0,3,misdemeanor,0,502,0,0,0,0,0
male,caucasian,45,greater than 45,1,1,0,0,low,2013-12-10,0,2,misdemeanor,0,843,0,0,0,0,0
female,native american,33,25 - 45,7,4,1,0,medium,2013-12-11,1,5,felony,1,6,0,0,0,0,0
male,african-american,29,25 - 45,1,2,0,0,low,2013-11-28,0,0,misdemeanor,1,855,0,0,0,0,0
male,african-american,52,greater than 45,3,1,1,0,low,2013-12-26,1,23,felony,0,474,0,0,0,0,0
male,caucasian,26,25 - 45,5,5,0,0,medium,2013-08-01,0,1,felony,0,974,0,0,0,0,0
male,hispanic,31,25 - 45,1,2,1,0,low,2013-08-06,1,0,misdemeanor,0,491,1,0,0,0,0
male,hispanic,36,25 - 45,2,1,0,0,low,2013-09-19,0,5,felony,0,421,0,0,0,0,0
male,african-american,52,greater than 45,7,1,1,0,medium,2013-10-29,1,17,felony,29,151,1,0,0,0,0
male,hispanic,42,25 - 45,1,1,1,1,low,2013-03-10,1,1,felony,52,65,1,0,0,0,0
male,african-american,21,less than 25,5,8,0,0,medium,2013-03-31,0,0,misdemeanor,2,1097,0,0,0,0,0
male,caucasian,29,25 - 45,1,2,0,0,low,2013-09-26,0,2,misdemeanor,0,918,0,0,0,0,0
male,caucasian,54,greater than 45,1,1,0,0,low,2013-12-19,0,0,misdemeanor,0,834,0,0,0,0,0
male,caucasian,58,greater than 45,2,1,1,0,low,2013-04-08,1,12,felony,0,161,0,0,0,0,0
female,caucasian,22,less than 25,8,9,0,0,high,2013-08-12,0,1,misdemeanor,0,963,0,0,0,0,0
male,caucasian,29,25 - 45,3,2,0,0,low,2013-12-08,0,1,misdemeanor,0,845,0,0,0,0,0
female,hispanic,25,25 - 45,6,4,0,0,medium,2014-02-06,0,14,felony,0,785,0,0,1,2,3
male,other,62,greater than 45,1,1,0,0,low,2013-08-19,0,0,misdemeanor,0,956,0,0,0,0,0
female,african-american,23,less than 25,7,5,1,0,medium,2013-03-09,1,2,misdemeanor,0,235,1,0,0,0,0
male,other,22,less than 25,4,5,1,0,low,2014-02-05,1,1,felony,0,391,0,0,0,0,0
female,caucasian,65,greater than 45,1,1,0,0,low,2013-10-07,0,1,felony,0,907,0,0,0,0,0
male,caucasian,31,25 - 45,1,1,0,0,low,2013-10-24,0,0,felony,1,890,0,0,0,0,0
male,african-american,21,less than 25,9,10,0,0,high,2013-05-14,0,0,felony,4,24,0,0,0,0,0
male,african-american,27,25 - 45,7,4,1,1,medium,2013-03-20,1,17,felony,1,243,1,0,2,0,2
male,caucasian,33,25 - 45,2,5,0,0,low,2013-05-05,0,1,felony,19,1062,0,0,0,0,0
male,african-american,25,25 - 45,7,6,0,0,medium,2013-03-12,0,3,felony,0,1116,0,0,1,0,1
male,caucasian,39,25 - 45,1,1,0,0,low,2013-05-01,0,1,felony,0,1066,0,0,0,0,0
male,african-american,29,25 - 45,9,6,1,1,high,2013-05-16,1,8,misdemeanor,1,133,1,0,0,0,0
female,caucasian,42,25 - 45,1,1,0,0,low,2013-07-02,0,0,felony,0,1004,0,0,0,0,0
male,caucasian,21,less than 25,9,8,0,0,high,2014-03-18,0,0,felony,0,745,0,0,0,0,0
male,african-american,27,25 - 45,5,3,1,0,medium,2013-02-18,1,5,misdemeanor,5,470,1,0,0,1,1
female,african-american,24,less than 25,4,3,1,1,low,2014-03-18,1,0,felony,0,341,0,0,0,0,0
female,caucasian,67,greater than 45,1,1,0,0,low,2014-01-27,0,0,misdemeanor,0,795,0,0,0,0,0
male,other,29,25 - 45,2,3,1,1,low,2013-05-04,1,4,felony,2,633,1,0,0,0,0
female,african-american,27,25 - 45,6,4,0,0,medium,2013-07-11,0,2,felony,0,995,0,0,0,0,0
male,african-american,39,25 - 45,4,3,1,1,low,2013-05-17,1,3,felony,33,488,1,0,0,0,0
male,caucasian,42,25 - 45,6,2,0,0,medium,2013-03-15,0,5,felony,0,84,0,0,0,0,0
male,hispanic,41,25 - 45,1,1,0,0,low,2013-06-04,0,1,misdemeanor,0,1032,0,0,0,0,0
female,african-american,25,25 - 45,3,4,0,0,low,2013-08-03,0,1,felony,3,972,0,0,0,0,0
male,caucasian,40,25 - 45,8,9,1,0,high,2013-03-07,1,8,felony,0,129,1,0,0,0,0
male,african-american,37,25 - 45,4,4,1,1,low,2014-02-19,1,4,misdemeanor,0,189,1,0,0,0,0
female,african-american,42,25 - 45,8,6,1,0,high,2013-03-31,1,8,felony,1,127,1,0,0,0,0
female,african-american,27,25 - 45,6,4,1,0,medium,2014-03-05,1,12,misdemeanor,0,480,1,0,0,0,0
male,african-american,26,25 - 45,9,6,1,0,high,2013-09-08,1,8,felony,0,230,1,0,0,0,0
male,african-american,23,less than 25,6,6,0,0,medium,2013-01-26,0,1,misdemeanor,178,1161,0,0,0,0,0
male,caucasian,32,25 - 45,5,4,1,0,medium,2013-01-04,1,8,misdemeanor,0,31,1,0,0,0,0
male,caucasian,26,25 - 45,7,3,1,0,medium,2013-08-01,1,4,felony,1,696,1,0,0,0,0
male,caucasian,67,greater than 45,1,1,0,0,low,2013-08-16,0,0,misdemeanor,0,959,0,0,0,0,0
male,african-american,27,25 - 45,7,3,0,0,medium,2013-05-11,0,10,felony,0,1056,0,0,0,0,0
female,caucasian,26,25 - 45,6,5,0,0,medium,2013-09-08,0,1,misdemeanor,0,936,0,0,0,0,0
male,african-american,55,greater than 45,5,3,1,0,medium,2013-01-06,1,3,misdemeanor,69,490,0,0,0,0,0
male,caucasian,51,greater than 45,1,1,0,0,low,2014-02-27,0,1,felony,0,764,0,0,0,0,0
male,other,31,25 - 45,3,3,0,0,low,2013-03-25,0,0,felony,67,1103,0,0,0,0,0
male,caucasian,28,25 - 45,4,5,0,0,low,2013-03-31,0,0,misdemeanor,0,1097,0,0,0,0,0
female,caucasian,51,greater than 45,1,1,0,0,low,2013-01-18,0,0,misdemeanor,0,385,0,0,0,0,0
male,african-american,22,less than 25,7,6,1,0,medium,2013-02-15,1,0,felony,1,6,1,0,0,0,0
male,african-american,26,25 - 45,3,4,1,0,low,2013-04-29,1,2,felony,1,17,1,0,0,0,0
female,african-american,27,25 - 45,3,2,0,0,low,2014-03-13,0,1,felony,1,750,0,0,1,0,1
male,african-american,32,25 - 45,4,4,0,0,low,2013-01-18,0,5,misdemeanor,0,56,0,0,0,0,0
male,african-american,36,25 - 45,6,4,1,0,medium,2013-04-01,1,11,felony,35,389,1,0,0,0,0
male,african-american,27,25 - 45,6,6,0,0,medium,2013-11-20,0,4,misdemeanor,1,863,0,0,0,0,0
male,african-american,24,less than 25,10,9,0,0,high,2013-10-21,0,12,misdemeanor,16,893,0,0,3,0,3
male,african-american,61,greater than 45,3,3,0,0,low,2013-02-28,0,11,felony,0,1128,0,0,0,0,0
female,caucasian,29,25 - 45,3,2,0,0,low,2013-11-04,0,3,felony,0,175,0,0,0,0,0
male,caucasian,34,25 - 45,4,3,0,0,low,2014-01-24,0,11,felony,0,798,0,0,0,0,0
male,caucasian,45,greater than 45,3,1,0,0,low,2013-07-22,0,0,felony,0,984,0,0,0,0,0
male,caucasian,21,less than 25,10,6,1,0,high,2013-02-20,1,3,felony,0,8,0,0,2,1,3
male,african-american,28,25 - 45,8,3,1,0,high,2013-09-14,1,20,felony,0,125,0,0,0,0,0
male,african-american,23,less than 25,6,9,0,0,medium,2014-01-02,0,3,felony,0,820,0,2,0,0,2
male,caucasian,31,25 - 45,4,3,0,0,low,2013-10-04,0,6,felony,2,910,0,0,0,0,0
male,african-american,40,25 - 45,4,5,1,0,low,2013-11-11,1,8,misdemeanor,0,102,1,0,0,0,0
female,caucasian,22,less than 25,8,7,0,0,high,2013-08-12,0,1,misdemeanor,17,963,0,0,0,1,1
male,african-american,21,less than 25,4,7,1,0,low,2013-03-30,1,1,misdemeanor,0,79,1,0,1,0,1
male,african-american,24,less than 25,6,7,1,0,medium,2013-12-12,1,1,felony,0,251,1,1,0,1,2
male,caucasian,25,25 - 45,5,5,1,0,medium,2014-03-04,1,2,felony,0,112,0,0,0,0,0
female,african-american,25,25 - 45,5,6,0,0,medium,2013-10-02,0,1,felony,0,912,0,0,0,0,0
male,african-american,47,greater than 45,5,6,1,0,medium,2013-01-16,1,3,misdemeanor,7,83,1,0,0,0,0
male,hispanic,25,25 - 45,3,3,0,0,low,2013-03-13,0,1,felony,0,1115,0,0,0,0,0
male,african-american,29,25 - 45,5,4,1,1,medium,2013-12-19,1,1,felony,2,136,1,0,0,0,0
male,caucasian,40,25 - 45,5,4,1,0,medium,2014-02-18,1,4,felony,0,269,0,0,0,0,0
female,hispanic,32,25 - 45,2,1,0,0,low,2013-03-25,0,1,felony,0,1103,0,0,0,0,0
male,caucasian,39,25 - 45,1,1,0,0,low,2013-08-25,0,0,misdemeanor,0,950,0,0,0,0,0
male,other,22,less than 25,3,5,0,0,low,2013-10-16,0,3,felony,1,406,0,0,0,1,1
female,african-american,30,25 - 45,5,2,1,0,medium,2014-01-05,1,0,misdemeanor,0,579,1,0,0,0,0
female,caucasian,22,less than 25,6,7,1,1,medium,2014-01-17,1,2,felony,0,80,0,0,0,0,0
male,caucasian,25,25 - 45,9,6,0,0,high,2014-04-01,0,0,misdemeanor,0,731,0,0,0,0,0
female,caucasian,21,less than 25,5,6,1,0,medium,2013-12-27,1,0,misdemeanor,1,17,1,0,0,0,0
male,caucasian,25,25 - 45,2,4,1,0,low,2013-12-28,1,0,misdemeanor,20,323,1,0,0,0,0
male,caucasian,54,greater than 45,3,1,1,0,low,2013-10-24,1,1,felony,0,101,1,0,0,0,0
male,african-american,27,25 - 45,10,9,1,0,high,2013-02-17,1,5,misdemeanor,37,353,1,0,0,0,0
male,caucasian,45,greater than 45,1,1,1,0,low,2013-01-06,1,4,misdemeanor,3,544,1,0,0,0,0
male,african-american,32,25 - 45,3,4,1,0,low,2014-02-22,1,4,felony,0,152,0,0,0,0,0
female,african-american,44,25 - 45,6,3,0,0,medium,2014-02-28,0,6,felony,1,763,0,0,0,0,0
male,other,59,greater than 45,3,1,1,0,low,2013-04-20,1,20,felony,198,245,1,0,0,0,0
male,african-american,28,25 - 45,3,3,1,0,low,2013-02-07,1,0,misdemeanor,0,173,1,0,0,0,0
male,african-american,23,less than 25,4,6,0,0,low,2013-04-06,0,0,felony,0,1091,0,0,0,0,0
male,caucasian,46,greater than 45,1,1,0,0,low,2014-03-16,0,0,felony,0,747,0,0,0,0,0
male,caucasian,33,25 - 45,4,2,0,0,low,2014-01-31,0,2,felony,0,791,0,0,0,0,0
male,other,30,25 - 45,2,2,1,0,low,2013-08-12,1,1,misdemeanor,0,130,1,0,0,0,0
female,caucasian,40,25 - 45,1,1,1,1,low,2013-03-19,1,3,felony,0,40,1,0,0,0,0
male,caucasian,54,greater than 45,3,1,0,0,low,2013-10-06,0,7,felony,0,908,0,0,0,0,0
male,caucasian,21,less than 25,7,7,0,0,medium,2013-03-24,0,0,misdemeanor,0,1104,0,0,0,0,0
male,african-american,22,less than 25,10,10,0,0,high,2013-05-10,0,0,misdemeanor,3,1057,0,0,0,0,0
male,african-american,31,25 - 45,7,3,0,0,medium,2013-04-10,0,0,felony,0,425,0,0,0,0,0
male,african-american,32,25 - 45,8,6,1,0,high,2013-04-09,1,6,felony,129,374,0,0,0,0,0
female,caucasian,50,greater than 45,5,1,1,0,medium,2013-03-12,0,3,felony,0,55,0,0,0,0,0
male,african-american,21,less than 25,5,7,0,0,medium,2014-03-03,0,1,misdemeanor,0,760,0,0,0,0,0
male,caucasian,23,less than 25,6,7,0,0,medium,2013-08-03,0,0,misdemeanor,1,972,0,0,0,0,0
male,african-american,33,25 - 45,6,4,1,0,medium,2013-11-27,1,3,misdemeanor,114,204,1,0,0,0,0
male,african-american,64,greater than 45,2,1,0,0,low,2013-10-07,0,0,misdemeanor,0,907,0,0,0,0,0
female,other,42,25 - 45,1,1,0,0,low,2013-02-20,0,0,felony,280,1136,0,0,0,0,0
male,african-american,20,less than 25,4,7,0,0,low,2013-11-09,0,0,felony,0,874,0,0,0,1,1
male,caucasian,26,25 - 45,2,3,0,0,low,2013-04-18,0,1,misdemeanor,0,1079,0,0,0,0,0
male,african-american,30,25 - 45,10,8,1,0,high,2013-03-16,1,18,felony,554,577,0,0,1,1,2
male,hispanic,23,less than 25,2,4,1,1,low,2014-03-04,1,0,misdemeanor,0,84,1,0,0,0,0
male,african-american,23,less than 25,10,9,1,0,high,2013-05-10,1,10,felony,3,59,0,0,0,1,1
male,african-american,60,greater than 45,6,3,1,0,medium,2013-01-28,1,13,felony,1,314,1,0,0,0,0
male,african-american,46,greater than 45,7,2,1,0,medium,2013-04-09,1,2,felony,65,280,1,0,0,0,0
female,african-american,29,25 - 45,4,3,0,0,low,2013-05-21,0,0,felony,0,1046,0,0,0,0,0
male,caucasian,56,greater than 45,1,1,1,0,low,2013-11-19,1,0,misdemeanor,0,402,1,0,0,0,0
female,african-american,45,greater than 45,1,1,0,0,low,2013-11-07,0,0,felony,0,876,0,0,0,0,0
male,african-american,26,25 - 45,3,2,1,0,low,2014-01-22,1,4,felony,0,153,0,0,0,0,0
female,african-american,47,greater than 45,6,6,0,0,medium,2014-02-03,0,4,misdemeanor,0,788,0,0,0,0,0
female,african-american,29,25 - 45,7,4,1,0,medium,2013-02-16,1,7,felony,2,11,0,0,1,0,1
male,african-american,32,25 - 45,10,6,0,0,high,2013-02-22,0,9,felony,55,1110,0,2,1,0,3
male,other,23,less than 25,4,4,0,0,low,2013-08-27,0,0,felony,0,948,0,0,0,0,0
male,african-american,29,25 - 45,9,4,1,0,high,2013-12-03,1,10,felony,28,88,1,0,0,0,0
male,african-american,22,less than 25,6,8,1,0,medium,2013-03-09,1,1,felony,20,485,0,0,0,0,0
female,hispanic,33,25 - 45,3,2,0,0,low,2013-08-28,0,2,felony,0,947,0,0,0,0,0
female,african-american,28,25 - 45,2,2,0,0,low,2013-08-04,0,1,felony,0,971,0,0,0,0,0
male,caucasian,36,25 - 45,1,1,0,0,low,2013-01-01,0,0,felony,36,1186,0,0,0,0,0
male,hispanic,32,25 - 45,3,2,0,0,low,2014-02-25,0,1,felony,0,766,0,0,0,0,0
male,african-american,24,less than 25,6,5,0,0,medium,2013-03-15,0,0,felony,1,1113,0,0,0,0,0
male,african-american,33,25 - 45,9,9,1,0,high,2013-04-10,1,9,misdemeanor,2,92,0,2,0,0,2
male,african-american,46,greater than 45,6,3,0,0,medium,2013-03-25,0,2,misdemeanor,0,1103,0,0,0,0,0
male,caucasian,31,25 - 45,8,2,1,0,high,2013-10-08,1,9,misdemeanor,1,100,0,0,0,0,0
male,african-american,24,less than 25,3,3,1,0,low,2013-11-18,1,0,felony,0,636,0,0,0,3,3
male,african-american,36,25 - 45,10,9,1,0,high,2013-05-02,1,14,felony,1,43,1,1,2,0,3
male,african-american,43,25 - 45,7,3,0,0,medium,2013-05-25,0,23,felony,101,515,0,0,1,0,1
male,african-american,42,25 - 45,7,4,0,0,medium,2013-01-02,0,0,misdemeanor,7,1185,0,0,0,0,0
male,caucasian,32,25 - 45,10,8,1,0,high,2013-12-06,1,4,felony,0,46,1,0,0,0,0
male,caucasian,26,25 - 45,4,3,0,0,low,2013-03-22,0,1,felony,5,1106,0,0,0,0,0
male,caucasian,74,greater than 45,1,1,0,0,low,2013-01-11,0,0,misdemeanor,0,1176,0,0,0,0,0
male,african-american,24,less than 25,6,5,1,0,medium,2013-09-19,1,3,felony,0,93,1,0,0,1,1
female,hispanic,24,less than 25,3,3,0,0,low,2013-03-11,0,1,misdemeanor,0,1117,0,0,0,0,0
male,other,22,less than 25,3,6,0,0,low,2013-08-21,0,0,felony,0,954,0,0,0,1,1
male,african-american,33,25 - 45,4,4,0,0,low,2013-11-05,0,2,misdemeanor,0,776,0,0,0,0,0
male,african-american,22,less than 25,6,6,1,1,medium,2014-03-26,1,1,misdemeanor,0,345,1,0,0,0,0
male,caucasian,50,greater than 45,2,1,0,0,low,2013-12-20,0,4,misdemeanor,0,833,0,0,0,0,0
female,caucasian,28,25 - 45,6,5,1,0,medium,2013-04-09,1,7,felony,0,22,0,0,0,0,0
female,african-american,35,25 - 45,7,3,1,1,medium,2013-12-16,1,5,felony,6,110,1,0,0,1,1
female,african-american,36,25 - 45,2,1,0,0,low,2013-03-09,0,1,misdemeanor,0,1119,0,0,0,0,0
male,african-american,28,25 - 45,2,3,1,0,low,2013-08-30,1,2,felony,0,32,1,0,0,0,0
male,african-american,63,greater than 45,1,1,0,0,low,2014-02-09,0,1,felony,1,782,0,0,0,0,0
female,caucasian,69,greater than 45,3,1,0,0,low,2013-10-17,0,5,felony,0,182,0,0,0,0,0
male,caucasian,44,25 - 45,1,1,0,0,low,2013-04-10,0,1,misdemeanor,0,1087,0,0,0,0,0
female,african-american,29,25 - 45,2,2,0,0,low,2014-01-04,0,0,felony,0,818,0,0,0,0,0
female,caucasian,52,greater than 45,3,1,0,0,low,2013-12-15,0,0,misdemeanor,0,838,0,0,0,0,0
male,african-american,23,less than 25,10,9,1,1,high,2013-02-23,1,1,felony,1,61,1,0,0,0,0
female,hispanic,22,less than 25,4,4,0,0,low,2013-06-03,0,0,misdemeanor,0,1033,0,0,0,0,0
male,caucasian,26,25 - 45,4,2,0,0,low,2014-02-12,0,0,felony,0,779,0,0,0,0,0
male,african-american,45,greater than 45,2,1,0,0,low,2013-04-06,0,4,misdemeanor,3,543,0,0,0,0,0
male,african-american,24,less than 25,4,4,1,0,low,2013-07-12,1,4,felony,0,301,0,0,0,0,0
female,hispanic,26,25 - 45,4,3,0,0,low,2013-12-11,0,1,misdemeanor,0,842,0,0,0,0,0
male,african-american,47,greater than 45,1,1,0,0,low,2013-03-18,0,0,misdemeanor,1,1110,0,0,0,0,0
male,african-american,26,25 - 45,4,4,0,0,low,2013-08-27,0,0,felony,0,948,0,0,0,0,0
male,african-american,36,25 - 45,7,7,1,0,medium,2013-04-03,1,9,felony,0,49,1,0,0,0,0
male,caucasian,33,25 - 45,3,2,1,0,low,2013-11-21,1,2,misdemeanor,1,162,1,0,0,0,0
male,caucasian,52,greater than 45,1,1,0,0,low,2013-04-02,0,1,misdemeanor,1,1095,0,0,0,0,0
male,caucasian,51,greater than 45,1,1,0,0,low,2013-04-05,0,0,felony,0,1092,0,0,0,0,0
male,caucasian,20,less than 25,8,7,1,0,high,2013-07-29,1,1,felony,0,185,1,0,0,3,3
male,african-american,47,greater than 45,1,1,1,1,low,2013-04-09,1,7,felony,56,95,1,0,0,0,0
male,caucasian,67,greater than 45,3,1,0,0,low,2013-04-06,0,1,felony,0,1091,0,0,0,0,0
male,african-american,47,greater than 45,1,2,1,0,low,2013-07-17,0,1,felony,0,835,1,0,0,0,0
male,caucasian,66,greater than 45,1,1,0,0,low,2013-02-23,0,0,misdemeanor,0,1133,0,0,0,0,0
male,caucasian,39,25 - 45,2,1,0,0,low,2014-02-04,0,0,felony,0,787,0,0,0,0,0
female,caucasian,49,greater than 45,3,1,0,0,low,2013-09-19,0,2,misdemeanor,81,925,0,0,0,0,0
female,african-american,45,greater than 45,7,9,1,0,medium,2013-05-10,0,9,misdemeanor,75,816,1,0,0,0,0
male,asian,22,less than 25,2,4,0,0,low,2013-09-13,0,1,misdemeanor,0,931,0,0,0,0,0
male,african-american,28,25 - 45,5,4,1,0,medium,2013-02-14,1,2,misdemeanor,1,190,1,0,0,0,0
female,african-american,22,less than 25,4,4,1,0,low,2014-02-05,1,0,felony,0,510,1,0,0,0,0
male,african-american,20,less than 25,5,8,1,0,medium,2013-10-16,1,1,felony,0,3,1,1,0,1,2
male,caucasian,34,25 - 45,1,1,0,0,low,2014-02-07,0,5,felony,0,784,0,0,0,0,0
male,caucasian,34,25 - 45,5,4,0,0,medium,2013-08-15,0,13,felony,0,960,0,0,0,0,0
male,caucasian,25,25 - 45,9,7,1,0,high,2013-08-05,1,3,misdemeanor,0,7,1,0,0,0,0
male,caucasian,27,25 - 45,5,5,1,1,medium,2013-09-30,1,13,felony,0,67,0,0,2,1,3
male,african-american,34,25 - 45,6,3,0,0,medium,2013-03-06,0,1,felony,0,1122,0,0,0,0,0
male,caucasian,34,25 - 45,5,2,0,0,medium,2013-08-30,0,1,felony,0,237,0,0,0,0,0
male,caucasian,40,25 - 45,1,1,0,0,low,2014-03-16,0,0,felony,0,747,0,0,0,0,0
female,african-american,22,less than 25,6,6,0,0,medium,2013-10-24,0,1,felony,0,201,0,0,0,0,0
female,caucasian,27,25 - 45,8,6,1,1,high,2013-12-05,1,0,misdemeanor,0,66,1,0,0,0,0
male,hispanic,23,less than 25,5,4,0,0,medium,2013-08-15,0,2,felony,1,960,0,0,0,0,0
male,african-american,47,greater than 45,6,1,0,0,medium,2013-08-15,0,14,misdemeanor,30,960,0,0,0,0,0
male,african-american,38,25 - 45,9,6,1,1,high,2013-10-04,1,16,misdemeanor,0,28,1,2,3,0,5
male,hispanic,24,less than 25,3,5,0,0,low,2014-01-29,0,0,misdemeanor,0,793,0,0,0,0,0
male,caucasian,30,25 - 45,8,4,1,0,high,2013-05-01,1,4,felony,5,219,0,0,0,0,0
male,african-american,31,25 - 45,6,6,0,0,medium,2013-04-19,0,1,felony,0,1078,0,0,0,0,0
male,african-american,33,25 - 45,7,6,1,0,medium,2013-08-06,1,4,misdemeanor,16,115,1,0,0,0,0
female,african-american,29,25 - 45,3,3,1,0,low,2014-02-05,1,2,felony,9,671,1,0,0,0,0
male,other,38,25 - 45,2,1,0,0,low,2013-09-04,0,0,misdemeanor,0,940,0,0,0,0,0
male,african-american,56,greater than 45,6,7,1,0,medium,2013-10-16,1,31,felony,0,98,0,0,0,0,0
male,african-american,26,25 - 45,2,3,0,0,low,2013-11-16,0,0,felony,3,867,0,0,0,0,0
female,african-american,28,25 - 45,8,4,0,0,high,2013-09-13,0,5,felony,0,931,0,0,0,0,0
male,african-american,43,25 - 45,6,7,0,0,medium,2014-02-19,0,5,misdemeanor,14,772,0,0,0,0,0
male,african-american,29,25 - 45,2,2,1,1,low,2014-01-08,1,2,felony,0,556,1,0,0,0,0
male,african-american,22,less than 25,7,7,1,0,medium,2013-03-20,1,1,felony,1,114,1,0,0,1,1
male,caucasian,74,greater than 45,1,1,0,0,low,2013-03-07,0,2,felony,9,1121,0,0,0,0,0
male,african-american,47,greater than 45,10,2,1,1,high,2013-05-08,1,4,felony,63,159,0,0,0,0,0
female,caucasian,43,25 - 45,1,1,0,0,low,2013-04-01,0,0,misdemeanor,0,1096,0,0,0,0,0
female,african-american,28,25 - 45,5,3,1,0,medium,2013-05-29,1,6,misdemeanor,1,212,1,0,0,0,0
female,african-american,24,less than 25,4,4,0,0,low,2013-10-21,0,0,felony,0,637,0,0,0,0,0
male,asian,26,25 - 45,3,5,1,1,low,2013-01-30,1,2,felony,199,316,0,0,0,0,0
male,african-american,56,greater than 45,2,1,0,0,low,2013-04-22,0,0,misdemeanor,0,1075,0,0,0,0,0
male,hispanic,47,greater than 45,6,1,1,0,medium,2013-02-08,1,3,misdemeanor,5,634,1,0,0,0,0
male,caucasian,49,greater than 45,1,1,0,0,low,2013-12-23,0,0,felony,0,830,0,0,0,0,0
female,other,36,25 - 45,1,1,0,0,low,2013-09-16,0,1,misdemeanor,0,928,0,0,0,0,0
female,caucasian,24,less than 25,4,4,0,0,low,2014-01-13,0,1,felony,0,809,0,0,0,0,0
male,african-american,30,25 - 45,4,2,1,0,low,2013-05-28,1,3,felony,1,229,1,0,0,0,0
male,caucasian,28,25 - 45,6,5,1,0,medium,2013-02-01,0,11,felony,0,1024,1,0,0,0,0
female,hispanic,50,greater than 45,3,1,1,0,low,2013-08-13,1,1,felony,0,12,1,0,0,0,0
female,african-american,39,25 - 45,7,2,1,0,medium,2014-03-04,1,1,felony,2,324,1,0,0,0,0
male,african-american,56,greater than 45,7,4,0,0,medium,2013-02-15,0,4,felony,16,1141,0,0,0,0,0
male,caucasian,58,greater than 45,2,1,0,0,low,2013-03-15,0,8,misdemeanor,0,1113,0,0,0,0,0
male,african-american,33,25 - 45,4,4,0,0,low,2014-02-14,0,3,felony,0,777,0,0,0,0,0
female,african-american,31,25 - 45,8,2,1,0,high,2013-04-24,1,9,felony,0,206,1,0,0,0,0
male,african-american,35,25 - 45,6,6,1,0,medium,2013-04-25,1,18,felony,0,28,1,0,0,0,0
male,caucasian,25,25 - 45,8,7,1,1,high,2013-04-15,0,5,misdemeanor,9,742,1,4,0,0,4
male,african-american,23,less than 25,2,3,0,0,low,2014-02-19,0,0,felony,0,772,0,0,0,1,1
female,caucasian,30,25 - 45,5,2,0,0,medium,2014-01-17,0,3,felony,1,805,0,0,0,0,0
male,hispanic,31,25 - 45,6,5,0,0,medium,2013-09-22,0,1,misdemeanor,116,922,0,0,0,0,0
male,caucasian,39,25 - 45,4,3,0,0,low,2013-08-22,0,5,misdemeanor,0,953,0,0,0,0,0
male,african-american,21,less than 25,7,7,1,1,medium,2013-05-13,1,0,felony,0,50,1,0,0,0,0
male,african-american,46,greater than 45,5,3,1,0,medium,2013-12-30,1,13,felony,0,236,1,0,0,0,0
male,caucasian,30,25 - 45,3,2,0,0,low,2014-01-23,0,2,felony,62,799,0,0,0,0,0
male,african-american,35,25 - 45,6,3,1,0,medium,2014-01-02,1,12,misdemeanor,1,9,1,0,0,1,1
male,caucasian,34,25 - 45,5,5,0,0,medium,2013-01-11,0,4,felony,1,923,0,0,0,0,0
male,african-american,26,25 - 45,2,3,0,0,low,2013-04-16,0,2,misdemeanor,0,1081,0,0,0,0,0
male,caucasian,51,greater than 45,1,1,0,0,low,2014-01-30,0,4,misdemeanor,0,792,0,0,0,0,0
male,african-american,36,25 - 45,2,1,0,0,low,2014-02-09,0,0,misdemeanor,2,782,0,0,0,0,0
male,caucasian,26,25 - 45,2,2,1,0,low,2013-05-15,1,3,misdemeanor,0,213,1,0,0,0,0
male,african-american,21,less than 25,6,5,0,0,medium,2013-03-19,0,1,felony,29,1109,0,0,0,0,0
male,african-american,59,greater than 45,5,3,0,0,medium,2013-02-09,0,5,misdemeanor,151,879,0,0,0,0,0
male,african-american,29,25 - 45,7,6,1,0,medium,2013-08-10,1,7,felony,3,87,1,0,2,0,2
male,hispanic,28,25 - 45,3,2,0,0,low,2013-10-21,0,1,felony,0,893,0,0,0,0,0
male,african-american,37,25 - 45,3,2,0,0,low,2013-03-30,0,4,felony,0,1098,0,0,0,0,0
male,caucasian,41,25 - 45,1,1,0,0,low,2013-01-25,0,0,misdemeanor,0,1162,0,0,0,0,0
male,hispanic,31,25 - 45,9,5,1,0,high,2013-04-15,1,7,misdemeanor,0,538,1,1,0,0,1
male,african-american,23,less than 25,6,5,1,0,medium,2013-11-13,1,0,felony,1,161,1,0,0,0,0
female,caucasian,54,greater than 45,1,1,0,0,low,2013-06-25,0,1,misdemeanor,0,1011,0,0,0,0,0
male,caucasian,30,25 - 45,9,7,0,0,high,2014-02-09,0,2,misdemeanor,5,782,0,0,0,0,0
male,caucasian,28,25 - 45,4,3,1,1,low,2013-03-30,1,0,misdemeanor,0,41,0,0,0,0,0
male,african-american,22,less than 25,5,7,1,0,medium,2013-01-21,0,0,misdemeanor,1,763,1,0,0,0,0
male,african-american,21,less than 25,8,7,1,0,high,2013-04-13,1,0,felony,0,281,1,0,0,0,0
male,african-american,27,25 - 45,5,8,0,0,medium,2013-05-05,0,1,misdemeanor,15,1062,0,0,0,2,2
male,african-american,61,greater than 45,9,3,1,0,high,2013-05-20,1,4,misdemeanor,2,14,1,0,0,0,0
male,caucasian,51,greater than 45,3,1,0,0,low,2013-12-05,0,7,felony,0,35,0,0,0,0,0
male,hispanic,22,less than 25,3,5,0,0,low,2013-04-30,0,0,misdemeanor,0,1067,0,0,0,1,1
male,caucasian,34,25 - 45,2,1,0,0,low,2013-04-09,0,1,felony,0,1088,0,0,0,0,0
female,caucasian,22,less than 25,7,6,0,0,medium,2013-09-11,0,1,felony,0,386,0,0,0,0,0
female,caucasian,49,greater than 45,2,1,0,0,low,2013-04-06,0,3,felony,0,1091,0,0,0,0,0
female,caucasian,61,greater than 45,1,1,0,0,low,2013-01-26,0,1,misdemeanor,0,1161,0,0,0,0,0
female,caucasian,49,greater than 45,6,1,0,0,medium,2014-03-09,0,2,felony,10,754,0,0,0,0,0
female,caucasian,36,25 - 45,6,3,1,0,medium,2013-08-08,1,4,misdemeanor,0,174,0,0,0,0,0
male,caucasian,42,25 - 45,4,2,0,0,low,2013-11-06,0,5,felony,30,877,0,0,0,0,0
male,african-american,36,25 - 45,4,2,0,0,low,2013-02-23,0,9,felony,57,1133,0,0,0,0,0
male,caucasian,57,greater than 45,4,2,1,0,low,2013-03-13,1,14,felony,0,141,1,0,0,0,0
male,caucasian,36,25 - 45,1,1,0,0,low,2013-03-04,0,0,misdemeanor,0,1124,0,0,0,0,0
male,african-american,24,less than 25,3,4,1,1,low,2013-01-11,1,2,misdemeanor,32,179,0,0,0,0,0
male,caucasian,67,greater than 45,2,1,0,0,low,2014-01-07,0,2,felony,0,815,0,0,0,0,0
male,caucasian,32,25 - 45,2,1,0,0,low,2013-09-12,0,0,felony,0,932,0,0,0,0,0
male,african-american,25,25 - 45,2,3,0,0,low,2013-09-05,0,1,felony,0,869,0,0,0,0,0
male,african-american,35,25 - 45,7,4,1,0,medium,2013-09-18,1,8,misdemeanor,62,393,1,0,0,0,0
male,african-american,43,25 - 45,1,1,0,0,low,2013-09-06,0,0,misdemeanor,0,938,0,0,0,0,0
male,african-american,28,25 - 45,2,2,0,0,low,2014-02-27,0,1,felony,0,764,0,0,0,0,0
male,african-american,32,25 - 45,5,3,0,0,medium,2013-12-25,0,4,felony,0,653,0,0,0,0,0
male,caucasian,23,less than 25,8,6,0,0,high,2013-10-01,0,0,felony,2,913,0,0,0,0,0
female,african-american,20,less than 25,7,7,1,0,medium,2013-11-05,1,0,misdemeanor,4,22,1,0,0,0,0
male,african-american,30,25 - 45,10,7,1,0,high,2014-01-22,1,19,felony,9,144,1,0,1,0,1
male,hispanic,26,25 - 45,2,3,0,0,low,2013-03-31,0,0,felony,173,322,0,0,0,0,0
male,hispanic,44,25 - 45,3,1,0,0,low,2013-10-27,0,0,felony,0,887,0,0,0,0,0
male,african-american,30,25 - 45,4,3,0,0,low,2013-12-28,0,2,misdemeanor,5,825,0,0,0,0,0
male,caucasian,23,less than 25,10,9,1,1,high,2013-05-28,1,5,misdemeanor,0,52,0,0,2,1,3
male,caucasian,21,less than 25,6,7,1,0,medium,2013-05-10,1,0,misdemeanor,2,654,1,0,0,0,0
male,african-american,20,less than 25,9,9,0,0,high,2013-10-20,0,0,felony,0,169,0,0,0,0,0
male,african-american,23,less than 25,7,5,0,0,medium,2013-11-23,0,0,felony,1,860,0,0,0,0,0
male,african-american,23,less than 25,3,5,0,0,low,2014-02-01,0,0,felony,1,790,0,0,0,0,0
male,other,57,greater than 45,1,1,0,0,low,2014-01-14,0,0,felony,0,808,0,0,0,0,0
female,african-american,33,25 - 45,2,2,0,0,low,2014-03-09,0,3,misdemeanor,0,754,0,0,0,0,0
