two_year_recid,sex,age,priors_count,juv_priors_count,c_charge_degree,maritalstatus_other,maritalstatus_separated,maritalstatus_significant other,race_african-american,race_hispanic,race_other
1,0,96,2,0,0,1.0,0.0,0.0,0.0,1.0,0.0
0,0,83,4,0,0,0.0,1.0,0.0,0.0,0.0,0.0
0,0,83,0,0,1,0.0,0.0,1.0,0.0,1.0,0.0
0,0,80,0,0,1,0.0,0.0,1.0,0.0,0.0,0.0
0,0,79,1,0,1,0.0,1.0,0.0,0.0,0.0,0.0
0,0,77,0,0,1,0.0,0.0,1.0,1.0,0.0,0.0
0,0,77,3,0,0,0.0,1.0,0.0,0.0,0.0,0.0
1,0,77,1,0,1,0.0,0.0,1.0,1.0,0.0,0.0
0,0,77,1,0,1,0.0,0.0,0.0,0.0,0.0,0.0
0,0,76,0,0,0,0.0,0.0,0.0,0.0,0.0,1.0
1,0,75,1,0,0,0.0,0.0,1.0,0.0,0.0,0.0
0,0,75,2,0,1,0.0,0.0,1.0,0.0,0.0,0.0
0,0,75,1,0,0,0.0,0.0,1.0,0.0,1.0,0.0
0,1,75,5,0,0,0.0,0.0,0.0,1.0,0.0,0.0
0,1,74,0,0,0,0.0,0.0,0.0,1.0,0.0,0.0
0,0,74,2,0,0,1.0,0.0,0.0,0.0,0.0,0.0
0,1,74,0,0,1,1.0,0.0,0.0,0.0,0.0,0.0
0,0,74,0,0,1,0.0,0.0,0.0,0.0,0.0,0.0
0,0,74,0,0,1,0.0,0.0,0.0,0.0,0.0,0.0
0,0,73,0,0,1,0.0,0.0,0.0,0.0,0.0,0.0
0,0,72,7,0,0,0.0,0.0,0.0,0.0,0.0,0.0
0,0,72,1,0,1,0.0,1.0,0.0,0.0,0.0,0.0
0,0,72,3,0,0,0.0,0.0,0.0,0.0,0.0,0.0
0,0,71,13,0,0,0.0,1.0,0.0,0.0,0.0,0.0
0,0,71,12,0,1,0.0,0.0,0.0,1.0,0.0,0.0
0,0,71,8,0,0,0.0,1.0,0.0,1.0,0.0,0.0
0,0,71,1,0,1,0.0,0.0,0.0,0.0,0.0,0.0
0,0,71,3,0,1,0.0,0.0,0.0,0.0,0.0,0.0
0,0,70,0,0,1,0.0,0.0,0.0,0.0,0.0,0.0
1,0,70,11,0,0,0.0,0.0,0.0,0.0,0.0,0.0
0,1,70,0,0,0,0.0,0.0,1.0,0.0,0.0,1.0
0,0,70,0,0,1,0.0,0.0,1.0,1.0,0.0,0.0
0,0,70,1,0,1,0.0,0.0,1.0,0.0,0.0,0.0
0,1,70,1,0,0,0.0,0.0,0.0,1.0,0.0,0.0
1,0,69,6,0,1,0.0,1.0,0.0,0.0,0.0,0.0
0,1,69,0,0,1,0.0,1.0,0.0,0.0,1.0,0.0
1,0,69,1,0,0,0.0,1.0,0.0,1.0,0.0,0.0
0,0,69,3,0,0,0.0,0.0,1.0,1.0,0.0,0.0
0,0,69,0,0,0,0.0,1.0,0.0,0.0,0.0,0.0
0,1,69,5,0,0,0.0,0.0,1.0,0.0,0.0,0.0
1,0,69,0,0,1,0.0,1.0,0.0,0.0,0.0,0.0
0,1,69,2,0,1,0.0,0.0,1.0,0.0,0.0,0.0
0,0,69,0,0,1,0.0,1.0,0.0,0.0,0.0,0.0
0,0,69,0,0,1,0.0,0.0,0.0,0.0,0.0,0.0
0,0,69,3,0,1,0.0,0.0,1.0,1.0,0.0,0.0
0,0,69,22,0,1,0.0,1.0,0.0,1.0,0.0,0.0
0,0,69,0,0,1,0.0,0.0,1.0,0.0,0.0,1.0
0,0,69,0,0,1,0.0,0.0,1.0,0.0,1.0,0.0
0,0,69,0,0,0,0.0,0.0,0.0,0.0,0.0,1.0
0,0,68,4,0,1,0.0,0.0,0.0,0.0,0.0,0.0
0,0,68,2,0,0,0.0,0.0,0.0,1.0,0.0,0.0
0,1,68,5,0,0,0.0,1.0,0.0,1.0,0.0,0.0
0,0,68,0,0,1,1.0,0.0,0.0,0.0,0.0,0.0
0,0,68,2,0,0,0.0,0.0,1.0,0.0,0.0,0.0
0,0,68,6,0,1,0.0,0.0,0.0,1.0,0.0,0.0
0,0,68,0,0,1,0.0,0.0,1.0,0.0,1.0,0.0
1,0,68,7,0,0,0.0,0.0,0.0,0.0,0.0,0.0
0,0,68,1,0,0,0.0,1.0,0.0,1.0,0.0,0.0
0,0,67,0,0,0,0.0,0.0,0.0,0.0,0.0,0.0
0,0,67,4,0,1,0.0,0.0,1.0,1.0,0.0,0.0
0,0,67,0,0,1,0.0,0.0,1.0,0.0,0.0,0.0
0,0,67,1,0,0,0.0,0.0,0.0,0.0,0.0,0.0
1,0,67,0,0,1,0.0,0.0,1.0,0.0,1.0,0.0
1,0,67,0,0,0,0.0,0.0,0.0,0.0,0.0,0.0
0,0,67,0,0,1,0.0,0.0,0.0,0.0,0.0,1.0
0,1,67,0,0,0,1.0,0.0,0.0,1.0,0.0,0.0
0,0,67,2,0,0,0.0,0.0,0.0,0.0,0.0,0.0
0,1,67,0,0,1,1.0,0.0,0.0,0.0,0.0,0.0
0,0,67,3,0,0,0.0,0.0,0.0,0.0,0.0,0.0
0,0,67,3,0,0,0.0,0.0,1.0,1.0,0.0,0.0
0,0,67,2,0,0,0.0,0.0,0.0,0.0,0.0,0.0
0,0,67,0,0,1,0.0,0.0,1.0,0.0,0.0,0.0
0,0,67,2,0,0,0.0,1.0,0.0,0.0,1.0,0.0
0,0,67,0,0,1,0.0,0.0,0.0,0.0,0.0,0.0
0,0,67,0,0,1,0.0,0.0,0.0,0.0,0.0,0.0
0,0,67,0,0,0,0.0,1.0,0.0,0.0,1.0,0.0
0,0,67,8,0,0,0.0,0.0,0.0,1.0,0.0,0.0
1,0,66,5,0,1,0.0,0.0,0.0,1.0,0.0,0.0
0,0,66,3,0,0,0.0,0.0,0.0,0.0,0.0,0.0
0,0,66,0,0,0,0.0,0.0,0.0,0.0,0.0,0.0
1,0,66,8,0,0,0.0,1.0,0.0,1.0,0.0,0.0
0,1,66,1,0,1,0.0,0.0,0.0,0.0,0.0,0.0
0,0,66,0,0,1,0.0,0.0,1.0,0.0,0.0,0.0
1,0,66,5,0,0,0.0,1.0,0.0,1.0,0.0,0.0
0,0,66,1,0,0,0.0,0.0,0.0,0.0,0.0,0.0
0,0,66,3,0,0,0.0,0.0,1.0,1.0,0.0,0.0
1,0,66,33,0,0,0.0,0.0,0.0,1.0,0.0,0.0
0,0,66,0,0,1,0.0,0.0,1.0,0.0,0.0,1.0
1,1,66,11,0,0,0.0,0.0,0.0,1.0,0.0,0.0
1,0,66,0,0,1,0.0,0.0,0.0,0.0,0.0,0.0
0,0,66,3,0,0,0.0,1.0,0.0,1.0,0.0,0.0
0,0,66,0,0,1,0.0,0.0,1.0,0.0,0.0,0.0
0,0,66,0,0,1,0.0,1.0,0.0,0.0,0.0,0.0
0,0,66,1,0,0,0.0,0.0,0.0,0.0,0.0,0.0
0,0,66,1,0,1,0.0,0.0,0.0,0.0,0.0,0.0
0,0,66,2,0,1,1.0,0.0,0.0,0.0,0.0,0.0
0,0,65,4,0,1,0.0,0.0,1.0,0.0,0.0,0.0
0,0,65,3,0,0,0.0,0.0,0.0,0.0,0.0,0.0
0,0,65,2,0,1,0.0,1.0,0.0,0.0,0.0,0.0
0,1,65,0,0,1,0.0,1.0,0.0,0.0,0.0,0.0
0,0,65,11,0,0,0.0,0.0,0.0,1.0,0.0,0.0
0,0,65,7,0,1,0.0,0.0,0.0,1.0,0.0,0.0
1,1,65,1,0,1,0.0,1.0,0.0,0.0,0.0,0.0
0,1,65,1,0,0,0.0,1.0,0.0,0.0,0.0,0.0
0,0,65,6,0,0,0.0,0.0,0.0,0.0,0.0,0.0
0,1,65,1,0,0,0.0,0.0,1.0,0.0,0.0,0.0
0,1,65,0,0,0,1.0,0.0,0.0,0.0,0.0,0.0
0,1,65,0,0,0,0.0,0.0,1.0,1.0,0.0,0.0
0,0,65,0,0,1,0.0,0.0,0.0,0.0,0.0,0.0
0,0,65,3,0,0,0.0,1.0,0.0,0.0,0.0,0.0
0,0,64,8,0,0,1.0,0.0,0.0,0.0,0.0,0.0
0,0,64,1,0,0,0.0,0.0,1.0,0.0,1.0,0.0
0,1,64,0,0,0,0.0,1.0,0.0,0.0,0.0,1.0
0,0,64,0,0,1,0.0,0.0,1.0,1.0,0.0,0.0
0,1,64,1,0,0,0.0,0.0,0.0,0.0,0.0,0.0
0,0,64,0,0,0,0.0,0.0,0.0,0.0,0.0,0.0
0,0,64,13,0,1,0.0,0.0,0.0,1.0,0.0,0.0
0,1,64,7,0,1,0.0,0.0,0.0,0.0,0.0,0.0
0,0,64,20,0,0,0.0,0.0,1.0,1.0,0.0,0.0
0,0,64,1,0,1,0.0,0.0,0.0,0.0,1.0,0.0
0,1,64,0,0,0,0.0,1.0,0.0,1.0,0.0,0.0
0,0,64,0,0,0,0.0,0.0,0.0,1.0,0.0,0.0
0,1,64,0,0,1,0.0,0.0,1.0,0.0,0.0,0.0
0,1,64,2,0,1,0.0,0.0,1.0,0.0,0.0,0.0
0,0,64,0,0,1,0.0,1.0,0.0,0.0,0.0,0.0
0,0,63,3,0,1,0.0,0.0,0.0,1.0,0.0,0.0
0,0,63,1,0,1,0.0,0.0,0.0,0.0,0.0,0.0
1,0,63,9,0,0,0.0,0.0,0.0,1.0,0.0,0.0
0,0,63,1,0,0,0.0,1.0,0.0,0.0,0.0,0.0
0,1,63,0,0,1,0.0,0.0,1.0,0.0,0.0,0.0
0,1,63,1,0,0,1.0,0.0,0.0,0.0,1.0,0.0
0,0,63,1,0,0,0.0,0.0,0.0,1.0,0.0,0.0
0,0,63,6,0,0,1.0,0.0,0.0,1.0,0.0,0.0
0,0,63,2,0,1,0.0,0.0,0.0,1.0,0.0,0.0
0,0,63,0,0,1,0.0,0.0,0.0,1.0,0.0,0.0
0,0,63,16,0,1,0.0,1.0,0.0,1.0,0.0,0.0
0,0,63,1,0,0,0.0,0.0,0.0,1.0,0.0,0.0
1,0,63,22,0,1,0.0,0.0,0.0,1.0,0.0,0.0
1,0,63,23,0,0,0.0,1.0,0.0,0.0,0.0,1.0
0,0,63,0,0,1,0.0,1.0,0.0,0.0,0.0,0.0
0,0,63,1,0,1,0.0,1.0,0.0,0.0,0.0,0.0
0,0,63,0,0,0,0.0,0.0,0.0,0.0,0.0,0.0
1,0,63,0,0,1,0.0,0.0,1.0,0.0,0.0,0.0
0,1,63,1,0,0,0.0,1.0,0.0,1.0,0.0,0.0
0,0,63,1,0,0,0.0,0.0,0.0,0.0,1.0,0.0
1,0,63,10,0,0,0.0,0.0,0.0,0.0,0.0,0.0
0,0,63,2,0,0,0.0,1.0,0.0,0.0,0.0,0.0
0,0,63,5,0,1,0.0,0.0,0.0,0.0,0.0,0.0
1,0,63,10,0,1,0.0,0.0,0.0,1.0,0.0,0.0
0,1,63,1,0,0,0.0,0.0,0.0,1.0,0.0,0.0
0,0,62,15,0,0,0.0,1.0,0.0,1.0,0.0,0.0
1,1,62,1,0,1,0.0,1.0,0.0,0.0,0.0,0.0
0,0,62,4,0,0,0.0,0.0,0.0,1.0,0.0,0.0
0,0,62,0,0,0,0.0,1.0,0.0,0.0,0.0,0.0
0,0,62,0,0,1,0.0,0.0,0.0,0.0,1.0,0.0
0,0,62,0,0,1,0.0,1.0,0.0,0.0,0.0,0.0
0,1,62,0,0,1,0.0,1.0,0.0,0.0,0.0,0.0
0,0,62,0,0,1,0.0,0.0,1.0,1.0,0.0,0.0
1,1,62,2,0,0,0.0,0.0,0.0,0.0,0.0,0.0
0,0,62,5,0,0,0.0,0.0,0.0,0.0,1.0,0.0
0,0,62,3,0,1,0.0,0.0,0.0,0.0,0.0,0.0
0,1,62,0,0,1,0.0,0.0,0.0,0.0,0.0,0.0
0,0,62,0,0,1,1.0,0.0,0.0,0.0,0.0,1.0
0,0,62,0,0,0,0.0,1.0,0.0,0.0,0.0,0.0
0,0,62,0,0,1,0.0,0.0,1.0,0.0,0.0,0.0
0,0,62,1,0,1,0.0,0.0,0.0,1.0,0.0,0.0
0,0,62,0,0,1,0.0,0.0,0.0,0.0,1.0,0.0
0,0,62,0,0,0,0.0,1.0,0.0,0.0,0.0,0.0
0,0,62,8,0,0,0.0,0.0,0.0,1.0,0.0,0.0
1,0,62,3,0,1,0.0,0.0,0.0,1.0,0.0,0.0
0,0,62,2,0,0,0.0,1.0,0.0,0.0,0.0,0.0
0,0,62,0,0,0,0.0,0.0,0.0,0.0,0.0,0.0
0,0,61,25,0,0,0.0,1.0,0.0,1.0,0.0,0.0
1,0,61,1,0,0,0.0,1.0,0.0,1.0,0.0,0.0
1,0,61,20,0,1,0.0,0.0,0.0,1.0,0.0,0.0
0,0,61,11,0,0,0.0,0.0,0.0,1.0,0.0,0.0
1,0,61,15,0,0,0.0,0.0,0.0,1.0,0.0,0.0
1,0,61,29,0,0,0.0,0.0,1.0,1.0,0.0,0.0
0,0,61,1,0,0,0.0,0.0,0.0,0.0,0.0,0.0
0,0,61,9,0,0,0.0,0.0,0.0,1.0,0.0,0.0
1,0,61,13,0,0,0.0,0.0,0.0,1.0,0.0,0.0
0,0,61,8,0,1,0.0,0.0,0.0,1.0,0.0,0.0
0,0,61,4,0,0,0.0,0.0,1.0,0.0,0.0,0.0
0,0,61,5,0,0,0.0,1.0,0.0,1.0,0.0,0.0
0,0,61,0,0,1,0.0,0.0,1.0,0.0,0.0,0.0
0,0,61,2,0,1,0.0,0.0,0.0,1.0,0.0,0.0
0,0,61,1,0,0,0.0,0.0,1.0,0.0,0.0,0.0
0,0,61,1,0,1,0.0,0.0,0.0,1.0,0.0,0.0
0,0,61,0,0,1,0.0,0.0,1.0,0.0,0.0,0.0
0,0,61,0,0,1,0.0,0.0,0.0,0.0,0.0,0.0
1,1,61,1,0,0,0.0,0.0,1.0,1.0,0.0,0.0
0,0,61,0,0,1,0.0,1.0,0.0,0.0,0.0,0.0
1,1,61,8,0,0,1.0,0.0,0.0,0.0,0.0,0.0
0,0,61,1,0,1,0.0,0.0,0.0,0.0,0.0,0.0
1,0,61,4,0,1,0.0,0.0,0.0,1.0,0.0,0.0
0,0,61,10,0,0,0.0,0.0,0.0,0.0,0.0,0.0
0,0,61,4,0,0,0.0,0.0,0.0,0.0,0.0,0.0
0,0,61,0,0,0,0.0,0.0,1.0,0.0,1.0,0.0
0,1,61,1,0,1,0.0,1.0,0.0,0.0,0.0,0.0
0,0,61,14,0,1,0.0,1.0,0.0,1.0,0.0,0.0
0,0,61,12,0,0,1.0,0.0,0.0,1.0,0.0,0.0
1,0,61,1,0,0,0.0,0.0,1.0,0.0,0.0,0.0
0,0,61,30,0,0,0.0,0.0,1.0,1.0,0.0,0.0
0,1,61,0,0,0,0.0,1.0,0.0,0.0,0.0,0.0
0,0,61,1,0,0,0.0,0.0,0.0,0.0,1.0,0.0
0,0,61,0,0,1,0.0,0.0,0.0,0.0,0.0,0.0
0,0,61,0,0,1,0.0,0.0,1.0,0.0,0.0,0.0
0,0,61,0,0,1,0.0,0.0,1.0,0.0,0.0,1.0
1,0,61,8,0,0,0.0,1.0,0.0,1.0,0.0,0.0
0,1,61,15,0,0,0.0,1.0,0.0,0.0,0.0,0.0
1,0,61,2,0,0,0.0,1.0,0.0,0.0,1.0,0.0
0,0,61,0,0,1,0.0,0.0,0.0,0.0,0.0,0.0
0,1,61,0,0,1,0.0,1.0,0.0,0.0,0.0,0.0
0,1,61,1,0,0,0.0,0.0,0.0,1.0,0.0,0.0
0,1,60,2,0,0,0.0,1.0,0.0,0.0,0.0,0.0
0,0,60,3,0,1,0.0,0.0,1.0,0.0,0.0,0.0
1,0,60,15,0,0,0.0,0.0,0.0,1.0,0.0,0.0
0,0,60,2,0,0,0.0,1.0,0.0,1.0,0.0,0.0
1,0,60,1,0,1,0.0,0.0,1.0,0.0,0.0,1.0
0,0,60,9,0,0,0.0,0.0,0.0,1.0,0.0,0.0
0,0,60,0,0,0,0.0,0.0,0.0,1.0,0.0,0.0
0,0,60,4,0,0,0.0,0.0,0.0,0.0,0.0,1.0
0,0,60,1,0,1,0.0,1.0,0.0,0.0,0.0,1.0
0,0,60,0,0,0,0.0,0.0,1.0,0.0,1.0,0.0
0,0,60,10,0,0,0.0,0.0,0.0,1.0,0.0,0.0
0,1,60,0,0,1,0.0,0.0,0.0,0.0,0.0,0.0
0,0,60,1,0,1,0.0,0.0,1.0,0.0,0.0,0.0
0,0,60,1,0,0,0.0,1.0,0.0,1.0,0.0,0.0
0,0,60,0,0,1,0.0,0.0,0.0,0.0,0.0,0.0
0,0,60,1,0,0,0.0,0.0,0.0,0.0,0.0,0.0
0,0,60,3,0,0,0.0,0.0,0.0,0.0,0.0,0.0
0,0,60,12,0,0,0.0,1.0,0.0,1.0,0.0,0.0
0,0,60,2,0,1,0.0,0.0,0.0,0.0,0.0,0.0
0,0,60,13,0,0,0.0,0.0,1.0,1.0,0.0,0.0
1,1,60,9,0,0,0.0,0.0,0.0,0.0,0.0,0.0
0,0,60,1,0,0,0.0,0.0,0.0,1.0,0.0,0.0
1,0,60,13,0,0,0.0,0.0,1.0,1.0,0.0,0.0
0,0,60,0,0,0,0.0,0.0,0.0,1.0,0.0,0.0
0,0,60,3,0,1,0.0,0.0,1.0,1.0,0.0,0.0
0,0,60,4,0,0,0.0,0.0,0.0,0.0,1.0,0.0
0,1,60,0,0,0,0.0,0.0,0.0,0.0,0.0,0.0
0,0,60,0,0,0,0.0,0.0,0.0,0.0,1.0,0.0
0,0,60,1,0,0,0.0,0.0,0.0,0.0,1.0,0.0
1,0,60,19,0,0,0.0,0.0,0.0,1.0,0.0,0.0
0,1,59,0,0,1,0.0,1.0,0.0,0.0,0.0,0.0
0,0,59,0,0,0,0.0,0.0,1.0,0.0,1.0,0.0
0,0,59,0,0,0,0.0,0.0,0.0,0.0,0.0,0.0
1,0,59,1,0,0,0.0,0.0,1.0,0.0,0.0,0.0
0,0,59,1,0,1,0.0,0.0,1.0,0.0,0.0,1.0
0,0,59,5,0,1,0.0,0.0,0.0,1.0,0.0,0.0
0,0,59,3,0,0,0.0,0.0,1.0,1.0,0.0,0.0
1,0,59,20,0,0,0.0,0.0,0.0,0.0,0.0,1.0
0,0,59,1,0,0,0.0,0.0,1.0,1.0,0.0,0.0
0,0,59,0,0,1,0.0,0.0,0.0,0.0,0.0,0.0
0,0,59,5,0,1,0.0,1.0,0.0,1.0,0.0,0.0
0,0,59,1,0,1,0.0,0.0,1.0,0.0,1.0,0.0
1,0,59,8,0,0,0.0,0.0,0.0,1.0,0.0,0.0
0,0,59,8,0,0,0.0,1.0,0.0,1.0,0.0,0.0
0,0,59,1,0,1,0.0,1.0,0.0,1.0,0.0,0.0
1,0,59,9,0,0,0.0,0.0,0.0,1.0,0.0,0.0
0,1,59,1,0,0,0.0,0.0,0.0,0.0,0.0,0.0
1,0,59,22,0,0,0.0,1.0,0.0,1.0,0.0,0.0
0,0,59,2,0,0,0.0,0.0,0.0,0.0,0.0,0.0
0,1,59,0,0,1,0.0,0.0,0.0,0.0,0.0,0.0
0,1,59,1,0,0,0.0,0.0,0.0,0.0,0.0,0.0
0,0,59,0,0,1,0.0,0.0,1.0,0.0,0.0,0.0
1,0,59,2,0,1,0.0,0.0,0.0,0.0,0.0,0.0
0,0,59,1,0,0,0.0,0.0,1.0,1.0,0.0,0.0
0,0,59,0,0,0,0.0,0.0,0.0,0.0,0.0,0.0
1,0,59,17,0,0,0.0,0.0,0.0,1.0,0.0,0.0
0,0,59,3,0,1,0.0,0.0,1.0,0.0,0.0,0.0
0,0,59,0,0,0,0.0,1.0,0.0,0.0,0.0,0.0
1,0,59,13,0,0,0.0,0.0,0.0,1.0,0.0,0.0
0,1,59,2,0,0,0.0,0.0,0.0,0.0,0.0,0.0
0,0,59,0,0,1,0.0,1.0,0.0,0.0,0.0,0.0
0,0,59,4,0,1,0.0,0.0,1.0,1.0,0.0,0.0
0,0,59,4,0,1,0.0,0.0,1.0,1.0,0.0,0.0
1,0,59,1,0,0,0.0,0.0,0.0,0.0,0.0,0.0
0,0,59,1,0,0,0.0,0.0,1.0,0.0,0.0,1.0
0,0,59,2,0,0,0.0,0.0,1.0,0.0,0.0,0.0
0,0,59,0,0,1,0.0,0.0,1.0,1.0,0.0,0.0
0,1,59,0,0,1,0.0,0.0,0.0,1.0,0.0,0.0
0,0,59,17,0,0,1.0,0.0,0.0,1.0,0.0,0.0
1,0,59,15,0,1,0.0,0.0,1.0,1.0,0.0,0.0
1,0,59,4,0,0,0.0,0.0,0.0,1.0,0.0,0.0
0,0,59,2,0,1,0.0,0.0,0.0,1.0,0.0,0.0
0,0,59,0,0,1,0.0,1.0,0.0,0.0,1.0,0.0
1,0,59,1,0,0,0.0,0.0,0.0,0.0,1.0,0.0
0,0,58,1,0,0,0.0,0.0,0.0,0.0,0.0,0.0
1,0,58,21,0,1,0.0,0.0,0.0,1.0,0.0,0.0
1,0,58,1,0,0,0.0,0.0,1.0,0.0,0.0,0.0
0,0,58,1,0,1,0.0,0.0,0.0,0.0,0.0,0.0
0,1,58,1,0,0,0.0,0.0,0.0,0.0,1.0,0.0
0,0,58,3,0,1,0.0,1.0,0.0,0.0,0.0,0.0
0,0,58,0,0,0,0.0,1.0,0.0,0.0,0.0,1.0
1,0,58,24,0,0,0.0,0.0,1.0,1.0,0.0,0.0
0,1,58,0,0,1,0.0,1.0,0.0,0.0,0.0,0.0
0,0,58,1,0,0,0.0,0.0,0.0,0.0,0.0,0.0
0,1,58,2,0,1,1.0,0.0,0.0,0.0,0.0,0.0
0,0,58,0,0,1,0.0,0.0,0.0,1.0,0.0,0.0
0,0,58,2,0,0,0.0,1.0,0.0,0.0,0.0,0.0
0,0,58,0,0,0,0.0,0.0,0.0,0.0,1.0,0.0
0,0,58,1,0,0,0.0,0.0,0.0,0.0,0.0,0.0
0,0,58,5,0,1,0.0,0.0,0.0,0.0,0.0,0.0
0,0,58,0,0,1,0.0,0.0,1.0,0.0,0.0,0.0
0,0,58,16,0,0,0.0,0.0,0.0,1.0,0.0,0.0
0,0,58,3,0,0,0.0,0.0,1.0,0.0,0.0,0.0
0,0,58,3,0,1,0.0,0.0,0.0,0.0,0.0,0.0
0,0,58,1,0,0,0.0,0.0,0.0,0.0,1.0,0.0
0,0,58,0,0,1,0.0,0.0,1.0,0.0,0.0,0.0
0,0,58,0,0,1,0.0,1.0,0.0,0.0,0.0,0.0
0,0,58,10,0,1,0.0,0.0,0.0,0.0,0.0,0.0
1,0,58,2,0,1,0.0,0.0,1.0,0.0,0.0,0.0
0,0,58,6,0,0,0.0,0.0,1.0,1.0,0.0,0.0
0,0,58,1,0,1,0.0,0.0,1.0,0.0,0.0,0.0
0,0,58,8,0,1,0.0,1.0,0.0,0.0,0.0,0.0
1,0,58,2,0,1,0.0,0.0,1.0,0.0,0.0,0.0
1,0,58,3,0,0,0.0,0.0,0.0,0.0,0.0,0.0
1,0,58,10,0,0,0.0,1.0,0.0,1.0,0.0,0.0
0,0,58,0,0,0,0.0,0.0,0.0,1.0,0.0,0.0
0,0,58,1,0,1,0.0,0.0,1.0,0.0,1.0,0.0
0,0,58,2,0,0,0.0,0.0,1.0,0.0,0.0,0.0
0,1,58,4,0,0,0.0,0.0,0.0,1.0,0.0,0.0
1,1,58,0,0,0,0.0,0.0,0.0,0.0,0.0,1.0
0,0,58,2,0,0,0.0,1.0,0.0,0.0,0.0,0.0
0,0,58,1,0,0,0.0,0.0,0.0,0.0,0.0,0.0
1,0,58,5,0,0,0.0,0.0,0.0,0.0,0.0,0.0
1,0,58,7,0,0,0.0,0.0,0.0,0.0,0.0,0.0
0,1,58,1,0,1,0.0,0.0,1.0,0.0,0.0,0.0
0,1,58,0,0,0,0.0,1.0,0.0,0.0,0.0,1.0
0,1,58,3,0,1,0.0,0.0,0.0,1.0,0.0,0.0
1,0,58,12,0,1,0.0,0.0,0.0,1.0,0.0,0.0
0,0,58,1,0,0,0.0,0.0,0.0,1.0,0.0,0.0
1,0,58,12,0,0,0.0,0.0,1.0,0.0,0.0,0.0
0,0,57,7,0,0,0.0,0.0,0.0,0.0,0.0,0.0
0,0,57,0,0,0,0.0,1.0,0.0,0.0,0.0,0.0
0,0,57,3,0,0,0.0,1.0,0.0,1.0,0.0,0.0
0,0,57,8,0,1,0.0,0.0,1.0,1.0,0.0,0.0
0,0,57,2,0,0,0.0,0.0,1.0,1.0,0.0,0.0
0,0,57,1,0,0,0.0,1.0,0.0,0.0,1.0,0.0
0,0,57,12,0,0,0.0,0.0,0.0,1.0,0.0,0.0
0,0,57,0,0,0,0.0,0.0,0.0,0.0,0.0,0.0
1,0,57,12,0,0,0.0,0.0,0.0,1.0,0.0,0.0
0,0,57,3,0,0,0.0,0.0,0.0,0.0,0.0,0.0
0,0,57,12,0,1,0.0,0.0,0.0,0.0,0.0,0.0
0,0,57,15,0,0,0.0,0.0,0.0,0.0,0.0,0.0
0,0,57,1,0,0,0.0,0.0,1.0,0.0,0.0,0.0
0,1,57,1,0,1,0.0,0.0,0.0,0.0,1.0,0.0
0,0,57,3,0,1,0.0,0.0,0.0,0.0,0.0,0.0
0,0,57,0,0,0,0.0,0.0,1.0,0.0,0.0,0.0
0,0,57,6,0,0,0.0,0.0,0.0,0.0,0.0,0.0
0,0,57,0,0,1,0.0,0.0,1.0,1.0,0.0,0.0
0,1,57,4,0,0,0.0,1.0,0.0,0.0,0.0,0.0
0,0,57,2,0,1,0.0,0.0,0.0,1.0,0.0,0.0
0,0,57,0,0,0,0.0,0.0,0.0,1.0,0.0,0.0
0,0,57,2,0,0,0.0,1.0,0.0,0.0,0.0,0.0
0,0,57,0,0,1,0.0,0.0,0.0,0.0,0.0,1.0
1,0,57,8,0,0,0.0,0.0,0.0,1.0,0.0,0.0
0,0,57,1,0,0,0.0,0.0,1.0,0.0,0.0,0.0
0,0,57,0,0,1,0.0,0.0,0.0,0.0,0.0,0.0
0,1,57,2,0,0,0.0,0.0,1.0,0.0,0.0,0.0
0,0,57,0,0,0,0.0,0.0,1.0,0.0,0.0,1.0
0,0,57,19,0,0,0.0,0.0,1.0,1.0,0.0,0.0
1,0,57,23,0,0,0.0,0.0,0.0,1.0,0.0,0.0
0,0,57,0,0,0,0.0,0.0,1.0,0.0,0.0,0.0
0,0,57,9,0,0,0.0,0.0,0.0,1.0,0.0,0.0
0,0,57,0,0,0,0.0,0.0,1.0,0.0,0.0,1.0
0,0,57,19,0,0,0.0,0.0,0.0,1.0,0.0,0.0
0,0,57,2,0,0,0.0,0.0,0.0,0.0,0.0,0.0
1,0,57,10,0,0,0.0,0.0,0.0,0.0,0.0,1.0
0,1,57,0,0,1,0.0,0.0,1.0,0.0,0.0,0.0
1,0,57,21,0,1,0.0,1.0,0.0,0.0,0.0,0.0
0,0,57,2,0,0,0.0,0.0,0.0,1.0,0.0,0.0
0,0,57,19,0,0,0.0,1.0,0.0,1.0,0.0,0.0
0,0,57,0,0,1,0.0,0.0,1.0,0.0,0.0,0.0
0,1,57,0,0,1,0.0,0.0,1.0,0.0,0.0,0.0
0,0,57,1,0,1,0.0,0.0,0.0,0.0,1.0,0.0
0,0,57,0,0,1,0.0,0.0,0.0,0.0,0.0,0.0
1,1,57,1,0,0,0.0,0.0,0.0,0.0,0.0,0.0
0,0,57,18,0,0,0.0,0.0,0.0,1.0,0.0,0.0
0,0,57,11,0,0,0.0,0.0,0.0,1.0,0.0,0.0
0,0,57,3,0,0,0.0,0.0,0.0,0.0,1.0,0.0
1,0,57,6,0,1,0.0,0.0,1.0,1.0,0.0,0.0
0,0,57,0,0,0,0.0,0.0,1.0,0.0,0.0,1.0
1,0,57,14,0,0,0.0,1.0,0.0,0.0,0.0,0.0
0,0,57,1,0,1,0.0,0.0,0.0,0.0,0.0,0.0
0,0,57,0,0,1,0.0,0.0,1.0,0.0,1.0,0.0
0,1,57,0,0,1,0.0,0.0,0.0,1.0,0.0,0.0
0,0,57,1,0,1,0.0,0.0,0.0,0.0,0.0,0.0
1,0,57,9,0,0,0.0,0.0,0.0,0.0,0.0,0.0
0,0,57,1,0,0,0.0,0.0,0.0,1.0,0.0,0.0
0,0,57,27,0,1,0.0,0.0,0.0,1.0,0.0,0.0
0,1,57,3,0,0,0.0,0.0,1.0,0.0,0.0,0.0
0,0,56,2,0,1,0.0,0.0,1.0,0.0,0.0,0.0
0,0,56,5,0,0,0.0,0.0,0.0,0.0,0.0,0.0
0,0,56,9,0,0,0.0,0.0,0.0,0.0,0.0,1.0
0,0,56,8,0,0,0.0,0.0,0.0,1.0,0.0,0.0
0,0,56,5,0,1,0.0,0.0,0.0,0.0,0.0,0.0
0,0,56,0,0,1,0.0,0.0,0.0,1.0,0.0,0.0
1,0,56,10,0,1,0.0,0.0,0.0,0.0,1.0,0.0
0,0,56,5,0,0,0.0,0.0,1.0,1.0,0.0,0.0
0,0,56,0,0,1,0.0,0.0,0.0,0.0,0.0,0.0
0,0,56,0,0,0,0.0,0.0,0.0,0.0,0.0,0.0
1,0,56,12,0,0,0.0,0.0,0.0,1.0,0.0,0.0
0,0,56,2,0,0,0.0,0.0,0.0,0.0,0.0,0.0
0,0,56,6,0,0,0.0,0.0,0.0,0.0,0.0,0.0
0,0,56,1,0,1,0.0,0.0,0.0,0.0,0.0,0.0
0,0,56,0,0,0,0.0,0.0,0.0,1.0,0.0,0.0
0,0,56,6,0,0,0.0,0.0,0.0,1.0,0.0,0.0
0,0,56,4,0,0,0.0,1.0,0.0,0.0,1.0,0.0
0,0,56,24,0,0,0.0,0.0,0.0,1.0,0.0,0.0
0,0,56,13,0,1,0.0,0.0,0.0,0.0,0.0,0.0
0,0,56,0,0,0,0.0,0.0,0.0,1.0,0.0,0.0
1,0,56,4,0,1,0.0,0.0,1.0,1.0,0.0,0.0
1,1,56,1,0,0,0.0,0.0,1.0,0.0,0.0,0.0
0,0,56,1,0,1,0.0,0.0,0.0,0.0,0.0,0.0
1,1,56,2,0,1,0.0,1.0,0.0,1.0,0.0,0.0
1,0,56,3,0,1,0.0,0.0,0.0,1.0,0.0,0.0
0,0,56,1,0,0,0.0,0.0,1.0,0.0,0.0,0.0
0,0,56,0,0,0,0.0,0.0,0.0,0.0,0.0,0.0
0,0,56,16,0,0,0.0,0.0,1.0,1.0,0.0,0.0
0,0,56,1,0,0,0.0,0.0,0.0,1.0,0.0,0.0
0,0,56,4,0,0,0.0,0.0,1.0,1.0,0.0,0.0
0,0,56,5,0,0,0.0,0.0,0.0,0.0,0.0,0.0
0,0,56,1,0,1,0.0,0.0,0.0,1.0,0.0,0.0
0,0,56,0,0,1,0.0,0.0,1.0,0.0,0.0,1.0
0,0,56,0,0,0,0.0,0.0,0.0,1.0,0.0,0.0
0,0,56,3,0,1,0.0,0.0,1.0,1.0,0.0,0.0
0,0,56,7,0,0,0.0,0.0,0.0,0.0,0.0,0.0
0,1,56,1,0,0,0.0,0.0,0.0,0.0,0.0,0.0
0,0,56,3,0,1,0.0,0.0,0.0,1.0,0.0,0.0
0,0,56,1,0,0,0.0,0.0,1.0,1.0,0.0,0.0
0,0,56,0,0,1,0.0,0.0,1.0,0.0,0.0,1.0
0,0,56,1,0,0,0.0,0.0,1.0,0.0,0.0,0.0
0,0,56,1,0,1,0.0,0.0,0.0,0.0,0.0,0.0
0,0,56,3,0,1,0.0,1.0,0.0,0.0,0.0,0.0
0,0,56,1,0,0,0.0,0.0,0.0,1.0,0.0,0.0
1,0,56,1,0,0,0.0,0.0,1.0,0.0,0.0,0.0
0,1,56,1,0,0,0.0,0.0,0.0,1.0,0.0,0.0
0,0,56,4,0,0,0.0,0.0,0.0,1.0,0.0,0.0
0,0,56,0,0,1,0.0,0.0,1.0,0.0,0.0,0.0
0,0,56,1,0,1,0.0,0.0,0.0,0.0,0.0,0.0
1,0,56,31,0,0,0.0,0.0,0.0,1.0,0.0,0.0
0,0,56,13,0,0,0.0,0.0,0.0,0.0,0.0,0.0
0,0,56,0,0,1,0.0,0.0,0.0,0.0,0.0,0.0
0,0,56,9,0,0,0.0,0.0,1.0,1.0,0.0,0.0
1,0,56,5,0,0,1.0,0.0,0.0,0.0,0.0,0.0
1,1,56,10,0,0,0.0,0.0,0.0,0.0,0.0,0.0
1,0,56,0,0,1,0.0,0.0,1.0,0.0,0.0,0.0
1,0,56,22,0,0,0.0,0.0,1.0,1.0,0.0,0.0
1,0,56,17,0,0,0.0,0.0,0.0,0.0,0.0,0.0
0,0,56,0,0,1,0.0,0.0,0.0,1.0,0.0,0.0
1,0,56,5,0,0,0.0,0.0,0.0,1.0,0.0,0.0
0,0,56,2,0,0,0.0,0.0,0.0,0.0,0.0,0.0
0,0,56,8,0,1,0.0,1.0,0.0,0.0,1.0,0.0
0,0,56,28,0,0,0.0,0.0,0.0,1.0,0.0,0.0
1,0,56,7,0,0,0.0,1.0,0.0,0.0,0.0,0.0
0,0,56,2,0,1,0.0,1.0,0.0,0.0,1.0,0.0
0,0,56,4,0,0,0.0,1.0,0.0,0.0,0.0,0.0
0,0,56,7,0,0,0.0,1.0,0.0,1.0,0.0,0.0
0,0,56,0,0,0,0.0,1.0,0.0,0.0,0.0,0.0
0,0,56,0,0,1,0.0,0.0,1.0,0.0,0.0,1.0
0,1,56,0,0,1,0.0,1.0,0.0,1.0,0.0,0.0
0,0,56,0,0,1,0.0,1.0,0.0,0.0,0.0,0.0
0,0,56,3,0,0,0.0,0.0,0.0,0.0,0.0,0.0
0,0,56,0,0,0,0.0,0.0,0.0,0.0,0.0,0.0
1,0,56,0,0,1,0.0,0.0,1.0,0.0,0.0,0.0
0,0,56,4,0,1,0.0,0.0,0.0,0.0,0.0,0.0
0,0,56,2,0,0,0.0,0.0,1.0,0.0,1.0,0.0
0,0,56,1,0,0,0.0,0.0,0.0,0.0,0.0,0.0
0,1,56,0,0,1,0.0,0.0,1.0,0.0,0.0,0.0
1,0,56,7,0,0,0.0,0.0,0.0,0.0,0.0,0.0
0,1,56,3,0,0,0.0,0.0,0.0,0.0,0.0,0.0
0,0,56,8,0,0,0.0,0.0,0.0,1.0,0.0,0.0
0,0,56,9,0,1,0.0,1.0,0.0,1.0,0.0,0.0
0,1,56,2,0,0,0.0,0.0,0.0,1.0,0.0,0.0
0,0,56,0,0,0,0.0,0.0,0.0,0.0,1.0,0.0
0,0,56,1,0,0,0.0,0.0,1.0,0.0,0.0,0.0
1,1,56,1,0,0,0.0,0.0,0.0,1.0,0.0,0.0
0,0,56,0,0,1,0.0,0.0,0.0,0.0,0.0,0.0
0,1,56,1,0,0,0.0,0.0,0.0,0.0,0.0,0.0
0,0,56,0,0,1,0.0,0.0,0.0,0.0,1.0,0.0
1,0,55,3,0,0,0.0,1.0,0.0,0.0,0.0,0.0
0,0,55,1,0,1,0.0,0.0,0.0,0.0,0.0,0.0
1,0,55,0,0,1,0.0,0.0,0.0,0.0,0.0,0.0
0,0,55,3,0,1,0.0,0.0,0.0,0.0,0.0,0.0
0,0,55,7,0,0,0.0,0.0,0.0,0.0,0.0,0.0
0,0,55,0,0,1,0.0,0.0,1.0,0.0,0.0,0.0
1,0,55,12,0,0,0.0,0.0,0.0,1.0,0.0,0.0
0,0,55,0,0,1,0.0,0.0,1.0,0.0,1.0,0.0
0,1,55,0,0,1,0.0,0.0,1.0,0.0,1.0,0.0
0,0,55,0,0,0,0.0,0.0,1.0,0.0,1.0,0.0
0,0,55,0,0,1,0.0,0.0,1.0,0.0,0.0,0.0
0,0,55,0,0,1,0.0,0.0,1.0,0.0,0.0,0.0
0,0,55,0,0,1,0.0,1.0,0.0,0.0,0.0,0.0
0,0,55,0,0,0,0.0,0.0,0.0,0.0,0.0,0.0
0,0,55,1,0,1,0.0,0.0,0.0,0.0,0.0,0.0
0,1,55,1,0,0,0.0,1.0,0.0,1.0,0.0,0.0
0,0,55,0,0,1,0.0,0.0,1.0,0.0,0.0,0.0
0,0,55,0,0,0,0.0,0.0,1.0,1.0,0.0,0.0
0,0,55,0,0,0,0.0,0.0,1.0,0.0,0.0,0.0
1,0,55,1,0,0,0.0,0.0,0.0,0.0,0.0,0.0
1,0,55,8,0,0,0.0,0.0,0.0,0.0,0.0,1.0
0,0,55,1,0,0,0.0,0.0,0.0,0.0,0.0,0.0
0,0,55,12,0,0,0.0,0.0,0.0,1.0,0.0,0.0
1,0,55,2,0,1,0.0,0.0,1.0,0.0,0.0,0.0
1,0,55,8,0,0,0.0,0.0,0.0,1.0,0.0,0.0
1,0,55,21,0,0,0.0,1.0,0.0,1.0,0.0,0.0
0,0,55,27,0,1,0.0,0.0,0.0,0.0,0.0,0.0
0,0,55,0,0,0,0.0,1.0,0.0,0.0,0.0,0.0
0,0,55,0,0,0,0.0,0.0,0.0,0.0,0.0,0.0
1,0,55,33,0,0,0.0,0.0,0.0,0.0,0.0,0.0
1,0,55,1,0,0,0.0,0.0,0.0,0.0,1.0,0.0
0,0,55,5,0,0,0.0,0.0,0.0,1.0,0.0,0.0
1,0,55,0,0,1,1.0,0.0,0.0,1.0,0.0,0.0
0,0,55,1,0,0,0.0,0.0,1.0,1.0,0.0,0.0
0,0,55,0,0,1,0.0,1.0,0.0,0.0,1.0,0.0
1,1,55,5,0,0,0.0,0.0,1.0,0.0,0.0,1.0
0,0,55,2,0,0,0.0,0.0,1.0,0.0,0.0,0.0
0,0,55,0,0,1,0.0,0.0,1.0,0.0,0.0,0.0
1,0,55,0,0,0,0.0,0.0,0.0,1.0,0.0,0.0
0,0,55,2,0,0,0.0,0.0,0.0,0.0,1.0,0.0
0,0,55,0,0,0,0.0,0.0,1.0,1.0,0.0,0.0
0,1,55,0,0,0,0.0,1.0,0.0,0.0,1.0,0.0
0,0,55,4,0,0,0.0,1.0,0.0,0.0,0.0,1.0
0,1,55,0,0,1,0.0,0.0,0.0,0.0,0.0,0.0
0,0,55,1,0,0,0.0,0.0,0.0,1.0,0.0,0.0
0,1,55,1,0,1,0.0,0.0,0.0,1.0,0.0,0.0
1,0,55,5,0,0,0.0,0.0,1.0,1.0,0.0,0.0
0,0,55,1,0,0,0.0,1.0,0.0,0.0,0.0,0.0
0,0,55,1,0,1,0.0,0.0,1.0,0.0,0.0,0.0
0,1,55,2,0,0,0.0,0.0,0.0,1.0,0.0,0.0
0,0,55,0,0,0,0.0,0.0,0.0,0.0,0.0,0.0
0,0,55,0,0,1,0.0,0.0,0.0,0.0,0.0,0.0
0,1,55,0,0,0,0.0,0.0,1.0,0.0,0.0,0.0
1,0,55,3,0,1,0.0,0.0,0.0,1.0,0.0,0.0
0,0,55,11,0,1,0.0,0.0,0.0,0.0,0.0,0.0
0,1,55,0,0,1,0.0,0.0,0.0,0.0,0.0,0.0
0,0,55,2,0,1,0.0,0.0,1.0,0.0,0.0,0.0
0,1,55,6,0,0,0.0,1.0,0.0,0.0,0.0,0.0
0,1,55,0,0,1,1.0,0.0,0.0,0.0,0.0,0.0
0,0,55,0,0,1,0.0,0.0,1.0,0.0,0.0,0.0
1,0,55,18,0,0,0.0,1.0,0.0,0.0,0.0,0.0
0,0,55,1,0,0,0.0,0.0,1.0,1.0,0.0,0.0
0,0,55,12,0,0,0.0,0.0,0.0,1.0,0.0,0.0
0,1,55,2,0,0,0.0,0.0,0.0,0.0,0.0,0.0
1,0,55,17,0,0,0.0,0.0,0.0,1.0,0.0,0.0
1,0,55,9,0,1,0.0,0.0,0.0,1.0,0.0,0.0
1,0,55,0,0,1,0.0,0.0,0.0,0.0,0.0,0.0
0,1,55,0,0,1,0.0,0.0,0.0,0.0,0.0,0.0
1,0,54,1,0,0,0.0,0.0,0.0,0.0,0.0,0.0
0,1,54,0,0,0,0.0,0.0,1.0,1.0,0.0,0.0
0,0,54,21,0,0,0.0,0.0,0.0,1.0,0.0,0.0
0,0,54,2,0,1,0.0,0.0,0.0,0.0,0.0,1.0
0,1,54,1,0,1,0.0,1.0,0.0,0.0,0.0,0.0
1,1,54,0,0,0,0.0,0.0,0.0,0.0,0.0,0.0
0,0,54,4,0,0,0.0,0.0,0.0,1.0,0.0,0.0
1,0,54,0,0,1,0.0,0.0,1.0,1.0,0.0,0.0
0,1,54,7,0,0,0.0,0.0,0.0,1.0,0.0,0.0
0,0,54,9,0,1,0.0,0.0,0.0,1.0,0.0,0.0
1,0,54,2,0,1,0.0,0.0,1.0,0.0,0.0,1.0
0,1,54,0,0,1,0.0,1.0,0.0,0.0,1.0,0.0
0,0,54,0,0,1,0.0,0.0,1.0,0.0,0.0,1.0
0,0,54,7,0,0,0.0,1.0,0.0,0.0,0.0,0.0
0,0,54,0,0,0,0.0,0.0,0.0,0.0,0.0,1.0
0,0,54,11,0,0,0.0,0.0,0.0,1.0,0.0,0.0
0,1,54,1,0,1,0.0,1.0,0.0,0.0,0.0,0.0
1,0,54,2,0,1,0.0,0.0,1.0,0.0,0.0,0.0
0,0,54,2,0,1,0.0,1.0,0.0,1.0,0.0,0.0
0,1,54,6,0,0,1.0,0.0,0.0,1.0,0.0,0.0
1,0,54,3,0,0,0.0,0.0,0.0,1.0,0.0,0.0
0,0,54,0,0,0,0.0,0.0,1.0,0.0,0.0,0.0
0,0,54,11,0,0,0.0,0.0,0.0,1.0,0.0,0.0
0,0,54,0,0,1,0.0,0.0,1.0,1.0,0.0,0.0
0,1,54,1,0,0,0.0,0.0,0.0,0.0,0.0,0.0
0,0,54,6,0,0,0.0,0.0,0.0,0.0,0.0,0.0
0,1,54,2,0,0,0.0,1.0,0.0,0.0,0.0,0.0
0,1,54,7,0,0,0.0,0.0,0.0,0.0,0.0,0.0
0,0,54,3,0,0,0.0,1.0,0.0,0.0,0.0,0.0
0,0,54,0,0,0,0.0,1.0,0.0,1.0,0.0,0.0
0,1,54,12,0,0,0.0,0.0,0.0,0.0,0.0,0.0
0,0,54,1,0,1,0.0,0.0,0.0,1.0,0.0,0.0
0,0,54,0,0,1,1.0,0.0,0.0,0.0,0.0,0.0
0,0,54,1,0,0,0.0,1.0,0.0,1.0,0.0,0.0
0,1,54,0,0,1,0.0,1.0,0.0,0.0,0.0,0.0
0,0,54,1,0,0,0.0,1.0,0.0,0.0,0.0,0.0
0,0,54,0,0,1,0.0,0.0,0.0,1.0,0.0,0.0
0,0,54,0,0,1,0.0,0.0,0.0,1.0,0.0,0.0
0,0,54,1,0,0,0.0,0.0,0.0,0.0,0.0,1.0
1,0,54,12,0,0,0.0,1.0,0.0,0.0,0.0,0.0
0,0,54,0,0,1,0.0,1.0,0.0,0.0,0.0,0.0
0,0,54,2,0,0,0.0,0.0,0.0,0.0,0.0,0.0
1,0,54,4,0,1,0.0,0.0,0.0,1.0,0.0,0.0
0,0,54,0,0,0,1.0,0.0,0.0,0.0,1.0,0.0
0,0,54,10,0,0,0.0,0.0,0.0,1.0,0.0,0.0
0,1,54,1,0,1,0.0,0.0,1.0,0.0,0.0,0.0
0,0,54,0,0,1,0.0,0.0,1.0,0.0,0.0,0.0
0,0,54,13,0,0,0.0,0.0,0.0,1.0,0.0,0.0
1,0,54,6,0,0,1.0,0.0,0.0,1.0,0.0,0.0
0,1,54,1,0,1,0.0,0.0,1.0,0.0,0.0,0.0
0,1,54,0,0,1,0.0,0.0,1.0,0.0,0.0,0.0
1,0,54,4,0,0,0.0,0.0,0.0,1.0,0.0,0.0
0,1,54,1,0,1,0.0,0.0,0.0,0.0,0.0,0.0
0,0,54,0,0,0,0.0,0.0,1.0,0.0,0.0,1.0
1,0,54,2,0,0,0.0,0.0,0.0,0.0,0.0,0.0
1,0,54,3,0,1,0.0,0.0,0.0,0.0,0.0,0.0
0,0,54,3,0,1,0.0,0.0,0.0,1.0,0.0,0.0
1,0,54,4,0,0,0.0,0.0,1.0,1.0,0.0,0.0
0,1,54,2,0,1,0.0,0.0,1.0,0.0,1.0,0.0
1,0,54,1,0,1,0.0,0.0,1.0,0.0,0.0,0.0
0,0,54,0,0,0,0.0,0.0,0.0,0.0,0.0,0.0
0,0,54,0,0,1,0.0,0.0,1.0,0.0,0.0,0.0
0,0,54,5,0,0,0.0,0.0,1.0,0.0,1.0,0.0
0,0,54,2,0,1,0.0,0.0,1.0,1.0,0.0,0.0
0,0,54,4,0,1,0.0,0.0,0.0,0.0,0.0,0.0
0,0,54,2,0,1,0.0,0.0,0.0,0.0,0.0,0.0
0,0,54,0,0,0,0.0,0.0,1.0,0.0,0.0,0.0
0,0,53,1,0,1,0.0,0.0,0.0,1.0,0.0,0.0
0,1,53,3,0,0,0.0,0.0,1.0,1.0,0.0,0.0
1,1,53,10,0,0,0.0,0.0,0.0,1.0,0.0,0.0
0,0,53,1,0,0,0.0,0.0,0.0,0.0,0.0,0.0
0,0,53,1,0,0,0.0,0.0,0.0,0.0,0.0,1.0
1,0,53,8,0,1,0.0,0.0,1.0,0.0,0.0,0.0
0,0,53,1,0,0,0.0,0.0,0.0,0.0,0.0,0.0
0,0,53,1,0,0,0.0,0.0,1.0,0.0,0.0,0.0
0,1,53,1,0,1,0.0,0.0,0.0,0.0,0.0,0.0
0,0,53,0,0,1,0.0,0.0,1.0,0.0,1.0,0.0
0,1,53,0,0,1,0.0,1.0,0.0,0.0,1.0,0.0
0,0,53,1,0,1,0.0,0.0,1.0,0.0,0.0,0.0
0,0,53,8,0,1,0.0,1.0,0.0,0.0,0.0,0.0
0,0,53,1,0,0,0.0,0.0,1.0,0.0,0.0,0.0
1,0,53,1,0,1,0.0,1.0,0.0,0.0,0.0,0.0
0,0,53,6,0,0,0.0,0.0,0.0,1.0,0.0,0.0
0,0,53,0,0,1,0.0,0.0,0.0,1.0,0.0,0.0
0,0,53,0,0,1,0.0,1.0,0.0,0.0,0.0,0.0
0,0,53,2,0,0,0.0,0.0,0.0,1.0,0.0,0.0
0,0,53,4,0,0,0.0,0.0,0.0,1.0,0.0,0.0
0,1,53,0,0,1,0.0,1.0,0.0,0.0,0.0,0.0
1,0,53,26,0,0,0.0,1.0,0.0,1.0,0.0,0.0
0,0,53,3,0,1,0.0,0.0,0.0,1.0,0.0,0.0
0,0,53,4,0,0,0.0,0.0,0.0,0.0,0.0,0.0
1,0,53,6,0,1,0.0,0.0,0.0,1.0,0.0,0.0
1,0,53,3,0,0,0.0,0.0,0.0,1.0,0.0,0.0
0,0,53,5,0,1,0.0,0.0,0.0,1.0,0.0,0.0
0,0,53,0,0,1,0.0,0.0,0.0,0.0,0.0,1.0
0,0,53,5,0,0,0.0,0.0,0.0,1.0,0.0,0.0
0,0,53,2,0,0,0.0,0.0,0.0,1.0,0.0,0.0
0,0,53,1,0,1,0.0,0.0,0.0,0.0,0.0,0.0
0,0,53,1,0,0,0.0,0.0,0.0,0.0,1.0,0.0
0,0,53,1,0,1,0.0,0.0,0.0,0.0,0.0,0.0
1,0,53,1,0,1,0.0,0.0,0.0,0.0,1.0,0.0
0,1,53,1,0,1,0.0,0.0,0.0,0.0,0.0,0.0
1,0,53,18,0,1,0.0,0.0,0.0,1.0,0.0,0.0
0,0,53,1,0,0,0.0,0.0,0.0,0.0,0.0,0.0
0,1,53,0,0,1,0.0,0.0,1.0,0.0,0.0,0.0
1,1,53,4,0,0,1.0,0.0,0.0,0.0,0.0,0.0
0,0,53,0,0,1,0.0,0.0,0.0,0.0,0.0,1.0
0,0,53,8,0,0,0.0,0.0,0.0,0.0,0.0,0.0
1,0,53,1,0,1,0.0,0.0,1.0,0.0,0.0,0.0
1,0,53,8,0,0,0.0,0.0,0.0,1.0,0.0,0.0
0,0,53,1,0,1,0.0,0.0,1.0,0.0,0.0,0.0
0,0,53,2,0,0,0.0,0.0,0.0,0.0,0.0,0.0
0,0,53,13,0,0,0.0,0.0,0.0,1.0,0.0,0.0
0,0,53,18,0,0,0.0,0.0,1.0,0.0,1.0,0.0
0,0,53,2,0,0,0.0,0.0,0.0,1.0,0.0,0.0
0,1,53,0,0,1,0.0,0.0,1.0,0.0,0.0,0.0
0,0,53,20,0,0,0.0,0.0,1.0,1.0,0.0,0.0
0,0,53,1,0,0,0.0,0.0,0.0,0.0,1.0,0.0
0,0,53,4,0,0,0.0,1.0,0.0,0.0,1.0,0.0
0,1,53,0,0,1,0.0,0.0,0.0,0.0,0.0,0.0
0,0,53,13,0,1,0.0,0.0,0.0,1.0,0.0,0.0
1,0,53,0,0,1,0.0,0.0,1.0,1.0,0.0,0.0
0,0,53,1,0,1,0.0,0.0,0.0,0.0,0.0,0.0
0,0,53,0,0,0,0.0,0.0,1.0,0.0,0.0,0.0
1,0,53,9,0,0,0.0,0.0,0.0,0.0,0.0,0.0
0,0,53,11,0,0,0.0,0.0,0.0,1.0,0.0,0.0
0,1,53,0,0,0,0.0,0.0,0.0,1.0,0.0,0.0
0,0,53,0,0,1,1.0,0.0,0.0,0.0,0.0,0.0
0,0,53,4,0,0,0.0,0.0,0.0,1.0,0.0,0.0
0,0,53,6,0,0,0.0,0.0,0.0,0.0,0.0,0.0
0,0,53,3,0,1,0.0,0.0,0.0,0.0,1.0,0.0
1,0,53,1,0,0,0.0,0.0,0.0,0.0,0.0,0.0
0,0,53,2,0,0,0.0,0.0,1.0,0.0,0.0,0.0
0,0,53,1,0,1,0.0,1.0,0.0,1.0,0.0,0.0
0,0,53,0,0,1,0.0,0.0,1.0,0.0,0.0,0.0
0,1,53,0,0,0,0.0,0.0,0.0,0.0,0.0,0.0
0,1,53,0,0,0,0.0,0.0,0.0,1.0,0.0,0.0
0,1,53,5,0,0,0.0,0.0,0.0,1.0,0.0,0.0
0,1,53,0,0,1,0.0,0.0,0.0,0.0,0.0,0.0
1,0,53,3,0,0,0.0,0.0,0.0,0.0,0.0,0.0
0,0,53,0,0,1,0.0,0.0,1.0,0.0,0.0,0.0
0,0,53,0,0,1,0.0,1.0,0.0,0.0,0.0,0.0
1,0,53,4,0,1,0.0,0.0,1.0,0.0,0.0,1.0
0,0,53,0,0,0,0.0,0.0,0.0,0.0,0.0,0.0
0,0,53,0,0,0,0.0,0.0,0.0,0.0,0.0,0.0
0,0,53,2,0,0,0.0,1.0,0.0,0.0,0.0,0.0
0,0,52,1,0,0,0.0,0.0,0.0,0.0,0.0,0.0
0,0,52,0,0,1,0.0,0.0,1.0,0.0,1.0,0.0
0,1,52,0,0,0,0.0,0.0,0.0,0.0,0.0,0.0
0,1,52,0,0,1,0.0,0.0,0.0,0.0,0.0,0.0
0,0,52,2,0,0,0.0,0.0,1.0,1.0,0.0,0.0
0,0,52,1,0,0,0.0,1.0,0.0,0.0,0.0,0.0
0,1,52,6,0,1,0.0,0.0,0.0,0.0,0.0,0.0
0,0,52,0,0,0,0.0,0.0,1.0,1.0,0.0,0.0
0,0,52,2,0,1,0.0,0.0,0.0,0.0,0.0,0.0
0,0,52,2,0,1,0.0,1.0,0.0,0.0,0.0,0.0
1,1,52,0,0,1,0.0,1.0,0.0,0.0,1.0,0.0
1,0,52,16,0,0,0.0,0.0,0.0,1.0,0.0,0.0
1,0,52,0,0,0,0.0,0.0,0.0,1.0,0.0,0.0
1,0,52,13,0,0,0.0,0.0,1.0,0.0,0.0,1.0
0,0,52,7,0,1,0.0,0.0,0.0,0.0,0.0,0.0
1,0,52,3,0,0,0.0,0.0,0.0,1.0,0.0,0.0
1,0,52,1,0,1,0.0,0.0,0.0,1.0,0.0,0.0
0,0,52,3,0,1,0.0,0.0,0.0,0.0,0.0,0.0
0,0,52,3,0,0,0.0,1.0,0.0,0.0,1.0,0.0
1,0,52,0,0,1,0.0,0.0,0.0,1.0,0.0,0.0
1,1,52,2,0,0,0.0,0.0,0.0,1.0,0.0,0.0
0,0,52,0,0,1,0.0,0.0,1.0,0.0,0.0,0.0
0,1,52,3,0,0,0.0,0.0,0.0,1.0,0.0,0.0
0,0,52,2,0,0,0.0,0.0,0.0,0.0,0.0,1.0
0,0,52,3,0,1,0.0,1.0,0.0,0.0,0.0,0.0
0,1,52,0,0,1,0.0,0.0,0.0,0.0,0.0,0.0
0,1,52,8,0,0,0.0,0.0,1.0,1.0,0.0,0.0
1,0,52,9,0,0,0.0,0.0,0.0,0.0,1.0,0.0
0,0,52,0,0,1,0.0,0.0,0.0,0.0,0.0,0.0
0,0,52,7,0,0,0.0,0.0,0.0,0.0,0.0,0.0
0,1,52,0,0,1,0.0,0.0,0.0,0.0,0.0,0.0
0,0,52,0,0,0,0.0,0.0,0.0,1.0,0.0,0.0
1,0,52,23,0,0,0.0,0.0,0.0,1.0,0.0,0.0
1,0,52,0,0,0,0.0,0.0,1.0,1.0,0.0,0.0
0,0,52,1,0,0,0.0,0.0,0.0,0.0,0.0,0.0
0,0,52,1,0,0,0.0,0.0,0.0,0.0,0.0,0.0
1,0,52,5,0,0,0.0,0.0,0.0,0.0,1.0,0.0
0,0,52,1,0,0,0.0,0.0,1.0,0.0,0.0,0.0
0,1,52,0,0,0,0.0,0.0,1.0,1.0,0.0,0.0
0,0,52,1,0,1,0.0,0.0,1.0,0.0,0.0,0.0
0,0,52,1,0,0,0.0,0.0,0.0,0.0,0.0,0.0
0,0,52,7,0,1,0.0,0.0,1.0,1.0,0.0,0.0
1,0,52,0,0,1,0.0,0.0,1.0,0.0,1.0,0.0
0,1,52,3,0,1,0.0,1.0,0.0,0.0,0.0,0.0
0,0,52,4,0,1,0.0,0.0,0.0,0.0,0.0,0.0
0,1,52,3,0,1,0.0,1.0,0.0,1.0,0.0,0.0
0,0,52,20,0,0,0.0,0.0,0.0,0.0,1.0,0.0
0,0,52,10,0,0,0.0,0.0,0.0,0.0,1.0,0.0
1,0,52,0,0,1,0.0,0.0,0.0,1.0,0.0,0.0
0,0,52,0,0,0,0.0,0.0,1.0,0.0,0.0,1.0
0,0,52,0,0,1,0.0,0.0,0.0,0.0,0.0,0.0
1,0,52,17,0,0,0.0,0.0,1.0,1.0,0.0,0.0
1,0,52,7,0,0,0.0,0.0,0.0,1.0,0.0,0.0
0,0,52,8,0,0,0.0,1.0,0.0,0.0,0.0,0.0
0,1,52,6,0,0,0.0,1.0,0.0,0.0,0.0,0.0
0,0,52,1,0,0,0.0,0.0,0.0,0.0,0.0,0.0
0,0,52,2,0,1,0.0,0.0,1.0,0.0,1.0,0.0
1,0,52,2,0,0,0.0,0.0,0.0,0.0,0.0,0.0
0,0,52,1,0,0,0.0,1.0,0.0,1.0,0.0,0.0
1,0,52,4,0,1,0.0,0.0,0.0,0.0,0.0,0.0
0,0,52,19,0,0,0.0,0.0,0.0,1.0,0.0,0.0
0,0,52,0,0,0,0.0,0.0,1.0,0.0,1.0,0.0
0,0,52,0,0,1,0.0,0.0,1.0,1.0,0.0,0.0
0,0,52,4,0,1,0.0,0.0,0.0,1.0,0.0,0.0
1,0,52,0,0,0,0.0,0.0,0.0,0.0,0.0,1.0
0,1,52,0,0,1,0.0,0.0,0.0,1.0,0.0,0.0
0,0,52,0,0,0,0.0,0.0,0.0,0.0,0.0,0.0
0,0,52,0,0,0,1.0,0.0,0.0,1.0,0.0,0.0
0,1,52,1,0,0,0.0,0.0,0.0,1.0,0.0,0.0
1,0,52,9,1,1,0.0,0.0,0.0,1.0,0.0,0.0
0,0,52,1,0,1,0.0,0.0,0.0,1.0,0.0,0.0
1,1,52,21,0,0,0.0,0.0,0.0,1.0,0.0,0.0
0,0,52,7,0,0,0.0,0.0,0.0,1.0,0.0,0.0
0,1,52,0,0,1,0.0,0.0,0.0,0.0,0.0,0.0
1,0,52,15,0,1,0.0,0.0,0.0,1.0,0.0,0.0
1,0,52,6,0,0,0.0,0.0,1.0,0.0,0.0,0.0
1,0,52,6,0,1,0.0,0.0,1.0,1.0,0.0,0.0
0,1,52,1,0,0,0.0,0.0,1.0,0.0,0.0,0.0
0,0,52,2,0,1,0.0,0.0,0.0,1.0,0.0,0.0
1,0,52,3,0,1,0.0,0.0,0.0,1.0,0.0,0.0
0,0,52,2,0,0,0.0,0.0,1.0,0.0,0.0,0.0
0,0,52,0,0,0,0.0,0.0,1.0,0.0,0.0,1.0
0,0,52,4,0,1,0.0,0.0,0.0,1.0,0.0,0.0
1,0,52,7,0,0,0.0,0.0,0.0,1.0,0.0,0.0
0,0,52,3,0,0,0.0,0.0,0.0,1.0,0.0,0.0
0,0,52,0,0,0,0.0,0.0,1.0,0.0,0.0,0.0
1,1,52,0,0,1,0.0,0.0,1.0,0.0,0.0,1.0
0,1,52,0,0,1,0.0,0.0,0.0,0.0,0.0,0.0
0,1,52,0,0,0,0.0,1.0,0.0,1.0,0.0,0.0
1,0,51,0,0,0,1.0,0.0,0.0,1.0,0.0,0.0
0,0,51,0,0,1,0.0,0.0,1.0,0.0,1.0,0.0
1,0,51,21,0,0,0.0,0.0,0.0,1.0,0.0,0.0
0,0,51,3,0,0,0.0,0.0,0.0,0.0,0.0,0.0
0,0,51,1,0,0,0.0,0.0,1.0,0.0,1.0,0.0
0,0,51,0,0,1,0.0,0.0,0.0,0.0,0.0,0.0
0,0,51,3,0,0,0.0,0.0,0.0,1.0,0.0,0.0
0,1,51,4,0,0,0.0,0.0,0.0,1.0,0.0,0.0
0,0,51,1,0,1,0.0,0.0,1.0,0.0,1.0,0.0
0,0,51,19,2,0,0.0,0.0,0.0,1.0,0.0,0.0
0,1,51,3,0,1,0.0,0.0,0.0,1.0,0.0,0.0
0,0,51,0,0,1,0.0,0.0,1.0,0.0,1.0,0.0
1,0,51,3,0,0,0.0,0.0,1.0,0.0,0.0,0.0
0,0,51,0,0,1,0.0,1.0,0.0,0.0,0.0,0.0
0,0,51,1,0,0,0.0,0.0,0.0,1.0,0.0,0.0
1,0,51,3,0,0,0.0,1.0,0.0,0.0,0.0,0.0
0,0,51,0,0,1,0.0,1.0,0.0,1.0,0.0,0.0
0,0,51,3,0,0,0.0,0.0,0.0,0.0,0.0,0.0
0,0,51,3,0,0,0.0,0.0,0.0,1.0,0.0,0.0
1,0,51,6,0,1,0.0,0.0,0.0,0.0,0.0,0.0
0,0,51,0,0,1,0.0,0.0,1.0,1.0,0.0,0.0
1,0,51,1,0,0,0.0,0.0,0.0,0.0,0.0,0.0
1,0,51,22,0,0,0.0,0.0,1.0,1.0,0.0,0.0
0,0,51,7,0,0,0.0,0.0,0.0,0.0,0.0,0.0
0,0,51,0,0,0,0.0,0.0,0.0,0.0,0.0,0.0
1,0,51,0,0,0,0.0,1.0,0.0,0.0,1.0,0.0
0,0,51,8,0,1,0.0,0.0,0.0,1.0,0.0,0.0
0,1,51,0,0,0,0.0,0.0,0.0,0.0,0.0,0.0
0,0,51,2,0,0,0.0,1.0,0.0,0.0,0.0,1.0
0,0,51,1,0,1,0.0,0.0,0.0,0.0,0.0,0.0
0,1,51,0,0,1,0.0,0.0,1.0,0.0,0.0,0.0
0,0,51,14,0,0,0.0,0.0,1.0,1.0,0.0,0.0
0,0,51,0,0,1,0.0,0.0,1.0,0.0,0.0,0.0
0,0,51,2,0,0,0.0,1.0,0.0,0.0,0.0,1.0
0,0,51,0,0,0,0.0,0.0,1.0,0.0,0.0,0.0
1,0,51,7,0,0,0.0,0.0,0.0,0.0,0.0,0.0
1,0,51,1,0,1,0.0,0.0,0.0,0.0,0.0,0.0
0,0,51,4,0,1,0.0,0.0,0.0,0.0,0.0,0.0
0,0,51,3,0,0,0.0,1.0,0.0,1.0,0.0,0.0
0,1,51,2,0,1,0.0,0.0,1.0,0.0,1.0,0.0
0,0,51,4,0,0,0.0,0.0,0.0,1.0,0.0,0.0
1,0,51,17,0,0,0.0,0.0,0.0,1.0,0.0,0.0
0,0,51,1,0,1,0.0,1.0,0.0,0.0,0.0,0.0
0,1,51,0,0,0,0.0,0.0,0.0,0.0,0.0,0.0
0,1,51,1,0,0,0.0,0.0,0.0,0.0,0.0,0.0
0,1,51,1,0,1,0.0,0.0,0.0,1.0,0.0,0.0
0,1,51,0,0,1,0.0,0.0,0.0,0.0,0.0,0.0
0,0,51,3,0,1,0.0,0.0,0.0,0.0,1.0,0.0
0,0,51,4,0,1,0.0,0.0,0.0,1.0,0.0,0.0
1,0,51,11,0,1,0.0,0.0,0.0,1.0,0.0,0.0
1,0,51,8,0,0,0.0,0.0,0.0,0.0,0.0,0.0
0,1,51,16,0,0,0.0,0.0,0.0,1.0,0.0,0.0
1,0,51,0,0,1,0.0,0.0,0.0,1.0,0.0,0.0
0,0,51,1,0,0,0.0,0.0,1.0,1.0,0.0,0.0
0,1,51,7,0,0,0.0,1.0,0.0,1.0,0.0,0.0
0,0,51,17,0,1,0.0,0.0,1.0,1.0,0.0,0.0
1,0,51,4,0,0,0.0,0.0,0.0,0.0,0.0,0.0
0,1,51,14,0,0,0.0,0.0,0.0,0.0,0.0,0.0
0,1,51,7,0,0,0.0,0.0,0.0,0.0,0.0,0.0
1,1,51,5,0,1,0.0,0.0,1.0,0.0,0.0,0.0
0,0,51,3,0,0,0.0,0.0,0.0,1.0,0.0,0.0
0,0,51,2,0,1,0.0,0.0,0.0,1.0,0.0,0.0
0,1,51,10,1,0,0.0,0.0,0.0,1.0,0.0,0.0
0,1,51,0,0,1,0.0,0.0,1.0,0.0,1.0,0.0
0,0,51,0,0,1,0.0,0.0,1.0,0.0,0.0,0.0
0,0,51,0,0,0,0.0,0.0,0.0,0.0,0.0,0.0
1,1,51,0,0,1,0.0,0.0,0.0,0.0,0.0,0.0
0,0,51,1,0,0,0.0,0.0,1.0,0.0,1.0,0.0
0,1,51,4,0,0,0.0,1.0,0.0,0.0,0.0,0.0
1,0,51,12,1,0,0.0,0.0,0.0,1.0,0.0,0.0
0,0,51,2,0,0,0.0,0.0,0.0,0.0,0.0,0.0
0,0,51,3,0,0,0.0,0.0,1.0,1.0,0.0,0.0
0,0,51,1,0,0,0.0,0.0,0.0,1.0,0.0,0.0
0,0,51,1,0,0,0.0,1.0,0.0,0.0,0.0,0.0
1,0,51,8,0,1,0.0,0.0,0.0,1.0,0.0,0.0
0,0,51,0,0,1,0.0,0.0,0.0,0.0,0.0,0.0
0,1,51,1,0,1,0.0,0.0,0.0,1.0,0.0,0.0
0,1,51,1,0,1,0.0,1.0,0.0,0.0,0.0,0.0
0,0,51,5,0,1,0.0,0.0,0.0,1.0,0.0,0.0
0,0,51,1,0,1,0.0,1.0,0.0,0.0,0.0,0.0
0,0,51,5,0,1,0.0,0.0,0.0,1.0,0.0,0.0
0,0,51,0,0,0,0.0,0.0,0.0,0.0,0.0,0.0
0,0,51,4,0,0,0.0,1.0,0.0,1.0,0.0,0.0
0,1,51,5,0,0,0.0,0.0,0.0,0.0,0.0,0.0
0,0,51,8,0,0,0.0,0.0,0.0,1.0,0.0,0.0
1,0,51,1,0,1,0.0,0.0,1.0,1.0,0.0,0.0
1,0,51,14,0,0,0.0,1.0,0.0,0.0,0.0,1.0
0,0,51,1,0,0,0.0,1.0,0.0,0.0,0.0,0.0
1,1,51,0,0,1,0.0,0.0,0.0,0.0,0.0,0.0
0,0,51,0,0,1,0.0,0.0,0.0,0.0,0.0,0.0
0,0,51,3,0,0,0.0,0.0,0.0,0.0,0.0,0.0
0,0,51,1,0,0,0.0,0.0,1.0,0.0,1.0,0.0
1,1,51,2,0,0,0.0,0.0,1.0,0.0,0.0,0.0
0,0,51,2,0,0,0.0,0.0,0.0,1.0,0.0,0.0
0,0,50,1,0,0,0.0,1.0,0.0,0.0,0.0,0.0
1,0,50,0,0,1,0.0,1.0,0.0,0.0,0.0,0.0
1,0,50,16,1,0,0.0,0.0,0.0,0.0,0.0,0.0
1,1,50,12,0,1,0.0,0.0,0.0,1.0,0.0,0.0
0,0,50,2,0,1,0.0,0.0,1.0,0.0,0.0,0.0
1,0,50,9,0,1,0.0,0.0,0.0,0.0,1.0,0.0
0,0,50,8,0,0,0.0,0.0,0.0,0.0,0.0,0.0
0,0,50,5,0,0,0.0,0.0,0.0,0.0,0.0,0.0
0,0,50,1,0,0,0.0,0.0,0.0,0.0,0.0,0.0
0,0,50,9,0,0,0.0,0.0,0.0,1.0,0.0,0.0
0,0,50,4,0,1,0.0,0.0,1.0,1.0,0.0,0.0
0,0,50,1,0,0,0.0,0.0,1.0,0.0,0.0,0.0
0,0,50,0,0,1,0.0,0.0,1.0,0.0,0.0,0.0
1,1,50,3,0,0,0.0,0.0,0.0,0.0,0.0,0.0
0,0,50,0,0,1,0.0,0.0,1.0,0.0,1.0,0.0
0,1,50,0,0,1,0.0,0.0,1.0,1.0,0.0,0.0
0,0,50,1,0,0,0.0,0.0,0.0,0.0,0.0,0.0
0,1,50,4,0,0,0.0,1.0,0.0,1.0,0.0,0.0
0,0,50,11,0,1,0.0,1.0,0.0,0.0,1.0,0.0
0,0,50,0,0,0,0.0,0.0,1.0,0.0,0.0,0.0
0,0,50,0,0,0,0.0,0.0,1.0,0.0,0.0,0.0
1,1,50,0,0,1,0.0,1.0,0.0,0.0,0.0,0.0
1,0,50,0,0,0,0.0,1.0,0.0,0.0,0.0,0.0
0,0,50,7,0,0,0.0,0.0,0.0,1.0,0.0,0.0
0,0,50,3,0,0,0.0,0.0,0.0,0.0,0.0,0.0
0,0,50,1,0,0,0.0,0.0,0.0,1.0,0.0,0.0
0,1,50,5,0,0,0.0,0.0,0.0,1.0,0.0,0.0
0,0,50,2,0,1,0.0,0.0,0.0,0.0,1.0,0.0
1,0,50,13,0,0,0.0,0.0,0.0,1.0,0.0,0.0
0,0,50,5,0,0,0.0,0.0,0.0,0.0,0.0,1.0
0,1,50,0,0,1,1.0,0.0,0.0,0.0,0.0,0.0
0,0,50,3,0,1,0.0,1.0,0.0,1.0,0.0,0.0
0,0,50,1,0,0,0.0,0.0,1.0,1.0,0.0,0.0
0,0,50,7,1,1,0.0,0.0,1.0,1.0,0.0,0.0
0,0,50,0,0,0,0.0,1.0,0.0,1.0,0.0,0.0
0,0,50,2,0,0,0.0,1.0,0.0,0.0,0.0,0.0
0,0,50,0,0,1,0.0,0.0,1.0,0.0,0.0,0.0
0,0,50,2,0,1,0.0,0.0,0.0,1.0,0.0,0.0
1,0,50,12,0,0,0.0,0.0,0.0,1.0,0.0,0.0
1,0,50,13,1,1,0.0,0.0,0.0,1.0,0.0,0.0
0,0,50,0,0,1,0.0,0.0,0.0,0.0,0.0,0.0
1,1,50,1,0,0,0.0,0.0,0.0,0.0,1.0,0.0
0,0,50,0,0,0,0.0,1.0,0.0,0.0,0.0,0.0
1,1,50,30,0,1,0.0,1.0,0.0,0.0,0.0,0.0
0,0,50,11,0,0,0.0,0.0,0.0,1.0,0.0,0.0
0,0,50,15,0,1,0.0,0.0,0.0,1.0,0.0,0.0
0,0,50,0,0,1,0.0,0.0,0.0,1.0,0.0,0.0
0,1,50,1,0,0,0.0,0.0,0.0,1.0,0.0,0.0
0,0,50,1,0,0,0.0,0.0,0.0,0.0,0.0,0.0
1,0,50,11,0,0,0.0,0.0,1.0,0.0,0.0,0.0
0,0,50,5,1,0,0.0,0.0,0.0,1.0,0.0,0.0
0,0,50,0,0,0,0.0,0.0,0.0,1.0,0.0,0.0
0,1,50,3,0,0,0.0,0.0,0.0,1.0,0.0,0.0
0,0,50,0,0,0,0.0,0.0,0.0,0.0,0.0,0.0
0,1,50,1,0,0,0.0,0.0,1.0,0.0,1.0,0.0
0,0,50,1,0,0,1.0,0.0,0.0,0.0,0.0,0.0
0,1,50,1,0,1,0.0,0.0,1.0,0.0,0.0,0.0
1,1,50,2,0,0,0.0,0.0,0.0,0.0,0.0,0.0
1,0,50,2,0,0,0.0,0.0,0.0,0.0,0.0,0.0
0,0,50,1,0,0,0.0,0.0,0.0,0.0,0.0,0.0
0,0,50,0,0,0,0.0,0.0,0.0,0.0,0.0,0.0
1,0,50,9,0,1,0.0,0.0,0.0,0.0,0.0,0.0
0,0,50,0,0,0,0.0,1.0,0.0,0.0,0.0,0.0
1,0,50,18,0,1,0.0,1.0,0.0,0.0,0.0,0.0
0,0,50,2,0,0,0.0,1.0,0.0,0.0,0.0,0.0
0,0,50,10,0,0,0.0,1.0,0.0,0.0,0.0,0.0
0,0,50,10,0,0,0.0,0.0,0.0,1.0,0.0,0.0
0,0,50,8,0,0,0.0,0.0,1.0,0.0,0.0,0.0
0,0,50,1,0,1,0.0,0.0,0.0,0.0,0.0,0.0
0,0,50,1,0,0,0.0,1.0,0.0,0.0,0.0,0.0
1,0,50,1,0,1,0.0,0.0,1.0,0.0,0.0,0.0
0,0,50,4,0,1,0.0,0.0,0.0,0.0,0.0,0.0
1,1,50,1,0,0,0.0,1.0,0.0,0.0,1.0,0.0
1,0,50,9,0,0,0.0,0.0,0.0,0.0,0.0,0.0
1,0,50,24,2,1,0.0,0.0,0.0,1.0,0.0,0.0
0,0,50,0,0,1,0.0,0.0,1.0,1.0,0.0,0.0
0,1,50,7,0,1,0.0,0.0,0.0,1.0,0.0,0.0
0,0,50,3,0,0,0.0,0.0,1.0,0.0,0.0,0.0
1,0,50,2,0,1,0.0,0.0,0.0,1.0,0.0,0.0
1,0,50,3,0,1,0.0,0.0,0.0,0.0,0.0,0.0
1,0,50,3,0,0,0.0,0.0,0.0,0.0,1.0,0.0
1,0,50,1,0,1,0.0,0.0,1.0,0.0,0.0,0.0
1,0,50,18,0,0,0.0,0.0,1.0,1.0,0.0,0.0
0,0,49,0,0,0,0.0,0.0,1.0,0.0,0.0,0.0
0,0,49,1,0,0,0.0,0.0,0.0,0.0,0.0,0.0
0,0,49,0,0,0,0.0,0.0,1.0,0.0,0.0,0.0
1,1,49,2,0,1,0.0,1.0,0.0,0.0,0.0,0.0
0,1,49,1,0,1,0.0,1.0,0.0,0.0,0.0,0.0
1,0,49,8,0,0,0.0,0.0,0.0,0.0,0.0,0.0
0,0,49,0,0,1,0.0,0.0,0.0,0.0,1.0,0.0
0,0,49,3,0,0,0.0,0.0,0.0,0.0,0.0,0.0
0,0,49,0,0,0,0.0,0.0,0.0,0.0,0.0,0.0
0,0,49,0,0,0,0.0,0.0,0.0,0.0,1.0,0.0
0,1,49,4,0,0,0.0,0.0,0.0,0.0,0.0,0.0
0,1,49,0,0,0,0.0,0.0,0.0,1.0,0.0,0.0
1,0,49,12,0,0,0.0,0.0,0.0,0.0,0.0,0.0
0,0,49,2,0,1,0.0,0.0,1.0,0.0,0.0,0.0
0,0,49,0,0,1,0.0,0.0,0.0,0.0,0.0,0.0
0,0,49,4,0,1,0.0,0.0,1.0,1.0,0.0,0.0
1,0,49,7,0,0,0.0,0.0,0.0,0.0,0.0,1.0
0,0,49,1,0,0,0.0,0.0,0.0,1.0,0.0,0.0
0,0,49,1,0,1,0.0,0.0,1.0,0.0,0.0,0.0
0,0,49,3,0,0,0.0,0.0,0.0,1.0,0.0,0.0
0,1,49,8,0,0,0.0,1.0,0.0,0.0,0.0,0.0
0,0,49,1,0,1,0.0,0.0,0.0,0.0,0.0,0.0
0,1,49,2,0,1,0.0,1.0,0.0,0.0,0.0,0.0
0,0,49,13,2,0,0.0,0.0,1.0,1.0,0.0,0.0
0,1,49,1,0,0,0.0,0.0,1.0,1.0,0.0,0.0
0,0,49,2,0,1,0.0,0.0,0.0,0.0,1.0,0.0
0,0,49,0,0,0,0.0,0.0,1.0,0.0,0.0,0.0
0,0,49,0,0,1,0.0,0.0,0.0,1.0,0.0,0.0
0,0,49,4,0,0,0.0,0.0,1.0,1.0,0.0,0.0
0,0,49,2,0,0,0.0,0.0,0.0,1.0,0.0,0.0
0,0,49,3,0,0,0.0,1.0,0.0,1.0,0.0,0.0
0,0,49,0,0,0,0.0,1.0,0.0,0.0,0.0,0.0
0,1,49,6,0,0,0.0,0.0,1.0,0.0,0.0,0.0
0,0,49,0,0,0,0.0,0.0,1.0,1.0,0.0,0.0
0,1,49,1,0,0,0.0,0.0,0.0,1.0,0.0,0.0
1,0,49,1,0,1,0.0,0.0,0.0,1.0,0.0,0.0
0,0,49,0,0,1,0.0,0.0,1.0,1.0,0.0,0.0
0,1,49,3,0,0,0.0,0.0,0.0,0.0,0.0,0.0
0,0,49,4,0,0,0.0,0.0,0.0,0.0,0.0,0.0
1,1,49,0,0,1,0.0,0.0,0.0,0.0,0.0,0.0
0,0,49,0,0,1,0.0,0.0,1.0,0.0,0.0,0.0
0,0,49,4,0,1,0.0,0.0,0.0,0.0,0.0,0.0
1,0,49,29,0,0,0.0,0.0,1.0,1.0,0.0,0.0
0,1,49,0,0,1,0.0,1.0,0.0,0.0,0.0,1.0
1,0,49,5,0,0,0.0,0.0,0.0,0.0,0.0,0.0
0,0,49,1,0,1,0.0,1.0,0.0,1.0,0.0,0.0
0,0,49,0,0,0,0.0,0.0,0.0,0.0,0.0,0.0
0,0,49,3,0,0,0.0,0.0,0.0,0.0,0.0,0.0
1,1,49,2,0,1,0.0,0.0,0.0,0.0,0.0,0.0
1,0,49,2,0,0,0.0,0.0,0.0,0.0,0.0,0.0
0,0,49,1,0,0,0.0,0.0,1.0,1.0,0.0,0.0
1,0,49,10,0,0,0.0,0.0,0.0,1.0,0.0,0.0
0,0,49,8,0,0,0.0,0.0,0.0,0.0,0.0,0.0
0,1,49,2,0,0,0.0,1.0,0.0,0.0,0.0,0.0
0,0,49,4,0,1,0.0,0.0,1.0,1.0,0.0,0.0
1,0,49,7,0,0,0.0,0.0,1.0,0.0,0.0,1.0
1,0,49,10,0,0,0.0,0.0,0.0,1.0,0.0,0.0
1,0,49,4,0,1,0.0,0.0,0.0,0.0,0.0,0.0
1,0,49,0,0,0,0.0,0.0,0.0,0.0,0.0,0.0
0,1,49,3,0,0,0.0,0.0,0.0,0.0,0.0,0.0
0,0,49,12,0,1,0.0,0.0,0.0,0.0,0.0,0.0
0,0,49,0,0,0,0.0,0.0,1.0,0.0,0.0,0.0
1,0,49,1,0,0,0.0,0.0,0.0,0.0,1.0,0.0
0,0,49,0,0,1,0.0,0.0,1.0,0.0,0.0,0.0
0,0,49,1,0,1,0.0,0.0,1.0,1.0,0.0,0.0
1,0,49,1,0,0,0.0,0.0,1.0,1.0,0.0,0.0
1,0,49,1,0,0,0.0,0.0,0.0,0.0,0.0,0.0
1,0,49,0,0,1,0.0,0.0,0.0,0.0,0.0,1.0
0,1,49,2,0,0,0.0,1.0,0.0,0.0,0.0,0.0
1,0,49,3,0,0,0.0,0.0,0.0,1.0,0.0,0.0
0,0,49,1,0,1,0.0,0.0,0.0,0.0,0.0,0.0
0,0,49,1,0,0,0.0,0.0,0.0,0.0,0.0,0.0
0,1,49,0,0,0,0.0,1.0,0.0,0.0,0.0,0.0
1,0,49,0,0,1,0.0,0.0,1.0,1.0,0.0,0.0
0,0,49,3,0,0,0.0,0.0,0.0,1.0,0.0,0.0
0,1,49,1,0,0,0.0,0.0,0.0,0.0,0.0,0.0
0,0,49,1,0,1,0.0,0.0,0.0,1.0,0.0,0.0
0,0,49,7,0,0,0.0,0.0,1.0,0.0,0.0,0.0
0,0,49,2,0,0,0.0,0.0,0.0,0.0,0.0,1.0
0,1,49,0,0,0,0.0,0.0,0.0,0.0,0.0,0.0
0,1,49,4,0,1,0.0,0.0,0.0,0.0,0.0,0.0
0,0,49,2,0,1,0.0,0.0,0.0,0.0,0.0,0.0
0,1,48,0,0,1,0.0,1.0,0.0,0.0,0.0,1.0
1,0,48,2,0,0,0.0,0.0,0.0,0.0,0.0,0.0
1,0,48,20,0,0,0.0,0.0,0.0,0.0,0.0,0.0
1,0,48,14,0,0,0.0,0.0,0.0,1.0,0.0,0.0
0,0,48,0,0,1,0.0,0.0,1.0,0.0,1.0,0.0
0,1,48,0,0,1,0.0,0.0,0.0,1.0,0.0,0.0
0,0,48,3,0,0,0.0,0.0,0.0,0.0,0.0,0.0
0,1,48,17,0,0,0.0,1.0,0.0,0.0,0.0,0.0
0,0,48,12,0,0,0.0,0.0,0.0,0.0,0.0,1.0
0,0,48,0,0,1,0.0,1.0,0.0,0.0,0.0,1.0
0,0,48,2,0,1,0.0,1.0,0.0,0.0,0.0,0.0
0,1,48,2,0,0,0.0,1.0,0.0,0.0,0.0,0.0
1,0,48,9,0,0,0.0,0.0,0.0,1.0,0.0,0.0
0,0,48,0,0,0,0.0,0.0,1.0,1.0,0.0,0.0
1,0,48,5,0,0,0.0,0.0,0.0,1.0,0.0,0.0
0,0,48,0,0,1,0.0,1.0,0.0,1.0,0.0,0.0
0,0,48,0,0,1,0.0,0.0,0.0,0.0,0.0,0.0
1,0,48,0,0,0,0.0,0.0,0.0,0.0,0.0,0.0
0,0,48,4,0,0,0.0,0.0,1.0,1.0,0.0,0.0
1,0,48,5,0,1,0.0,0.0,0.0,1.0,0.0,0.0
0,0,48,0,0,0,0.0,0.0,1.0,1.0,0.0,0.0
0,0,48,2,0,1,0.0,0.0,0.0,0.0,0.0,0.0
0,1,48,0,0,0,0.0,0.0,0.0,1.0,0.0,0.0
0,0,48,3,0,0,0.0,0.0,0.0,0.0,0.0,0.0
1,0,48,4,0,0,0.0,0.0,1.0,0.0,0.0,1.0
0,1,48,0,0,0,0.0,0.0,1.0,0.0,0.0,0.0
0,0,48,0,0,0,0.0,0.0,1.0,0.0,0.0,1.0
0,0,48,0,0,1,0.0,0.0,1.0,0.0,0.0,1.0
1,0,48,7,0,1,0.0,0.0,0.0,1.0,0.0,0.0
1,0,48,23,1,0,0.0,0.0,0.0,0.0,0.0,0.0
0,1,48,0,0,0,0.0,0.0,0.0,0.0,0.0,0.0
0,0,48,4,0,0,0.0,0.0,0.0,0.0,0.0,1.0
0,1,48,0,0,1,0.0,0.0,1.0,0.0,0.0,0.0
1,0,48,11,0,1,0.0,0.0,0.0,1.0,0.0,0.0
0,1,48,0,0,1,0.0,0.0,0.0,1.0,0.0,0.0
0,1,48,0,0,1,0.0,1.0,0.0,0.0,0.0,0.0
0,0,48,6,0,0,0.0,0.0,0.0,0.0,0.0,0.0
0,0,48,7,0,0,0.0,0.0,0.0,0.0,0.0,1.0
0,0,48,0,0,0,0.0,0.0,0.0,0.0,0.0,0.0
1,1,48,8,0,1,0.0,0.0,1.0,0.0,0.0,0.0
1,0,48,1,0,1,1.0,0.0,0.0,0.0,1.0,0.0
0,0,48,1,0,1,0.0,0.0,1.0,0.0,1.0,0.0
0,0,48,4,0,0,0.0,0.0,1.0,1.0,0.0,0.0
0,0,48,2,0,0,0.0,0.0,1.0,1.0,0.0,0.0
0,1,48,0,0,0,0.0,0.0,0.0,0.0,0.0,1.0
0,0,48,1,0,0,0.0,0.0,1.0,0.0,0.0,1.0
0,0,48,2,0,0,0.0,1.0,0.0,0.0,0.0,0.0
0,0,48,12,0,1,0.0,0.0,1.0,1.0,0.0,0.0
0,0,48,4,0,0,0.0,0.0,0.0,1.0,0.0,0.0
1,0,48,5,0,0,0.0,0.0,0.0,1.0,0.0,0.0
1,0,48,25,1,0,0.0,0.0,0.0,1.0,0.0,0.0
0,0,48,1,0,1,0.0,0.0,0.0,0.0,1.0,0.0
0,0,48,1,0,1,0.0,0.0,1.0,0.0,1.0,0.0
0,0,48,1,0,0,0.0,0.0,1.0,0.0,0.0,1.0
1,0,48,20,0,0,0.0,0.0,0.0,0.0,0.0,0.0
0,0,48,0,0,0,0.0,0.0,0.0,0.0,0.0,0.0
1,0,48,8,1,0,0.0,0.0,0.0,1.0,0.0,0.0
0,0,48,1,0,0,0.0,0.0,0.0,0.0,0.0,0.0
0,0,48,1,0,0,0.0,1.0,0.0,0.0,0.0,0.0
0,0,48,0,0,0,0.0,0.0,0.0,0.0,0.0,0.0
0,1,48,1,0,1,0.0,0.0,0.0,0.0,0.0,0.0
0,1,48,1,0,0,0.0,0.0,0.0,1.0,0.0,0.0
0,0,48,0,0,0,0.0,0.0,1.0,0.0,0.0,0.0
1,0,48,1,0,0,0.0,1.0,0.0,0.0,0.0,0.0
0,0,48,0,0,1,0.0,0.0,0.0,0.0,0.0,0.0
0,1,48,0,0,0,0.0,0.0,0.0,0.0,0.0,1.0
0,0,48,0,0,1,0.0,0.0,1.0,1.0,0.0,0.0
0,0,48,10,0,0,0.0,0.0,0.0,1.0,0.0,0.0
0,0,48,2,0,1,0.0,0.0,0.0,0.0,0.0,0.0
0,0,48,1,0,0,0.0,0.0,0.0,1.0,0.0,0.0
1,1,48,18,3,0,0.0,1.0,0.0,1.0,0.0,0.0
0,0,48,1,0,1,0.0,0.0,0.0,0.0,0.0,0.0
0,0,48,9,0,0,0.0,0.0,0.0,0.0,0.0,0.0
0,0,48,6,0,0,0.0,1.0,0.0,1.0,0.0,0.0
0,1,48,9,0,0,0.0,0.0,0.0,0.0,1.0,0.0
0,0,48,10,0,0,0.0,0.0,0.0,1.0,0.0,0.0
1,0,48,13,0,0,0.0,0.0,0.0,0.0,0.0,0.0
0,1,48,1,0,0,0.0,0.0,0.0,0.0,0.0,0.0
0,0,48,0,0,1,0.0,0.0,1.0,0.0,0.0,1.0
1,0,48,1,0,0,0.0,0.0,0.0,0.0,1.0,0.0
1,0,48,1,0,1,0.0,1.0,0.0,0.0,0.0,0.0
1,0,48,18,0,0,0.0,0.0,0.0,0.0,0.0,0.0
1,0,48,3,0,0,0.0,0.0,0.0,1.0,0.0,0.0
0,1,47,2,0,0,0.0,1.0,0.0,0.0,1.0,0.0
0,0,47,2,0,0,0.0,0.0,0.0,0.0,0.0,0.0
0,0,47,2,0,1,0.0,0.0,1.0,0.0,0.0,0.0
0,1,47,0,0,0,0.0,0.0,0.0,0.0,0.0,0.0
1,0,47,23,0,1,0.0,0.0,0.0,1.0,0.0,0.0
0,0,47,2,0,1,0.0,0.0,0.0,0.0,0.0,0.0
1,0,47,5,0,1,0.0,0.0,1.0,0.0,0.0,0.0
0,0,47,0,0,1,0.0,0.0,1.0,1.0,0.0,0.0
1,0,47,7,0,0,0.0,0.0,0.0,1.0,0.0,0.0
0,1,47,4,0,1,0.0,0.0,1.0,1.0,0.0,0.0
0,0,47,4,0,0,0.0,0.0,1.0,1.0,0.0,0.0
1,0,47,0,0,1,0.0,0.0,1.0,0.0,1.0,0.0
0,0,47,1,0,0,0.0,0.0,0.0,0.0,1.0,0.0
0,0,47,1,0,1,0.0,0.0,0.0,1.0,0.0,0.0
1,0,47,1,0,0,0.0,0.0,0.0,0.0,0.0,0.0
1,1,47,1,0,0,0.0,0.0,0.0,0.0,0.0,0.0
0,0,47,0,0,1,0.0,0.0,0.0,0.0,0.0,0.0
0,0,47,5,0,1,1.0,0.0,0.0,0.0,0.0,0.0
1,0,47,21,0,0,0.0,0.0,0.0,1.0,0.0,0.0
0,0,47,2,0,1,0.0,0.0,0.0,0.0,0.0,0.0
0,1,47,0,0,1,0.0,0.0,1.0,0.0,0.0,0.0
0,1,47,0,0,1,0.0,0.0,1.0,0.0,0.0,0.0
1,0,47,12,0,0,0.0,0.0,0.0,1.0,0.0,0.0
0,0,47,0,0,1,0.0,0.0,1.0,0.0,0.0,0.0
0,0,47,1,0,1,0.0,0.0,0.0,0.0,0.0,0.0
1,0,47,3,0,1,0.0,1.0,0.0,0.0,1.0,0.0
0,1,47,0,0,1,0.0,0.0,0.0,0.0,1.0,0.0
0,0,47,11,0,0,0.0,0.0,0.0,0.0,0.0,0.0
0,0,47,1,0,0,0.0,0.0,0.0,1.0,0.0,0.0
0,1,47,0,0,1,0.0,0.0,0.0,1.0,0.0,0.0
1,0,47,2,0,0,0.0,0.0,1.0,0.0,0.0,0.0
0,0,47,0,0,1,0.0,0.0,0.0,0.0,0.0,0.0
0,0,47,1,0,1,0.0,0.0,1.0,0.0,0.0,1.0
0,0,47,2,0,0,0.0,1.0,0.0,0.0,0.0,0.0
1,0,47,3,0,0,0.0,0.0,0.0,1.0,0.0,0.0
1,0,47,23,0,0,0.0,0.0,0.0,1.0,0.0,0.0
1,0,47,22,0,0,0.0,0.0,0.0,1.0,0.0,0.0
0,0,47,0,0,1,0.0,0.0,1.0,0.0,0.0,0.0
1,0,47,1,0,0,0.0,0.0,0.0,0.0,0.0,0.0
0,0,47,5,0,0,0.0,0.0,0.0,1.0,0.0,0.0
1,0,47,4,0,0,0.0,0.0,0.0,0.0,0.0,0.0
0,0,47,3,0,0,0.0,0.0,0.0,1.0,0.0,0.0
1,0,47,3,0,1,0.0,0.0,0.0,1.0,0.0,0.0
0,0,47,0,0,1,0.0,1.0,0.0,0.0,1.0,0.0
0,0,47,1,0,0,0.0,0.0,0.0,0.0,1.0,0.0
0,0,47,20,0,0,0.0,0.0,0.0,1.0,0.0,0.0
0,0,47,0,0,0,0.0,0.0,1.0,0.0,0.0,1.0
0,0,47,1,0,0,0.0,0.0,1.0,0.0,0.0,0.0
0,0,47,1,0,1,0.0,0.0,0.0,0.0,0.0,0.0
1,0,47,4,0,0,0.0,0.0,1.0,1.0,0.0,0.0
1,0,47,19,1,0,0.0,0.0,0.0,1.0,0.0,0.0
0,0,47,0,0,1,0.0,1.0,0.0,0.0,0.0,0.0
0,1,47,1,0,0,0.0,0.0,0.0,0.0,1.0,0.0
0,0,47,3,0,0,0.0,0.0,0.0,0.0,0.0,0.0
0,0,47,0,0,1,0.0,0.0,0.0,1.0,0.0,0.0
1,1,47,0,0,1,0.0,0.0,1.0,0.0,0.0,0.0
1,0,47,14,5,0,0.0,0.0,0.0,1.0,0.0,0.0
1,0,47,4,0,0,0.0,0.0,1.0,1.0,0.0,0.0
0,0,47,5,0,0,0.0,0.0,0.0,1.0,0.0,0.0
0,0,47,3,0,0,0.0,0.0,1.0,1.0,0.0,0.0
0,0,47,15,0,0,0.0,0.0,0.0,1.0,0.0,0.0
1,0,47,1,0,1,0.0,0.0,0.0,1.0,0.0,0.0
1,1,47,19,0,0,0.0,0.0,0.0,1.0,0.0,0.0
1,1,47,21,2,1,0.0,0.0,1.0,1.0,0.0,0.0
0,1,47,0,0,0,0.0,0.0,0.0,0.0,0.0,1.0
1,0,47,13,0,1,0.0,1.0,0.0,0.0,0.0,0.0
0,0,47,14,0,1,0.0,0.0,0.0,1.0,0.0,0.0
0,0,47,1,0,0,0.0,1.0,0.0,1.0,0.0,0.0
1,0,47,5,0,1,0.0,0.0,0.0,0.0,0.0,1.0
0,0,47,0,0,1,0.0,0.0,1.0,0.0,1.0,0.0
0,0,47,2,0,0,0.0,0.0,0.0,0.0,0.0,0.0
0,0,47,6,0,0,0.0,0.0,0.0,1.0,0.0,0.0
0,0,47,3,0,1,0.0,1.0,0.0,0.0,0.0,1.0
0,0,47,3,0,0,0.0,0.0,0.0,0.0,0.0,0.0
0,0,47,0,0,1,0.0,0.0,1.0,0.0,0.0,1.0
1,0,47,3,0,1,0.0,0.0,0.0,0.0,0.0,0.0
0,0,47,3,0,1,0.0,0.0,1.0,0.0,0.0,0.0
0,0,47,0,0,1,0.0,1.0,0.0,0.0,0.0,0.0
0,0,47,17,0,0,0.0,0.0,0.0,1.0,0.0,0.0
0,0,47,9,0,0,0.0,0.0,0.0,1.0,0.0,0.0
0,0,47,0,0,1,0.0,1.0,0.0,0.0,1.0,0.0
0,0,47,0,0,1,0.0,0.0,0.0,0.0,0.0,0.0
0,0,47,2,0,1,0.0,0.0,0.0,0.0,0.0,0.0
1,0,47,0,0,1,0.0,0.0,1.0,0.0,0.0,0.0
0,0,47,1,0,0,0.0,0.0,0.0,0.0,0.0,0.0
0,0,47,3,0,0,0.0,0.0,0.0,0.0,0.0,0.0
0,1,47,1,0,0,0.0,0.0,0.0,1.0,0.0,0.0
0,0,46,15,0,0,0.0,0.0,0.0,0.0,1.0,0.0
0,0,46,2,0,1,0.0,0.0,0.0,1.0,0.0,0.0
1,0,46,3,0,0,0.0,0.0,0.0,0.0,0.0,1.0
0,1,46,2,0,0,0.0,1.0,0.0,0.0,0.0,0.0
0,1,46,0,0,1,0.0,0.0,0.0,0.0,0.0,0.0
0,0,46,1,0,0,0.0,0.0,0.0,0.0,0.0,0.0
0,1,46,2,0,0,0.0,0.0,0.0,0.0,1.0,0.0
0,1,46,0,0,1,0.0,0.0,0.0,0.0,0.0,0.0
0,0,46,18,0,0,0.0,1.0,0.0,1.0,0.0,0.0
1,0,46,2,0,0,0.0,0.0,1.0,0.0,0.0,0.0
1,0,46,2,0,0,0.0,0.0,0.0,1.0,0.0,0.0
0,0,46,1,0,1,0.0,0.0,0.0,0.0,0.0,0.0
1,0,46,15,1,0,0.0,0.0,0.0,1.0,0.0,0.0
0,0,46,0,0,0,0.0,0.0,0.0,1.0,0.0,0.0
0,1,46,1,0,0,0.0,0.0,1.0,0.0,0.0,1.0
0,0,46,0,0,1,0.0,0.0,0.0,0.0,1.0,0.0
0,0,46,0,0,0,0.0,0.0,0.0,0.0,0.0,0.0
0,1,46,0,0,1,0.0,0.0,0.0,0.0,0.0,0.0
0,0,46,0,0,0,0.0,0.0,0.0,0.0,0.0,0.0
0,1,46,7,0,1,0.0,0.0,0.0,1.0,0.0,0.0
1,0,46,10,0,0,0.0,0.0,0.0,0.0,0.0,0.0
1,0,46,3,0,1,0.0,0.0,0.0,1.0,0.0,0.0
0,0,46,5,0,0,0.0,1.0,0.0,0.0,0.0,0.0
0,1,46,0,0,0,0.0,0.0,1.0,0.0,0.0,0.0
0,0,46,12,0,1,0.0,0.0,0.0,1.0,0.0,0.0
0,0,46,0,0,0,0.0,0.0,0.0,0.0,0.0,0.0
0,0,46,1,0,0,0.0,0.0,0.0,0.0,0.0,0.0
0,0,46,0,0,0,0.0,0.0,1.0,0.0,0.0,0.0
0,0,46,0,0,0,0.0,0.0,0.0,0.0,0.0,0.0
0,0,46,2,1,1,0.0,1.0,0.0,0.0,0.0,0.0
0,0,46,0,0,0,0.0,0.0,0.0,0.0,0.0,1.0
0,0,46,5,0,1,0.0,1.0,0.0,0.0,0.0,0.0
0,1,46,0,0,1,0.0,1.0,0.0,0.0,0.0,0.0
1,0,46,2,0,0,0.0,0.0,0.0,0.0,0.0,0.0
0,1,46,0,0,0,0.0,0.0,1.0,1.0,0.0,0.0
1,0,46,13,0,0,0.0,0.0,0.0,1.0,0.0,0.0
0,0,46,0,0,0,0.0,0.0,0.0,0.0,0.0,0.0
0,0,46,1,0,0,0.0,0.0,0.0,0.0,0.0,0.0
0,0,46,1,0,0,1.0,0.0,0.0,0.0,0.0,0.0
0,0,46,0,0,0,0.0,0.0,0.0,1.0,0.0,0.0
0,0,46,2,0,0,0.0,0.0,0.0,0.0,0.0,0.0
1,1,46,1,0,0,0.0,0.0,0.0,1.0,0.0,0.0
1,0,46,9,2,0,0.0,0.0,0.0,1.0,0.0,0.0
0,0,46,2,0,0,0.0,0.0,0.0,0.0,0.0,0.0
0,0,46,0,0,1,0.0,0.0,0.0,1.0,0.0,0.0
1,0,46,5,0,0,0.0,0.0,0.0,0.0,0.0,0.0
0,0,46,0,0,1,0.0,0.0,1.0,1.0,0.0,0.0
1,0,46,1,0,1,0.0,0.0,0.0,1.0,0.0,0.0
0,0,46,0,0,1,0.0,0.0,0.0,0.0,0.0,0.0
1,0,46,3,0,0,0.0,0.0,0.0,1.0,0.0,0.0
1,0,46,1,0,0,0.0,0.0,0.0,0.0,0.0,0.0
0,1,46,1,0,0,0.0,0.0,0.0,0.0,0.0,1.0
0,0,46,9,0,0,0.0,0.0,0.0,1.0,0.0,0.0
1,0,46,2,0,0,0.0,0.0,0.0,1.0,0.0,0.0
0,0,46,0,0,1,0.0,0.0,1.0,1.0,0.0,0.0
0,0,46,4,0,0,0.0,0.0,0.0,0.0,0.0,0.0
0,0,46,0,0,0,0.0,0.0,0.0,0.0,0.0,0.0
0,0,46,4,0,0,0.0,0.0,0.0,1.0,0.0,0.0
0,0,46,0,0,0,0.0,1.0,0.0,0.0,0.0,0.0
1,0,46,0,0,0,0.0,0.0,1.0,0.0,0.0,1.0
1,0,46,7,0,0,0.0,0.0,0.0,0.0,0.0,0.0
0,0,46,2,0,0,0.0,0.0,0.0,1.0,0.0,0.0
0,0,46,5,0,1,0.0,1.0,0.0,0.0,0.0,0.0
1,0,46,0,0,1,0.0,0.0,0.0,0.0,0.0,0.0
0,0,46,0,0,0,0.0,0.0,1.0,0.0,0.0,1.0
0,1,46,4,0,0,0.0,1.0,0.0,1.0,0.0,0.0
0,0,46,2,0,1,0.0,0.0,0.0,1.0,0.0,0.0
1,1,46,1,0,1,0.0,0.0,1.0,0.0,0.0,0.0
0,0,46,2,0,0,0.0,1.0,0.0,0.0,0.0,1.0
0,0,46,9,0,1,0.0,0.0,0.0,0.0,0.0,0.0
0,1,46,1,0,0,0.0,0.0,0.0,0.0,0.0,0.0
0,0,46,0,0,1,0.0,0.0,1.0,0.0,0.0,0.0
0,0,46,0,0,0,0.0,0.0,0.0,0.0,1.0,0.0
1,0,46,8,0,0,0.0,0.0,0.0,1.0,0.0,0.0
0,1,46,1,0,0,0.0,0.0,1.0,0.0,0.0,0.0
0,0,46,0,0,1,0.0,0.0,1.0,0.0,0.0,1.0
0,0,46,2,0,1,0.0,1.0,0.0,0.0,0.0,0.0
1,1,46,0,0,1,0.0,1.0,0.0,0.0,0.0,0.0
0,0,46,13,0,0,0.0,0.0,1.0,0.0,1.0,0.0
0,0,46,1,0,1,0.0,0.0,1.0,0.0,1.0,0.0
0,0,46,0,0,0,0.0,0.0,0.0,0.0,0.0,0.0
1,0,46,0,0,0,0.0,0.0,1.0,0.0,0.0,0.0
1,0,46,14,0,0,0.0,0.0,1.0,0.0,0.0,0.0
0,1,46,4,0,0,0.0,0.0,0.0,1.0,0.0,0.0
1,0,46,8,1,1,0.0,0.0,0.0,1.0,0.0,0.0
0,0,46,3,0,0,0.0,0.0,0.0,0.0,0.0,0.0
0,0,46,0,0,1,0.0,0.0,0.0,0.0,0.0,0.0
0,1,46,1,0,1,0.0,0.0,0.0,1.0,0.0,0.0
1,0,46,3,0,1,0.0,0.0,0.0,1.0,0.0,0.0
0,0,46,3,0,0,0.0,0.0,0.0,1.0,0.0,0.0
1,0,46,5,0,0,0.0,0.0,1.0,1.0,0.0,0.0
0,0,46,3,0,0,0.0,0.0,1.0,1.0,0.0,0.0
1,0,46,6,0,0,0.0,0.0,0.0,0.0,0.0,0.0
0,0,46,4,0,0,0.0,1.0,0.0,0.0,0.0,0.0
0,0,46,0,0,1,0.0,1.0,0.0,0.0,0.0,0.0
1,0,46,5,0,0,0.0,0.0,0.0,1.0,0.0,0.0
1,0,46,1,0,1,0.0,0.0,1.0,0.0,0.0,0.0
1,0,46,12,0,0,0.0,0.0,0.0,0.0,1.0,0.0
0,0,46,5,0,1,0.0,0.0,0.0,0.0,0.0,0.0
0,0,45,2,0,1,0.0,0.0,0.0,1.0,0.0,0.0
1,0,45,6,0,0,0.0,0.0,0.0,0.0,1.0,0.0
0,0,45,1,0,1,0.0,0.0,0.0,0.0,1.0,0.0
1,0,45,1,0,1,0.0,0.0,0.0,0.0,0.0,0.0
0,1,45,1,0,0,0.0,0.0,0.0,0.0,0.0,0.0
0,0,45,1,0,0,0.0,0.0,1.0,0.0,0.0,1.0
0,0,45,0,0,1,0.0,0.0,1.0,0.0,0.0,1.0
1,0,45,4,0,1,0.0,1.0,0.0,1.0,0.0,0.0
0,0,45,1,0,0,0.0,0.0,1.0,0.0,1.0,0.0
0,0,45,3,0,1,0.0,0.0,0.0,1.0,0.0,0.0
1,0,45,15,0,0,0.0,0.0,0.0,1.0,0.0,0.0
1,0,45,1,0,0,0.0,0.0,0.0,1.0,0.0,0.0
1,1,45,1,0,0,0.0,0.0,0.0,0.0,0.0,0.0
0,1,45,1,0,0,0.0,0.0,1.0,0.0,0.0,1.0
0,0,45,0,0,1,0.0,0.0,1.0,0.0,0.0,1.0
0,1,45,0,0,1,0.0,1.0,0.0,0.0,1.0,0.0
0,0,45,1,0,1,0.0,0.0,0.0,1.0,0.0,0.0
0,0,45,2,0,1,0.0,0.0,0.0,0.0,0.0,0.0
0,0,45,0,0,0,0.0,0.0,1.0,0.0,0.0,0.0
1,0,45,0,0,1,0.0,0.0,0.0,1.0,0.0,0.0
0,0,45,0,0,1,0.0,1.0,0.0,0.0,1.0,0.0
0,0,45,1,0,1,0.0,1.0,0.0,0.0,0.0,0.0
0,1,45,5,0,1,0.0,0.0,1.0,0.0,0.0,0.0
0,0,45,1,0,0,0.0,0.0,0.0,0.0,0.0,0.0
0,0,45,0,0,1,0.0,0.0,0.0,1.0,0.0,0.0
0,1,45,1,0,1,0.0,1.0,0.0,0.0,0.0,1.0
1,0,45,3,0,0,0.0,0.0,0.0,0.0,0.0,0.0
1,0,45,1,0,0,0.0,0.0,0.0,0.0,0.0,0.0
1,0,45,0,0,0,0.0,0.0,0.0,1.0,0.0,0.0
0,0,45,1,0,0,0.0,1.0,0.0,0.0,1.0,0.0
0,1,45,9,0,1,0.0,0.0,0.0,1.0,0.0,0.0
1,0,45,17,0,0,0.0,0.0,0.0,1.0,0.0,0.0
1,0,45,8,0,0,0.0,1.0,0.0,1.0,0.0,0.0
1,0,45,12,1,1,0.0,0.0,0.0,1.0,0.0,0.0
1,0,45,19,0,0,0.0,0.0,0.0,0.0,0.0,0.0
0,0,45,6,0,0,0.0,0.0,1.0,0.0,1.0,0.0
0,0,45,1,0,1,0.0,0.0,0.0,0.0,0.0,0.0
0,1,45,2,0,0,0.0,0.0,0.0,1.0,0.0,0.0
0,0,45,4,0,1,0.0,0.0,1.0,1.0,0.0,0.0
0,0,45,3,0,0,0.0,1.0,0.0,0.0,0.0,0.0
0,0,45,7,0,0,0.0,0.0,0.0,0.0,0.0,0.0
0,0,45,4,0,0,0.0,0.0,0.0,0.0,1.0,0.0
1,1,45,15,0,0,0.0,0.0,0.0,0.0,0.0,1.0
1,0,45,10,0,0,0.0,0.0,0.0,1.0,0.0,0.0
0,0,45,2,0,0,0.0,0.0,0.0,0.0,0.0,0.0
1,0,45,15,0,0,0.0,0.0,0.0,1.0,0.0,0.0
0,0,45,2,0,0,0.0,0.0,0.0,0.0,0.0,0.0
0,1,45,1,0,0,0.0,0.0,1.0,0.0,0.0,0.0
0,0,45,0,0,1,0.0,0.0,0.0,0.0,0.0,1.0
0,0,45,16,1,0,0.0,0.0,0.0,1.0,0.0,0.0
0,0,45,2,0,0,0.0,0.0,0.0,0.0,1.0,0.0
0,0,45,0,0,1,0.0,0.0,1.0,0.0,0.0,0.0
0,0,45,0,0,0,0.0,1.0,0.0,0.0,1.0,0.0
0,0,45,8,0,0,0.0,0.0,0.0,0.0,1.0,0.0
1,0,45,4,0,1,0.0,0.0,0.0,0.0,0.0,0.0
0,0,45,3,0,0,0.0,0.0,1.0,0.0,1.0,0.0
0,0,45,6,0,0,0.0,0.0,0.0,1.0,0.0,0.0
1,0,45,8,0,1,0.0,1.0,0.0,0.0,0.0,0.0
0,1,45,0,0,1,0.0,0.0,1.0,0.0,0.0,1.0
0,1,45,1,0,1,0.0,0.0,1.0,0.0,0.0,0.0
0,0,45,1,0,0,0.0,0.0,0.0,1.0,0.0,0.0
0,0,45,20,2,1,0.0,0.0,1.0,1.0,0.0,0.0
1,0,45,20,0,0,0.0,0.0,0.0,0.0,1.0,0.0
0,0,45,0,0,0,0.0,0.0,0.0,0.0,0.0,0.0
0,1,45,1,0,0,0.0,0.0,1.0,1.0,0.0,0.0
0,0,45,0,0,0,0.0,0.0,1.0,0.0,0.0,1.0
1,0,45,0,0,0,0.0,0.0,1.0,1.0,0.0,0.0
0,0,45,5,0,0,0.0,0.0,1.0,1.0,0.0,0.0
0,0,45,0,0,1,0.0,0.0,1.0,1.0,0.0,0.0
0,0,45,0,0,1,0.0,0.0,0.0,1.0,0.0,0.0
0,0,45,1,0,0,0.0,0.0,0.0,1.0,0.0,0.0
0,0,45,2,0,0,0.0,0.0,0.0,0.0,0.0,0.0
0,0,45,2,0,1,0.0,0.0,0.0,0.0,0.0,0.0
0,0,45,2,0,1,0.0,0.0,0.0,0.0,0.0,0.0
0,1,45,3,0,1,0.0,0.0,1.0,0.0,0.0,0.0
0,0,45,1,0,1,0.0,0.0,1.0,0.0,1.0,0.0
0,0,45,1,0,1,0.0,0.0,0.0,0.0,0.0,0.0
0,0,45,1,0,0,0.0,0.0,0.0,1.0,0.0,0.0
0,0,45,2,0,0,0.0,0.0,0.0,0.0,0.0,0.0
1,0,45,13,0,1,0.0,1.0,0.0,1.0,0.0,0.0
0,1,45,1,0,0,0.0,0.0,0.0,1.0,0.0,0.0
1,1,45,0,0,0,0.0,0.0,0.0,0.0,0.0,0.0
0,0,45,11,0,0,0.0,0.0,0.0,1.0,0.0,0.0
0,1,45,4,0,0,0.0,0.0,0.0,0.0,0.0,0.0
0,0,45,3,0,0,0.0,0.0,0.0,1.0,0.0,0.0
1,0,45,3,0,1,0.0,1.0,0.0,0.0,0.0,0.0
0,0,45,0,0,1,0.0,0.0,1.0,0.0,0.0,0.0
0,0,45,1,0,1,0.0,0.0,0.0,1.0,0.0,0.0
0,1,45,3,0,0,0.0,0.0,0.0,1.0,0.0,0.0
0,1,45,0,0,1,0.0,0.0,1.0,0.0,0.0,0.0
0,0,45,7,0,0,0.0,0.0,0.0,1.0,0.0,0.0
0,1,45,0,0,0,0.0,0.0,0.0,1.0,0.0,0.0
0,0,45,3,0,0,0.0,0.0,1.0,1.0,0.0,0.0
1,0,45,0,0,1,0.0,1.0,0.0,0.0,1.0,0.0
0,0,45,16,0,0,0.0,0.0,1.0,1.0,0.0,0.0
0,0,45,1,0,1,0.0,0.0,1.0,0.0,0.0,0.0
0,0,45,8,0,0,0.0,0.0,0.0,0.0,1.0,0.0
0,0,45,1,0,1,0.0,0.0,0.0,0.0,1.0,0.0
0,0,45,0,0,0,0.0,0.0,0.0,0.0,1.0,0.0
0,0,45,0,0,0,1.0,0.0,0.0,0.0,0.0,0.0
1,0,45,1,0,0,0.0,0.0,0.0,0.0,0.0,0.0
0,1,45,0,0,1,0.0,0.0,0.0,0.0,0.0,0.0
0,0,44,0,0,0,0.0,0.0,0.0,1.0,0.0,0.0
0,0,44,0,0,0,0.0,0.0,0.0,0.0,0.0,0.0
0,1,44,0,0,1,0.0,0.0,0.0,1.0,0.0,0.0
0,0,44,0,0,1,0.0,0.0,0.0,0.0,1.0,0.0
1,0,44,2,0,0,0.0,1.0,0.0,0.0,1.0,0.0
0,0,44,0,0,0,0.0,0.0,0.0,1.0,0.0,0.0
0,1,44,0,0,1,0.0,0.0,1.0,0.0,1.0,0.0
0,1,44,0,0,1,0.0,0.0,1.0,0.0,0.0,0.0
1,0,44,6,0,0,0.0,0.0,0.0,0.0,0.0,0.0
0,0,44,2,0,1,0.0,1.0,0.0,0.0,1.0,0.0
0,0,44,0,0,1,0.0,1.0,0.0,0.0,1.0,0.0
0,0,44,0,0,0,0.0,0.0,0.0,1.0,0.0,0.0
1,0,44,1,0,1,0.0,0.0,0.0,0.0,0.0,0.0
0,0,44,4,0,0,0.0,0.0,1.0,0.0,0.0,0.0
0,0,44,1,0,0,0.0,0.0,1.0,0.0,0.0,0.0
0,1,44,0,0,1,0.0,0.0,1.0,0.0,0.0,0.0
0,1,44,1,0,0,0.0,0.0,0.0,0.0,0.0,0.0
0,0,44,0,0,0,0.0,0.0,0.0,1.0,0.0,0.0
0,1,44,0,0,0,0.0,1.0,0.0,1.0,0.0,0.0
0,0,44,0,0,0,0.0,0.0,0.0,1.0,0.0,0.0
0,0,44,3,0,1,0.0,0.0,0.0,1.0,0.0,0.0
0,0,44,4,0,0,0.0,0.0,0.0,0.0,0.0,0.0
0,0,44,1,0,1,0.0,0.0,0.0,0.0,0.0,0.0
1,0,44,0,0,1,0.0,0.0,0.0,0.0,0.0,0.0
0,0,44,0,0,1,0.0,0.0,1.0,0.0,1.0,0.0
1,0,44,6,0,0,0.0,0.0,1.0,0.0,0.0,1.0
0,0,44,6,0,0,0.0,1.0,0.0,0.0,0.0,0.0
0,0,44,3,0,1,0.0,0.0,0.0,1.0,0.0,0.0
0,0,44,0,0,1,0.0,1.0,0.0,0.0,0.0,1.0
1,0,44,14,0,0,0.0,0.0,0.0,1.0,0.0,0.0
0,1,44,0,0,1,0.0,1.0,0.0,0.0,1.0,0.0
1,0,44,1,0,0,0.0,1.0,0.0,0.0,0.0,0.0
0,0,44,11,0,1,0.0,0.0,0.0,0.0,0.0,0.0
0,0,44,1,0,0,0.0,0.0,0.0,1.0,0.0,0.0
0,0,44,2,0,0,0.0,0.0,0.0,1.0,0.0,0.0
0,0,44,1,0,0,0.0,0.0,0.0,0.0,0.0,0.0
0,0,44,2,0,1,0.0,0.0,0.0,1.0,0.0,0.0
0,0,44,0,0,0,0.0,0.0,1.0,0.0,0.0,1.0
0,0,44,0,0,0,0.0,1.0,0.0,0.0,1.0,0.0
0,0,44,0,0,1,0.0,0.0,0.0,1.0,0.0,0.0
0,0,44,5,0,0,0.0,0.0,1.0,0.0,0.0,0.0
0,0,44,0,0,0,0.0,0.0,1.0,1.0,0.0,0.0
0,1,44,0,0,1,0.0,0.0,0.0,0.0,0.0,0.0
1,0,44,7,0,0,0.0,0.0,0.0,1.0,0.0,0.0
0,0,44,0,0,1,0.0,0.0,0.0,0.0,0.0,0.0
1,1,44,1,0,0,0.0,0.0,0.0,0.0,0.0,0.0
0,0,44,6,0,0,0.0,0.0,0.0,1.0,0.0,0.0
1,0,44,0,0,1,0.0,0.0,1.0,0.0,0.0,0.0
0,0,44,24,0,1,0.0,0.0,0.0,1.0,0.0,0.0
0,1,44,1,0,1,0.0,0.0,1.0,1.0,0.0,0.0
1,1,44,11,0,0,0.0,0.0,0.0,0.0,0.0,0.0
1,0,44,8,0,1,0.0,0.0,0.0,0.0,0.0,0.0
0,0,44,0,0,0,0.0,0.0,0.0,1.0,0.0,0.0
0,0,44,7,0,0,0.0,0.0,0.0,1.0,0.0,0.0
0,0,44,0,0,1,0.0,1.0,0.0,0.0,0.0,0.0
0,0,44,0,0,0,0.0,0.0,0.0,0.0,0.0,0.0
0,0,44,1,0,1,0.0,0.0,0.0,0.0,0.0,0.0
0,0,44,0,0,1,0.0,0.0,1.0,0.0,0.0,0.0
0,0,44,1,0,1,0.0,0.0,0.0,1.0,0.0,0.0
0,0,44,3,0,0,0.0,0.0,0.0,0.0,0.0,0.0
0,0,44,2,0,1,0.0,0.0,0.0,0.0,0.0,0.0
0,0,44,0,0,1,0.0,0.0,0.0,0.0,0.0,0.0
1,0,44,0,0,0,0.0,0.0,1.0,0.0,0.0,0.0
1,1,44,10,0,0,0.0,0.0,0.0,0.0,0.0,0.0
1,1,44,4,0,0,0.0,0.0,1.0,0.0,1.0,0.0
1,0,44,2,0,1,0.0,0.0,1.0,0.0,0.0,0.0
0,0,44,1,1,1,0.0,0.0,1.0,1.0,0.0,0.0
1,0,44,8,0,0,0.0,0.0,0.0,0.0,0.0,0.0
0,0,44,2,0,0,0.0,1.0,0.0,0.0,1.0,0.0
1,0,44,4,0,1,0.0,0.0,0.0,0.0,0.0,0.0
0,0,44,9,0,0,0.0,0.0,0.0,1.0,0.0,0.0
1,0,44,6,0,0,0.0,0.0,0.0,1.0,0.0,0.0
0,0,44,3,0,0,0.0,0.0,1.0,0.0,0.0,0.0
1,1,44,4,0,0,0.0,0.0,1.0,0.0,0.0,0.0
0,0,44,2,0,0,0.0,0.0,0.0,1.0,0.0,0.0
0,0,44,4,0,1,0.0,1.0,0.0,0.0,0.0,0.0
0,0,44,0,0,1,0.0,1.0,0.0,1.0,0.0,0.0
0,1,44,1,0,1,0.0,0.0,0.0,0.0,0.0,0.0
0,0,44,9,0,0,0.0,0.0,0.0,1.0,0.0,0.0
1,0,44,10,0,1,0.0,0.0,0.0,1.0,0.0,0.0
0,1,44,6,0,0,0.0,0.0,0.0,1.0,0.0,0.0
1,0,44,6,0,0,0.0,0.0,0.0,0.0,0.0,0.0
0,0,44,7,1,0,0.0,0.0,0.0,1.0,0.0,0.0
1,1,44,0,0,0,0.0,0.0,1.0,0.0,0.0,0.0
1,0,44,2,0,0,0.0,0.0,0.0,0.0,0.0,0.0
1,1,44,0,0,1,0.0,0.0,0.0,0.0,0.0,0.0
0,0,44,5,0,0,0.0,0.0,0.0,0.0,0.0,0.0
0,0,44,0,0,1,0.0,1.0,0.0,1.0,0.0,0.0
1,0,44,7,0,0,0.0,0.0,1.0,0.0,1.0,0.0
0,0,44,0,0,0,0.0,0.0,0.0,0.0,0.0,0.0
0,0,44,0,0,1,0.0,0.0,0.0,0.0,0.0,0.0
0,0,44,4,0,0,0.0,1.0,0.0,0.0,0.0,0.0
0,0,44,16,3,1,0.0,0.0,0.0,0.0,0.0,0.0
0,1,44,1,0,1,0.0,0.0,1.0,0.0,0.0,0.0
0,0,44,0,0,0,0.0,0.0,1.0,1.0,0.0,0.0
0,0,43,2,0,0,0.0,0.0,1.0,1.0,0.0,0.0
0,0,43,0,0,1,0.0,0.0,1.0,0.0,1.0,0.0
0,0,43,2,0,0,0.0,1.0,0.0,0.0,0.0,0.0
0,1,43,0,0,1,0.0,1.0,0.0,0.0,0.0,0.0
1,0,43,0,0,0,0.0,0.0,0.0,0.0,0.0,0.0
0,0,43,0,0,0,0.0,0.0,0.0,1.0,0.0,0.0
0,1,43,9,1,1,0.0,0.0,0.0,1.0,0.0,0.0
1,0,43,2,0,0,0.0,1.0,0.0,0.0,0.0,1.0
1,0,43,15,0,1,0.0,0.0,0.0,1.0,0.0,0.0
0,0,43,0,0,1,0.0,0.0,0.0,0.0,0.0,0.0
1,0,43,0,0,0,0.0,0.0,0.0,1.0,0.0,0.0
0,1,43,2,0,1,0.0,1.0,0.0,1.0,0.0,0.0
0,0,43,8,0,0,0.0,0.0,1.0,0.0,0.0,0.0
1,0,43,18,0,0,0.0,0.0,0.0,1.0,0.0,0.0
0,1,43,0,0,0,0.0,0.0,0.0,0.0,0.0,0.0
0,0,43,0,0,1,0.0,0.0,0.0,1.0,0.0,0.0
1,1,43,0,0,1,0.0,0.0,0.0,0.0,0.0,0.0
1,0,43,13,0,0,0.0,0.0,0.0,0.0,0.0,0.0
0,0,43,2,0,0,0.0,0.0,1.0,0.0,0.0,0.0
1,1,43,0,0,1,0.0,0.0,1.0,0.0,0.0,0.0
0,0,43,7,0,0,0.0,1.0,0.0,1.0,0.0,0.0
1,0,43,6,0,0,0.0,0.0,0.0,0.0,0.0,0.0
1,0,43,1,0,1,0.0,0.0,1.0,1.0,0.0,0.0
1,0,43,3,0,1,0.0,0.0,0.0,0.0,1.0,0.0
0,0,43,9,0,0,0.0,1.0,0.0,0.0,0.0,0.0
0,0,43,0,0,1,0.0,0.0,0.0,0.0,0.0,0.0
1,0,43,8,1,0,0.0,0.0,0.0,1.0,0.0,0.0
1,0,43,9,0,0,0.0,0.0,1.0,1.0,0.0,0.0
1,0,43,0,0,1,0.0,0.0,0.0,1.0,0.0,0.0
0,0,43,0,0,1,0.0,0.0,0.0,1.0,0.0,0.0
0,0,43,4,0,0,0.0,0.0,0.0,0.0,0.0,0.0
1,0,43,7,0,0,0.0,0.0,0.0,1.0,0.0,0.0
1,0,43,4,0,0,0.0,0.0,0.0,1.0,0.0,0.0
0,1,43,0,0,1,0.0,0.0,1.0,0.0,0.0,0.0
1,0,43,11,0,0,0.0,0.0,0.0,0.0,0.0,0.0
0,1,43,0,0,1,0.0,0.0,0.0,0.0,0.0,0.0
0,0,43,1,0,0,0.0,0.0,0.0,0.0,0.0,0.0
0,0,43,0,0,1,0.0,0.0,1.0,0.0,0.0,0.0
0,0,43,1,0,0,0.0,0.0,0.0,1.0,0.0,0.0
0,0,43,2,0,0,0.0,0.0,0.0,0.0,0.0,0.0
0,0,43,1,0,0,0.0,0.0,0.0,0.0,0.0,0.0
0,0,43,20,1,0,0.0,0.0,0.0,1.0,0.0,0.0
0,0,43,12,0,0,0.0,0.0,0.0,0.0,0.0,0.0
0,1,43,0,0,1,0.0,1.0,0.0,0.0,0.0,0.0
1,0,43,0,0,0,0.0,0.0,0.0,1.0,0.0,0.0
0,0,43,1,0,1,0.0,0.0,1.0,1.0,0.0,0.0
0,0,43,1,0,1,0.0,0.0,1.0,0.0,0.0,0.0
0,0,43,0,0,1,0.0,1.0,0.0,0.0,0.0,0.0
0,0,43,5,0,1,0.0,0.0,0.0,1.0,0.0,0.0
0,0,43,5,0,0,0.0,0.0,0.0,1.0,0.0,0.0
0,1,43,0,0,0,0.0,0.0,0.0,1.0,0.0,0.0
0,1,43,0,0,1,0.0,0.0,0.0,1.0,0.0,0.0
0,0,43,2,0,0,0.0,0.0,1.0,0.0,0.0,0.0
1,0,43,2,0,0,0.0,1.0,0.0,0.0,0.0,0.0
0,0,43,2,0,1,0.0,0.0,0.0,0.0,0.0,1.0
0,1,43,0,0,1,0.0,0.0,1.0,1.0,0.0,0.0
0,0,43,2,0,1,0.0,0.0,1.0,0.0,0.0,1.0
0,0,43,1,0,1,0.0,0.0,0.0,0.0,1.0,0.0
0,0,43,4,0,0,0.0,0.0,0.0,1.0,0.0,0.0
0,1,43,6,0,0,0.0,0.0,0.0,1.0,0.0,0.0
1,0,43,0,0,1,0.0,0.0,0.0,0.0,0.0,0.0
0,0,43,1,0,1,0.0,0.0,0.0,1.0,0.0,0.0
0,0,43,0,0,0,0.0,0.0,0.0,1.0,0.0,0.0
0,0,43,0,0,1,0.0,0.0,0.0,0.0,0.0,0.0
0,1,43,2,0,0,0.0,0.0,0.0,1.0,0.0,0.0
1,1,43,0,0,0,0.0,0.0,0.0,0.0,0.0,0.0
0,1,43,0,0,1,0.0,0.0,1.0,0.0,0.0,0.0
0,0,43,0,0,1,0.0,0.0,1.0,0.0,1.0,0.0
0,0,43,23,1,0,0.0,0.0,0.0,1.0,0.0,0.0
1,0,43,3,0,0,0.0,0.0,0.0,1.0,0.0,0.0
1,0,43,8,0,0,0.0,0.0,0.0,1.0,0.0,0.0
0,0,43,0,0,0,0.0,0.0,0.0,1.0,0.0,0.0
0,1,43,7,0,0,0.0,0.0,0.0,0.0,0.0,0.0
1,0,43,1,0,0,0.0,0.0,1.0,0.0,0.0,0.0
0,0,43,1,0,1,0.0,1.0,0.0,0.0,0.0,0.0
1,0,43,0,0,0,0.0,0.0,1.0,0.0,0.0,0.0
0,0,43,2,0,1,0.0,0.0,0.0,1.0,0.0,0.0
0,0,43,1,0,0,0.0,0.0,0.0,0.0,0.0,0.0
1,1,43,3,0,1,0.0,1.0,0.0,0.0,0.0,0.0
0,0,43,2,0,0,0.0,0.0,1.0,0.0,0.0,1.0
0,0,43,1,0,0,0.0,0.0,0.0,0.0,0.0,1.0
1,0,43,11,0,0,1.0,0.0,0.0,0.0,0.0,0.0
0,0,43,0,0,0,0.0,0.0,1.0,0.0,0.0,0.0
0,0,43,4,0,1,0.0,1.0,0.0,0.0,0.0,0.0
0,0,43,1,0,0,0.0,0.0,1.0,0.0,0.0,0.0
1,0,43,3,0,1,0.0,0.0,0.0,0.0,0.0,0.0
0,0,43,3,0,0,0.0,0.0,1.0,0.0,0.0,1.0
1,0,43,1,0,1,0.0,0.0,0.0,0.0,1.0,0.0
0,1,43,0,0,1,0.0,0.0,1.0,0.0,0.0,0.0
0,0,43,8,0,1,0.0,0.0,0.0,1.0,0.0,0.0
0,0,43,3,0,0,0.0,0.0,1.0,0.0,0.0,1.0
0,0,43,2,0,0,0.0,0.0,0.0,1.0,0.0,0.0
1,1,43,2,0,0,0.0,0.0,1.0,1.0,0.0,0.0
1,1,43,3,0,0,0.0,0.0,0.0,1.0,0.0,0.0
1,0,43,0,0,0,0.0,0.0,0.0,1.0,0.0,0.0
0,0,43,5,0,0,0.0,1.0,0.0,0.0,0.0,0.0
0,0,43,4,0,1,0.0,1.0,0.0,0.0,0.0,0.0
0,0,43,1,0,0,0.0,0.0,0.0,1.0,0.0,0.0
0,0,43,2,0,0,0.0,0.0,0.0,1.0,0.0,0.0
0,1,42,3,0,0,0.0,1.0,0.0,0.0,0.0,0.0
0,0,42,3,0,0,0.0,0.0,0.0,0.0,0.0,0.0
0,0,42,0,0,1,0.0,0.0,0.0,0.0,0.0,0.0
1,0,42,14,0,0,0.0,0.0,1.0,1.0,0.0,0.0
1,0,42,4,0,0,0.0,0.0,0.0,0.0,0.0,0.0
1,0,42,9,0,0,0.0,0.0,0.0,1.0,0.0,0.0
0,1,42,0,0,1,0.0,0.0,1.0,0.0,0.0,0.0
1,0,42,13,2,1,0.0,0.0,0.0,1.0,0.0,0.0
0,0,42,1,0,1,0.0,0.0,1.0,0.0,0.0,0.0
0,0,42,1,0,0,0.0,0.0,0.0,1.0,0.0,0.0
0,0,42,0,0,0,0.0,0.0,0.0,0.0,0.0,0.0
0,1,42,2,0,1,0.0,0.0,0.0,1.0,0.0,0.0
1,0,42,1,0,0,0.0,0.0,0.0,1.0,0.0,0.0
0,0,42,4,0,1,0.0,1.0,0.0,1.0,0.0,0.0
0,0,42,1,0,0,0.0,0.0,0.0,1.0,0.0,0.0
0,0,42,7,0,1,0.0,0.0,0.0,1.0,0.0,0.0
0,0,42,1,0,0,0.0,1.0,0.0,0.0,1.0,0.0
0,0,42,1,0,1,0.0,0.0,1.0,0.0,0.0,1.0
1,1,42,1,0,0,0.0,0.0,0.0,0.0,0.0,0.0
1,0,42,5,1,0,0.0,0.0,0.0,1.0,0.0,0.0
0,1,42,0,0,1,0.0,1.0,0.0,0.0,0.0,0.0
1,0,42,33,0,0,0.0,0.0,0.0,1.0,0.0,0.0
0,0,42,0,0,0,0.0,0.0,1.0,0.0,0.0,0.0
0,0,42,1,0,0,0.0,0.0,0.0,0.0,0.0,0.0
0,0,42,5,0,0,0.0,0.0,0.0,0.0,0.0,0.0
0,0,42,2,0,1,0.0,0.0,1.0,0.0,0.0,0.0
1,0,42,7,0,0,0.0,0.0,0.0,1.0,0.0,0.0
0,0,42,2,0,0,0.0,0.0,0.0,1.0,0.0,0.0
0,0,42,8,0,0,0.0,0.0,0.0,1.0,0.0,0.0
1,0,42,6,0,0,0.0,0.0,1.0,1.0,0.0,0.0
0,0,42,1,0,0,0.0,0.0,0.0,0.0,0.0,1.0
0,0,42,0,0,0,0.0,0.0,1.0,0.0,0.0,0.0
0,1,42,16,0,0,0.0,0.0,0.0,1.0,0.0,0.0
1,1,42,5,0,1,0.0,1.0,0.0,0.0,0.0,0.0
0,0,42,1,0,0,0.0,0.0,1.0,1.0,0.0,0.0
1,0,42,1,0,1,0.0,0.0,0.0,1.0,0.0,0.0
1,0,42,17,0,1,0.0,0.0,0.0,1.0,0.0,0.0
0,1,42,0,0,1,0.0,0.0,0.0,0.0,0.0,0.0
0,0,42,0,0,1,0.0,1.0,0.0,0.0,1.0,0.0
0,0,42,5,0,0,0.0,0.0,0.0,1.0,0.0,0.0
0,0,42,0,0,1,0.0,0.0,1.0,1.0,0.0,0.0
0,0,42,0,0,0,0.0,0.0,1.0,0.0,0.0,0.0
0,0,42,3,0,1,0.0,1.0,0.0,0.0,1.0,0.0
0,0,42,0,0,1,0.0,0.0,1.0,0.0,0.0,0.0
0,0,42,0,0,1,0.0,0.0,0.0,0.0,0.0,0.0
1,0,42,1,0,0,0.0,0.0,0.0,0.0,1.0,0.0
0,0,42,6,0,1,0.0,0.0,0.0,0.0,0.0,1.0
0,1,42,1,0,0,0.0,0.0,1.0,1.0,0.0,0.0
0,0,42,3,0,0,0.0,0.0,1.0,1.0,0.0,0.0
1,0,42,3,0,0,0.0,0.0,0.0,0.0,0.0,0.0
0,1,42,2,0,1,0.0,0.0,0.0,0.0,0.0,1.0
0,1,42,0,0,1,0.0,0.0,0.0,0.0,0.0,0.0
0,0,42,0,0,0,0.0,0.0,0.0,1.0,0.0,0.0
0,0,42,0,0,1,0.0,0.0,0.0,0.0,0.0,0.0
0,0,42,0,0,0,0.0,0.0,1.0,1.0,0.0,0.0
0,0,42,0,0,0,0.0,0.0,0.0,1.0,0.0,0.0
1,0,42,2,0,0,0.0,0.0,1.0,0.0,0.0,0.0
0,0,42,0,0,1,0.0,0.0,0.0,0.0,0.0,0.0
0,0,42,1,0,0,0.0,0.0,0.0,0.0,0.0,1.0
0,0,42,1,0,1,0.0,0.0,0.0,1.0,0.0,0.0
0,0,42,7,0,0,0.0,0.0,1.0,1.0,0.0,0.0
0,1,42,0,0,0,0.0,1.0,0.0,0.0,0.0,1.0
1,0,42,7,1,0,0.0,0.0,0.0,1.0,0.0,0.0
1,0,42,1,0,1,0.0,0.0,0.0,1.0,0.0,0.0
0,0,42,5,0,0,0.0,0.0,0.0,0.0,0.0,0.0
0,0,42,1,0,0,0.0,1.0,0.0,1.0,0.0,0.0
0,1,42,1,0,0,0.0,0.0,0.0,1.0,0.0,0.0
0,1,42,0,0,1,0.0,0.0,0.0,0.0,0.0,0.0
0,1,42,2,0,0,0.0,0.0,0.0,1.0,0.0,0.0
0,0,42,0,0,0,0.0,0.0,0.0,0.0,0.0,0.0
0,1,42,0,0,0,0.0,0.0,1.0,1.0,0.0,0.0
0,0,42,0,0,1,0.0,0.0,0.0,0.0,0.0,1.0
0,0,42,0,0,1,0.0,0.0,1.0,0.0,0.0,0.0
0,0,42,1,0,0,0.0,0.0,1.0,1.0,0.0,0.0
1,1,42,8,0,0,0.0,0.0,0.0,1.0,0.0,0.0
1,1,42,4,0,1,0.0,1.0,0.0,0.0,0.0,0.0
0,0,42,0,0,1,0.0,0.0,0.0,1.0,0.0,0.0
0,0,42,1,0,1,0.0,0.0,1.0,0.0,0.0,0.0
0,1,42,0,0,0,0.0,0.0,1.0,0.0,0.0,0.0
1,1,42,0,0,0,0.0,0.0,0.0,0.0,0.0,0.0
0,1,42,0,0,0,0.0,1.0,0.0,0.0,0.0,0.0
1,1,42,0,0,0,0.0,0.0,0.0,0.0,0.0,0.0
0,0,42,1,0,0,0.0,1.0,0.0,0.0,0.0,0.0
0,0,42,8,0,0,0.0,0.0,0.0,0.0,0.0,0.0
1,0,42,1,0,1,0.0,1.0,0.0,0.0,0.0,0.0
1,0,42,1,0,0,0.0,0.0,1.0,0.0,0.0,0.0
0,1,42,1,0,0,0.0,0.0,0.0,1.0,0.0,0.0
0,0,42,6,0,0,0.0,0.0,0.0,0.0,0.0,0.0
0,1,42,1,0,0,0.0,0.0,0.0,1.0,0.0,0.0
0,0,42,1,0,0,0.0,0.0,1.0,1.0,0.0,0.0
0,0,42,1,0,1,0.0,0.0,1.0,0.0,1.0,0.0
0,1,41,5,0,1,0.0,0.0,0.0,1.0,0.0,0.0
0,1,41,0,0,0,0.0,0.0,1.0,1.0,0.0,0.0
0,1,41,1,0,1,0.0,0.0,0.0,0.0,0.0,0.0
1,0,41,5,0,1,0.0,0.0,1.0,0.0,0.0,0.0
1,0,41,0,0,0,0.0,1.0,0.0,0.0,0.0,0.0
0,0,41,2,0,1,0.0,0.0,0.0,0.0,0.0,0.0
1,0,41,3,0,1,0.0,0.0,0.0,0.0,0.0,0.0
0,0,41,0,0,0,0.0,0.0,0.0,0.0,0.0,0.0
0,0,41,3,0,0,0.0,0.0,1.0,0.0,1.0,0.0
0,0,41,0,0,0,0.0,0.0,0.0,1.0,0.0,0.0
0,0,41,1,0,0,0.0,0.0,0.0,1.0,0.0,0.0
1,0,41,16,2,0,0.0,0.0,0.0,1.0,0.0,0.0
0,1,41,6,1,1,0.0,0.0,0.0,1.0,0.0,0.0
0,0,41,9,3,1,0.0,0.0,0.0,1.0,0.0,0.0
0,0,41,1,0,0,0.0,1.0,0.0,0.0,0.0,0.0
0,0,41,1,0,1,0.0,0.0,0.0,1.0,0.0,0.0
0,0,41,2,0,0,0.0,0.0,1.0,1.0,0.0,0.0
0,0,41,3,0,0,0.0,0.0,0.0,1.0,0.0,0.0
0,1,41,0,0,1,0.0,0.0,0.0,0.0,0.0,0.0
0,0,41,0,0,0,0.0,0.0,1.0,1.0,0.0,0.0
1,0,41,14,0,0,0.0,0.0,0.0,0.0,0.0,0.0
0,0,41,0,0,0,0.0,0.0,0.0,0.0,0.0,0.0
0,1,41,0,0,1,0.0,0.0,1.0,1.0,0.0,0.0
0,0,41,1,0,1,0.0,0.0,0.0,1.0,0.0,0.0
0,0,41,1,0,1,0.0,0.0,1.0,0.0,1.0,0.0
1,0,41,31,0,0,0.0,0.0,0.0,0.0,0.0,1.0
0,0,41,2,0,0,0.0,0.0,0.0,0.0,1.0,0.0
0,0,41,0,0,1,0.0,0.0,0.0,1.0,0.0,0.0
1,0,41,6,2,0,0.0,0.0,1.0,1.0,0.0,0.0
0,0,41,0,0,1,0.0,0.0,0.0,0.0,0.0,0.0
0,1,41,0,0,0,0.0,0.0,0.0,0.0,0.0,0.0
1,0,41,4,0,0,0.0,0.0,0.0,0.0,0.0,0.0
0,0,41,0,0,0,0.0,0.0,1.0,1.0,0.0,0.0
0,0,41,7,0,0,0.0,0.0,0.0,1.0,0.0,0.0
1,0,41,17,0,1,0.0,0.0,0.0,0.0,0.0,0.0
1,0,41,4,0,1,0.0,0.0,0.0,1.0,0.0,0.0
1,1,41,12,0,0,0.0,0.0,0.0,0.0,0.0,0.0
0,0,41,9,0,0,0.0,0.0,1.0,0.0,1.0,0.0
0,1,41,2,0,0,0.0,0.0,0.0,0.0,0.0,1.0
0,0,41,0,0,1,0.0,1.0,0.0,0.0,0.0,0.0
1,0,41,14,3,1,0.0,0.0,0.0,1.0,0.0,0.0
0,0,41,4,0,0,0.0,0.0,0.0,1.0,0.0,0.0
0,0,41,1,0,1,0.0,1.0,0.0,0.0,1.0,0.0
1,0,41,3,0,1,0.0,0.0,1.0,1.0,0.0,0.0
0,1,41,0,0,1,0.0,0.0,1.0,1.0,0.0,0.0
1,0,41,8,0,0,0.0,0.0,0.0,1.0,0.0,0.0
0,0,41,0,0,1,0.0,0.0,1.0,1.0,0.0,0.0
1,0,41,2,0,0,0.0,0.0,0.0,0.0,0.0,1.0
0,0,41,1,0,0,0.0,0.0,0.0,1.0,0.0,0.0
1,0,41,6,0,0,0.0,0.0,0.0,1.0,0.0,0.0
0,0,41,5,0,0,0.0,0.0,0.0,0.0,0.0,0.0
0,1,41,3,0,0,0.0,0.0,1.0,0.0,0.0,0.0
0,0,41,2,0,1,0.0,0.0,1.0,0.0,1.0,0.0
0,0,41,1,0,1,0.0,0.0,0.0,0.0,1.0,0.0
1,0,41,25,0,0,0.0,0.0,0.0,1.0,0.0,0.0
0,0,41,1,0,0,0.0,0.0,0.0,0.0,0.0,0.0
0,0,41,0,0,0,0.0,0.0,1.0,1.0,0.0,0.0
1,1,41,4,0,0,0.0,0.0,0.0,1.0,0.0,0.0
1,1,41,2,0,0,0.0,0.0,0.0,1.0,0.0,0.0
1,0,41,0,0,0,0.0,0.0,1.0,0.0,1.0,0.0
0,1,41,1,0,1,0.0,0.0,1.0,0.0,0.0,0.0
1,0,41,0,0,1,0.0,0.0,0.0,0.0,0.0,0.0
0,0,41,0,0,0,0.0,0.0,0.0,1.0,0.0,0.0
0,0,41,0,0,1,0.0,1.0,0.0,0.0,0.0,0.0
1,0,41,10,1,0,0.0,0.0,0.0,1.0,0.0,0.0
1,0,41,7,1,1,0.0,0.0,0.0,1.0,0.0,0.0
0,0,41,0,0,0,0.0,0.0,0.0,0.0,0.0,0.0
0,0,41,2,0,1,0.0,0.0,0.0,0.0,0.0,0.0
0,0,41,0,0,1,0.0,0.0,1.0,1.0,0.0,0.0
0,0,41,19,0,0,0.0,0.0,0.0,1.0,0.0,0.0
0,0,41,0,0,0,0.0,1.0,0.0,0.0,1.0,0.0
0,0,41,9,1,1,0.0,0.0,0.0,1.0,0.0,0.0
0,1,41,1,0,1,0.0,0.0,0.0,0.0,0.0,0.0
0,0,41,6,0,0,0.0,0.0,0.0,1.0,0.0,0.0
1,0,41,8,0,0,0.0,0.0,0.0,1.0,0.0,0.0
0,0,41,7,0,0,0.0,0.0,0.0,1.0,0.0,0.0
0,0,41,0,0,1,0.0,0.0,0.0,0.0,0.0,0.0
1,0,41,14,0,0,0.0,0.0,0.0,1.0,0.0,0.0
1,0,41,1,0,1,0.0,0.0,0.0,0.0,0.0,0.0
1,0,41,18,2,1,0.0,0.0,0.0,1.0,0.0,0.0
0,1,41,0,0,0,0.0,1.0,0.0,0.0,1.0,0.0
0,0,41,1,0,0,0.0,0.0,1.0,0.0,0.0,0.0
0,0,41,3,0,1,0.0,0.0,0.0,0.0,0.0,0.0
0,0,41,2,0,0,0.0,0.0,1.0,0.0,0.0,0.0
0,0,41,5,0,1,0.0,0.0,1.0,1.0,0.0,0.0
0,0,41,0,0,0,0.0,0.0,0.0,0.0,0.0,0.0
0,1,41,2,0,1,0.0,0.0,0.0,1.0,0.0,0.0
0,0,41,9,0,1,0.0,0.0,0.0,0.0,0.0,0.0
0,0,41,19,0,0,0.0,0.0,0.0,1.0,0.0,0.0
0,1,41,0,0,0,0.0,1.0,0.0,0.0,1.0,0.0
1,0,41,3,0,0,0.0,0.0,0.0,1.0,0.0,0.0
0,0,41,2,0,0,0.0,0.0,0.0,1.0,0.0,0.0
0,0,41,1,0,0,0.0,0.0,1.0,0.0,0.0,0.0
1,0,41,2,0,1,0.0,0.0,0.0,1.0,0.0,0.0
0,0,41,7,0,1,0.0,0.0,0.0,1.0,0.0,0.0
0,0,41,5,0,0,0.0,0.0,0.0,0.0,0.0,0.0
0,0,41,0,0,1,0.0,0.0,1.0,0.0,0.0,0.0
0,0,41,0,0,1,0.0,0.0,1.0,0.0,0.0,1.0
1,1,41,7,0,0,0.0,0.0,0.0,1.0,0.0,0.0
0,0,41,8,0,0,0.0,0.0,1.0,1.0,0.0,0.0
0,1,41,0,0,1,0.0,0.0,0.0,0.0,0.0,0.0
0,0,41,13,0,0,0.0,0.0,0.0,1.0,0.0,0.0
1,1,41,9,0,1,0.0,0.0,1.0,0.0,0.0,0.0
1,1,41,8,0,0,0.0,0.0,0.0,1.0,0.0,0.0
0,0,40,3,0,1,0.0,0.0,0.0,0.0,0.0,0.0
0,1,40,2,0,1,0.0,0.0,0.0,0.0,1.0,0.0
1,0,40,4,0,0,0.0,0.0,0.0,0.0,0.0,1.0
0,0,40,1,0,0,0.0,0.0,0.0,0.0,0.0,0.0
0,1,40,0,0,1,0.0,0.0,0.0,0.0,0.0,0.0
0,1,40,0,0,0,0.0,0.0,0.0,0.0,0.0,0.0
0,0,40,0,0,1,0.0,0.0,0.0,0.0,0.0,0.0
0,0,40,1,0,0,0.0,0.0,0.0,1.0,0.0,0.0
0,0,40,0,0,0,0.0,0.0,0.0,0.0,0.0,1.0
0,1,40,3,0,0,0.0,0.0,0.0,0.0,0.0,1.0
0,0,40,0,0,0,0.0,0.0,1.0,1.0,0.0,0.0
0,0,40,0,0,1,0.0,0.0,1.0,0.0,0.0,1.0
1,0,40,4,0,0,0.0,0.0,0.0,0.0,0.0,0.0
0,0,40,0,0,1,0.0,0.0,1.0,0.0,1.0,0.0
0,1,40,0,0,0,0.0,0.0,0.0,1.0,0.0,0.0
1,1,40,15,0,0,0.0,0.0,0.0,1.0,0.0,0.0
0,0,40,3,0,0,0.0,0.0,0.0,1.0,0.0,0.0
0,0,40,21,0,0,0.0,1.0,0.0,1.0,0.0,0.0
0,0,40,3,0,0,0.0,0.0,0.0,0.0,0.0,0.0
0,0,40,1,0,0,0.0,0.0,1.0,0.0,0.0,1.0
1,1,40,7,0,0,0.0,0.0,0.0,0.0,1.0,0.0
1,0,40,8,0,0,0.0,0.0,0.0,0.0,1.0,0.0
0,0,40,1,0,0,0.0,0.0,0.0,0.0,0.0,1.0
0,0,40,6,0,0,0.0,0.0,1.0,0.0,0.0,0.0
0,0,40,13,0,0,0.0,0.0,0.0,1.0,0.0,0.0
0,1,40,0,0,0,0.0,0.0,0.0,0.0,0.0,0.0
0,0,40,0,0,0,0.0,0.0,0.0,1.0,0.0,0.0
0,0,40,0,0,1,0.0,0.0,0.0,0.0,1.0,0.0
0,0,40,0,0,0,0.0,0.0,0.0,0.0,0.0,0.0
0,0,40,4,0,1,0.0,0.0,0.0,0.0,0.0,0.0
0,0,40,1,0,0,0.0,0.0,0.0,1.0,0.0,0.0
0,1,40,0,0,0,0.0,1.0,0.0,0.0,0.0,1.0
1,0,40,8,0,1,0.0,0.0,0.0,1.0,0.0,0.0
0,0,40,2,0,1,0.0,0.0,0.0,0.0,0.0,0.0
0,0,40,4,0,0,0.0,0.0,0.0,0.0,0.0,0.0
1,0,40,3,0,0,0.0,0.0,0.0,1.0,0.0,0.0
1,0,40,23,2,1,0.0,0.0,0.0,1.0,0.0,0.0
0,0,40,3,0,0,0.0,0.0,0.0,1.0,0.0,0.0
0,0,40,0,0,0,0.0,0.0,1.0,0.0,1.0,0.0
0,0,40,9,1,0,0.0,0.0,0.0,0.0,0.0,0.0
1,0,40,1,0,0,0.0,1.0,0.0,1.0,0.0,0.0
0,1,40,2,0,0,0.0,0.0,0.0,1.0,0.0,0.0
0,1,40,1,0,1,0.0,0.0,1.0,0.0,1.0,0.0
0,0,40,7,0,0,0.0,0.0,0.0,1.0,0.0,0.0
1,0,40,11,0,1,0.0,0.0,0.0,1.0,0.0,0.0
0,0,40,0,0,1,0.0,0.0,0.0,0.0,1.0,0.0
1,0,40,5,0,0,0.0,0.0,0.0,1.0,0.0,0.0
0,0,40,20,0,0,0.0,0.0,0.0,1.0,0.0,0.0
0,1,40,0,0,1,0.0,0.0,1.0,0.0,0.0,0.0
1,0,40,8,0,0,0.0,0.0,0.0,0.0,0.0,0.0
0,0,40,2,0,1,0.0,0.0,0.0,1.0,0.0,0.0
0,1,40,4,0,0,0.0,0.0,0.0,0.0,0.0,0.0
1,1,40,3,0,0,0.0,0.0,0.0,0.0,0.0,0.0
0,1,40,7,0,1,0.0,0.0,1.0,1.0,0.0,0.0
1,0,40,0,0,0,0.0,0.0,1.0,0.0,0.0,0.0
1,0,40,4,0,0,0.0,1.0,0.0,0.0,0.0,0.0
0,1,40,4,0,1,0.0,1.0,0.0,1.0,0.0,0.0
0,0,40,1,0,0,0.0,0.0,0.0,0.0,0.0,0.0
0,1,40,0,0,0,0.0,0.0,1.0,0.0,0.0,1.0
0,0,40,2,0,0,0.0,0.0,0.0,1.0,0.0,0.0
1,0,40,0,0,0,0.0,0.0,0.0,1.0,0.0,0.0
0,0,40,1,0,0,0.0,0.0,0.0,1.0,0.0,0.0
0,0,40,0,0,0,0.0,0.0,0.0,0.0,0.0,0.0
1,0,40,24,2,1,0.0,0.0,1.0,1.0,0.0,0.0
0,0,40,1,0,1,0.0,0.0,1.0,0.0,1.0,0.0
1,0,40,10,0,0,0.0,0.0,0.0,0.0,0.0,0.0
0,1,40,1,0,0,0.0,0.0,0.0,1.0,0.0,0.0
0,0,40,1,0,1,0.0,0.0,0.0,1.0,0.0,0.0
0,0,40,15,1,0,0.0,0.0,0.0,1.0,0.0,0.0
0,0,40,5,0,0,0.0,0.0,1.0,0.0,0.0,0.0
0,1,40,0,0,1,0.0,0.0,1.0,0.0,0.0,0.0
0,0,40,6,0,0,0.0,0.0,0.0,1.0,0.0,0.0
1,0,40,8,0,0,0.0,0.0,0.0,0.0,0.0,1.0
0,1,40,0,0,0,0.0,1.0,0.0,0.0,0.0,0.0
0,0,40,1,0,0,0.0,0.0,0.0,1.0,0.0,0.0
0,1,40,5,0,0,0.0,0.0,0.0,0.0,0.0,0.0
1,1,40,3,0,0,0.0,1.0,0.0,0.0,0.0,0.0
0,0,40,0,0,0,1.0,0.0,0.0,0.0,1.0,0.0
0,0,40,1,0,1,0.0,0.0,0.0,0.0,0.0,0.0
1,0,40,5,0,0,0.0,0.0,1.0,0.0,0.0,0.0
1,1,40,13,0,0,0.0,0.0,0.0,1.0,0.0,0.0
0,0,40,2,0,1,0.0,0.0,0.0,0.0,0.0,1.0
0,0,40,0,0,1,0.0,0.0,0.0,1.0,0.0,0.0
0,0,40,5,0,0,0.0,0.0,0.0,0.0,0.0,0.0
0,0,40,0,0,0,0.0,0.0,0.0,1.0,0.0,0.0
1,0,40,0,0,1,0.0,0.0,1.0,0.0,0.0,0.0
0,0,40,2,0,0,0.0,0.0,0.0,1.0,0.0,0.0
0,0,40,4,0,0,0.0,0.0,0.0,0.0,0.0,0.0
0,1,40,1,0,0,0.0,1.0,0.0,0.0,0.0,0.0
0,1,40,0,0,1,0.0,0.0,0.0,0.0,0.0,0.0
0,0,40,0,0,1,0.0,0.0,0.0,0.0,0.0,0.0
0,0,40,0,0,0,0.0,0.0,0.0,0.0,0.0,0.0
1,0,40,15,0,0,0.0,0.0,0.0,1.0,0.0,0.0
0,0,40,1,0,0,0.0,0.0,0.0,0.0,0.0,0.0
0,1,39,2,0,0,0.0,0.0,0.0,0.0,1.0,0.0
1,0,39,2,0,0,0.0,0.0,0.0,0.0,1.0,0.0
0,0,39,5,0,0,0.0,0.0,1.0,1.0,0.0,0.0
1,0,39,2,0,0,0.0,0.0,0.0,0.0,0.0,0.0
0,1,39,0,0,1,0.0,0.0,0.0,0.0,0.0,0.0
0,0,39,3,0,0,0.0,0.0,1.0,0.0,0.0,0.0
0,0,39,1,0,0,0.0,0.0,0.0,1.0,0.0,0.0
0,0,39,1,0,0,0.0,0.0,0.0,0.0,0.0,0.0
0,0,39,2,0,1,0.0,0.0,1.0,1.0,0.0,0.0
0,0,39,0,0,0,0.0,0.0,0.0,0.0,1.0,0.0
1,1,39,22,2,0,0.0,0.0,0.0,1.0,0.0,0.0
0,1,39,4,0,0,0.0,0.0,0.0,1.0,0.0,0.0
0,0,39,0,0,1,0.0,0.0,0.0,0.0,0.0,0.0
0,1,39,6,1,0,0.0,1.0,0.0,1.0,0.0,0.0
1,0,39,19,0,1,0.0,0.0,0.0,1.0,0.0,0.0
0,1,39,0,0,1,0.0,0.0,0.0,0.0,0.0,0.0
0,0,39,2,0,0,0.0,0.0,0.0,0.0,0.0,0.0
0,0,39,2,0,1,0.0,0.0,0.0,0.0,0.0,0.0
0,0,39,2,0,1,0.0,0.0,0.0,0.0,0.0,0.0
0,0,39,1,0,0,0.0,0.0,1.0,1.0,0.0,0.0
0,0,39,2,0,0,0.0,0.0,1.0,0.0,1.0,0.0
0,0,39,10,4,1,0.0,0.0,0.0,1.0,0.0,0.0
0,0,39,1,0,0,0.0,0.0,0.0,0.0,0.0,0.0
0,0,39,0,0,1,0.0,0.0,1.0,0.0,0.0,1.0
1,1,39,0,0,1,0.0,0.0,0.0,0.0,0.0,0.0
1,1,39,0,0,0,0.0,0.0,0.0,1.0,0.0,0.0
0,0,39,1,1,1,0.0,0.0,0.0,0.0,0.0,0.0
1,1,39,11,1,0,0.0,0.0,1.0,0.0,0.0,0.0
1,0,39,17,7,0,0.0,1.0,0.0,0.0,0.0,0.0
0,0,39,5,0,1,0.0,1.0,0.0,0.0,0.0,0.0
0,0,39,1,0,0,0.0,0.0,1.0,0.0,0.0,0.0
0,0,39,0,0,0,0.0,0.0,0.0,0.0,0.0,0.0
0,0,39,35,0,0,0.0,0.0,0.0,1.0,0.0,0.0
1,0,39,1,0,1,0.0,0.0,1.0,1.0,0.0,0.0
0,0,39,0,0,1,0.0,0.0,1.0,0.0,0.0,1.0
0,0,39,2,0,0,0.0,0.0,0.0,1.0,0.0,0.0
1,0,39,2,0,0,0.0,0.0,0.0,0.0,0.0,0.0
1,0,39,9,0,0,0.0,0.0,1.0,0.0,0.0,0.0
1,0,39,13,0,0,0.0,0.0,0.0,1.0,0.0,0.0
0,1,39,3,0,0,0.0,0.0,1.0,1.0,0.0,0.0
0,0,39,0,0,1,0.0,1.0,0.0,0.0,0.0,0.0
0,0,39,9,0,0,0.0,0.0,0.0,1.0,0.0,0.0
1,0,39,8,2,0,0.0,0.0,0.0,1.0,0.0,0.0
0,0,39,1,0,0,0.0,0.0,1.0,1.0,0.0,0.0
0,0,39,4,0,0,0.0,0.0,0.0,1.0,0.0,0.0
0,0,39,4,0,0,0.0,0.0,0.0,1.0,0.0,0.0
0,0,39,1,0,0,0.0,0.0,0.0,0.0,0.0,0.0
0,0,39,0,0,1,0.0,0.0,0.0,0.0,0.0,0.0
1,0,39,3,0,0,0.0,0.0,0.0,1.0,0.0,0.0
0,0,39,2,0,0,0.0,1.0,0.0,0.0,0.0,0.0
0,0,39,8,0,0,0.0,0.0,0.0,0.0,0.0,0.0
0,1,39,1,0,0,0.0,0.0,0.0,0.0,0.0,0.0
0,0,39,21,0,0,0.0,0.0,1.0,0.0,0.0,0.0
0,0,39,2,0,1,0.0,0.0,0.0,1.0,0.0,0.0
1,0,39,6,0,0,0.0,0.0,0.0,1.0,0.0,0.0
0,0,39,0,0,1,0.0,0.0,0.0,1.0,0.0,0.0
0,1,39,1,0,0,0.0,0.0,0.0,1.0,0.0,0.0
1,1,39,0,0,0,0.0,1.0,0.0,1.0,0.0,0.0
0,0,39,0,0,0,0.0,0.0,0.0,1.0,0.0,0.0
0,0,39,0,0,0,0.0,0.0,0.0,0.0,1.0,0.0
0,1,39,3,0,0,0.0,0.0,0.0,0.0,0.0,0.0
0,1,39,0,0,0,0.0,0.0,0.0,0.0,0.0,1.0
0,0,39,1,0,0,0.0,0.0,1.0,0.0,0.0,0.0
0,0,39,0,0,0,0.0,0.0,0.0,0.0,0.0,0.0
0,0,39,0,0,0,0.0,0.0,0.0,0.0,0.0,0.0
0,0,39,1,0,0,0.0,0.0,0.0,1.0,0.0,0.0
0,0,39,2,0,1,0.0,0.0,0.0,0.0,1.0,0.0
1,1,39,1,0,0,0.0,0.0,1.0,1.0,0.0,0.0
1,0,39,2,0,0,0.0,1.0,0.0,0.0,0.0,0.0
0,1,39,1,0,0,0.0,0.0,1.0,1.0,0.0,0.0
0,0,39,1,0,1,0.0,0.0,0.0,0.0,0.0,1.0
0,0,39,0,0,1,0.0,0.0,0.0,0.0,0.0,0.0
0,0,39,1,0,1,0.0,0.0,0.0,1.0,0.0,0.0
0,0,39,0,0,1,0.0,0.0,0.0,0.0,0.0,0.0
1,1,39,22,0,0,0.0,0.0,0.0,1.0,0.0,0.0
0,0,39,0,0,0,0.0,0.0,0.0,0.0,0.0,1.0
0,0,39,0,0,1,0.0,0.0,0.0,0.0,0.0,0.0
0,0,39,8,0,0,0.0,0.0,0.0,0.0,0.0,0.0
0,0,39,1,0,0,0.0,0.0,0.0,0.0,0.0,0.0
1,0,39,3,1,1,0.0,0.0,0.0,0.0,0.0,0.0
0,0,39,3,0,1,0.0,0.0,0.0,1.0,0.0,0.0
0,0,39,0,0,0,0.0,0.0,1.0,0.0,0.0,0.0
0,0,39,0,0,0,1.0,0.0,0.0,0.0,1.0,0.0
0,0,39,0,0,0,0.0,0.0,1.0,0.0,0.0,0.0
0,0,39,3,0,0,0.0,0.0,0.0,0.0,0.0,0.0
1,0,39,3,0,0,0.0,0.0,0.0,0.0,0.0,0.0
0,0,39,3,0,0,0.0,0.0,0.0,1.0,0.0,0.0
1,0,39,3,0,0,0.0,0.0,0.0,1.0,0.0,0.0
0,0,39,1,0,0,0.0,0.0,0.0,1.0,0.0,0.0
0,0,39,6,0,0,0.0,0.0,0.0,0.0,0.0,1.0
0,0,39,3,0,0,0.0,0.0,0.0,0.0,1.0,0.0
0,1,39,0,0,0,0.0,1.0,0.0,0.0,0.0,1.0
0,1,39,1,0,0,0.0,0.0,0.0,1.0,0.0,0.0
0,0,39,3,0,0,0.0,1.0,0.0,0.0,0.0,0.0
1,0,39,7,0,0,0.0,0.0,0.0,1.0,0.0,0.0
0,0,39,2,0,1,0.0,0.0,0.0,0.0,0.0,0.0
1,0,39,6,1,1,0.0,0.0,0.0,1.0,0.0,0.0
1,0,39,0,0,0,0.0,0.0,0.0,0.0,0.0,0.0
0,0,39,1,0,0,0.0,1.0,0.0,0.0,0.0,0.0
1,0,39,10,0,0,0.0,0.0,0.0,0.0,0.0,0.0
0,0,39,2,0,0,0.0,1.0,0.0,0.0,0.0,0.0
1,0,39,0,0,1,0.0,0.0,1.0,0.0,1.0,0.0
1,0,39,16,0,0,0.0,1.0,0.0,0.0,0.0,0.0
0,1,39,3,0,1,0.0,0.0,0.0,1.0,0.0,0.0
0,0,39,0,0,0,0.0,0.0,0.0,0.0,0.0,0.0
0,1,39,1,0,0,0.0,0.0,0.0,0.0,0.0,0.0
1,0,39,1,0,0,0.0,0.0,0.0,1.0,0.0,0.0
0,0,39,0,0,0,0.0,0.0,1.0,1.0,0.0,0.0
0,0,39,1,0,1,0.0,0.0,1.0,0.0,1.0,0.0
0,0,39,1,0,0,0.0,0.0,0.0,0.0,0.0,0.0
0,0,39,3,0,1,0.0,0.0,1.0,0.0,1.0,0.0
0,0,39,8,0,0,0.0,0.0,0.0,1.0,0.0,0.0
1,1,39,10,2,0,0.0,1.0,0.0,0.0,1.0,0.0
0,1,39,7,1,0,0.0,0.0,0.0,1.0,0.0,0.0
0,0,39,5,0,0,0.0,0.0,0.0,0.0,0.0,0.0
1,0,39,2,0,1,0.0,0.0,0.0,1.0,0.0,0.0
0,0,39,0,0,0,0.0,0.0,0.0,0.0,0.0,0.0
0,1,39,1,0,0,0.0,0.0,1.0,1.0,0.0,0.0
1,0,39,19,5,0,0.0,0.0,0.0,1.0,0.0,0.0
0,0,39,0,0,1,0.0,0.0,0.0,1.0,0.0,0.0
0,0,39,1,0,0,0.0,0.0,0.0,0.0,0.0,0.0
1,0,39,0,0,0,0.0,0.0,0.0,0.0,0.0,0.0
1,0,39,1,0,0,0.0,0.0,0.0,0.0,0.0,1.0
1,1,39,2,0,0,0.0,0.0,0.0,0.0,0.0,0.0
0,0,39,2,0,1,0.0,0.0,0.0,0.0,0.0,0.0
0,1,39,1,0,0,0.0,0.0,0.0,0.0,0.0,0.0
0,0,39,0,0,1,0.0,0.0,0.0,1.0,0.0,0.0
0,0,39,1,0,0,0.0,0.0,0.0,1.0,0.0,0.0
0,0,39,0,0,1,0.0,0.0,0.0,0.0,0.0,0.0
0,0,39,1,0,0,0.0,0.0,0.0,0.0,0.0,1.0
0,1,39,0,0,1,0.0,1.0,0.0,0.0,0.0,0.0
1,1,39,0,0,0,0.0,0.0,1.0,0.0,0.0,0.0
0,0,39,6,0,0,0.0,0.0,0.0,0.0,0.0,0.0
1,0,38,6,0,0,0.0,0.0,0.0,1.0,0.0,0.0
0,0,38,17,0,0,0.0,0.0,0.0,0.0,0.0,0.0
1,0,38,7,2,0,0.0,0.0,1.0,0.0,1.0,0.0
0,0,38,14,0,0,0.0,0.0,0.0,1.0,0.0,0.0
1,0,38,0,0,0,0.0,0.0,0.0,0.0,0.0,0.0
0,0,38,15,0,0,0.0,0.0,0.0,1.0,0.0,0.0
1,0,38,5,0,1,0.0,0.0,0.0,0.0,0.0,0.0
1,0,38,0,0,0,0.0,0.0,0.0,0.0,0.0,1.0
0,0,38,0,0,0,0.0,0.0,0.0,1.0,0.0,0.0
0,0,38,0,0,1,0.0,1.0,0.0,0.0,0.0,0.0
0,0,38,0,0,1,0.0,0.0,1.0,0.0,1.0,0.0
0,0,38,4,0,1,0.0,0.0,0.0,1.0,0.0,0.0
0,0,38,3,0,1,1.0,0.0,0.0,0.0,0.0,0.0
0,0,38,0,0,0,0.0,0.0,0.0,0.0,0.0,0.0
0,0,38,2,0,0,0.0,0.0,1.0,1.0,0.0,0.0
0,1,38,0,0,1,0.0,1.0,0.0,1.0,0.0,0.0
0,0,38,9,0,0,0.0,0.0,0.0,1.0,0.0,0.0
0,1,38,0,0,0,0.0,0.0,1.0,0.0,0.0,0.0
0,0,38,0,0,1,0.0,0.0,0.0,0.0,0.0,0.0
0,1,38,0,0,1,0.0,0.0,1.0,0.0,0.0,1.0
0,0,38,1,0,1,0.0,1.0,0.0,0.0,1.0,0.0
1,0,38,3,0,0,0.0,0.0,0.0,1.0,0.0,0.0
0,0,38,6,1,0,0.0,0.0,0.0,1.0,0.0,0.0
1,1,38,2,0,0,0.0,0.0,0.0,0.0,0.0,0.0
0,1,38,0,0,0,0.0,0.0,0.0,0.0,0.0,1.0
1,0,38,19,0,0,0.0,0.0,0.0,1.0,0.0,0.0
0,0,38,5,0,1,0.0,0.0,1.0,1.0,0.0,0.0
1,0,38,2,0,0,0.0,0.0,1.0,0.0,0.0,1.0
0,0,38,4,0,0,0.0,0.0,0.0,1.0,0.0,0.0
0,0,38,0,0,0,0.0,0.0,0.0,1.0,0.0,0.0
0,0,38,0,0,0,0.0,0.0,0.0,0.0,0.0,0.0
1,1,38,7,0,0,0.0,0.0,0.0,1.0,0.0,0.0
0,0,38,3,0,0,0.0,0.0,0.0,1.0,0.0,0.0
0,0,38,0,0,0,0.0,1.0,0.0,0.0,1.0,0.0
1,0,38,2,0,0,0.0,0.0,0.0,1.0,0.0,0.0
1,0,38,37,5,1,0.0,0.0,1.0,1.0,0.0,0.0
1,0,38,22,5,1,0.0,0.0,0.0,1.0,0.0,0.0
0,0,38,15,0,0,0.0,1.0,0.0,1.0,0.0,0.0
1,0,38,5,0,0,0.0,0.0,1.0,0.0,0.0,0.0
0,0,38,1,0,1,0.0,0.0,1.0,1.0,0.0,0.0
0,0,38,8,1,1,0.0,0.0,0.0,1.0,0.0,0.0
0,0,38,0,0,0,0.0,0.0,0.0,0.0,0.0,0.0
0,0,38,3,0,0,0.0,0.0,0.0,1.0,0.0,0.0
0,1,38,0,0,1,0.0,0.0,0.0,1.0,0.0,0.0
1,0,38,16,5,1,0.0,0.0,0.0,1.0,0.0,0.0
0,0,38,1,0,1,0.0,0.0,1.0,1.0,0.0,0.0
0,0,38,2,0,0,0.0,0.0,0.0,0.0,0.0,1.0
0,0,38,5,0,0,0.0,0.0,1.0,1.0,0.0,0.0
0,1,38,0,0,1,0.0,0.0,0.0,1.0,0.0,0.0
0,0,38,1,0,0,0.0,0.0,0.0,0.0,0.0,1.0
0,0,38,0,0,0,0.0,0.0,0.0,1.0,0.0,0.0
0,0,38,8,0,0,0.0,0.0,0.0,0.0,0.0,0.0
1,0,38,4,0,1,0.0,0.0,0.0,0.0,0.0,0.0
1,0,38,2,0,0,0.0,0.0,0.0,1.0,0.0,0.0
0,0,38,0,0,0,0.0,0.0,1.0,1.0,0.0,0.0
0,0,38,1,0,1,0.0,0.0,0.0,0.0,0.0,0.0
0,0,38,8,6,1,0.0,0.0,1.0,1.0,0.0,0.0
0,1,38,0,0,0,0.0,1.0,0.0,0.0,0.0,0.0
1,0,38,2,0,1,0.0,0.0,0.0,1.0,0.0,0.0
0,0,38,0,0,1,0.0,0.0,0.0,0.0,1.0,0.0
0,1,38,1,0,0,0.0,0.0,0.0,1.0,0.0,0.0
0,0,38,8,0,0,0.0,0.0,0.0,0.0,0.0,0.0
1,0,38,0,0,1,0.0,0.0,0.0,1.0,0.0,0.0
0,0,38,2,0,0,0.0,0.0,0.0,0.0,0.0,0.0
0,1,38,2,0,1,0.0,0.0,0.0,0.0,0.0,0.0
0,0,38,14,5,0,0.0,0.0,0.0,1.0,0.0,0.0
0,0,38,0,0,1,0.0,0.0,0.0,1.0,0.0,0.0
0,1,38,1,0,1,0.0,0.0,0.0,0.0,0.0,0.0
0,0,38,0,0,0,0.0,0.0,0.0,0.0,0.0,0.0
1,0,38,0,0,1,0.0,0.0,1.0,0.0,0.0,0.0
1,0,38,3,0,0,0.0,0.0,1.0,0.0,1.0,0.0
1,0,38,3,0,0,0.0,0.0,1.0,0.0,0.0,0.0
1,0,38,1,0,0,0.0,0.0,0.0,1.0,0.0,0.0
0,0,38,0,0,1,0.0,0.0,0.0,0.0,0.0,1.0
0,0,38,11,0,0,0.0,0.0,1.0,1.0,0.0,0.0
0,0,38,2,0,1,0.0,0.0,0.0,0.0,0.0,0.0
1,0,38,1,0,0,0.0,0.0,0.0,0.0,0.0,0.0
0,0,38,1,0,1,0.0,0.0,1.0,0.0,1.0,0.0
0,0,38,0,0,0,0.0,0.0,0.0,0.0,0.0,0.0
0,1,38,0,0,0,0.0,0.0,0.0,0.0,1.0,0.0
0,0,38,0,0,1,0.0,0.0,0.0,0.0,1.0,0.0
0,1,38,0,0,0,0.0,1.0,0.0,0.0,1.0,0.0
0,0,38,0,0,1,0.0,0.0,0.0,1.0,0.0,0.0
1,0,38,5,0,1,0.0,0.0,1.0,0.0,0.0,0.0
0,0,38,0,0,0,0.0,1.0,0.0,1.0,0.0,0.0
0,0,38,1,0,1,0.0,0.0,1.0,0.0,0.0,1.0
0,1,38,0,0,0,0.0,0.0,0.0,1.0,0.0,0.0
0,0,38,3,0,0,0.0,0.0,0.0,0.0,1.0,0.0
1,0,38,2,0,0,0.0,1.0,0.0,0.0,0.0,0.0
0,0,38,0,0,0,0.0,0.0,1.0,0.0,1.0,0.0
1,0,38,10,1,0,0.0,0.0,0.0,1.0,0.0,0.0
1,0,38,17,0,1,0.0,0.0,0.0,1.0,0.0,0.0
0,0,38,12,0,0,0.0,0.0,0.0,0.0,0.0,0.0
1,0,38,2,0,0,0.0,0.0,0.0,0.0,0.0,0.0
0,0,38,10,1,1,0.0,0.0,1.0,1.0,0.0,0.0
1,1,38,1,0,1,0.0,0.0,1.0,0.0,0.0,0.0
0,0,38,1,0,0,0.0,0.0,0.0,0.0,0.0,1.0
0,0,38,5,0,1,0.0,0.0,0.0,1.0,0.0,0.0
0,0,38,0,0,0,0.0,0.0,1.0,1.0,0.0,0.0
0,0,38,4,0,1,0.0,0.0,1.0,1.0,0.0,0.0
0,0,38,2,0,1,0.0,0.0,0.0,0.0,0.0,0.0
1,0,38,5,0,0,0.0,0.0,0.0,0.0,0.0,0.0
1,0,38,2,0,0,0.0,0.0,0.0,0.0,0.0,0.0
0,0,38,0,0,1,0.0,0.0,0.0,0.0,0.0,0.0
1,0,38,25,1,1,0.0,0.0,0.0,0.0,0.0,1.0
1,1,38,5,0,0,0.0,0.0,0.0,0.0,0.0,0.0
0,0,38,7,0,1,0.0,0.0,0.0,1.0,0.0,0.0
0,0,38,2,0,0,0.0,1.0,0.0,0.0,0.0,0.0
1,1,38,20,0,0,0.0,0.0,1.0,0.0,1.0,0.0
1,0,38,10,1,0,0.0,0.0,0.0,0.0,0.0,0.0
1,0,38,2,0,0,0.0,0.0,0.0,1.0,0.0,0.0
0,0,38,5,0,0,0.0,0.0,0.0,0.0,0.0,0.0
0,1,38,0,0,1,0.0,1.0,0.0,0.0,0.0,0.0
0,0,38,2,0,1,0.0,0.0,0.0,0.0,1.0,0.0
0,0,38,2,0,0,0.0,0.0,1.0,0.0,0.0,1.0
0,1,38,0,0,0,0.0,1.0,0.0,0.0,1.0,0.0
0,0,38,0,0,0,0.0,0.0,1.0,0.0,1.0,0.0
0,1,38,3,0,0,0.0,0.0,0.0,0.0,0.0,0.0
1,0,38,11,0,0,0.0,0.0,0.0,0.0,0.0,0.0
0,0,38,15,0,0,0.0,0.0,0.0,1.0,0.0,0.0
0,0,38,2,0,0,0.0,0.0,1.0,0.0,0.0,0.0
1,0,38,16,1,0,0.0,0.0,0.0,1.0,0.0,0.0
1,0,38,0,0,0,0.0,0.0,0.0,1.0,0.0,0.0
0,0,38,1,0,0,0.0,0.0,1.0,0.0,1.0,0.0
0,0,38,0,0,1,0.0,0.0,0.0,0.0,0.0,1.0
0,0,37,0,0,0,0.0,0.0,0.0,1.0,0.0,0.0
0,0,37,1,0,1,0.0,0.0,0.0,0.0,0.0,0.0
1,0,37,0,0,0,0.0,0.0,0.0,0.0,0.0,0.0
0,0,37,2,0,0,0.0,0.0,0.0,1.0,0.0,0.0
0,0,37,1,0,1,0.0,0.0,0.0,0.0,0.0,0.0
0,0,37,4,1,0,0.0,0.0,1.0,0.0,1.0,0.0
1,0,37,23,0,0,0.0,0.0,0.0,1.0,0.0,0.0
0,0,37,0,0,1,0.0,0.0,0.0,0.0,0.0,1.0
0,0,37,3,0,0,0.0,0.0,0.0,0.0,0.0,0.0
0,0,37,1,0,0,0.0,0.0,0.0,0.0,0.0,1.0
0,0,37,8,0,0,0.0,0.0,0.0,1.0,0.0,0.0
1,0,37,3,0,1,0.0,0.0,0.0,1.0,0.0,0.0
0,0,37,4,0,0,0.0,0.0,0.0,1.0,0.0,0.0
1,0,37,1,0,0,0.0,0.0,1.0,0.0,0.0,0.0
1,0,37,5,0,1,0.0,0.0,1.0,1.0,0.0,0.0
0,0,37,0,0,1,0.0,0.0,1.0,0.0,0.0,1.0
0,0,37,2,0,0,0.0,0.0,0.0,0.0,0.0,0.0
0,1,37,0,0,1,0.0,0.0,0.0,0.0,0.0,1.0
1,0,37,22,0,0,0.0,0.0,0.0,1.0,0.0,0.0
0,0,37,1,0,0,1.0,0.0,0.0,0.0,1.0,0.0
1,0,37,1,0,0,0.0,1.0,0.0,0.0,1.0,0.0
0,1,37,0,0,1,0.0,0.0,0.0,1.0,0.0,0.0
0,1,37,2,0,1,0.0,0.0,1.0,0.0,0.0,1.0
0,0,37,3,0,1,0.0,0.0,1.0,1.0,0.0,0.0
1,0,37,4,0,1,0.0,0.0,0.0,0.0,0.0,0.0
1,0,37,6,0,0,0.0,1.0,0.0,0.0,1.0,0.0
1,0,37,3,0,0,0.0,0.0,1.0,0.0,1.0,0.0
1,0,37,6,0,0,0.0,0.0,1.0,0.0,1.0,0.0
0,0,37,2,0,1,0.0,0.0,0.0,0.0,0.0,0.0
0,0,37,1,0,0,0.0,0.0,0.0,1.0,0.0,0.0
0,1,37,3,0,0,0.0,0.0,0.0,1.0,0.0,0.0
0,0,37,0,0,1,0.0,0.0,0.0,0.0,0.0,0.0
0,0,37,1,0,0,0.0,0.0,1.0,1.0,0.0,0.0
0,1,37,0,0,1,0.0,1.0,0.0,1.0,0.0,0.0
0,0,37,0,0,0,0.0,0.0,0.0,0.0,0.0,0.0
1,1,37,0,0,1,0.0,0.0,1.0,0.0,0.0,1.0
0,1,37,0,0,0,0.0,0.0,1.0,1.0,0.0,0.0
0,0,37,0,0,1,0.0,0.0,0.0,0.0,0.0,0.0
1,0,37,5,0,0,0.0,0.0,0.0,1.0,0.0,0.0
0,0,37,0,0,1,0.0,0.0,0.0,1.0,0.0,0.0
1,0,37,3,0,1,0.0,0.0,0.0,0.0,1.0,0.0
1,0,37,4,0,0,0.0,0.0,0.0,0.0,0.0,0.0
0,1,37,6,0,0,0.0,0.0,0.0,0.0,0.0,0.0
0,0,37,0,0,1,0.0,0.0,0.0,1.0,0.0,0.0
0,0,37,4,0,1,0.0,0.0,0.0,0.0,0.0,0.0
1,0,37,12,2,1,0.0,0.0,0.0,1.0,0.0,0.0
0,1,37,1,0,0,0.0,0.0,0.0,0.0,0.0,0.0
0,0,37,11,2,0,0.0,0.0,0.0,0.0,0.0,1.0
0,0,37,3,0,1,0.0,0.0,1.0,1.0,0.0,0.0
0,1,37,0,0,1,0.0,0.0,1.0,0.0,0.0,0.0
0,1,37,2,0,0,0.0,0.0,0.0,1.0,0.0,0.0
0,0,37,6,0,1,0.0,0.0,0.0,1.0,0.0,0.0
1,0,37,2,0,1,0.0,0.0,0.0,0.0,0.0,0.0
0,1,37,0,0,1,0.0,0.0,0.0,0.0,0.0,0.0
0,0,37,1,0,1,0.0,0.0,1.0,0.0,1.0,0.0
1,0,37,1,0,0,0.0,0.0,0.0,0.0,0.0,0.0
0,0,37,8,0,0,0.0,0.0,0.0,1.0,0.0,0.0
0,1,37,0,0,0,0.0,0.0,0.0,1.0,0.0,0.0
1,0,37,2,0,0,0.0,0.0,0.0,0.0,0.0,1.0
0,0,37,3,0,0,0.0,0.0,0.0,0.0,0.0,0.0
1,0,37,4,0,1,0.0,0.0,1.0,0.0,1.0,0.0
1,0,37,8,0,1,0.0,0.0,1.0,1.0,0.0,0.0
0,1,37,0,0,0,0.0,0.0,0.0,1.0,0.0,0.0
0,0,37,9,0,0,0.0,0.0,1.0,0.0,1.0,0.0
0,0,37,2,0,0,0.0,0.0,0.0,1.0,0.0,0.0
0,0,37,0,0,1,0.0,0.0,0.0,1.0,0.0,0.0
0,0,37,2,0,1,0.0,0.0,0.0,1.0,0.0,0.0
1,0,37,23,14,0,0.0,0.0,0.0,1.0,0.0,0.0
0,0,37,3,0,0,0.0,1.0,0.0,1.0,0.0,0.0
0,1,37,4,0,1,0.0,0.0,0.0,1.0,0.0,0.0
0,1,37,0,0,1,0.0,0.0,0.0,1.0,0.0,0.0
0,0,37,5,0,1,0.0,0.0,0.0,0.0,0.0,0.0
0,0,37,7,0,0,0.0,0.0,0.0,1.0,0.0,0.0
0,0,37,3,0,1,0.0,0.0,0.0,1.0,0.0,0.0
0,1,37,0,0,1,0.0,0.0,0.0,0.0,1.0,0.0
0,0,37,11,0,0,0.0,0.0,0.0,1.0,0.0,0.0
0,0,37,4,0,0,0.0,0.0,0.0,1.0,0.0,0.0
1,0,37,13,1,0,0.0,0.0,0.0,1.0,0.0,0.0
1,0,37,2,0,0,0.0,0.0,1.0,0.0,0.0,0.0
0,0,37,3,0,1,0.0,0.0,1.0,0.0,1.0,0.0
0,1,37,1,0,0,0.0,0.0,0.0,1.0,0.0,0.0
1,0,37,1,0,1,0.0,0.0,1.0,1.0,0.0,0.0
0,0,37,8,0,1,0.0,0.0,0.0,1.0,0.0,0.0
0,0,37,3,0,0,0.0,0.0,1.0,0.0,0.0,0.0
0,0,37,14,0,0,0.0,0.0,0.0,1.0,0.0,0.0
0,0,37,8,0,0,0.0,0.0,0.0,1.0,0.0,0.0
1,0,37,26,1,0,0.0,0.0,0.0,1.0,0.0,0.0
0,0,37,0,0,1,0.0,0.0,1.0,0.0,0.0,0.0
0,0,37,0,0,0,0.0,0.0,0.0,1.0,0.0,0.0
0,0,37,0,0,0,0.0,0.0,0.0,1.0,0.0,0.0
0,1,37,1,0,0,0.0,1.0,0.0,0.0,1.0,0.0
1,1,37,0,0,1,0.0,0.0,1.0,0.0,1.0,0.0
0,0,37,0,0,0,0.0,0.0,0.0,0.0,0.0,0.0
0,1,37,0,0,0,0.0,0.0,1.0,0.0,0.0,0.0
1,0,37,1,0,1,0.0,1.0,0.0,0.0,0.0,0.0
0,0,37,2,0,0,0.0,0.0,1.0,1.0,0.0,0.0
0,0,37,5,0,0,0.0,0.0,1.0,0.0,1.0,0.0
1,0,37,20,0,0,0.0,0.0,0.0,1.0,0.0,0.0
0,0,37,17,0,1,0.0,0.0,0.0,1.0,0.0,0.0
0,0,37,1,0,1,0.0,1.0,0.0,0.0,0.0,0.0
1,0,37,11,0,0,0.0,0.0,0.0,1.0,0.0,0.0
1,0,37,4,0,1,0.0,0.0,0.0,0.0,0.0,1.0
1,0,37,2,0,1,0.0,0.0,0.0,1.0,0.0,0.0
1,0,37,0,0,0,0.0,0.0,0.0,1.0,0.0,0.0
0,0,37,0,0,0,0.0,0.0,0.0,0.0,0.0,0.0
1,0,37,4,0,1,0.0,0.0,1.0,0.0,0.0,0.0
1,0,37,2,0,0,0.0,0.0,1.0,0.0,1.0,0.0
1,0,37,1,0,1,0.0,0.0,0.0,0.0,0.0,0.0
1,0,37,1,0,0,0.0,1.0,0.0,0.0,1.0,0.0
0,0,37,0,0,1,0.0,0.0,0.0,0.0,0.0,0.0
1,0,37,3,0,0,0.0,1.0,0.0,1.0,0.0,0.0
0,0,37,5,0,0,0.0,0.0,0.0,1.0,0.0,0.0
0,0,37,4,0,0,0.0,0.0,1.0,1.0,0.0,0.0
0,0,37,6,0,0,0.0,0.0,0.0,1.0,0.0,0.0
0,0,37,0,0,0,0.0,0.0,1.0,0.0,0.0,1.0
0,1,37,13,0,0,0.0,0.0,0.0,1.0,0.0,0.0
0,0,37,4,0,1,0.0,0.0,0.0,0.0,1.0,0.0
0,0,37,6,0,1,0.0,0.0,1.0,0.0,0.0,1.0
0,0,37,2,0,1,0.0,0.0,0.0,0.0,1.0,0.0
0,0,37,2,0,1,0.0,0.0,1.0,1.0,0.0,0.0
0,0,37,9,0,0,0.0,0.0,0.0,0.0,1.0,0.0
1,0,37,8,0,0,0.0,0.0,0.0,0.0,0.0,0.0
0,0,37,1,0,0,0.0,0.0,0.0,0.0,1.0,0.0
1,0,37,12,0,0,0.0,0.0,0.0,1.0,0.0,0.0
1,0,37,4,0,1,0.0,0.0,0.0,1.0,0.0,0.0
0,0,37,2,0,1,0.0,0.0,0.0,0.0,0.0,0.0
0,0,37,0,0,1,1.0,0.0,0.0,0.0,1.0,0.0
1,1,37,5,0,0,0.0,0.0,0.0,0.0,0.0,0.0
0,0,37,3,0,1,0.0,0.0,0.0,0.0,0.0,0.0
0,1,37,0,0,1,0.0,0.0,0.0,0.0,0.0,0.0
1,0,37,9,0,0,0.0,0.0,0.0,1.0,0.0,0.0
1,0,37,0,0,1,0.0,0.0,1.0,1.0,0.0,0.0
1,1,37,7,0,0,0.0,0.0,0.0,0.0,0.0,0.0
0,0,37,2,0,0,0.0,0.0,0.0,0.0,0.0,1.0
0,1,37,1,0,1,0.0,0.0,1.0,0.0,0.0,0.0
0,0,37,0,0,0,0.0,0.0,0.0,0.0,0.0,0.0
1,1,37,23,0,1,0.0,0.0,1.0,1.0,0.0,0.0
0,0,37,4,0,0,0.0,0.0,0.0,0.0,1.0,0.0
0,0,37,0,0,1,0.0,1.0,0.0,0.0,0.0,1.0
1,0,37,10,0,0,0.0,0.0,0.0,1.0,0.0,0.0
1,0,37,11,0,0,0.0,0.0,0.0,0.0,0.0,0.0
0,0,37,5,0,0,0.0,0.0,0.0,0.0,0.0,0.0
1,0,37,1,0,0,0.0,0.0,0.0,1.0,0.0,0.0
1,0,37,1,0,1,0.0,0.0,1.0,0.0,0.0,0.0
0,0,37,24,5,0,0.0,0.0,1.0,1.0,0.0,0.0
0,1,37,7,1,0,0.0,0.0,0.0,1.0,0.0,0.0
0,1,37,4,0,1,0.0,1.0,0.0,0.0,0.0,0.0
0,0,37,12,0,0,0.0,0.0,1.0,1.0,0.0,0.0
0,0,37,0,0,1,0.0,0.0,0.0,0.0,0.0,0.0
0,0,37,1,0,0,0.0,0.0,1.0,0.0,1.0,0.0
0,0,37,0,0,0,0.0,1.0,0.0,0.0,0.0,0.0
0,0,37,13,7,0,0.0,0.0,0.0,0.0,0.0,0.0
0,0,37,3,0,0,0.0,0.0,0.0,0.0,0.0,0.0
0,0,37,2,1,1,0.0,0.0,0.0,0.0,1.0,0.0
0,0,37,0,0,0,0.0,0.0,0.0,0.0,0.0,0.0
0,1,37,0,0,1,0.0,0.0,1.0,0.0,0.0,0.0
0,0,37,12,3,1,0.0,0.0,0.0,1.0,0.0,0.0
0,0,37,0,0,1,0.0,0.0,0.0,0.0,0.0,0.0
0,0,37,0,0,1,0.0,0.0,0.0,1.0,0.0,0.0
0,1,37,0,0,0,0.0,0.0,0.0,1.0,0.0,0.0
0,0,37,3,0,1,0.0,0.0,0.0,1.0,0.0,0.0
0,1,37,3,0,0,0.0,0.0,0.0,1.0,0.0,0.0
0,0,37,18,2,1,0.0,0.0,1.0,1.0,0.0,0.0
1,0,37,8,0,0,0.0,0.0,0.0,0.0,1.0,0.0
1,0,37,11,0,0,0.0,0.0,0.0,0.0,0.0,0.0
0,1,36,3,1,0,0.0,0.0,0.0,0.0,0.0,0.0
1,0,36,4,0,1,0.0,0.0,0.0,0.0,0.0,0.0
0,1,36,4,0,0,0.0,0.0,0.0,1.0,0.0,0.0
1,0,36,26,1,0,0.0,0.0,0.0,1.0,0.0,0.0
1,0,36,14,0,0,0.0,1.0,0.0,1.0,0.0,0.0
1,1,36,4,0,0,0.0,0.0,0.0,0.0,0.0,0.0
1,1,36,6,1,0,0.0,0.0,0.0,0.0,0.0,1.0
1,0,36,1,0,1,0.0,1.0,0.0,0.0,0.0,1.0
1,0,36,1,0,0,0.0,0.0,1.0,1.0,0.0,0.0
0,0,36,0,0,0,0.0,0.0,0.0,0.0,0.0,1.0
1,1,36,3,0,0,0.0,0.0,1.0,0.0,0.0,0.0
0,0,36,1,0,1,0.0,0.0,1.0,1.0,0.0,0.0
0,0,36,0,0,1,0.0,0.0,1.0,0.0,0.0,0.0
0,0,36,9,0,1,0.0,0.0,0.0,1.0,0.0,0.0
0,0,36,4,1,1,0.0,0.0,0.0,1.0,0.0,0.0
1,0,36,5,0,0,0.0,0.0,0.0,0.0,0.0,0.0
0,0,36,9,0,0,0.0,0.0,0.0,1.0,0.0,0.0
0,0,36,0,0,0,0.0,0.0,0.0,1.0,0.0,0.0
0,0,36,5,0,0,0.0,0.0,1.0,1.0,0.0,0.0
0,0,36,0,0,1,0.0,0.0,0.0,0.0,0.0,1.0
0,0,36,2,0,0,0.0,0.0,1.0,1.0,0.0,0.0
1,0,36,1,0,0,0.0,0.0,1.0,0.0,0.0,0.0
0,0,36,2,0,1,0.0,0.0,0.0,0.0,0.0,0.0
0,0,36,11,0,0,0.0,0.0,0.0,1.0,0.0,0.0
0,0,36,0,0,0,0.0,0.0,1.0,1.0,0.0,0.0
1,0,36,5,0,1,0.0,0.0,0.0,1.0,0.0,0.0
0,1,36,0,0,0,0.0,0.0,0.0,1.0,0.0,0.0
0,0,36,0,0,0,0.0,0.0,0.0,0.0,0.0,0.0
0,1,36,0,0,1,0.0,0.0,1.0,1.0,0.0,0.0
0,0,36,5,0,0,0.0,0.0,1.0,0.0,1.0,0.0
0,0,36,1,0,1,0.0,0.0,0.0,1.0,0.0,0.0
0,0,36,0,0,0,0.0,0.0,0.0,1.0,0.0,0.0
0,0,36,1,0,1,0.0,0.0,0.0,0.0,1.0,0.0
1,0,36,14,3,0,0.0,0.0,0.0,1.0,0.0,0.0
0,0,36,6,0,0,0.0,0.0,0.0,0.0,0.0,0.0
0,1,36,1,0,0,0.0,0.0,0.0,1.0,0.0,0.0
0,1,36,0,0,0,0.0,1.0,0.0,0.0,0.0,0.0
1,0,36,11,0,1,0.0,0.0,0.0,0.0,0.0,0.0
0,0,36,1,0,1,0.0,0.0,1.0,0.0,1.0,0.0
0,0,36,4,0,0,0.0,0.0,0.0,1.0,0.0,0.0
1,0,36,19,0,1,0.0,1.0,0.0,1.0,0.0,0.0
0,1,36,0,0,1,0.0,0.0,1.0,1.0,0.0,0.0
0,0,36,0,0,1,0.0,0.0,0.0,0.0,0.0,0.0
1,0,36,4,0,0,0.0,0.0,0.0,0.0,0.0,0.0
0,0,36,0,0,0,0.0,0.0,0.0,1.0,0.0,0.0
0,0,36,5,0,0,0.0,0.0,0.0,0.0,0.0,0.0
1,0,36,25,3,1,0.0,0.0,0.0,1.0,0.0,0.0
0,0,36,4,0,1,0.0,0.0,0.0,0.0,0.0,0.0
0,0,36,1,0,0,0.0,0.0,1.0,0.0,0.0,0.0
1,0,36,0,0,0,0.0,0.0,0.0,0.0,0.0,0.0
0,1,36,3,0,0,0.0,0.0,0.0,0.0,0.0,0.0
1,1,36,1,0,0,0.0,0.0,0.0,1.0,0.0,0.0
1,0,36,0,0,1,0.0,0.0,1.0,1.0,0.0,0.0
1,0,36,2,0,0,0.0,0.0,0.0,1.0,0.0,0.0
0,0,36,6,0,0,0.0,0.0,0.0,0.0,0.0,0.0
0,1,36,1,0,1,0.0,0.0,0.0,1.0,0.0,0.0
0,0,36,0,0,1,0.0,0.0,0.0,0.0,0.0,0.0
1,0,36,13,0,0,0.0,0.0,0.0,1.0,0.0,0.0
0,0,36,2,0,0,0.0,0.0,0.0,0.0,0.0,0.0
0,0,36,0,0,1,0.0,0.0,0.0,0.0,0.0,0.0
1,0,36,2,0,1,0.0,0.0,0.0,0.0,0.0,1.0
1,0,36,1,0,0,0.0,0.0,1.0,0.0,1.0,0.0
1,0,36,7,0,0,0.0,0.0,0.0,1.0,0.0,0.0
0,0,36,1,0,0,0.0,0.0,0.0,0.0,0.0,0.0
0,0,36,0,0,1,0.0,0.0,0.0,0.0,1.0,0.0
1,0,36,11,0,0,0.0,0.0,0.0,1.0,0.0,0.0
0,0,36,6,0,1,0.0,0.0,0.0,1.0,0.0,0.0
1,0,36,2,0,0,0.0,0.0,0.0,1.0,0.0,0.0
0,0,36,3,0,1,0.0,0.0,0.0,0.0,0.0,0.0
1,0,36,14,10,0,0.0,0.0,0.0,1.0,0.0,0.0
0,0,36,6,0,0,0.0,0.0,0.0,1.0,0.0,0.0
0,1,36,1,0,1,0.0,0.0,0.0,1.0,0.0,0.0
1,1,36,4,0,1,0.0,0.0,0.0,0.0,0.0,0.0
1,0,36,1,0,0,0.0,0.0,0.0,1.0,0.0,0.0
0,0,36,0,0,0,0.0,0.0,0.0,1.0,0.0,0.0
0,0,36,0,0,0,0.0,0.0,0.0,1.0,0.0,0.0
1,0,36,3,0,0,0.0,0.0,0.0,1.0,0.0,0.0
1,1,36,5,0,0,0.0,0.0,0.0,1.0,0.0,0.0
0,0,36,0,0,1,0.0,0.0,0.0,1.0,0.0,0.0
0,0,36,7,2,1,0.0,0.0,0.0,1.0,0.0,0.0
0,0,36,0,0,0,0.0,0.0,0.0,1.0,0.0,0.0
1,1,36,9,0,0,0.0,0.0,0.0,0.0,1.0,0.0
0,0,36,0,0,0,0.0,0.0,1.0,0.0,0.0,0.0
1,0,36,16,3,0,0.0,0.0,0.0,1.0,0.0,0.0
0,1,36,1,0,1,0.0,0.0,1.0,1.0,0.0,0.0
1,0,36,10,0,1,0.0,0.0,0.0,0.0,0.0,0.0
1,0,36,1,0,1,0.0,0.0,0.0,1.0,0.0,0.0
0,0,36,2,0,0,0.0,0.0,1.0,1.0,0.0,0.0
0,0,36,5,0,0,0.0,1.0,0.0,1.0,0.0,0.0
0,0,36,2,0,1,0.0,0.0,0.0,1.0,0.0,0.0
0,0,36,1,0,0,0.0,1.0,0.0,0.0,0.0,0.0
0,0,36,9,0,0,0.0,0.0,0.0,0.0,0.0,0.0
0,0,36,1,0,1,0.0,0.0,0.0,0.0,0.0,0.0
1,1,36,7,0,0,0.0,0.0,0.0,0.0,0.0,0.0
1,0,36,4,0,0,0.0,0.0,0.0,0.0,0.0,0.0
0,0,36,11,0,0,0.0,0.0,0.0,0.0,1.0,0.0
0,0,36,0,0,0,0.0,0.0,0.0,0.0,1.0,0.0
0,1,36,0,0,1,1.0,0.0,0.0,0.0,1.0,0.0
0,0,36,0,0,0,0.0,0.0,0.0,1.0,0.0,0.0
1,0,36,9,0,0,0.0,0.0,1.0,1.0,0.0,0.0
1,1,36,3,0,0,0.0,0.0,0.0,0.0,0.0,0.0
0,0,36,0,0,0,0.0,0.0,0.0,0.0,0.0,1.0
0,0,36,4,0,0,0.0,0.0,0.0,1.0,0.0,0.0
1,0,36,10,0,0,0.0,0.0,0.0,1.0,0.0,0.0
0,0,36,4,0,1,0.0,0.0,1.0,1.0,0.0,0.0
0,0,36,0,0,0,0.0,0.0,0.0,0.0,0.0,0.0
0,1,36,1,0,1,0.0,0.0,1.0,1.0,0.0,0.0
0,0,36,2,0,0,0.0,0.0,0.0,1.0,0.0,0.0
1,0,36,1,0,0,0.0,0.0,0.0,0.0,0.0,0.0
0,0,36,0,0,1,0.0,0.0,1.0,0.0,0.0,1.0
0,0,36,1,0,1,0.0,0.0,0.0,1.0,0.0,0.0
0,0,36,4,0,1,0.0,0.0,0.0,1.0,0.0,0.0
0,0,36,12,0,0,0.0,0.0,0.0,0.0,0.0,0.0
1,0,36,8,0,0,0.0,1.0,0.0,0.0,0.0,0.0
1,0,36,14,0,0,0.0,0.0,0.0,0.0,0.0,0.0
0,0,36,5,2,0,0.0,0.0,0.0,1.0,0.0,0.0
0,0,36,2,0,0,0.0,0.0,0.0,0.0,0.0,0.0
1,0,36,5,0,1,0.0,0.0,0.0,1.0,0.0,0.0
0,1,36,1,0,1,0.0,0.0,0.0,0.0,1.0,0.0
1,0,36,0,0,1,0.0,0.0,1.0,1.0,0.0,0.0
0,1,36,1,0,1,0.0,0.0,0.0,1.0,0.0,0.0
0,0,36,8,0,1,0.0,0.0,0.0,0.0,0.0,1.0
0,0,36,0,0,1,0.0,0.0,0.0,1.0,0.0,0.0
0,0,36,1,0,0,0.0,0.0,0.0,0.0,0.0,1.0
0,1,36,1,0,1,0.0,0.0,0.0,1.0,0.0,0.0
0,1,36,2,0,0,0.0,0.0,0.0,0.0,0.0,0.0
0,1,36,0,0,1,0.0,0.0,0.0,0.0,0.0,0.0
0,0,36,0,0,0,0.0,0.0,1.0,0.0,0.0,1.0
0,0,36,1,0,0,0.0,0.0,0.0,0.0,1.0,0.0
1,0,36,4,0,1,0.0,0.0,0.0,1.0,0.0,0.0
1,0,36,9,0,0,0.0,0.0,0.0,0.0,0.0,0.0
1,0,36,7,0,0,0.0,0.0,0.0,1.0,0.0,0.0
0,0,36,1,0,1,0.0,0.0,1.0,0.0,1.0,0.0
0,0,36,15,0,0,0.0,0.0,1.0,1.0,0.0,0.0
1,1,36,4,0,0,0.0,0.0,0.0,1.0,0.0,0.0
0,0,36,1,0,0,0.0,0.0,1.0,0.0,0.0,0.0
0,0,36,0,0,0,0.0,0.0,0.0,0.0,0.0,0.0
1,0,36,16,0,0,0.0,0.0,0.0,1.0,0.0,0.0
1,0,36,3,0,1,0.0,0.0,1.0,0.0,0.0,1.0
0,0,36,1,0,0,0.0,0.0,0.0,0.0,0.0,0.0
0,1,36,0,0,1,0.0,0.0,0.0,0.0,0.0,0.0
1,0,36,3,0,1,0.0,0.0,0.0,1.0,0.0,0.0
0,0,36,2,0,1,0.0,0.0,0.0,0.0,0.0,0.0
0,0,36,0,0,1,0.0,0.0,0.0,0.0,0.0,0.0
0,1,35,2,0,1,0.0,0.0,1.0,0.0,0.0,0.0
0,0,35,7,0,0,0.0,1.0,0.0,1.0,0.0,0.0
0,0,35,9,0,0,0.0,0.0,0.0,1.0,0.0,0.0
0,0,35,2,0,0,0.0,0.0,0.0,1.0,0.0,0.0
0,0,35,0,0,0,0.0,0.0,0.0,1.0,0.0,0.0
1,0,35,12,1,1,0.0,0.0,0.0,1.0,0.0,0.0
0,0,35,1,0,0,0.0,0.0,0.0,1.0,0.0,0.0
0,0,35,4,0,1,1.0,0.0,0.0,1.0,0.0,0.0
0,0,35,2,0,0,0.0,0.0,0.0,1.0,0.0,0.0
1,0,35,1,0,0,0.0,0.0,0.0,1.0,0.0,0.0
1,0,35,6,0,0,0.0,0.0,0.0,0.0,0.0,0.0
0,1,35,9,2,0,0.0,0.0,0.0,1.0,0.0,0.0
0,0,35,27,0,0,0.0,0.0,0.0,1.0,0.0,0.0
0,1,35,0,0,1,0.0,0.0,0.0,1.0,0.0,0.0
0,1,35,3,1,0,0.0,0.0,1.0,0.0,0.0,0.0
1,1,35,3,0,1,0.0,0.0,0.0,1.0,0.0,0.0
0,0,35,5,0,0,0.0,0.0,1.0,1.0,0.0,0.0
0,0,35,1,0,1,0.0,0.0,0.0,1.0,0.0,0.0
1,0,35,4,0,0,0.0,0.0,1.0,0.0,0.0,0.0
0,0,35,2,0,1,0.0,0.0,0.0,1.0,0.0,0.0
1,0,35,0,0,0,0.0,0.0,0.0,0.0,0.0,0.0
0,1,35,0,0,1,0.0,0.0,1.0,0.0,1.0,0.0
0,0,35,13,3,0,0.0,0.0,0.0,1.0,0.0,0.0
0,0,35,6,0,0,0.0,0.0,0.0,1.0,0.0,0.0
0,0,35,0,0,1,0.0,0.0,0.0,0.0,1.0,0.0
1,0,35,13,0,0,0.0,0.0,0.0,1.0,0.0,0.0
0,0,35,4,0,1,0.0,0.0,0.0,1.0,0.0,0.0
0,0,35,3,2,0,0.0,0.0,0.0,0.0,0.0,0.0
0,0,35,12,21,0,0.0,0.0,0.0,1.0,0.0,0.0
0,0,35,3,0,1,0.0,0.0,1.0,1.0,0.0,0.0
0,0,35,7,0,0,0.0,0.0,0.0,1.0,0.0,0.0
0,0,35,2,0,0,0.0,0.0,0.0,0.0,0.0,0.0
0,0,35,2,0,0,0.0,0.0,0.0,1.0,0.0,0.0
0,0,35,0,0,0,0.0,0.0,0.0,1.0,0.0,0.0
0,0,35,1,0,1,0.0,0.0,0.0,1.0,0.0,0.0
1,0,35,0,0,1,0.0,0.0,1.0,1.0,0.0,0.0
0,0,35,0,0,1,0.0,0.0,0.0,1.0,0.0,0.0
0,1,35,4,0,1,0.0,0.0,0.0,0.0,0.0,0.0
0,0,35,5,0,0,0.0,0.0,0.0,0.0,1.0,0.0
1,0,35,1,0,1,0.0,0.0,0.0,1.0,0.0,0.0
0,1,35,12,0,1,0.0,0.0,0.0,1.0,0.0,0.0
1,0,35,0,0,1,0.0,0.0,0.0,0.0,0.0,0.0
0,0,35,0,0,0,0.0,0.0,0.0,1.0,0.0,0.0
0,0,35,2,0,0,0.0,0.0,1.0,0.0,0.0,0.0
0,1,35,1,0,1,0.0,0.0,0.0,1.0,0.0,0.0
0,1,35,0,0,0,0.0,0.0,0.0,0.0,1.0,0.0
1,0,35,2,0,1,0.0,0.0,0.0,0.0,0.0,0.0
0,0,35,8,1,0,0.0,0.0,0.0,1.0,0.0,0.0
0,0,35,5,0,0,0.0,0.0,0.0,0.0,1.0,0.0
0,0,35,0,0,1,0.0,0.0,0.0,0.0,1.0,0.0
1,0,35,5,0,0,0.0,0.0,0.0,1.0,0.0,0.0
0,0,35,1,0,1,0.0,0.0,1.0,1.0,0.0,0.0
0,0,35,9,0,0,0.0,0.0,0.0,1.0,0.0,0.0
0,0,35,1,1,0,0.0,0.0,0.0,0.0,0.0,0.0
0,0,35,2,0,0,0.0,0.0,0.0,1.0,0.0,0.0
1,0,35,4,0,0,0.0,0.0,0.0,1.0,0.0,0.0
0,0,35,3,0,1,0.0,0.0,0.0,0.0,0.0,0.0
0,0,35,1,0,1,0.0,0.0,0.0,1.0,0.0,0.0
0,0,35,0,0,0,0.0,0.0,0.0,1.0,0.0,0.0
0,0,35,0,0,1,0.0,1.0,0.0,0.0,1.0,0.0
0,0,35,0,0,0,0.0,0.0,1.0,1.0,0.0,0.0
0,1,35,0,0,1,0.0,0.0,1.0,0.0,1.0,0.0
0,0,35,2,0,0,0.0,0.0,0.0,0.0,0.0,1.0
1,0,35,16,0,0,0.0,0.0,0.0,1.0,0.0,0.0
0,0,35,1,0,1,0.0,1.0,0.0,1.0,0.0,0.0
1,1,35,7,0,0,0.0,0.0,0.0,1.0,0.0,0.0
1,0,35,22,0,0,0.0,0.0,0.0,1.0,0.0,0.0
0,0,35,5,0,1,0.0,0.0,0.0,0.0,1.0,0.0
1,0,35,5,0,1,0.0,0.0,0.0,0.0,1.0,0.0
0,1,35,0,0,1,0.0,0.0,0.0,1.0,0.0,0.0
1,1,35,5,1,0,0.0,0.0,1.0,1.0,0.0,0.0
0,1,35,1,0,0,0.0,0.0,0.0,1.0,0.0,0.0
0,0,35,0,0,0,0.0,0.0,0.0,0.0,1.0,0.0
0,0,35,2,0,1,0.0,0.0,0.0,1.0,0.0,0.0
0,0,35,1,0,1,0.0,0.0,0.0,1.0,0.0,0.0
0,1,35,0,0,1,0.0,0.0,1.0,0.0,0.0,1.0
1,0,35,3,0,1,0.0,0.0,0.0,0.0,0.0,0.0
0,0,35,0,0,0,0.0,1.0,0.0,0.0,0.0,1.0
1,1,35,6,0,0,0.0,0.0,0.0,1.0,0.0,0.0
0,0,35,7,0,0,0.0,0.0,0.0,0.0,1.0,0.0
0,0,35,5,1,0,0.0,0.0,0.0,1.0,0.0,0.0
1,1,35,12,0,0,0.0,0.0,0.0,1.0,0.0,0.0
0,1,35,10,0,0,0.0,0.0,0.0,0.0,1.0,0.0
0,0,35,12,1,0,0.0,0.0,1.0,0.0,1.0,0.0
1,0,35,18,0,0,0.0,0.0,0.0,1.0,0.0,0.0
0,0,35,0,0,1,0.0,0.0,0.0,0.0,0.0,0.0
0,0,35,1,0,0,0.0,0.0,0.0,1.0,0.0,0.0
0,0,35,2,0,0,0.0,0.0,1.0,0.0,0.0,0.0
1,0,35,1,0,0,0.0,0.0,0.0,1.0,0.0,0.0
1,0,35,3,2,1,0.0,0.0,1.0,1.0,0.0,0.0
0,0,35,4,0,0,0.0,0.0,0.0,1.0,0.0,0.0
0,0,35,5,0,0,0.0,1.0,0.0,0.0,0.0,0.0
1,0,35,3,0,1,0.0,0.0,0.0,0.0,0.0,0.0
1,0,35,0,0,0,0.0,0.0,0.0,0.0,1.0,0.0
1,1,35,7,0,0,0.0,0.0,0.0,1.0,0.0,0.0
0,0,35,13,0,0,0.0,0.0,0.0,0.0,1.0,0.0
1,0,35,5,0,0,0.0,0.0,0.0,1.0,0.0,0.0
0,1,35,4,0,0,0.0,0.0,0.0,0.0,0.0,0.0
0,0,35,2,0,0,0.0,0.0,0.0,1.0,0.0,0.0
0,0,35,0,0,0,0.0,0.0,0.0,1.0,0.0,0.0
0,0,35,0,0,1,0.0,0.0,0.0,1.0,0.0,0.0
1,0,35,7,0,0,0.0,0.0,0.0,0.0,0.0,0.0
1,0,35,0,0,0,0.0,0.0,0.0,1.0,0.0,0.0
0,0,35,1,0,1,0.0,0.0,0.0,1.0,0.0,0.0
1,0,35,4,0,0,0.0,0.0,0.0,1.0,0.0,0.0
0,0,35,1,0,0,0.0,0.0,1.0,0.0,0.0,0.0
1,0,35,10,0,1,0.0,0.0,0.0,1.0,0.0,0.0
0,0,35,8,0,1,0.0,0.0,0.0,1.0,0.0,0.0
0,1,35,4,0,0,0.0,0.0,1.0,1.0,0.0,0.0
0,0,35,0,0,0,0.0,0.0,1.0,1.0,0.0,0.0
0,0,35,29,0,0,0.0,0.0,0.0,1.0,0.0,0.0
0,0,35,7,0,0,0.0,0.0,0.0,1.0,0.0,0.0
0,1,35,2,0,0,0.0,0.0,0.0,1.0,0.0,0.0
1,0,35,13,1,0,0.0,0.0,0.0,1.0,0.0,0.0
0,0,35,5,0,0,0.0,0.0,0.0,1.0,0.0,0.0
1,0,35,7,0,0,0.0,0.0,1.0,1.0,0.0,0.0
0,0,35,4,0,0,0.0,0.0,0.0,0.0,0.0,0.0
0,0,35,4,0,1,0.0,0.0,0.0,1.0,0.0,0.0
1,0,35,0,0,1,0.0,0.0,0.0,1.0,0.0,0.0
0,0,35,1,1,0,0.0,0.0,0.0,0.0,0.0,0.0
0,0,35,0,1,0,0.0,0.0,1.0,0.0,1.0,0.0
1,1,35,0,0,0,0.0,0.0,0.0,1.0,0.0,0.0
1,0,35,12,0,0,0.0,0.0,0.0,1.0,0.0,0.0
0,0,35,4,0,1,0.0,0.0,0.0,0.0,0.0,0.0
0,0,35,4,0,1,0.0,0.0,0.0,0.0,0.0,0.0
0,0,35,1,0,1,0.0,0.0,0.0,1.0,0.0,0.0
0,1,35,5,0,0,0.0,0.0,0.0,1.0,0.0,0.0
0,0,35,2,0,1,0.0,0.0,0.0,0.0,0.0,0.0
0,1,35,1,0,1,0.0,0.0,0.0,0.0,0.0,0.0
1,0,35,3,0,0,0.0,0.0,0.0,1.0,0.0,0.0
0,0,35,0,0,0,0.0,0.0,0.0,1.0,0.0,0.0
0,1,35,2,0,0,0.0,0.0,0.0,1.0,0.0,0.0
0,0,35,1,0,0,0.0,0.0,1.0,0.0,0.0,0.0
0,0,35,1,0,0,0.0,0.0,0.0,1.0,0.0,0.0
1,0,35,8,0,1,0.0,0.0,0.0,1.0,0.0,0.0
0,0,35,0,0,0,0.0,0.0,1.0,0.0,0.0,0.0
0,0,35,2,0,0,0.0,0.0,1.0,0.0,1.0,0.0
0,0,35,4,0,1,0.0,0.0,0.0,1.0,0.0,0.0
0,0,35,1,0,0,0.0,0.0,0.0,1.0,0.0,0.0
0,0,35,2,0,1,0.0,0.0,0.0,1.0,0.0,0.0
1,0,35,6,0,0,0.0,0.0,0.0,1.0,0.0,0.0
0,0,35,2,0,1,0.0,0.0,1.0,0.0,0.0,0.0
0,1,35,1,0,1,0.0,0.0,0.0,0.0,0.0,0.0
0,0,35,0,0,0,0.0,0.0,0.0,0.0,0.0,1.0
0,1,35,2,0,0,0.0,0.0,0.0,0.0,0.0,0.0
1,0,35,2,0,0,0.0,0.0,0.0,0.0,0.0,0.0
0,1,35,2,0,0,0.0,0.0,0.0,1.0,0.0,0.0
1,0,35,3,0,1,0.0,0.0,1.0,0.0,0.0,1.0
0,0,35,2,0,0,0.0,0.0,0.0,0.0,1.0,0.0
0,0,34,1,0,1,0.0,0.0,1.0,0.0,0.0,0.0
0,0,34,5,1,0,0.0,1.0,0.0,1.0,0.0,0.0
1,0,34,10,1,0,0.0,0.0,0.0,1.0,0.0,0.0
0,1,34,1,0,0,0.0,0.0,0.0,1.0,0.0,0.0
0,1,34,1,0,0,0.0,1.0,0.0,0.0,0.0,1.0
0,0,34,0,0,1,0.0,0.0,0.0,0.0,1.0,0.0
0,0,34,0,0,1,0.0,0.0,1.0,0.0,0.0,0.0
1,0,34,5,0,0,0.0,0.0,0.0,1.0,0.0,0.0
1,0,34,21,6,0,0.0,0.0,0.0,1.0,0.0,0.0
0,1,34,1,0,0,0.0,0.0,0.0,0.0,0.0,0.0
0,0,34,1,0,0,0.0,0.0,0.0,0.0,0.0,0.0
0,0,34,0,0,0,0.0,0.0,1.0,1.0,0.0,0.0
1,0,34,5,0,0,0.0,0.0,0.0,0.0,1.0,0.0
0,0,34,0,1,0,0.0,0.0,0.0,0.0,0.0,0.0
0,1,34,0,0,1,0.0,0.0,0.0,0.0,0.0,0.0
1,0,34,0,0,0,0.0,0.0,0.0,0.0,0.0,0.0
0,0,34,4,0,0,0.0,1.0,0.0,0.0,0.0,0.0
0,0,34,0,0,1,0.0,0.0,0.0,0.0,0.0,0.0
1,0,34,0,0,1,1.0,0.0,0.0,1.0,0.0,0.0
0,0,34,0,0,0,0.0,0.0,0.0,0.0,0.0,0.0
1,0,34,1,0,1,0.0,0.0,1.0,1.0,0.0,0.0
1,0,34,5,0,1,0.0,0.0,1.0,1.0,0.0,0.0
0,0,34,4,0,0,0.0,0.0,0.0,0.0,0.0,0.0
1,0,34,5,0,0,0.0,0.0,0.0,1.0,0.0,0.0
1,1,34,4,0,0,0.0,0.0,0.0,0.0,0.0,1.0
0,0,34,13,0,0,0.0,0.0,0.0,0.0,0.0,0.0
0,0,34,11,0,0,0.0,0.0,0.0,0.0,0.0,0.0
0,0,34,1,0,0,0.0,0.0,0.0,1.0,0.0,0.0
1,1,34,5,0,0,0.0,0.0,0.0,1.0,0.0,0.0
0,0,34,1,0,0,0.0,0.0,0.0,0.0,0.0,0.0
0,1,34,6,0,0,0.0,0.0,0.0,1.0,0.0,0.0
0,0,34,1,0,0,0.0,0.0,0.0,1.0,0.0,0.0
0,0,34,4,0,1,0.0,0.0,0.0,1.0,0.0,0.0
0,0,34,19,7,1,0.0,0.0,0.0,1.0,0.0,0.0
0,0,34,0,0,0,0.0,0.0,0.0,1.0,0.0,0.0
0,0,34,4,0,1,0.0,0.0,0.0,1.0,0.0,0.0
1,1,34,0,1,0,0.0,0.0,0.0,0.0,0.0,0.0
0,0,34,2,0,1,0.0,0.0,0.0,0.0,0.0,1.0
0,0,34,3,0,0,0.0,0.0,0.0,0.0,0.0,0.0
1,0,34,16,0,0,0.0,0.0,0.0,1.0,0.0,0.0
0,0,34,0,0,0,0.0,0.0,0.0,1.0,0.0,0.0
0,0,34,5,0,1,0.0,0.0,0.0,1.0,0.0,0.0
0,0,34,12,0,0,0.0,0.0,0.0,1.0,0.0,0.0
1,0,34,11,4,0,0.0,0.0,0.0,1.0,0.0,0.0
0,0,34,3,0,0,1.0,0.0,0.0,1.0,0.0,0.0
0,1,34,14,0,0,0.0,0.0,0.0,1.0,0.0,0.0
0,0,34,1,0,0,0.0,0.0,0.0,1.0,0.0,0.0
1,0,34,0,0,1,0.0,0.0,0.0,1.0,0.0,0.0
0,1,34,0,0,1,0.0,0.0,0.0,1.0,0.0,0.0
0,0,34,15,1,0,0.0,0.0,0.0,0.0,0.0,0.0
0,0,34,0,0,0,0.0,0.0,0.0,1.0,0.0,0.0
0,0,34,3,0,1,0.0,0.0,0.0,1.0,0.0,0.0
0,0,34,8,0,1,0.0,0.0,1.0,1.0,0.0,0.0
1,0,34,19,0,0,0.0,0.0,1.0,1.0,0.0,0.0
1,0,34,4,0,0,0.0,0.0,0.0,1.0,0.0,0.0
1,1,34,0,0,0,0.0,0.0,0.0,0.0,0.0,0.0
1,0,34,0,0,1,0.0,0.0,1.0,1.0,0.0,0.0
0,0,34,2,0,0,0.0,0.0,0.0,1.0,0.0,0.0
0,1,34,4,0,1,0.0,0.0,1.0,0.0,0.0,0.0
1,0,34,21,1,1,0.0,0.0,1.0,1.0,0.0,0.0
1,0,34,6,0,0,0.0,1.0,0.0,1.0,0.0,0.0
0,0,34,0,0,0,0.0,0.0,0.0,0.0,0.0,1.0
0,0,34,2,0,0,0.0,0.0,0.0,0.0,0.0,0.0
1,1,34,0,0,1,0.0,1.0,0.0,1.0,0.0,0.0
1,1,34,1,0,0,0.0,0.0,0.0,1.0,0.0,0.0
0,0,34,1,0,0,0.0,0.0,0.0,0.0,0.0,0.0
1,0,34,6,0,0,0.0,0.0,0.0,1.0,0.0,0.0
0,0,34,3,0,1,0.0,0.0,0.0,0.0,0.0,1.0
1,0,34,22,0,0,0.0,0.0,0.0,1.0,0.0,0.0
0,1,34,3,0,1,0.0,0.0,0.0,0.0,0.0,0.0
1,0,34,0,0,0,0.0,0.0,1.0,1.0,0.0,0.0
0,0,34,5,0,0,0.0,0.0,0.0,1.0,0.0,0.0
0,0,34,1,0,0,0.0,0.0,0.0,0.0,0.0,0.0
1,0,34,27,0,0,0.0,0.0,0.0,1.0,0.0,0.0
0,0,34,8,0,0,0.0,0.0,0.0,0.0,0.0,0.0
0,1,34,6,0,0,0.0,0.0,0.0,1.0,0.0,0.0
1,0,34,5,0,1,0.0,1.0,0.0,0.0,0.0,0.0
0,1,34,1,0,1,0.0,0.0,1.0,0.0,1.0,0.0
0,1,34,0,0,0,0.0,0.0,0.0,0.0,0.0,0.0
0,0,34,3,0,1,0.0,0.0,0.0,0.0,1.0,0.0
0,0,34,5,0,0,0.0,0.0,0.0,0.0,0.0,0.0
0,1,34,0,0,1,0.0,0.0,1.0,0.0,0.0,1.0
1,0,34,3,0,1,0.0,0.0,0.0,0.0,0.0,0.0
1,0,34,11,1,0,0.0,0.0,0.0,1.0,0.0,0.0
0,1,34,5,0,0,0.0,0.0,0.0,1.0,0.0,0.0
0,0,34,0,0,1,0.0,0.0,0.0,0.0,0.0,0.0
0,0,34,1,0,1,0.0,0.0,1.0,0.0,0.0,0.0
0,0,34,0,0,0,0.0,1.0,0.0,0.0,1.0,0.0
1,1,34,1,0,0,0.0,0.0,0.0,0.0,0.0,0.0
1,0,34,1,0,0,0.0,0.0,1.0,0.0,1.0,0.0
1,0,34,0,0,0,0.0,0.0,0.0,0.0,0.0,1.0
1,0,34,2,0,0,0.0,0.0,0.0,0.0,0.0,0.0
0,0,34,27,1,1,0.0,0.0,0.0,1.0,0.0,0.0
1,0,34,13,0,0,0.0,0.0,0.0,0.0,0.0,0.0
1,0,34,14,0,0,0.0,0.0,0.0,0.0,1.0,0.0
0,0,34,0,0,1,0.0,0.0,1.0,0.0,0.0,0.0
0,0,34,1,0,0,0.0,0.0,1.0,1.0,0.0,0.0
0,0,34,1,0,0,0.0,0.0,0.0,1.0,0.0,0.0
1,0,34,17,0,0,0.0,0.0,0.0,0.0,1.0,0.0
0,0,34,5,0,1,0.0,0.0,0.0,1.0,0.0,0.0
0,0,34,2,0,1,0.0,0.0,1.0,0.0,1.0,0.0
0,0,34,5,0,0,0.0,0.0,1.0,0.0,0.0,0.0
1,0,34,4,0,0,0.0,0.0,0.0,0.0,1.0,0.0
0,1,34,0,0,0,0.0,0.0,0.0,1.0,0.0,0.0
0,1,34,5,0,0,0.0,0.0,0.0,0.0,1.0,0.0
1,0,34,1,0,1,0.0,0.0,0.0,0.0,0.0,1.0
0,0,34,0,0,0,0.0,0.0,0.0,1.0,0.0,0.0
0,0,34,1,0,0,0.0,0.0,1.0,0.0,1.0,0.0
1,0,34,4,0,0,0.0,0.0,0.0,1.0,0.0,0.0
0,0,34,8,3,0,0.0,0.0,0.0,1.0,0.0,0.0
1,0,34,7,0,0,0.0,0.0,0.0,1.0,0.0,0.0
0,0,34,10,0,0,0.0,0.0,0.0,1.0,0.0,0.0
0,0,34,2,0,0,0.0,0.0,0.0,1.0,0.0,0.0
0,0,34,4,0,1,0.0,0.0,0.0,1.0,0.0,0.0
1,0,34,16,0,0,0.0,0.0,0.0,0.0,0.0,0.0
1,0,34,19,3,0,0.0,0.0,0.0,1.0,0.0,0.0
0,0,34,2,0,0,0.0,0.0,1.0,1.0,0.0,0.0
0,0,34,22,0,0,0.0,0.0,0.0,1.0,0.0,0.0
1,0,34,3,0,0,0.0,0.0,0.0,0.0,0.0,0.0
0,0,34,5,0,1,0.0,0.0,0.0,0.0,0.0,0.0
0,0,34,1,0,1,0.0,0.0,1.0,0.0,1.0,0.0
1,0,34,0,0,1,0.0,0.0,1.0,0.0,0.0,0.0
0,0,34,0,0,0,0.0,0.0,0.0,0.0,0.0,0.0
0,0,34,15,0,0,0.0,0.0,0.0,1.0,0.0,0.0
0,0,34,1,0,1,0.0,1.0,0.0,0.0,0.0,0.0
1,0,34,3,1,0,0.0,0.0,0.0,1.0,0.0,0.0
0,1,34,1,0,1,0.0,0.0,0.0,0.0,0.0,0.0
0,0,34,2,0,1,0.0,0.0,0.0,1.0,0.0,0.0
1,0,34,0,0,0,0.0,0.0,0.0,1.0,0.0,0.0
1,0,34,9,0,0,0.0,0.0,0.0,1.0,0.0,0.0
0,0,34,3,0,1,0.0,0.0,0.0,1.0,0.0,0.0
0,1,34,0,0,0,0.0,0.0,0.0,0.0,0.0,1.0
0,0,34,0,0,0,0.0,0.0,0.0,1.0,0.0,0.0
1,0,34,6,0,0,0.0,0.0,0.0,1.0,0.0,0.0
0,1,34,2,0,0,0.0,0.0,0.0,0.0,0.0,0.0
1,0,34,0,0,1,0.0,0.0,0.0,0.0,0.0,0.0
1,0,34,12,0,0,0.0,0.0,1.0,1.0,0.0,0.0
0,0,34,0,0,0,0.0,0.0,0.0,0.0,0.0,0.0
1,0,34,5,1,0,0.0,0.0,0.0,0.0,0.0,0.0
0,0,34,0,0,0,0.0,0.0,0.0,0.0,0.0,0.0
1,1,34,0,0,1,0.0,0.0,0.0,0.0,0.0,0.0
0,0,34,1,0,0,0.0,0.0,0.0,0.0,0.0,0.0
1,0,34,7,0,0,0.0,0.0,0.0,1.0,0.0,0.0
1,0,34,9,2,1,0.0,0.0,1.0,1.0,0.0,0.0
0,0,34,3,1,1,0.0,0.0,0.0,0.0,0.0,0.0
0,0,34,3,0,0,0.0,0.0,0.0,1.0,0.0,0.0
0,0,34,0,0,1,0.0,0.0,1.0,0.0,0.0,1.0
0,0,34,1,0,1,0.0,0.0,0.0,1.0,0.0,0.0
0,1,34,1,0,1,0.0,0.0,0.0,1.0,0.0,0.0
0,0,34,2,0,1,0.0,0.0,0.0,1.0,0.0,0.0
0,0,34,1,0,1,0.0,0.0,0.0,1.0,0.0,0.0
0,0,34,3,0,0,0.0,0.0,1.0,1.0,0.0,0.0
0,0,34,1,0,1,0.0,0.0,0.0,1.0,0.0,0.0
0,0,34,9,1,0,0.0,0.0,0.0,1.0,0.0,0.0
0,1,34,1,0,1,0.0,0.0,1.0,1.0,0.0,0.0
0,0,34,12,0,0,0.0,0.0,0.0,1.0,0.0,0.0
0,0,34,0,0,0,0.0,0.0,0.0,0.0,0.0,0.0
0,0,34,0,0,1,0.0,0.0,1.0,0.0,0.0,0.0
0,0,34,5,3,1,0.0,0.0,0.0,1.0,0.0,0.0
0,0,34,1,0,0,0.0,0.0,0.0,1.0,0.0,0.0
1,0,34,16,0,0,0.0,0.0,0.0,1.0,0.0,0.0
0,1,34,1,0,1,0.0,1.0,0.0,1.0,0.0,0.0
1,1,34,5,0,0,0.0,0.0,0.0,1.0,0.0,0.0
0,0,34,1,0,0,0.0,0.0,1.0,1.0,0.0,0.0
0,0,34,2,0,1,0.0,0.0,0.0,0.0,0.0,0.0
0,0,34,0,0,1,0.0,1.0,0.0,0.0,1.0,0.0
0,0,34,0,0,0,0.0,0.0,0.0,0.0,0.0,1.0
0,0,33,3,0,0,0.0,0.0,0.0,1.0,0.0,0.0
0,0,33,0,0,1,0.0,0.0,0.0,0.0,0.0,0.0
0,1,33,1,0,0,0.0,0.0,0.0,1.0,0.0,0.0
0,0,33,0,0,0,0.0,0.0,0.0,1.0,0.0,0.0
1,1,33,0,0,1,0.0,0.0,0.0,0.0,0.0,0.0
1,0,33,0,0,0,0.0,0.0,0.0,0.0,0.0,0.0
1,0,33,2,0,0,0.0,0.0,1.0,0.0,0.0,1.0
0,0,33,14,0,0,0.0,0.0,0.0,1.0,0.0,0.0
0,1,33,2,0,1,0.0,0.0,0.0,0.0,1.0,0.0
0,1,33,1,0,0,0.0,0.0,1.0,1.0,0.0,0.0
0,0,33,0,0,0,0.0,0.0,0.0,0.0,0.0,0.0
1,0,33,28,14,0,0.0,1.0,0.0,1.0,0.0,0.0
0,1,33,0,0,0,0.0,0.0,0.0,0.0,0.0,1.0
0,1,33,0,0,1,0.0,0.0,0.0,1.0,0.0,0.0
1,0,33,7,0,0,0.0,0.0,0.0,1.0,0.0,0.0
1,1,33,1,0,1,0.0,0.0,0.0,0.0,0.0,0.0
1,0,33,5,0,0,0.0,0.0,1.0,1.0,0.0,0.0
0,0,33,2,0,0,0.0,0.0,0.0,0.0,0.0,0.0
0,0,33,0,0,0,0.0,0.0,0.0,0.0,0.0,0.0
0,0,33,2,0,0,0.0,0.0,0.0,1.0,0.0,0.0
1,0,33,14,0,0,0.0,0.0,1.0,1.0,0.0,0.0
1,0,33,5,0,0,0.0,0.0,0.0,0.0,0.0,0.0
0,1,33,2,0,0,0.0,0.0,0.0,0.0,0.0,0.0
1,0,33,3,0,0,0.0,0.0,0.0,0.0,0.0,0.0
0,1,33,0,0,0,0.0,0.0,0.0,1.0,0.0,0.0
0,1,33,0,0,0,0.0,0.0,0.0,0.0,0.0,0.0
0,0,33,3,0,0,0.0,0.0,1.0,1.0,0.0,0.0
1,0,33,0,0,1,0.0,0.0,0.0,1.0,0.0,0.0
0,1,33,1,0,1,0.0,0.0,0.0,1.0,0.0,0.0
1,0,33,2,0,1,0.0,0.0,0.0,0.0,0.0,0.0
0,0,33,3,0,1,0.0,0.0,1.0,0.0,0.0,0.0
1,0,33,19,0,0,0.0,0.0,0.0,1.0,0.0,0.0
0,0,33,10,0,1,0.0,0.0,0.0,0.0,0.0,0.0
1,0,33,0,0,1,0.0,0.0,0.0,0.0,0.0,0.0
1,1,33,0,0,1,0.0,0.0,0.0,0.0,0.0,0.0
1,0,33,4,0,0,0.0,0.0,0.0,1.0,0.0,0.0
0,1,33,1,0,0,0.0,0.0,0.0,1.0,0.0,0.0
1,0,33,3,0,1,0.0,0.0,0.0,1.0,0.0,0.0
0,0,33,0,0,1,0.0,0.0,0.0,0.0,1.0,0.0
0,0,33,1,0,1,0.0,0.0,1.0,0.0,1.0,0.0
1,0,33,0,0,1,0.0,0.0,0.0,0.0,0.0,0.0
1,0,33,0,0,0,0.0,0.0,0.0,0.0,0.0,0.0
0,0,33,1,0,0,0.0,0.0,1.0,0.0,0.0,0.0
1,0,33,10,0,0,0.0,0.0,1.0,1.0,0.0,0.0
1,1,33,2,0,0,0.0,0.0,0.0,1.0,0.0,0.0
0,1,33,1,0,1,0.0,0.0,1.0,0.0,0.0,0.0
0,0,33,5,0,0,0.0,0.0,0.0,0.0,0.0,1.0
1,0,33,9,0,0,0.0,0.0,0.0,0.0,0.0,0.0
0,0,33,0,0,0,0.0,0.0,1.0,0.0,0.0,0.0
0,0,33,3,0,0,0.0,0.0,0.0,0.0,0.0,1.0
0,0,33,3,0,1,0.0,0.0,0.0,0.0,0.0,0.0
0,0,33,8,0,0,0.0,0.0,0.0,1.0,0.0,0.0
0,1,33,1,0,1,0.0,0.0,0.0,0.0,0.0,0.0
0,0,33,4,0,0,0.0,0.0,0.0,1.0,0.0,0.0
0,0,33,2,0,1,0.0,0.0,0.0,0.0,0.0,0.0
1,0,33,8,0,1,0.0,0.0,0.0,1.0,0.0,0.0
0,0,33,3,0,0,0.0,0.0,0.0,0.0,0.0,0.0
0,0,33,0,0,1,0.0,1.0,0.0,0.0,0.0,0.0
0,0,33,0,0,1,0.0,0.0,1.0,0.0,1.0,0.0
0,0,33,1,0,0,0.0,0.0,0.0,0.0,1.0,0.0
1,0,33,8,2,0,0.0,0.0,0.0,1.0,0.0,0.0
1,1,33,2,0,0,0.0,0.0,0.0,0.0,0.0,0.0
1,0,33,2,0,0,0.0,0.0,0.0,1.0,0.0,0.0
0,0,33,0,0,1,0.0,0.0,1.0,0.0,0.0,1.0
0,0,33,0,0,0,0.0,0.0,0.0,1.0,0.0,0.0
0,0,33,0,0,1,0.0,1.0,0.0,0.0,0.0,1.0
0,1,33,7,0,1,0.0,0.0,0.0,0.0,0.0,0.0
0,0,33,0,0,0,0.0,0.0,0.0,1.0,0.0,0.0
0,0,33,4,0,1,0.0,0.0,1.0,1.0,0.0,0.0
0,0,33,0,0,1,0.0,0.0,0.0,0.0,0.0,1.0
1,0,33,16,0,1,0.0,0.0,0.0,1.0,0.0,0.0
0,0,33,14,1,0,0.0,0.0,0.0,0.0,0.0,0.0
1,0,33,1,0,1,0.0,0.0,0.0,1.0,0.0,0.0
1,0,33,9,1,1,0.0,0.0,0.0,0.0,0.0,1.0
0,0,33,2,0,1,0.0,0.0,0.0,1.0,0.0,0.0
0,0,33,0,0,1,0.0,0.0,0.0,1.0,0.0,0.0
0,0,33,4,0,1,0.0,0.0,0.0,0.0,0.0,0.0
1,0,33,6,1,1,0.0,0.0,0.0,1.0,0.0,0.0
1,0,33,3,0,0,0.0,0.0,0.0,1.0,0.0,0.0
0,0,33,5,0,0,0.0,0.0,0.0,1.0,0.0,0.0
0,0,33,1,0,1,0.0,0.0,1.0,0.0,1.0,0.0
1,0,33,1,0,0,0.0,0.0,0.0,1.0,0.0,0.0
0,1,33,1,0,0,0.0,0.0,1.0,0.0,0.0,0.0
0,1,33,0,0,0,0.0,0.0,0.0,1.0,0.0,0.0
0,0,33,0,0,0,0.0,0.0,0.0,1.0,0.0,0.0
1,0,33,23,0,0,0.0,0.0,0.0,1.0,0.0,0.0
1,0,33,3,0,0,0.0,0.0,0.0,1.0,0.0,0.0
0,1,33,0,0,0,0.0,0.0,0.0,1.0,0.0,0.0
0,1,33,0,0,1,0.0,1.0,0.0,0.0,0.0,0.0
1,0,33,3,0,1,0.0,0.0,0.0,1.0,0.0,0.0
0,1,33,0,0,1,0.0,0.0,0.0,1.0,0.0,0.0
1,0,33,4,0,0,0.0,0.0,0.0,0.0,0.0,1.0
1,1,33,2,0,0,0.0,0.0,0.0,0.0,1.0,0.0
0,0,33,2,0,1,0.0,0.0,0.0,0.0,0.0,0.0
1,0,33,11,0,0,0.0,0.0,0.0,1.0,0.0,0.0
1,0,33,13,0,0,0.0,0.0,0.0,1.0,0.0,0.0
1,0,33,7,1,0,0.0,0.0,0.0,0.0,0.0,1.0
0,0,33,3,0,0,0.0,0.0,0.0,0.0,0.0,0.0
0,0,33,5,0,0,0.0,0.0,1.0,0.0,0.0,0.0
0,1,33,0,0,0,0.0,0.0,0.0,0.0,0.0,1.0
0,0,33,1,0,0,0.0,0.0,0.0,1.0,0.0,0.0
0,0,33,1,0,1,0.0,0.0,0.0,0.0,1.0,0.0
0,0,33,0,0,0,0.0,0.0,0.0,0.0,0.0,0.0
0,1,33,3,0,1,0.0,0.0,0.0,1.0,0.0,0.0
1,0,33,7,0,1,0.0,0.0,0.0,1.0,0.0,0.0
1,0,33,12,1,1,0.0,0.0,0.0,1.0,0.0,0.0
0,0,33,3,0,0,0.0,0.0,0.0,1.0,0.0,0.0
1,0,33,4,0,1,0.0,0.0,0.0,1.0,0.0,0.0
1,0,33,16,0,1,0.0,0.0,0.0,1.0,0.0,0.0
0,0,33,0,0,0,0.0,0.0,0.0,0.0,0.0,0.0
0,0,33,0,0,0,0.0,0.0,0.0,1.0,0.0,0.0
0,0,33,3,0,1,0.0,0.0,1.0,0.0,1.0,0.0
0,0,33,1,0,0,0.0,0.0,1.0,0.0,0.0,0.0
0,0,33,2,0,1,0.0,0.0,1.0,1.0,0.0,0.0
1,0,33,4,0,0,0.0,0.0,0.0,1.0,0.0,0.0
0,0,33,0,0,0,0.0,0.0,1.0,0.0,0.0,1.0
0,1,33,1,0,1,0.0,0.0,0.0,0.0,0.0,0.0
1,0,33,0,0,0,0.0,0.0,0.0,0.0,0.0,0.0
1,1,33,5,0,0,0.0,0.0,0.0,0.0,0.0,1.0
0,0,33,3,0,0,0.0,0.0,0.0,0.0,1.0,0.0
0,0,33,2,2,1,0.0,0.0,0.0,0.0,0.0,0.0
0,1,33,0,0,1,0.0,0.0,0.0,0.0,0.0,0.0
0,0,33,4,0,0,0.0,0.0,0.0,1.0,0.0,0.0
0,0,33,1,0,1,0.0,0.0,0.0,0.0,0.0,0.0
0,0,33,0,0,0,0.0,0.0,1.0,0.0,0.0,1.0
0,0,33,0,0,1,0.0,0.0,0.0,1.0,0.0,0.0
0,0,33,0,0,1,0.0,0.0,0.0,0.0,0.0,0.0
1,0,33,5,0,1,0.0,0.0,0.0,1.0,0.0,0.0
0,0,33,0,0,0,0.0,0.0,1.0,1.0,0.0,0.0
0,1,33,0,0,1,0.0,0.0,0.0,1.0,0.0,0.0
0,0,33,0,0,1,0.0,0.0,0.0,0.0,1.0,0.0
0,0,33,0,0,0,0.0,0.0,0.0,0.0,0.0,0.0
0,0,33,2,0,1,0.0,0.0,0.0,0.0,1.0,0.0
0,1,33,0,0,0,0.0,0.0,0.0,0.0,1.0,0.0
1,0,33,16,0,0,0.0,0.0,0.0,1.0,0.0,0.0
1,0,33,7,0,0,0.0,0.0,1.0,1.0,0.0,0.0
1,1,33,3,0,0,0.0,0.0,0.0,0.0,0.0,0.0
0,0,33,6,0,0,0.0,0.0,0.0,1.0,0.0,0.0
0,1,33,5,0,0,0.0,0.0,0.0,1.0,0.0,0.0
1,1,33,4,0,1,0.0,0.0,0.0,0.0,0.0,0.0
0,1,33,2,0,0,0.0,0.0,0.0,0.0,1.0,0.0
0,1,33,2,0,0,0.0,1.0,0.0,0.0,0.0,0.0
0,0,33,10,0,0,0.0,0.0,0.0,0.0,0.0,0.0
0,0,33,9,0,0,0.0,0.0,0.0,0.0,0.0,0.0
1,0,33,18,0,0,0.0,0.0,0.0,1.0,0.0,0.0
0,1,33,3,0,1,0.0,0.0,0.0,1.0,0.0,0.0
1,0,33,11,5,0,0.0,0.0,0.0,1.0,0.0,0.0
1,0,33,1,0,0,0.0,0.0,0.0,1.0,0.0,0.0
0,0,33,0,0,1,0.0,0.0,0.0,0.0,0.0,1.0
0,0,33,1,0,0,1.0,0.0,0.0,1.0,0.0,0.0
0,0,33,0,0,0,0.0,0.0,1.0,0.0,0.0,0.0
1,0,33,2,0,1,0.0,0.0,0.0,1.0,0.0,0.0
0,1,33,0,0,1,0.0,0.0,0.0,0.0,0.0,0.0
0,0,33,6,0,1,0.0,0.0,0.0,1.0,0.0,0.0
0,0,33,2,0,1,0.0,0.0,0.0,1.0,0.0,0.0
0,1,33,2,0,0,0.0,0.0,0.0,1.0,0.0,0.0
1,0,33,16,4,0,0.0,0.0,1.0,1.0,0.0,0.0
1,0,33,9,2,1,0.0,0.0,0.0,1.0,0.0,0.0
0,0,33,3,0,0,0.0,0.0,1.0,0.0,0.0,1.0
1,0,33,12,4,0,0.0,0.0,0.0,1.0,0.0,0.0
1,0,33,0,0,0,0.0,0.0,0.0,1.0,0.0,0.0
0,1,33,3,0,1,0.0,0.0,0.0,1.0,0.0,0.0
1,0,33,18,3,0,0.0,0.0,0.0,1.0,0.0,0.0
0,0,33,1,0,0,0.0,0.0,0.0,0.0,0.0,0.0
1,0,33,0,0,0,0.0,0.0,0.0,1.0,0.0,0.0
0,0,33,2,0,0,0.0,0.0,0.0,0.0,0.0,0.0
1,0,33,1,0,1,0.0,0.0,0.0,1.0,0.0,0.0
0,0,33,1,0,0,0.0,0.0,0.0,1.0,0.0,0.0
1,1,33,3,0,1,0.0,0.0,0.0,1.0,0.0,0.0
0,0,33,0,0,0,0.0,0.0,1.0,0.0,1.0,0.0
1,0,33,3,0,1,0.0,0.0,0.0,0.0,0.0,0.0
0,0,33,4,0,0,0.0,0.0,0.0,0.0,0.0,0.0
0,1,33,2,0,0,0.0,0.0,1.0,0.0,0.0,0.0
1,0,33,0,0,0,0.0,0.0,0.0,1.0,0.0,0.0
1,0,33,12,0,0,0.0,0.0,0.0,1.0,0.0,0.0
1,0,33,0,0,0,0.0,0.0,1.0,0.0,0.0,1.0
1,0,33,17,0,0,0.0,0.0,1.0,1.0,0.0,0.0
0,0,33,8,0,0,0.0,0.0,0.0,1.0,0.0,0.0
0,1,33,1,0,0,0.0,0.0,1.0,1.0,0.0,0.0
1,1,33,7,0,0,0.0,0.0,0.0,1.0,0.0,0.0
0,0,32,8,1,0,0.0,0.0,0.0,0.0,0.0,0.0
0,1,32,0,0,1,0.0,0.0,0.0,1.0,0.0,0.0
0,0,32,0,0,0,0.0,0.0,1.0,1.0,0.0,0.0
1,0,32,14,0,0,0.0,0.0,0.0,1.0,0.0,0.0
0,0,32,2,0,0,0.0,0.0,0.0,0.0,0.0,0.0
1,0,32,6,0,0,0.0,0.0,0.0,0.0,0.0,0.0
0,0,32,0,0,1,0.0,0.0,0.0,1.0,0.0,0.0
0,0,32,1,0,0,0.0,0.0,1.0,0.0,1.0,0.0
0,0,32,0,0,0,0.0,0.0,0.0,0.0,0.0,1.0
0,0,32,14,1,0,0.0,0.0,0.0,1.0,0.0,0.0
0,1,32,5,0,0,0.0,0.0,0.0,1.0,0.0,0.0
1,0,32,9,0,1,0.0,0.0,0.0,1.0,0.0,0.0
0,0,32,4,3,0,0.0,0.0,0.0,1.0,0.0,0.0
0,0,32,0,0,1,0.0,0.0,0.0,0.0,0.0,1.0
0,0,32,7,3,0,0.0,0.0,1.0,1.0,0.0,0.0
0,0,32,1,0,0,0.0,0.0,0.0,0.0,0.0,0.0
0,1,32,1,0,0,0.0,0.0,0.0,0.0,0.0,0.0
0,0,32,0,0,1,0.0,0.0,1.0,1.0,0.0,0.0
0,0,32,9,4,0,0.0,0.0,0.0,1.0,0.0,0.0
1,0,32,1,1,1,0.0,0.0,0.0,0.0,1.0,0.0
1,0,32,13,0,1,0.0,0.0,0.0,1.0,0.0,0.0
1,0,32,1,0,0,0.0,0.0,0.0,0.0,0.0,0.0
1,0,32,22,1,0,0.0,0.0,0.0,1.0,0.0,0.0
1,0,32,1,0,0,0.0,0.0,0.0,0.0,0.0,0.0
1,1,32,0,0,1,0.0,0.0,1.0,1.0,0.0,0.0
1,0,32,15,3,0,0.0,0.0,0.0,0.0,0.0,0.0
0,0,32,1,0,0,0.0,0.0,0.0,1.0,0.0,0.0
0,0,32,0,0,0,0.0,0.0,0.0,0.0,0.0,0.0
1,0,32,5,0,0,0.0,0.0,0.0,0.0,0.0,0.0
1,0,32,11,0,1,0.0,0.0,0.0,1.0,0.0,0.0
0,0,32,1,0,1,0.0,0.0,0.0,0.0,0.0,0.0
0,0,32,0,0,0,0.0,0.0,1.0,0.0,0.0,0.0
0,1,32,2,0,0,0.0,0.0,0.0,1.0,0.0,0.0
1,0,32,11,1,0,0.0,0.0,0.0,0.0,0.0,0.0
1,1,32,1,0,1,0.0,1.0,0.0,0.0,0.0,0.0
0,0,32,3,0,1,0.0,0.0,0.0,1.0,0.0,0.0
0,0,32,0,0,1,0.0,1.0,0.0,1.0,0.0,0.0
0,0,32,1,0,1,0.0,0.0,0.0,1.0,0.0,0.0
0,1,32,0,0,1,0.0,0.0,1.0,0.0,1.0,0.0
1,0,32,11,3,0,0.0,0.0,0.0,1.0,0.0,0.0
1,0,32,3,0,0,0.0,0.0,1.0,1.0,0.0,0.0
0,1,32,5,0,0,0.0,0.0,0.0,0.0,0.0,0.0
1,0,32,6,0,1,0.0,0.0,0.0,1.0,0.0,0.0
1,0,32,0,0,1,0.0,0.0,0.0,0.0,1.0,0.0
0,0,32,2,0,0,0.0,0.0,0.0,1.0,0.0,0.0
0,0,32,8,1,0,0.0,0.0,0.0,1.0,0.0,0.0
1,0,32,4,0,0,0.0,0.0,0.0,1.0,0.0,0.0
1,0,32,4,0,0,0.0,0.0,0.0,1.0,0.0,0.0
0,1,32,1,0,0,0.0,0.0,0.0,0.0,1.0,0.0
0,0,32,0,0,1,0.0,1.0,0.0,0.0,1.0,0.0
0,0,32,9,0,0,0.0,0.0,1.0,1.0,0.0,0.0
0,0,32,2,0,1,0.0,0.0,0.0,1.0,0.0,0.0
0,0,32,1,0,0,0.0,1.0,0.0,0.0,1.0,0.0
1,0,32,2,0,1,0.0,0.0,0.0,0.0,1.0,0.0
0,0,32,2,0,1,0.0,0.0,0.0,1.0,0.0,0.0
1,0,32,8,0,0,0.0,0.0,0.0,0.0,0.0,0.0
0,0,32,0,0,1,0.0,0.0,0.0,0.0,0.0,1.0
0,0,32,6,0,0,0.0,0.0,0.0,0.0,0.0,0.0
1,0,32,15,2,0,0.0,0.0,0.0,1.0,0.0,0.0
0,0,32,9,0,0,0.0,0.0,0.0,1.0,0.0,0.0
0,0,32,0,0,1,0.0,0.0,1.0,0.0,0.0,1.0
0,1,32,4,1,0,0.0,0.0,0.0,0.0,0.0,0.0
1,0,32,4,0,0,0.0,0.0,0.0,1.0,0.0,0.0
0,0,32,5,0,1,0.0,0.0,0.0,1.0,0.0,0.0
0,1,32,1,0,1,0.0,0.0,1.0,1.0,0.0,0.0
0,0,32,4,0,0,0.0,0.0,1.0,0.0,0.0,0.0
1,0,32,0,0,0,0.0,0.0,0.0,1.0,0.0,0.0
1,0,32,12,1,0,0.0,0.0,0.0,1.0,0.0,0.0
0,0,32,8,1,0,0.0,0.0,0.0,1.0,0.0,0.0
0,0,32,0,0,0,0.0,0.0,1.0,0.0,0.0,1.0
1,0,32,2,0,0,0.0,0.0,0.0,1.0,0.0,0.0
0,1,32,11,0,0,0.0,0.0,0.0,1.0,0.0,0.0
0,1,32,0,0,0,0.0,1.0,0.0,0.0,0.0,0.0
1,0,32,5,0,0,0.0,0.0,1.0,0.0,0.0,0.0
0,0,32,1,0,1,0.0,1.0,0.0,1.0,0.0,0.0
0,0,32,11,0,0,0.0,0.0,0.0,0.0,0.0,0.0
1,0,32,5,1,1,0.0,0.0,1.0,1.0,0.0,0.0
1,0,32,5,0,0,0.0,0.0,0.0,0.0,0.0,0.0
1,0,32,0,0,0,0.0,0.0,1.0,1.0,0.0,0.0
0,0,32,1,0,0,0.0,0.0,1.0,0.0,1.0,0.0
0,0,32,0,0,0,0.0,0.0,0.0,1.0,0.0,0.0
0,0,32,2,0,0,0.0,0.0,0.0,1.0,0.0,0.0
1,1,32,3,0,0,0.0,1.0,0.0,1.0,0.0,0.0
1,0,32,2,1,1,0.0,0.0,0.0,0.0,1.0,0.0
1,0,32,0,0,1,0.0,0.0,0.0,0.0,0.0,1.0
0,1,32,3,0,0,0.0,0.0,0.0,1.0,0.0,0.0
0,0,32,0,0,1,0.0,0.0,0.0,0.0,0.0,0.0
0,0,32,0,0,1,0.0,0.0,0.0,0.0,0.0,1.0
0,0,32,1,0,0,0.0,0.0,0.0,1.0,0.0,0.0
1,0,32,9,1,1,0.0,0.0,0.0,1.0,0.0,0.0
1,0,32,7,1,0,0.0,0.0,0.0,1.0,0.0,0.0
0,0,32,3,0,0,0.0,0.0,0.0,0.0,1.0,0.0
1,0,32,7,0,0,0.0,0.0,0.0,1.0,0.0,0.0
0,0,32,0,0,0,0.0,0.0,1.0,1.0,0.0,0.0
0,1,32,0,0,1,0.0,1.0,0.0,0.0,0.0,1.0
1,0,32,9,0,1,0.0,0.0,0.0,0.0,0.0,0.0
0,1,32,3,0,1,0.0,0.0,0.0,1.0,0.0,0.0
1,0,32,1,0,0,0.0,0.0,0.0,1.0,0.0,0.0
1,0,32,26,2,0,0.0,1.0,0.0,1.0,0.0,0.0
0,0,32,2,0,0,0.0,0.0,1.0,0.0,0.0,0.0
0,0,32,0,0,1,0.0,0.0,0.0,0.0,0.0,0.0
0,1,32,0,0,0,0.0,0.0,0.0,1.0,0.0,0.0
1,0,32,2,0,1,0.0,1.0,0.0,0.0,0.0,0.0
1,0,32,19,0,0,0.0,0.0,0.0,1.0,0.0,0.0
0,1,32,0,0,1,0.0,0.0,1.0,0.0,0.0,1.0
0,0,32,4,0,0,0.0,0.0,1.0,1.0,0.0,0.0
0,0,32,1,0,0,0.0,0.0,0.0,1.0,0.0,0.0
0,0,32,12,0,0,0.0,0.0,0.0,1.0,0.0,0.0
1,0,32,7,4,0,0.0,0.0,0.0,1.0,0.0,0.0
1,0,32,6,0,0,0.0,0.0,0.0,1.0,0.0,0.0
0,1,32,0,0,0,0.0,0.0,0.0,1.0,0.0,0.0
1,0,32,17,11,0,0.0,0.0,0.0,1.0,0.0,0.0
1,0,32,8,0,1,0.0,0.0,1.0,0.0,0.0,0.0
1,0,32,3,0,0,0.0,0.0,0.0,0.0,0.0,0.0
0,0,32,3,0,0,0.0,0.0,0.0,1.0,0.0,0.0
0,0,32,1,0,0,0.0,0.0,0.0,1.0,0.0,0.0
0,0,32,4,0,0,0.0,0.0,0.0,0.0,0.0,1.0
0,0,32,0,0,1,0.0,0.0,0.0,0.0,1.0,0.0
1,1,32,1,0,0,0.0,0.0,0.0,0.0,1.0,0.0
1,0,32,13,0,0,0.0,0.0,0.0,1.0,0.0,0.0
0,0,32,3,0,0,0.0,0.0,0.0,0.0,0.0,0.0
1,1,32,0,0,0,0.0,0.0,0.0,0.0,0.0,0.0
0,1,32,2,0,1,0.0,0.0,0.0,0.0,0.0,0.0
0,0,32,0,0,1,0.0,0.0,0.0,1.0,0.0,0.0
1,0,32,1,0,1,0.0,0.0,0.0,1.0,0.0,0.0
1,0,32,1,0,1,0.0,0.0,0.0,0.0,0.0,0.0
0,0,32,2,0,1,0.0,0.0,0.0,1.0,0.0,0.0
0,0,32,6,0,0,0.0,0.0,0.0,1.0,0.0,0.0
0,0,32,6,0,1,0.0,0.0,0.0,0.0,0.0,0.0
0,0,32,1,0,1,0.0,0.0,0.0,1.0,0.0,0.0
1,0,32,10,3,0,0.0,0.0,0.0,1.0,0.0,0.0
0,0,32,5,1,0,0.0,0.0,0.0,1.0,0.0,0.0
0,1,32,5,0,0,0.0,0.0,0.0,1.0,0.0,0.0
0,1,32,1,0,1,0.0,0.0,1.0,0.0,1.0,0.0
0,0,32,2,0,0,0.0,0.0,0.0,1.0,0.0,0.0
1,1,32,8,1,1,0.0,0.0,0.0,0.0,1.0,0.0
0,0,32,0,0,1,0.0,0.0,0.0,1.0,0.0,0.0
0,0,32,20,2,0,0.0,0.0,0.0,0.0,1.0,0.0
1,0,32,4,0,1,0.0,0.0,0.0,1.0,0.0,0.0
1,0,32,15,1,0,0.0,1.0,0.0,0.0,0.0,0.0
0,0,32,2,0,0,0.0,1.0,0.0,1.0,0.0,0.0
1,0,32,4,0,0,0.0,0.0,1.0,1.0,0.0,0.0
0,1,32,0,1,1,0.0,0.0,0.0,0.0,0.0,0.0
1,0,32,21,0,0,0.0,0.0,0.0,1.0,0.0,0.0
1,0,32,12,4,1,0.0,0.0,1.0,1.0,0.0,0.0
1,0,32,3,0,0,0.0,0.0,0.0,1.0,0.0,0.0
0,0,32,2,0,0,0.0,0.0,0.0,0.0,0.0,0.0
0,0,32,1,0,0,0.0,0.0,0.0,1.0,0.0,0.0
0,0,32,1,0,0,0.0,0.0,0.0,1.0,0.0,0.0
0,0,32,2,1,0,0.0,0.0,1.0,0.0,0.0,0.0
1,0,32,5,0,0,0.0,0.0,0.0,1.0,0.0,0.0
1,0,32,2,0,0,0.0,0.0,0.0,1.0,0.0,0.0
1,0,32,5,1,0,0.0,0.0,0.0,0.0,0.0,0.0
0,0,32,1,0,1,0.0,0.0,1.0,1.0,0.0,0.0
0,1,32,0,0,0,0.0,0.0,0.0,1.0,0.0,0.0
1,0,32,4,0,0,0.0,0.0,0.0,0.0,0.0,0.0
0,0,32,0,0,1,0.0,0.0,0.0,0.0,1.0,0.0
0,0,32,1,0,0,0.0,0.0,0.0,0.0,0.0,1.0
1,0,32,0,0,0,0.0,0.0,0.0,0.0,0.0,0.0
0,0,32,7,0,0,0.0,0.0,0.0,1.0,0.0,0.0
0,0,32,1,0,0,0.0,0.0,0.0,0.0,1.0,0.0
0,1,32,2,0,0,0.0,0.0,0.0,1.0,0.0,0.0
1,0,32,8,0,0,0.0,0.0,0.0,1.0,0.0,0.0
0,0,32,0,0,0,0.0,0.0,0.0,1.0,0.0,0.0
0,0,32,0,0,0,0.0,0.0,0.0,1.0,0.0,0.0
1,1,32,6,0,0,0.0,0.0,1.0,1.0,0.0,0.0
0,1,32,0,0,0,0.0,0.0,1.0,0.0,1.0,0.0
0,0,32,7,0,0,0.0,0.0,0.0,0.0,1.0,0.0
0,0,32,0,0,0,0.0,0.0,0.0,0.0,0.0,0.0
0,0,32,6,2,1,0.0,0.0,0.0,0.0,0.0,0.0
0,0,32,0,0,0,0.0,0.0,0.0,0.0,0.0,0.0
1,0,32,13,1,1,0.0,0.0,0.0,1.0,0.0,0.0
0,0,32,0,0,0,0.0,0.0,0.0,0.0,0.0,0.0
1,0,32,19,3,0,0.0,0.0,0.0,1.0,0.0,0.0
0,0,32,4,0,0,0.0,0.0,0.0,1.0,0.0,0.0
1,0,32,10,3,0,0.0,0.0,0.0,0.0,0.0,0.0
1,0,32,1,0,0,0.0,0.0,1.0,1.0,0.0,0.0
0,0,32,2,0,0,0.0,0.0,0.0,0.0,0.0,0.0
0,0,32,3,0,0,0.0,0.0,0.0,0.0,0.0,0.0
0,0,32,9,3,0,0.0,0.0,0.0,1.0,0.0,0.0
1,1,32,0,0,1,0.0,0.0,0.0,1.0,0.0,0.0
1,0,32,6,0,0,0.0,0.0,0.0,1.0,0.0,0.0
0,0,32,0,0,1,0.0,0.0,0.0,0.0,0.0,0.0
1,0,32,4,0,0,0.0,0.0,1.0,1.0,0.0,0.0
0,0,32,0,0,0,0.0,0.0,1.0,1.0,0.0,0.0
1,0,32,6,0,0,0.0,0.0,0.0,1.0,0.0,0.0
1,0,31,6,0,0,0.0,0.0,0.0,1.0,0.0,0.0
0,1,31,0,0,1,0.0,0.0,0.0,1.0,0.0,0.0
0,0,31,6,2,0,0.0,0.0,0.0,1.0,0.0,0.0
1,0,31,8,0,1,0.0,0.0,0.0,1.0,0.0,0.0
0,0,31,3,0,1,0.0,0.0,0.0,0.0,0.0,0.0
1,0,31,3,1,0,0.0,0.0,0.0,1.0,0.0,0.0
0,0,31,10,0,1,0.0,0.0,0.0,0.0,0.0,0.0
1,0,31,11,0,1,0.0,0.0,1.0,1.0,0.0,0.0
0,0,31,1,0,1,0.0,0.0,0.0,1.0,0.0,0.0
0,0,31,0,0,0,0.0,0.0,0.0,0.0,0.0,0.0
0,0,31,0,0,1,0.0,0.0,0.0,0.0,1.0,0.0
0,0,31,0,0,1,0.0,0.0,0.0,1.0,0.0,0.0
0,0,31,1,1,1,0.0,0.0,0.0,0.0,1.0,0.0
0,0,31,2,0,0,0.0,0.0,0.0,1.0,0.0,0.0
0,0,31,2,0,1,0.0,0.0,0.0,1.0,0.0,0.0
0,0,31,8,0,1,0.0,0.0,0.0,0.0,0.0,0.0
0,0,31,4,0,0,0.0,0.0,0.0,0.0,1.0,0.0
1,0,31,0,0,0,0.0,0.0,0.0,0.0,0.0,0.0
0,1,31,2,0,0,0.0,0.0,0.0,1.0,0.0,0.0
0,0,31,3,0,0,0.0,0.0,0.0,0.0,1.0,0.0
0,0,31,3,0,1,0.0,0.0,0.0,0.0,0.0,0.0
0,0,31,0,0,1,0.0,0.0,0.0,0.0,0.0,0.0
0,0,31,6,1,0,0.0,0.0,0.0,1.0,0.0,0.0
1,0,31,5,1,1,0.0,0.0,0.0,1.0,0.0,0.0
1,0,31,8,3,1,0.0,0.0,0.0,0.0,1.0,0.0
0,1,31,0,0,1,0.0,0.0,1.0,0.0,0.0,0.0
1,0,31,8,0,0,0.0,0.0,0.0,1.0,0.0,0.0
0,0,31,2,0,0,0.0,0.0,0.0,1.0,0.0,0.0
0,0,31,0,0,0,1.0,0.0,0.0,1.0,0.0,0.0
0,0,31,0,0,0,0.0,0.0,0.0,0.0,0.0,0.0
1,0,31,6,0,1,0.0,0.0,0.0,0.0,0.0,0.0
1,1,31,3,0,0,0.0,0.0,0.0,0.0,0.0,0.0
0,0,31,1,0,0,0.0,0.0,0.0,0.0,0.0,0.0
1,0,31,2,0,0,0.0,0.0,0.0,1.0,0.0,0.0
1,0,31,19,1,0,0.0,0.0,0.0,0.0,1.0,0.0
1,1,31,9,0,0,0.0,0.0,0.0,1.0,0.0,0.0
0,1,31,0,0,1,0.0,0.0,0.0,1.0,0.0,0.0
1,1,31,7,0,0,0.0,0.0,0.0,1.0,0.0,0.0
0,0,31,15,0,0,0.0,0.0,0.0,1.0,0.0,0.0
0,1,31,3,0,0,0.0,0.0,0.0,1.0,0.0,0.0
0,0,31,3,0,0,0.0,0.0,0.0,0.0,0.0,1.0
1,1,31,9,0,0,0.0,1.0,0.0,0.0,0.0,0.0
0,0,31,6,0,1,0.0,0.0,0.0,0.0,0.0,0.0
0,0,31,5,0,1,0.0,0.0,0.0,1.0,0.0,0.0
1,0,31,25,3,1,0.0,0.0,0.0,1.0,0.0,0.0
1,0,31,3,0,1,0.0,0.0,0.0,0.0,0.0,1.0
1,0,31,5,1,0,0.0,0.0,0.0,1.0,0.0,0.0
1,0,31,12,3,0,0.0,0.0,0.0,1.0,0.0,0.0
0,0,31,1,0,0,0.0,0.0,0.0,1.0,0.0,0.0
1,0,31,3,0,1,0.0,0.0,0.0,0.0,0.0,0.0
0,0,31,5,0,0,0.0,0.0,0.0,1.0,0.0,0.0
0,0,31,1,0,0,0.0,0.0,0.0,0.0,1.0,0.0
0,0,31,0,0,0,0.0,0.0,0.0,0.0,0.0,1.0
0,1,31,0,0,1,0.0,0.0,0.0,1.0,0.0,0.0
0,0,31,1,0,1,0.0,0.0,1.0,0.0,0.0,1.0
1,0,31,6,0,0,0.0,0.0,0.0,1.0,0.0,0.0
0,1,31,0,0,0,0.0,0.0,0.0,1.0,0.0,0.0
0,0,31,0,0,0,0.0,0.0,0.0,1.0,0.0,0.0
1,0,31,9,3,0,0.0,0.0,0.0,0.0,0.0,0.0
1,0,31,9,0,0,0.0,0.0,0.0,1.0,0.0,0.0
1,1,31,2,0,0,0.0,0.0,1.0,0.0,1.0,0.0
1,0,31,7,0,0,0.0,0.0,0.0,1.0,0.0,0.0
0,0,31,7,0,1,0.0,0.0,0.0,0.0,0.0,0.0
0,0,31,0,0,0,0.0,1.0,0.0,1.0,0.0,0.0
1,1,31,0,0,0,0.0,0.0,0.0,1.0,0.0,0.0
0,0,31,0,0,1,0.0,0.0,0.0,1.0,0.0,0.0
0,0,31,0,0,0,0.0,0.0,0.0,0.0,0.0,0.0
1,0,31,10,1,0,0.0,0.0,0.0,1.0,0.0,0.0
1,0,31,7,1,1,0.0,0.0,0.0,0.0,1.0,0.0
0,0,31,6,0,0,0.0,0.0,0.0,1.0,0.0,0.0
1,0,31,6,3,0,0.0,0.0,1.0,1.0,0.0,0.0
0,0,31,1,0,1,0.0,0.0,0.0,1.0,0.0,0.0
0,0,31,0,0,1,0.0,0.0,1.0,1.0,0.0,0.0
1,0,31,10,4,0,0.0,0.0,0.0,1.0,0.0,0.0
1,0,31,4,0,0,0.0,0.0,0.0,1.0,0.0,0.0
0,0,31,0,0,0,0.0,0.0,0.0,0.0,0.0,0.0
1,0,31,13,0,1,0.0,0.0,0.0,1.0,0.0,0.0
0,1,31,10,0,0,0.0,0.0,0.0,1.0,0.0,0.0
0,0,31,0,0,0,0.0,0.0,0.0,1.0,0.0,0.0
1,0,31,0,0,0,0.0,0.0,0.0,1.0,0.0,0.0
0,0,31,0,0,1,0.0,1.0,0.0,0.0,0.0,1.0
0,0,31,0,0,1,0.0,0.0,0.0,1.0,0.0,0.0
1,1,31,1,0,0,0.0,0.0,0.0,0.0,0.0,0.0
0,0,31,2,0,1,0.0,0.0,0.0,0.0,0.0,0.0
0,0,31,0,0,1,0.0,0.0,1.0,0.0,0.0,0.0
0,1,31,0,0,0,0.0,0.0,0.0,1.0,0.0,0.0
0,0,31,2,0,1,0.0,0.0,0.0,1.0,0.0,0.0
1,0,31,5,0,0,0.0,0.0,0.0,1.0,0.0,0.0
0,0,31,0,0,0,0.0,0.0,0.0,1.0,0.0,0.0
1,1,31,1,0,1,0.0,0.0,0.0,0.0,0.0,0.0
0,0,31,5,0,0,0.0,0.0,0.0,0.0,0.0,1.0
1,0,31,9,0,1,0.0,0.0,0.0,1.0,0.0,0.0
1,1,31,1,0,1,0.0,0.0,0.0,1.0,0.0,0.0
0,0,31,15,1,0,0.0,0.0,0.0,1.0,0.0,0.0
0,0,31,0,0,1,0.0,0.0,0.0,1.0,0.0,0.0
1,0,31,4,0,1,0.0,0.0,1.0,1.0,0.0,0.0
0,0,31,7,0,1,0.0,0.0,0.0,1.0,0.0,0.0
0,0,31,0,0,1,0.0,0.0,0.0,1.0,0.0,0.0
1,1,31,3,0,1,0.0,0.0,0.0,1.0,0.0,0.0
0,1,31,14,0,0,0.0,0.0,0.0,1.0,0.0,0.0
1,0,31,4,0,1,0.0,0.0,0.0,0.0,0.0,0.0
0,0,31,0,0,0,0.0,0.0,0.0,1.0,0.0,0.0
1,0,31,15,4,1,0.0,0.0,0.0,1.0,0.0,0.0
0,0,31,1,0,0,0.0,0.0,0.0,1.0,0.0,0.0
0,0,31,6,0,0,0.0,0.0,0.0,1.0,0.0,0.0
0,1,31,14,2,0,0.0,0.0,0.0,0.0,0.0,0.0
1,0,31,8,0,0,0.0,0.0,0.0,0.0,1.0,0.0
0,0,31,3,0,1,0.0,0.0,0.0,0.0,0.0,0.0
0,1,31,0,0,1,0.0,0.0,1.0,0.0,1.0,0.0
0,0,31,0,0,1,0.0,0.0,1.0,0.0,0.0,1.0
1,0,31,6,0,1,0.0,0.0,1.0,0.0,0.0,1.0
1,0,31,5,0,0,0.0,0.0,0.0,0.0,1.0,0.0
0,1,31,0,0,1,0.0,0.0,1.0,0.0,0.0,0.0
1,0,31,10,0,0,0.0,0.0,0.0,1.0,0.0,0.0
1,0,31,8,0,0,0.0,0.0,0.0,0.0,1.0,0.0
1,0,31,10,5,0,0.0,0.0,0.0,1.0,0.0,0.0
0,0,31,2,0,0,0.0,0.0,0.0,1.0,0.0,0.0
1,0,31,19,0,0,0.0,0.0,0.0,1.0,0.0,0.0
0,0,31,0,0,0,0.0,0.0,0.0,1.0,0.0,0.0
0,1,31,1,0,1,0.0,0.0,0.0,1.0,0.0,0.0
1,0,31,2,0,1,0.0,0.0,0.0,0.0,0.0,0.0
0,0,31,1,0,0,0.0,0.0,0.0,1.0,0.0,0.0
0,1,31,0,0,1,0.0,0.0,0.0,1.0,0.0,0.0
0,0,31,1,0,0,0.0,0.0,0.0,1.0,0.0,0.0
1,0,31,4,0,1,0.0,0.0,0.0,1.0,0.0,0.0
1,0,31,1,0,1,0.0,0.0,1.0,1.0,0.0,0.0
0,0,31,0,0,1,0.0,0.0,0.0,1.0,0.0,0.0
0,0,31,5,1,1,0.0,0.0,0.0,0.0,0.0,1.0
0,0,31,5,0,0,0.0,0.0,0.0,1.0,0.0,0.0
0,1,31,0,0,1,0.0,1.0,0.0,0.0,0.0,0.0
1,0,31,6,0,0,0.0,0.0,1.0,1.0,0.0,0.0
0,0,31,2,0,0,0.0,0.0,0.0,0.0,1.0,0.0
0,0,31,4,0,0,0.0,0.0,0.0,1.0,0.0,0.0
1,0,31,9,0,0,0.0,0.0,1.0,0.0,0.0,0.0
1,0,31,2,1,0,0.0,0.0,0.0,1.0,0.0,0.0
1,1,31,2,0,0,0.0,0.0,0.0,0.0,0.0,0.0
0,0,31,3,1,0,0.0,0.0,0.0,1.0,0.0,0.0
0,0,31,0,0,0,0.0,0.0,0.0,0.0,0.0,0.0
0,0,31,15,0,0,0.0,0.0,1.0,1.0,0.0,0.0
0,0,31,5,0,1,0.0,0.0,0.0,1.0,0.0,0.0
1,0,31,3,0,1,0.0,0.0,1.0,0.0,0.0,0.0
1,0,31,4,0,0,0.0,0.0,0.0,0.0,0.0,0.0
1,0,31,1,0,1,0.0,0.0,0.0,0.0,0.0,0.0
1,0,31,12,3,1,0.0,0.0,1.0,1.0,0.0,0.0
0,1,31,10,2,0,0.0,0.0,0.0,1.0,0.0,0.0
1,0,31,9,0,1,0.0,0.0,0.0,1.0,0.0,0.0
0,0,31,0,0,0,0.0,0.0,0.0,0.0,0.0,0.0
0,0,31,0,0,1,0.0,0.0,0.0,0.0,0.0,1.0
0,0,31,0,0,0,0.0,0.0,0.0,1.0,0.0,0.0
1,0,31,16,0,0,0.0,0.0,0.0,0.0,1.0,0.0
1,0,31,6,0,0,0.0,0.0,0.0,0.0,0.0,0.0
1,0,31,3,1,1,0.0,0.0,0.0,0.0,0.0,0.0
0,0,31,5,1,0,0.0,0.0,0.0,0.0,0.0,1.0
0,1,31,1,0,0,0.0,0.0,0.0,0.0,0.0,0.0
1,0,31,1,0,0,0.0,0.0,0.0,1.0,0.0,0.0
1,0,31,7,0,0,0.0,0.0,0.0,1.0,0.0,0.0
0,0,31,0,0,0,0.0,0.0,0.0,0.0,1.0,0.0
0,0,31,6,0,0,0.0,0.0,0.0,0.0,0.0,0.0
1,0,31,5,0,0,0.0,0.0,0.0,0.0,0.0,0.0
0,0,31,0,0,1,0.0,0.0,1.0,0.0,0.0,1.0
1,0,31,3,0,1,0.0,0.0,0.0,1.0,0.0,0.0
0,0,31,1,0,1,0.0,0.0,0.0,1.0,0.0,0.0
0,0,31,0,0,0,0.0,0.0,0.0,0.0,1.0,0.0
0,0,31,0,0,1,0.0,0.0,0.0,0.0,1.0,0.0
0,0,31,1,0,1,0.0,0.0,0.0,0.0,1.0,0.0
1,1,31,0,0,1,0.0,0.0,0.0,1.0,0.0,0.0
0,0,31,1,0,1,0.0,0.0,1.0,1.0,0.0,0.0
0,0,31,1,0,0,0.0,0.0,0.0,1.0,0.0,0.0
0,0,31,2,0,0,0.0,0.0,0.0,1.0,0.0,0.0
0,0,31,6,0,0,0.0,0.0,0.0,0.0,0.0,1.0
1,0,31,3,0,0,0.0,0.0,0.0,1.0,0.0,0.0
1,0,31,4,2,0,0.0,0.0,1.0,0.0,0.0,0.0
1,0,31,6,0,1,0.0,0.0,1.0,1.0,0.0,0.0
0,1,31,2,0,0,0.0,0.0,0.0,0.0,0.0,0.0
0,0,31,1,0,1,0.0,0.0,1.0,0.0,1.0,0.0
0,0,31,0,0,1,0.0,0.0,0.0,0.0,0.0,0.0
1,1,31,2,0,0,0.0,0.0,0.0,1.0,0.0,0.0
0,0,31,2,0,1,0.0,0.0,0.0,0.0,0.0,0.0
1,0,31,1,0,0,0.0,0.0,0.0,0.0,1.0,0.0
1,0,31,4,0,0,0.0,0.0,0.0,1.0,0.0,0.0
1,0,31,1,0,0,0.0,0.0,0.0,0.0,0.0,0.0
0,0,31,1,0,1,0.0,0.0,0.0,1.0,0.0,0.0
0,0,31,5,1,1,0.0,0.0,0.0,1.0,0.0,0.0
1,0,31,0,0,0,0.0,0.0,0.0,0.0,1.0,0.0
0,1,31,4,0,0,0.0,0.0,0.0,1.0,0.0,0.0
0,1,31,2,0,1,0.0,0.0,0.0,1.0,0.0,0.0
1,0,31,2,0,0,0.0,0.0,1.0,0.0,0.0,1.0
1,0,31,16,4,0,0.0,0.0,0.0,1.0,0.0,0.0
0,0,31,0,0,0,0.0,0.0,0.0,0.0,1.0,0.0
0,0,31,6,0,1,0.0,0.0,0.0,0.0,0.0,0.0
0,0,31,2,0,0,0.0,0.0,0.0,0.0,0.0,0.0
0,0,31,0,0,1,0.0,0.0,0.0,0.0,1.0,0.0
0,1,31,2,0,1,0.0,1.0,0.0,0.0,0.0,0.0
0,0,31,6,0,1,0.0,0.0,0.0,1.0,0.0,0.0
1,0,31,2,1,1,0.0,0.0,1.0,0.0,0.0,0.0
0,0,31,1,0,0,0.0,0.0,0.0,0.0,0.0,1.0
1,0,31,13,0,0,0.0,0.0,0.0,0.0,0.0,0.0
1,0,31,9,0,1,0.0,0.0,0.0,0.0,0.0,0.0
1,1,31,2,2,0,0.0,0.0,0.0,0.0,0.0,0.0
0,0,31,1,0,0,0.0,0.0,0.0,0.0,0.0,0.0
0,0,31,1,0,1,0.0,0.0,0.0,0.0,0.0,0.0
1,0,31,3,0,0,0.0,0.0,0.0,0.0,0.0,0.0
0,1,31,0,0,0,0.0,0.0,1.0,1.0,0.0,0.0
0,1,31,0,0,1,0.0,0.0,0.0,0.0,0.0,0.0
0,0,31,0,0,0,0.0,0.0,0.0,1.0,0.0,0.0
1,0,31,8,2,1,0.0,0.0,0.0,1.0,0.0,0.0
1,0,31,0,0,1,0.0,0.0,1.0,0.0,1.0,0.0
0,0,31,0,0,1,0.0,0.0,0.0,0.0,0.0,1.0
0,0,31,0,0,1,0.0,1.0,0.0,0.0,1.0,0.0
0,0,31,1,0,0,0.0,0.0,0.0,1.0,0.0,0.0
1,0,31,5,0,0,0.0,0.0,0.0,0.0,0.0,0.0
0,0,31,9,0,0,0.0,0.0,1.0,1.0,0.0,0.0
0,0,31,1,0,1,0.0,0.0,1.0,1.0,0.0,0.0
0,1,31,0,0,0,0.0,0.0,0.0,1.0,0.0,0.0
1,1,31,2,0,0,0.0,0.0,0.0,1.0,0.0,0.0
0,0,30,4,0,0,0.0,0.0,0.0,1.0,0.0,0.0
0,0,30,2,0,0,0.0,0.0,0.0,0.0,0.0,0.0
1,0,30,0,0,1,0.0,0.0,1.0,1.0,0.0,0.0
0,0,30,1,0,1,0.0,0.0,0.0,0.0,0.0,0.0
0,0,30,11,5,0,0.0,0.0,0.0,1.0,0.0,0.0
0,0,30,7,0,1,0.0,0.0,0.0,0.0,1.0,0.0
0,0,30,1,0,0,0.0,0.0,0.0,1.0,0.0,0.0
1,0,30,4,0,1,0.0,0.0,0.0,1.0,0.0,0.0
1,0,30,2,0,0,0.0,0.0,0.0,1.0,0.0,0.0
0,0,30,0,0,1,0.0,0.0,1.0,1.0,0.0,0.0
0,0,30,0,0,0,0.0,0.0,1.0,1.0,0.0,0.0
1,0,30,14,1,0,0.0,0.0,1.0,0.0,1.0,0.0
1,0,30,5,1,0,0.0,0.0,0.0,1.0,0.0,0.0
0,0,30,10,1,0,0.0,0.0,0.0,1.0,0.0,0.0
0,0,30,4,0,0,0.0,0.0,0.0,0.0,0.0,0.0
1,0,30,10,0,0,0.0,0.0,0.0,1.0,0.0,0.0
0,0,30,1,0,1,0.0,0.0,0.0,1.0,0.0,0.0
0,0,30,1,0,0,0.0,0.0,1.0,1.0,0.0,0.0
0,0,30,2,0,0,0.0,0.0,0.0,0.0,0.0,0.0
1,1,30,0,0,0,0.0,0.0,0.0,0.0,0.0,0.0
0,0,30,4,0,0,0.0,0.0,0.0,1.0,0.0,0.0
0,0,30,3,0,1,0.0,1.0,0.0,0.0,1.0,0.0
0,0,30,1,1,1,1.0,0.0,0.0,1.0,0.0,0.0
0,0,30,1,0,0,0.0,0.0,0.0,1.0,0.0,0.0
1,0,30,0,0,1,0.0,0.0,0.0,1.0,0.0,0.0
1,0,30,5,0,1,0.0,0.0,0.0,0.0,0.0,1.0
1,0,30,14,1,0,0.0,0.0,0.0,1.0,0.0,0.0
0,1,30,0,0,0,0.0,0.0,0.0,1.0,0.0,0.0
1,0,30,8,0,0,0.0,0.0,0.0,1.0,0.0,0.0
0,0,30,7,1,0,0.0,0.0,0.0,1.0,0.0,0.0
0,0,30,0,0,1,0.0,0.0,0.0,1.0,0.0,0.0
1,0,30,1,0,0,0.0,0.0,0.0,0.0,0.0,0.0
0,1,30,1,0,0,0.0,0.0,0.0,1.0,0.0,0.0
1,0,30,14,0,0,0.0,0.0,0.0,1.0,0.0,0.0
0,0,30,4,0,0,0.0,0.0,0.0,1.0,0.0,0.0
1,1,30,15,0,1,0.0,0.0,0.0,1.0,0.0,0.0
0,0,30,0,0,0,0.0,0.0,1.0,1.0,0.0,0.0
1,0,30,3,0,1,0.0,0.0,1.0,1.0,0.0,0.0
1,0,30,15,0,0,0.0,0.0,0.0,1.0,0.0,0.0
0,0,30,0,0,1,0.0,0.0,0.0,0.0,0.0,0.0
0,1,30,0,0,1,0.0,1.0,0.0,0.0,0.0,0.0
0,0,30,0,0,1,0.0,0.0,1.0,0.0,1.0,0.0
0,0,30,1,0,0,0.0,0.0,1.0,0.0,1.0,0.0
0,0,30,3,0,0,0.0,0.0,0.0,1.0,0.0,0.0
0,1,30,0,0,0,0.0,0.0,0.0,1.0,0.0,0.0
0,0,30,0,0,0,0.0,0.0,1.0,0.0,0.0,1.0
0,0,30,2,0,0,0.0,0.0,0.0,1.0,0.0,0.0
0,0,30,0,0,0,0.0,0.0,0.0,0.0,0.0,0.0
0,0,30,0,0,0,0.0,0.0,0.0,1.0,0.0,0.0
0,0,30,0,0,1,0.0,0.0,1.0,0.0,1.0,0.0
1,0,30,0,0,0,0.0,0.0,0.0,1.0,0.0,0.0
0,0,30,8,2,0,0.0,0.0,0.0,1.0,0.0,0.0
0,1,30,2,0,0,0.0,0.0,0.0,1.0,0.0,0.0
0,0,30,2,0,0,0.0,0.0,0.0,0.0,1.0,0.0
1,1,30,3,0,0,0.0,0.0,0.0,0.0,0.0,0.0
0,0,30,1,0,1,0.0,0.0,0.0,1.0,0.0,0.0
1,1,30,15,0,0,0.0,0.0,0.0,1.0,0.0,0.0
1,1,30,11,0,0,0.0,0.0,0.0,1.0,0.0,0.0
1,0,30,6,0,0,0.0,1.0,0.0,1.0,0.0,0.0
0,0,30,1,0,0,0.0,0.0,0.0,1.0,0.0,0.0
1,0,30,9,0,0,0.0,0.0,0.0,1.0,0.0,0.0
1,0,30,8,1,1,0.0,0.0,0.0,1.0,0.0,0.0
0,0,30,7,0,0,0.0,0.0,0.0,1.0,0.0,0.0
1,1,30,10,5,0,0.0,0.0,0.0,1.0,0.0,0.0
1,0,30,4,0,1,0.0,0.0,0.0,0.0,0.0,1.0
1,0,30,1,0,1,0.0,0.0,1.0,0.0,0.0,1.0
0,1,30,4,1,0,0.0,0.0,0.0,1.0,0.0,0.0
1,0,30,4,3,0,0.0,0.0,0.0,0.0,0.0,0.0
1,0,30,1,0,0,0.0,0.0,0.0,1.0,0.0,0.0
1,0,30,0,0,0,0.0,0.0,0.0,1.0,0.0,0.0
0,0,30,1,0,1,0.0,0.0,0.0,1.0,0.0,0.0
0,0,30,0,0,0,0.0,0.0,0.0,0.0,0.0,0.0
0,0,30,0,0,0,0.0,0.0,0.0,0.0,0.0,1.0
0,0,30,1,0,1,0.0,0.0,0.0,1.0,0.0,0.0
0,0,30,4,0,1,0.0,0.0,0.0,1.0,0.0,0.0
0,0,30,0,0,0,0.0,0.0,0.0,0.0,0.0,1.0
0,0,30,0,0,0,0.0,0.0,0.0,1.0,0.0,0.0
1,0,30,3,0,0,0.0,0.0,0.0,1.0,0.0,0.0
0,1,30,1,0,0,0.0,0.0,0.0,0.0,0.0,1.0
1,0,30,10,0,0,0.0,0.0,0.0,0.0,0.0,0.0
1,0,30,3,0,0,0.0,0.0,0.0,1.0,0.0,0.0
1,1,30,1,0,0,0.0,0.0,0.0,1.0,0.0,0.0
1,0,30,6,1,1,0.0,0.0,0.0,1.0,0.0,0.0
0,1,30,1,0,1,0.0,0.0,0.0,0.0,1.0,0.0
1,0,30,3,0,0,0.0,0.0,0.0,0.0,0.0,0.0
1,0,30,2,0,0,0.0,0.0,0.0,1.0,0.0,0.0
1,0,30,1,0,1,0.0,1.0,0.0,0.0,0.0,0.0
0,0,30,18,3,1,0.0,0.0,0.0,1.0,0.0,0.0
1,1,30,0,0,1,0.0,0.0,0.0,1.0,0.0,0.0
0,0,30,1,0,1,0.0,0.0,0.0,1.0,0.0,0.0
0,0,30,4,0,1,0.0,0.0,0.0,1.0,0.0,0.0
0,0,30,3,0,0,0.0,0.0,0.0,1.0,0.0,0.0
1,1,30,8,0,0,0.0,0.0,0.0,1.0,0.0,0.0
1,0,30,2,0,1,0.0,0.0,0.0,0.0,0.0,0.0
0,0,30,4,0,0,0.0,0.0,0.0,0.0,0.0,0.0
1,1,30,14,5,0,0.0,0.0,0.0,1.0,0.0,0.0
1,0,30,7,0,0,0.0,0.0,0.0,1.0,0.0,0.0
0,0,30,0,0,1,0.0,0.0,0.0,0.0,0.0,0.0
0,1,30,1,0,1,0.0,0.0,0.0,1.0,0.0,0.0
0,0,30,2,0,1,0.0,0.0,0.0,1.0,0.0,0.0
1,0,30,2,0,0,0.0,0.0,0.0,1.0,0.0,0.0
0,0,30,0,0,0,0.0,0.0,1.0,0.0,0.0,1.0
0,0,30,0,0,0,0.0,0.0,0.0,0.0,0.0,0.0
1,0,30,14,0,0,0.0,0.0,0.0,1.0,0.0,0.0
0,0,30,0,0,0,0.0,0.0,0.0,0.0,0.0,0.0
0,0,30,1,0,1,0.0,0.0,0.0,0.0,0.0,0.0
0,0,30,6,0,1,0.0,0.0,1.0,0.0,0.0,1.0
1,0,30,5,0,0,0.0,0.0,0.0,1.0,0.0,0.0
1,0,30,10,1,0,0.0,0.0,0.0,1.0,0.0,0.0
1,0,30,9,0,1,0.0,0.0,0.0,0.0,0.0,0.0
1,0,30,1,0,0,0.0,0.0,0.0,0.0,1.0,0.0
0,1,30,4,0,0,0.0,0.0,0.0,1.0,0.0,0.0
0,1,30,1,0,1,0.0,0.0,0.0,0.0,0.0,0.0
1,0,30,9,0,0,0.0,0.0,0.0,0.0,0.0,0.0
0,0,30,0,0,1,0.0,0.0,0.0,0.0,0.0,0.0
0,0,30,1,0,1,0.0,0.0,0.0,0.0,0.0,0.0
0,1,30,0,0,0,0.0,0.0,0.0,0.0,0.0,0.0
0,0,30,0,0,0,0.0,0.0,0.0,0.0,0.0,0.0
1,1,30,0,0,1,0.0,0.0,0.0,0.0,0.0,0.0
1,0,30,13,0,0,0.0,0.0,0.0,0.0,0.0,1.0
0,0,30,1,0,1,0.0,0.0,0.0,1.0,0.0,0.0
0,0,30,1,0,0,0.0,0.0,0.0,1.0,0.0,0.0
0,0,30,3,0,1,0.0,0.0,0.0,0.0,0.0,0.0
1,0,30,5,0,0,0.0,0.0,0.0,1.0,0.0,0.0
1,0,30,7,0,0,0.0,0.0,0.0,1.0,0.0,0.0
0,0,30,2,0,1,0.0,0.0,0.0,1.0,0.0,0.0
0,0,30,0,0,1,0.0,0.0,0.0,1.0,0.0,0.0
0,0,30,0,0,1,0.0,0.0,1.0,0.0,1.0,0.0
0,0,30,0,0,1,0.0,0.0,0.0,0.0,0.0,0.0
0,0,30,6,0,0,0.0,0.0,0.0,0.0,0.0,0.0
0,0,30,4,0,1,0.0,0.0,0.0,1.0,0.0,0.0
0,1,30,7,0,1,0.0,0.0,0.0,0.0,0.0,0.0
0,0,30,0,0,1,0.0,0.0,0.0,0.0,0.0,0.0
0,0,30,1,0,0,0.0,0.0,0.0,0.0,0.0,0.0
0,1,30,0,0,1,0.0,0.0,0.0,1.0,0.0,0.0
1,0,30,1,0,0,0.0,0.0,0.0,1.0,0.0,0.0
0,1,30,0,0,1,0.0,0.0,0.0,1.0,0.0,0.0
0,0,30,3,0,0,0.0,0.0,0.0,0.0,0.0,0.0
1,1,30,9,0,0,0.0,0.0,0.0,1.0,0.0,0.0
0,0,30,1,0,1,0.0,0.0,1.0,1.0,0.0,0.0
0,0,30,2,0,0,0.0,0.0,0.0,1.0,0.0,0.0
0,0,30,2,0,0,0.0,0.0,1.0,0.0,0.0,1.0
1,0,30,21,2,0,0.0,0.0,0.0,1.0,0.0,0.0
0,0,30,2,0,1,0.0,0.0,1.0,1.0,0.0,0.0
0,0,30,14,1,0,0.0,0.0,0.0,1.0,0.0,0.0
1,0,30,3,0,1,0.0,0.0,0.0,1.0,0.0,0.0
0,0,30,3,0,1,0.0,0.0,0.0,0.0,0.0,0.0
1,0,30,0,0,1,0.0,0.0,0.0,0.0,0.0,0.0
1,1,30,0,0,1,0.0,1.0,0.0,0.0,1.0,0.0
0,0,30,0,0,0,0.0,0.0,0.0,0.0,1.0,0.0
1,0,30,0,0,1,0.0,0.0,0.0,0.0,0.0,1.0
1,0,30,2,0,0,0.0,0.0,0.0,1.0,0.0,0.0
1,0,30,2,0,1,0.0,0.0,0.0,0.0,1.0,0.0
0,0,30,1,0,0,0.0,0.0,0.0,1.0,0.0,0.0
1,1,30,4,0,0,0.0,0.0,0.0,0.0,0.0,1.0
0,0,30,0,0,0,0.0,0.0,1.0,0.0,1.0,0.0
0,1,30,4,0,0,0.0,0.0,0.0,1.0,0.0,0.0
0,1,30,0,0,1,0.0,0.0,1.0,1.0,0.0,0.0
0,1,30,4,0,0,0.0,0.0,0.0,0.0,0.0,0.0
1,0,30,15,3,0,0.0,0.0,0.0,1.0,0.0,0.0
1,1,30,8,0,0,0.0,0.0,0.0,1.0,0.0,0.0
0,0,30,0,0,0,0.0,0.0,0.0,1.0,0.0,0.0
1,0,30,0,0,1,0.0,1.0,0.0,0.0,0.0,0.0
1,0,30,0,0,0,0.0,0.0,0.0,1.0,0.0,0.0
1,0,30,9,1,0,0.0,0.0,0.0,1.0,0.0,0.0
0,0,30,0,0,1,0.0,0.0,0.0,0.0,1.0,0.0
0,1,30,3,0,0,0.0,0.0,0.0,1.0,0.0,0.0
1,0,30,1,0,0,0.0,1.0,0.0,0.0,0.0,0.0
1,0,30,5,1,0,0.0,0.0,0.0,1.0,0.0,0.0
1,0,30,7,0,0,0.0,0.0,0.0,0.0,1.0,0.0
0,1,30,3,0,1,0.0,0.0,0.0,1.0,0.0,0.0
1,1,30,5,0,0,0.0,0.0,0.0,0.0,0.0,0.0
1,0,30,12,0,0,0.0,0.0,0.0,1.0,0.0,0.0
0,0,30,3,2,0,0.0,0.0,0.0,0.0,0.0,0.0
0,0,30,1,0,0,0.0,0.0,0.0,0.0,0.0,0.0
0,1,30,0,0,1,0.0,0.0,0.0,0.0,0.0,0.0
0,1,30,1,1,0,0.0,0.0,0.0,0.0,0.0,0.0
1,0,30,6,0,0,0.0,0.0,0.0,1.0,0.0,0.0
0,0,30,0,0,0,0.0,0.0,0.0,1.0,0.0,0.0
0,1,30,3,0,0,0.0,0.0,0.0,1.0,0.0,0.0
1,0,30,18,2,0,0.0,0.0,0.0,1.0,0.0,0.0
1,0,30,5,0,0,0.0,0.0,0.0,0.0,0.0,1.0
1,0,30,10,0,1,0.0,0.0,0.0,1.0,0.0,0.0
0,0,30,2,0,0,0.0,0.0,0.0,0.0,0.0,1.0
1,0,30,1,0,1,0.0,0.0,0.0,0.0,0.0,0.0
0,0,30,0,0,0,0.0,1.0,0.0,0.0,0.0,1.0
1,0,30,8,0,0,0.0,0.0,0.0,1.0,0.0,0.0
0,1,30,0,0,1,0.0,0.0,0.0,1.0,0.0,0.0
0,0,30,0,0,1,0.0,0.0,0.0,0.0,1.0,0.0
1,1,30,4,0,1,0.0,0.0,0.0,1.0,0.0,0.0
1,0,30,4,0,0,0.0,0.0,0.0,0.0,0.0,0.0
0,0,30,7,0,0,0.0,0.0,0.0,0.0,1.0,0.0
0,0,30,0,0,0,0.0,0.0,1.0,0.0,0.0,0.0
0,0,30,1,0,0,0.0,0.0,1.0,1.0,0.0,0.0
0,0,30,1,0,0,0.0,0.0,1.0,1.0,0.0,0.0
0,1,30,1,0,0,0.0,0.0,0.0,0.0,0.0,0.0
0,0,30,0,0,1,0.0,0.0,1.0,1.0,0.0,0.0
1,0,30,15,0,0,0.0,0.0,0.0,1.0,0.0,0.0
1,0,30,8,6,1,0.0,0.0,1.0,1.0,0.0,0.0
0,0,30,3,0,1,0.0,0.0,0.0,1.0,0.0,0.0
1,0,30,12,4,0,0.0,0.0,0.0,1.0,0.0,0.0
0,0,30,2,0,0,0.0,0.0,0.0,1.0,0.0,0.0
0,0,30,10,0,0,0.0,0.0,0.0,1.0,0.0,0.0
0,0,30,0,0,1,0.0,0.0,0.0,0.0,0.0,0.0
0,1,30,2,0,0,0.0,0.0,0.0,1.0,0.0,0.0
0,0,30,11,4,0,0.0,0.0,0.0,1.0,0.0,0.0
1,0,30,2,0,1,0.0,0.0,1.0,0.0,0.0,0.0
1,0,30,9,1,0,0.0,0.0,0.0,1.0,0.0,0.0
0,1,30,2,0,1,0.0,0.0,1.0,1.0,0.0,0.0
0,0,30,3,0,0,0.0,0.0,0.0,0.0,0.0,0.0
0,1,30,0,0,1,0.0,0.0,1.0,0.0,0.0,0.0
0,0,30,0,0,0,0.0,0.0,0.0,1.0,0.0,0.0
0,0,30,1,0,0,0.0,0.0,0.0,1.0,0.0,0.0
0,0,30,1,0,0,0.0,0.0,0.0,1.0,0.0,0.0
0,0,30,6,0,0,0.0,0.0,0.0,1.0,0.0,0.0
1,0,30,1,0,0,0.0,0.0,0.0,0.0,1.0,0.0
1,0,30,6,0,0,0.0,0.0,0.0,0.0,0.0,1.0
0,0,30,0,0,1,0.0,0.0,0.0,0.0,0.0,0.0
1,0,30,1,0,0,0.0,0.0,0.0,0.0,0.0,1.0
0,0,30,1,0,1,0.0,0.0,0.0,0.0,1.0,0.0
0,0,30,5,0,1,0.0,0.0,0.0,1.0,0.0,0.0
1,0,30,6,0,0,0.0,0.0,0.0,0.0,1.0,0.0
1,0,30,2,1,1,0.0,0.0,0.0,0.0,0.0,0.0
0,0,30,3,1,0,0.0,0.0,0.0,1.0,0.0,0.0
1,0,30,5,0,0,0.0,0.0,0.0,0.0,0.0,0.0
1,0,30,2,0,0,0.0,0.0,0.0,1.0,0.0,0.0
1,0,30,4,0,1,0.0,0.0,0.0,1.0,0.0,0.0
0,0,30,0,0,0,0.0,0.0,1.0,0.0,0.0,1.0
1,0,30,9,0,0,0.0,0.0,0.0,1.0,0.0,0.0
0,0,30,2,0,1,0.0,0.0,1.0,0.0,0.0,0.0
0,0,30,5,0,1,0.0,0.0,0.0,1.0,0.0,0.0
0,1,30,1,0,0,0.0,0.0,0.0,0.0,0.0,0.0
0,0,30,0,0,0,0.0,0.0,0.0,0.0,0.0,0.0
0,0,30,1,0,0,0.0,0.0,0.0,1.0,0.0,0.0
1,0,30,7,1,0,0.0,0.0,0.0,1.0,0.0,0.0
0,0,30,3,2,1,0.0,0.0,1.0,0.0,0.0,1.0
1,0,30,6,0,1,0.0,0.0,0.0,0.0,1.0,0.0
1,0,30,8,0,1,0.0,0.0,0.0,1.0,0.0,0.0
1,0,30,13,4,0,0.0,0.0,0.0,1.0,0.0,0.0
1,0,30,20,2,0,0.0,0.0,0.0,1.0,0.0,0.0
0,0,30,1,1,0,0.0,0.0,0.0,0.0,0.0,0.0
1,0,30,11,0,0,0.0,0.0,0.0,1.0,0.0,0.0
1,0,30,9,1,1,0.0,0.0,0.0,1.0,0.0,0.0
1,1,30,3,0,0,0.0,0.0,0.0,1.0,0.0,0.0
1,0,30,3,0,1,0.0,0.0,1.0,0.0,0.0,0.0
0,1,30,0,0,1,0.0,0.0,0.0,1.0,0.0,0.0
0,1,30,1,0,1,0.0,0.0,0.0,0.0,0.0,0.0
1,0,30,19,1,0,0.0,0.0,0.0,1.0,0.0,0.0
0,0,30,2,0,0,0.0,0.0,0.0,0.0,0.0,0.0
0,0,30,0,0,1,0.0,0.0,1.0,0.0,0.0,0.0
0,1,30,3,0,0,0.0,0.0,0.0,0.0,0.0,0.0
1,0,30,6,0,0,0.0,0.0,0.0,1.0,0.0,0.0
0,1,30,0,0,1,0.0,0.0,0.0,0.0,0.0,0.0
0,0,30,0,0,0,0.0,0.0,0.0,1.0,0.0,0.0
0,0,30,1,0,0,0.0,0.0,1.0,0.0,0.0,1.0
0,0,29,7,0,0,0.0,0.0,0.0,1.0,0.0,0.0
1,1,29,2,0,0,0.0,0.0,0.0,0.0,0.0,0.0
0,0,29,2,0,0,0.0,0.0,0.0,1.0,0.0,0.0
1,0,29,0,0,0,0.0,0.0,0.0,0.0,0.0,0.0
0,0,29,1,0,1,0.0,0.0,0.0,0.0,0.0,0.0
0,0,29,0,0,0,0.0,0.0,0.0,1.0,0.0,0.0
1,0,29,9,0,0,0.0,0.0,0.0,1.0,0.0,0.0
0,1,29,1,0,0,0.0,0.0,1.0,1.0,0.0,0.0
1,0,29,6,0,0,0.0,0.0,0.0,0.0,0.0,0.0
1,0,29,0,0,0,0.0,0.0,0.0,0.0,0.0,0.0
0,0,29,5,0,0,0.0,0.0,0.0,1.0,0.0,0.0
1,1,29,1,0,0,0.0,0.0,0.0,1.0,0.0,0.0
1,0,29,4,0,0,0.0,0.0,0.0,1.0,0.0,0.0
1,0,29,0,0,1,0.0,0.0,0.0,0.0,0.0,0.0
1,0,29,12,0,0,0.0,0.0,0.0,1.0,0.0,0.0
1,0,29,6,3,0,0.0,0.0,0.0,1.0,0.0,0.0
0,0,29,7,0,0,0.0,0.0,0.0,1.0,0.0,0.0
1,0,29,5,0,0,0.0,0.0,0.0,1.0,0.0,0.0
0,1,29,0,0,0,0.0,0.0,0.0,0.0,0.0,1.0
0,0,29,0,0,0,0.0,0.0,1.0,0.0,0.0,0.0
1,0,29,5,0,0,0.0,0.0,0.0,1.0,0.0,0.0
0,0,29,6,1,0,0.0,0.0,0.0,1.0,0.0,0.0
0,0,29,0,0,1,0.0,0.0,0.0,0.0,0.0,0.0
0,1,29,3,0,0,0.0,0.0,0.0,1.0,0.0,0.0
0,1,29,5,0,0,0.0,0.0,0.0,1.0,0.0,0.0
1,0,29,0,0,1,0.0,0.0,0.0,1.0,0.0,0.0
1,0,29,3,1,1,0.0,0.0,0.0,1.0,0.0,0.0
0,0,29,2,0,0,0.0,0.0,0.0,1.0,0.0,0.0
0,0,29,0,0,1,0.0,0.0,0.0,1.0,0.0,0.0
0,0,29,0,0,0,0.0,0.0,0.0,1.0,0.0,0.0
1,0,29,8,0,1,0.0,0.0,0.0,1.0,0.0,0.0
1,1,29,9,0,0,0.0,0.0,0.0,1.0,0.0,0.0
0,1,29,1,0,0,0.0,0.0,0.0,0.0,0.0,0.0
1,0,29,0,0,1,0.0,0.0,0.0,1.0,0.0,0.0
1,1,29,0,0,0,0.0,0.0,0.0,0.0,1.0,0.0
0,1,29,0,0,0,0.0,0.0,0.0,1.0,0.0,0.0
0,0,29,1,0,1,0.0,0.0,0.0,0.0,0.0,0.0
1,0,29,0,0,0,0.0,0.0,0.0,1.0,0.0,0.0
1,1,29,9,3,1,0.0,0.0,0.0,1.0,0.0,0.0
1,0,29,1,0,0,0.0,0.0,0.0,1.0,0.0,0.0
0,0,29,8,0,1,0.0,0.0,1.0,1.0,0.0,0.0
1,0,29,8,1,0,0.0,0.0,0.0,1.0,0.0,0.0
0,1,29,1,0,0,0.0,0.0,0.0,1.0,0.0,0.0
1,0,29,6,0,0,0.0,1.0,0.0,1.0,0.0,0.0
0,0,29,0,0,0,0.0,1.0,0.0,1.0,0.0,0.0
0,0,29,4,0,0,0.0,0.0,0.0,0.0,0.0,0.0
0,0,29,1,0,0,0.0,0.0,1.0,0.0,1.0,0.0
0,0,29,0,0,0,0.0,0.0,0.0,1.0,0.0,0.0
1,0,29,1,0,1,0.0,0.0,0.0,1.0,0.0,0.0
1,0,29,1,0,1,0.0,0.0,0.0,1.0,0.0,0.0
0,0,29,0,0,1,0.0,0.0,0.0,0.0,0.0,0.0
1,0,29,17,1,0,0.0,0.0,0.0,1.0,0.0,0.0
0,0,29,2,0,0,0.0,0.0,0.0,0.0,0.0,0.0
1,0,29,6,0,0,0.0,0.0,0.0,1.0,0.0,0.0
0,0,29,3,0,1,0.0,0.0,0.0,0.0,0.0,1.0
0,1,29,1,0,1,0.0,0.0,0.0,1.0,0.0,0.0
1,0,29,1,0,0,0.0,0.0,0.0,0.0,0.0,0.0
0,0,29,0,0,1,0.0,0.0,0.0,0.0,0.0,0.0
1,0,29,8,0,1,0.0,0.0,0.0,0.0,0.0,0.0
1,0,29,7,0,1,0.0,0.0,0.0,1.0,0.0,0.0
0,0,29,0,0,1,0.0,0.0,1.0,0.0,1.0,0.0
1,0,29,11,1,0,0.0,0.0,0.0,1.0,0.0,0.0
0,0,29,2,0,1,0.0,0.0,0.0,1.0,0.0,0.0
1,0,29,10,1,0,0.0,0.0,0.0,1.0,0.0,0.0
0,0,29,1,1,1,0.0,0.0,0.0,0.0,1.0,0.0
0,1,29,0,0,1,0.0,0.0,0.0,1.0,0.0,0.0
0,0,29,2,0,1,0.0,0.0,0.0,0.0,1.0,0.0
0,0,29,1,0,0,0.0,0.0,0.0,1.0,0.0,0.0
0,0,29,0,0,1,0.0,0.0,0.0,0.0,0.0,0.0
0,1,29,0,0,1,0.0,0.0,0.0,0.0,0.0,0.0
1,0,29,7,0,1,0.0,0.0,0.0,0.0,0.0,0.0
0,0,29,1,0,0,0.0,0.0,0.0,0.0,1.0,0.0
1,0,29,6,0,0,0.0,0.0,0.0,1.0,0.0,0.0
1,0,29,0,0,1,1.0,0.0,0.0,0.0,0.0,0.0
0,0,29,2,0,1,0.0,0.0,0.0,0.0,0.0,0.0
0,0,29,1,0,0,0.0,0.0,0.0,0.0,0.0,0.0
0,0,29,7,0,0,0.0,0.0,0.0,1.0,0.0,0.0
0,0,29,2,0,0,0.0,0.0,0.0,0.0,0.0,0.0
1,0,29,7,3,0,0.0,0.0,1.0,1.0,0.0,0.0
0,0,29,0,0,0,0.0,0.0,0.0,1.0,0.0,0.0
1,0,29,4,2,0,0.0,0.0,0.0,1.0,0.0,0.0
0,0,29,4,0,1,0.0,0.0,1.0,1.0,0.0,0.0
0,0,29,0,0,1,0.0,0.0,0.0,1.0,0.0,0.0
0,0,29,1,0,1,0.0,0.0,0.0,0.0,0.0,0.0
0,0,29,1,0,1,0.0,0.0,0.0,0.0,1.0,0.0
1,0,29,3,0,0,0.0,0.0,0.0,1.0,0.0,0.0
0,0,29,0,0,1,0.0,0.0,0.0,1.0,0.0,0.0
1,0,29,3,0,0,0.0,0.0,0.0,0.0,0.0,0.0
0,0,29,1,0,0,0.0,0.0,0.0,0.0,0.0,0.0
1,1,29,2,0,0,0.0,0.0,0.0,1.0,0.0,0.0
0,0,29,5,0,0,0.0,0.0,0.0,0.0,0.0,1.0
0,0,29,0,0,1,0.0,0.0,0.0,1.0,0.0,0.0
0,0,29,6,0,1,0.0,0.0,0.0,1.0,0.0,0.0
1,0,29,2,0,0,0.0,0.0,0.0,1.0,0.0,0.0
0,0,29,11,0,1,0.0,0.0,0.0,1.0,0.0,0.0
0,0,29,3,0,1,0.0,0.0,0.0,1.0,0.0,0.0
1,1,29,2,0,1,0.0,0.0,0.0,0.0,0.0,1.0
1,1,29,7,1,0,0.0,0.0,0.0,1.0,0.0,0.0
0,0,29,2,0,1,0.0,0.0,0.0,1.0,0.0,0.0
0,0,29,0,0,0,0.0,0.0,0.0,0.0,0.0,0.0
1,0,29,6,0,0,0.0,0.0,0.0,1.0,0.0,0.0
0,0,29,2,0,0,0.0,0.0,0.0,0.0,0.0,0.0
0,0,29,0,0,0,0.0,0.0,0.0,1.0,0.0,0.0
0,0,29,1,0,0,0.0,0.0,0.0,0.0,0.0,0.0
0,0,29,0,0,1,0.0,0.0,0.0,0.0,1.0,0.0
0,0,29,0,0,0,0.0,0.0,1.0,1.0,0.0,0.0
1,0,29,12,0,0,0.0,0.0,0.0,1.0,0.0,0.0
0,0,29,1,0,1,0.0,0.0,1.0,0.0,0.0,0.0
1,0,29,16,1,0,0.0,0.0,0.0,1.0,0.0,0.0
0,0,29,16,1,0,0.0,0.0,0.0,1.0,0.0,0.0
1,1,29,0,0,1,0.0,0.0,1.0,0.0,1.0,0.0
0,0,29,6,3,0,0.0,0.0,0.0,1.0,0.0,0.0
1,0,29,0,0,1,0.0,0.0,0.0,1.0,0.0,0.0
1,0,29,6,0,0,0.0,0.0,0.0,1.0,0.0,0.0
0,0,29,0,0,0,0.0,0.0,0.0,0.0,0.0,1.0
1,0,29,7,2,0,0.0,0.0,0.0,1.0,0.0,0.0
1,0,29,5,0,0,0.0,0.0,0.0,1.0,0.0,0.0
0,0,29,2,1,1,0.0,0.0,0.0,1.0,0.0,0.0
0,0,29,1,0,0,0.0,0.0,0.0,0.0,0.0,0.0
1,0,29,1,0,0,0.0,0.0,0.0,0.0,0.0,0.0
1,0,29,10,0,1,0.0,0.0,0.0,1.0,0.0,0.0
1,0,29,10,5,0,0.0,0.0,0.0,0.0,0.0,0.0
1,0,29,3,0,1,0.0,0.0,0.0,1.0,0.0,0.0
0,0,29,5,0,0,0.0,0.0,0.0,1.0,0.0,0.0
0,1,29,1,0,1,0.0,0.0,0.0,1.0,0.0,0.0
1,0,29,7,0,1,0.0,0.0,0.0,1.0,0.0,0.0
1,0,29,3,1,0,0.0,0.0,0.0,1.0,0.0,0.0
0,1,29,3,0,0,0.0,0.0,0.0,0.0,0.0,0.0
0,0,29,5,0,0,0.0,0.0,0.0,1.0,0.0,0.0
0,1,29,0,0,0,0.0,0.0,0.0,1.0,0.0,0.0
0,0,29,0,0,0,0.0,0.0,1.0,1.0,0.0,0.0
0,0,29,1,0,0,0.0,1.0,0.0,0.0,0.0,0.0
1,0,29,9,1,0,0.0,0.0,0.0,1.0,0.0,0.0
1,1,29,5,0,0,0.0,1.0,0.0,1.0,0.0,0.0
1,0,29,0,0,1,0.0,0.0,0.0,0.0,0.0,0.0
0,0,29,0,0,1,0.0,0.0,0.0,1.0,0.0,0.0
0,0,29,0,0,0,0.0,0.0,0.0,1.0,0.0,0.0
0,0,29,0,0,0,0.0,0.0,0.0,1.0,0.0,0.0
0,0,29,2,0,0,0.0,0.0,0.0,0.0,0.0,0.0
0,0,29,0,0,0,0.0,0.0,0.0,1.0,0.0,0.0
1,0,29,9,2,0,0.0,0.0,0.0,0.0,0.0,0.0
0,0,29,0,0,1,0.0,0.0,0.0,1.0,0.0,0.0
0,1,29,11,0,0,0.0,0.0,0.0,1.0,0.0,0.0
1,0,29,13,0,0,0.0,0.0,0.0,1.0,0.0,0.0
1,1,29,11,1,0,0.0,0.0,0.0,1.0,0.0,0.0
0,0,29,2,0,0,0.0,0.0,0.0,1.0,0.0,0.0
1,0,29,11,0,0,0.0,0.0,0.0,1.0,0.0,0.0
0,0,29,0,0,0,0.0,0.0,0.0,0.0,0.0,1.0
1,0,29,12,0,1,0.0,0.0,0.0,0.0,0.0,0.0
0,0,29,2,0,0,0.0,0.0,0.0,1.0,0.0,0.0
0,1,29,0,0,0,0.0,0.0,0.0,1.0,0.0,0.0
0,0,29,0,0,0,0.0,0.0,0.0,0.0,0.0,0.0
0,0,29,0,0,1,0.0,0.0,0.0,1.0,0.0,0.0
0,1,29,0,0,0,0.0,0.0,1.0,0.0,1.0,0.0
0,0,29,1,0,1,0.0,0.0,0.0,1.0,0.0,0.0
0,0,29,0,0,1,0.0,0.0,0.0,0.0,0.0,0.0
0,0,29,0,0,1,0.0,0.0,0.0,1.0,0.0,0.0
1,0,29,6,0,0,0.0,0.0,0.0,0.0,0.0,0.0
1,0,29,2,1,1,0.0,0.0,1.0,1.0,0.0,0.0
0,0,29,0,0,1,0.0,0.0,0.0,1.0,0.0,0.0
0,0,29,0,0,1,0.0,0.0,0.0,1.0,0.0,0.0
0,1,29,2,0,0,0.0,0.0,0.0,1.0,0.0,0.0
1,0,29,11,0,0,0.0,0.0,0.0,1.0,0.0,0.0
0,0,29,0,0,0,0.0,0.0,1.0,1.0,0.0,0.0
0,0,29,2,0,1,0.0,0.0,1.0,0.0,0.0,0.0
1,0,29,4,0,0,0.0,0.0,0.0,1.0,0.0,0.0
1,0,29,1,0,0,0.0,0.0,0.0,1.0,0.0,0.0
0,0,29,4,0,1,0.0,0.0,0.0,1.0,0.0,0.0
1,0,29,12,2,0,0.0,0.0,0.0,1.0,0.0,0.0
0,0,29,1,0,1,0.0,0.0,0.0,1.0,0.0,0.0
0,0,29,0,0,0,0.0,0.0,0.0,1.0,0.0,0.0
0,0,29,2,0,0,0.0,0.0,0.0,1.0,0.0,0.0
1,0,29,3,1,0,0.0,0.0,0.0,1.0,0.0,0.0
0,1,29,0,0,0,0.0,0.0,1.0,0.0,0.0,0.0
0,0,29,2,0,1,0.0,0.0,0.0,1.0,0.0,0.0
0,0,29,2,0,1,0.0,0.0,0.0,1.0,0.0,0.0
0,1,29,1,0,0,0.0,0.0,0.0,0.0,1.0,0.0
1,0,29,3,0,0,0.0,0.0,0.0,1.0,0.0,0.0
1,0,29,2,0,0,0.0,0.0,1.0,1.0,0.0,0.0
1,0,29,2,0,0,0.0,0.0,1.0,0.0,0.0,1.0
1,0,29,10,0,0,0.0,0.0,0.0,1.0,0.0,0.0
0,1,29,1,0,1,0.0,0.0,0.0,1.0,0.0,0.0
1,0,29,4,0,1,0.0,0.0,0.0,0.0,0.0,0.0
0,0,29,0,0,0,0.0,0.0,0.0,0.0,1.0,0.0
0,0,29,2,1,1,0.0,0.0,0.0,1.0,0.0,0.0
0,1,29,0,0,0,0.0,0.0,0.0,1.0,0.0,0.0
0,0,29,8,1,1,0.0,0.0,0.0,0.0,0.0,0.0
1,0,29,2,0,1,0.0,0.0,0.0,0.0,0.0,0.0
0,1,29,0,0,0,0.0,0.0,0.0,1.0,0.0,0.0
0,1,29,0,0,1,0.0,0.0,0.0,0.0,1.0,0.0
0,0,29,7,0,0,0.0,0.0,0.0,1.0,0.0,0.0
0,0,29,0,0,0,0.0,0.0,0.0,0.0,0.0,0.0
1,0,29,0,0,0,0.0,0.0,0.0,1.0,0.0,0.0
0,0,29,0,0,1,0.0,0.0,0.0,0.0,0.0,0.0
0,0,29,1,0,0,0.0,0.0,0.0,1.0,0.0,0.0
1,0,29,0,0,0,0.0,0.0,0.0,0.0,1.0,0.0
0,1,29,0,0,1,0.0,0.0,0.0,0.0,0.0,0.0
1,0,29,0,0,0,0.0,0.0,1.0,1.0,0.0,0.0
0,0,29,0,0,0,0.0,0.0,0.0,0.0,0.0,1.0
1,0,29,2,0,0,0.0,0.0,0.0,1.0,0.0,0.0
0,0,29,1,0,0,0.0,0.0,0.0,0.0,0.0,0.0
0,0,29,0,0,0,0.0,0.0,1.0,0.0,0.0,0.0
0,1,29,0,0,1,0.0,0.0,0.0,0.0,0.0,0.0
1,0,29,10,0,0,0.0,0.0,0.0,1.0,0.0,0.0
1,0,29,4,0,1,0.0,0.0,0.0,0.0,0.0,1.0
1,0,29,1,0,0,0.0,0.0,0.0,0.0,0.0,0.0
0,0,29,1,0,0,0.0,0.0,1.0,0.0,0.0,1.0
1,0,29,6,0,0,0.0,0.0,0.0,0.0,0.0,0.0
1,0,29,4,3,0,0.0,0.0,0.0,1.0,0.0,0.0
0,1,29,0,0,1,0.0,0.0,1.0,0.0,0.0,0.0
0,0,29,3,0,0,0.0,0.0,0.0,0.0,0.0,1.0
0,0,29,1,0,1,0.0,0.0,0.0,1.0,0.0,0.0
0,0,29,0,0,0,0.0,0.0,1.0,0.0,1.0,0.0
0,0,29,4,0,0,0.0,0.0,0.0,1.0,0.0,0.0
1,0,29,17,1,0,0.0,0.0,0.0,1.0,0.0,0.0
1,0,29,5,0,0,0.0,0.0,0.0,1.0,0.0,0.0
1,0,29,4,0,0,0.0,0.0,0.0,0.0,0.0,1.0
1,0,29,7,0,0,0.0,0.0,0.0,0.0,1.0,0.0
0,1,29,0,0,0,0.0,1.0,0.0,1.0,0.0,0.0
1,0,29,2,0,0,0.0,0.0,1.0,0.0,0.0,0.0
0,0,29,0,0,0,0.0,0.0,0.0,1.0,0.0,0.0
0,0,29,0,0,1,0.0,0.0,1.0,1.0,0.0,0.0
0,0,29,2,1,0,0.0,0.0,0.0,1.0,0.0,0.0
0,1,29,0,0,0,0.0,0.0,0.0,0.0,0.0,0.0
0,0,29,0,0,1,0.0,0.0,0.0,0.0,0.0,0.0
1,0,29,3,0,0,0.0,0.0,0.0,0.0,0.0,0.0
0,0,29,5,0,0,0.0,0.0,0.0,0.0,0.0,0.0
0,0,29,8,0,0,0.0,0.0,0.0,1.0,0.0,0.0
0,0,29,4,0,0,0.0,0.0,0.0,1.0,0.0,0.0
0,0,29,0,0,0,0.0,0.0,1.0,0.0,0.0,1.0
0,0,29,5,0,0,0.0,0.0,0.0,1.0,0.0,0.0
0,1,28,1,0,0,0.0,0.0,0.0,1.0,0.0,0.0
0,0,28,9,0,0,0.0,0.0,0.0,0.0,0.0,1.0
0,0,28,0,0,0,0.0,0.0,0.0,1.0,0.0,0.0
1,0,28,5,0,1,0.0,0.0,0.0,1.0,0.0,0.0
0,0,28,4,0,0,0.0,0.0,0.0,1.0,0.0,0.0
1,0,28,3,0,0,0.0,0.0,0.0,0.0,1.0,0.0
1,0,28,2,0,0,0.0,0.0,0.0,0.0,0.0,0.0
0,1,28,0,0,1,0.0,1.0,0.0,1.0,0.0,0.0
0,0,28,2,0,1,0.0,0.0,1.0,1.0,0.0,0.0
1,0,28,3,0,1,0.0,0.0,1.0,0.0,0.0,0.0
0,0,28,6,4,1,0.0,0.0,0.0,1.0,0.0,0.0
0,0,28,2,0,1,0.0,0.0,0.0,0.0,0.0,0.0
0,0,28,1,0,0,0.0,0.0,0.0,0.0,1.0,0.0
1,0,28,1,0,0,0.0,0.0,0.0,0.0,0.0,0.0
1,0,28,1,0,0,0.0,0.0,0.0,0.0,0.0,0.0
0,0,28,0,0,1,0.0,0.0,0.0,1.0,0.0,0.0
0,0,28,2,0,0,0.0,0.0,0.0,0.0,0.0,0.0
0,0,28,1,0,0,0.0,0.0,0.0,0.0,0.0,0.0
0,0,28,1,0,1,0.0,0.0,0.0,1.0,0.0,0.0
0,0,28,5,0,0,0.0,0.0,0.0,1.0,0.0,0.0
0,0,28,3,0,0,0.0,0.0,0.0,1.0,0.0,0.0
1,0,28,6,0,1,0.0,1.0,0.0,1.0,0.0,0.0
1,0,28,2,0,0,0.0,0.0,0.0,1.0,0.0,0.0
1,1,28,3,0,0,0.0,0.0,0.0,0.0,0.0,0.0
0,1,28,0,0,1,0.0,0.0,0.0,0.0,0.0,0.0
0,0,28,1,0,1,0.0,0.0,0.0,0.0,0.0,0.0
1,0,28,1,0,0,0.0,0.0,0.0,1.0,0.0,0.0
0,0,28,6,0,0,0.0,1.0,0.0,1.0,0.0,0.0
0,1,28,0,0,0,0.0,0.0,0.0,1.0,0.0,0.0
0,0,28,11,3,0,0.0,0.0,0.0,1.0,0.0,0.0
0,0,28,0,0,0,0.0,0.0,0.0,1.0,0.0,0.0
0,0,28,6,0,0,0.0,0.0,0.0,0.0,0.0,0.0
0,0,28,0,0,1,0.0,0.0,0.0,0.0,1.0,0.0
0,1,28,1,0,0,0.0,0.0,0.0,1.0,0.0,0.0
0,0,28,3,0,0,0.0,0.0,0.0,1.0,0.0,0.0
0,0,28,0,0,0,0.0,0.0,0.0,1.0,0.0,0.0
0,0,28,1,0,0,0.0,0.0,0.0,1.0,0.0,0.0
1,0,28,1,0,0,0.0,0.0,0.0,0.0,0.0,1.0
1,0,28,12,1,1,0.0,0.0,0.0,1.0,0.0,0.0
0,1,28,1,1,0,0.0,0.0,1.0,0.0,0.0,1.0
1,1,28,10,0,1,0.0,0.0,1.0,1.0,0.0,0.0
0,1,28,2,0,1,0.0,1.0,0.0,0.0,1.0,0.0
1,0,28,10,0,0,0.0,0.0,1.0,1.0,0.0,0.0
1,0,28,1,0,0,0.0,0.0,0.0,1.0,0.0,0.0
0,0,28,3,0,0,0.0,0.0,1.0,0.0,0.0,0.0
0,1,28,0,0,1,0.0,0.0,0.0,1.0,0.0,0.0
1,0,28,1,0,0,0.0,0.0,0.0,0.0,0.0,0.0
1,0,28,20,0,0,0.0,0.0,0.0,1.0,0.0,0.0
0,0,28,4,0,0,0.0,0.0,0.0,0.0,0.0,0.0
0,1,28,4,0,0,0.0,0.0,0.0,1.0,0.0,0.0
0,1,28,0,0,1,0.0,0.0,0.0,0.0,0.0,0.0
1,0,28,2,0,0,0.0,0.0,0.0,0.0,0.0,0.0
1,0,28,3,0,0,0.0,0.0,0.0,0.0,0.0,0.0
0,0,28,0,0,1,0.0,0.0,0.0,0.0,0.0,0.0
0,0,28,12,1,0,0.0,0.0,1.0,1.0,0.0,0.0
0,0,28,1,0,0,0.0,0.0,0.0,0.0,0.0,0.0
0,1,28,0,0,1,0.0,0.0,0.0,1.0,0.0,0.0
1,0,28,9,0,0,0.0,0.0,0.0,1.0,0.0,0.0
1,0,28,3,0,1,0.0,0.0,0.0,0.0,0.0,0.0
0,0,28,8,1,0,0.0,0.0,0.0,1.0,0.0,0.0
1,0,28,8,0,0,0.0,0.0,0.0,1.0,0.0,0.0
0,0,28,9,2,1,0.0,0.0,0.0,0.0,0.0,0.0
1,0,28,18,0,0,0.0,0.0,0.0,1.0,0.0,0.0
0,0,28,2,0,1,0.0,0.0,0.0,0.0,0.0,1.0
1,0,28,0,0,1,0.0,0.0,1.0,0.0,1.0,0.0
0,1,28,1,0,0,0.0,0.0,1.0,0.0,0.0,0.0
1,0,28,12,0,1,0.0,0.0,0.0,1.0,0.0,0.0
1,0,28,0,0,1,0.0,0.0,0.0,1.0,0.0,0.0
1,0,28,10,1,0,0.0,0.0,0.0,1.0,0.0,0.0
1,0,28,1,0,0,0.0,0.0,0.0,1.0,0.0,0.0
1,0,28,7,0,0,0.0,0.0,0.0,1.0,0.0,0.0
1,1,28,7,0,0,0.0,0.0,0.0,0.0,0.0,0.0
1,1,28,0,0,1,0.0,0.0,0.0,1.0,0.0,0.0
0,0,28,5,0,0,0.0,0.0,0.0,1.0,0.0,0.0
0,1,28,0,0,1,0.0,0.0,0.0,0.0,0.0,0.0
1,0,28,0,0,0,0.0,0.0,0.0,1.0,0.0,0.0
1,0,28,8,0,0,0.0,0.0,0.0,1.0,0.0,0.0
1,0,28,3,0,0,0.0,0.0,0.0,0.0,1.0,0.0
1,0,28,8,0,0,0.0,0.0,0.0,1.0,0.0,0.0
0,0,28,1,0,0,0.0,0.0,0.0,1.0,0.0,0.0
0,0,28,0,0,1,0.0,0.0,1.0,0.0,0.0,0.0
0,1,28,7,0,0,0.0,0.0,1.0,0.0,0.0,0.0
0,0,28,0,0,0,0.0,0.0,0.0,0.0,0.0,0.0
0,0,28,2,0,0,0.0,0.0,0.0,1.0,0.0,0.0
0,0,28,7,1,0,0.0,0.0,0.0,1.0,0.0,0.0
1,0,28,4,0,0,0.0,0.0,1.0,1.0,0.0,0.0
0,0,28,14,0,0,0.0,0.0,0.0,0.0,0.0,0.0
1,0,28,0,0,1,0.0,0.0,0.0,0.0,1.0,0.0
0,1,28,0,0,1,0.0,0.0,0.0,1.0,0.0,0.0
0,0,28,5,1,1,0.0,0.0,0.0,1.0,0.0,0.0
0,0,28,5,0,0,0.0,0.0,0.0,1.0,0.0,0.0
0,0,28,3,0,1,0.0,0.0,0.0,1.0,0.0,0.0
0,0,28,3,0,1,0.0,0.0,0.0,1.0,0.0,0.0
1,0,28,11,0,0,0.0,0.0,0.0,1.0,0.0,0.0
0,1,28,0,0,1,0.0,1.0,0.0,0.0,0.0,0.0
1,0,28,7,0,0,0.0,0.0,0.0,1.0,0.0,0.0
0,0,28,1,0,0,0.0,0.0,0.0,0.0,1.0,0.0
0,1,28,0,0,0,0.0,0.0,0.0,0.0,0.0,0.0
0,1,28,0,0,0,0.0,0.0,0.0,0.0,0.0,1.0
0,0,28,1,0,0,0.0,0.0,0.0,0.0,0.0,0.0
0,0,28,1,0,1,0.0,0.0,1.0,1.0,0.0,0.0
1,0,28,11,2,0,0.0,0.0,0.0,1.0,0.0,0.0
0,1,28,3,0,0,0.0,0.0,0.0,1.0,0.0,0.0
0,0,28,0,0,0,0.0,0.0,0.0,0.0,0.0,0.0
1,0,28,7,0,1,0.0,0.0,0.0,1.0,0.0,0.0
0,1,28,1,0,0,0.0,0.0,0.0,1.0,0.0,0.0
0,0,28,0,0,0,0.0,0.0,0.0,0.0,0.0,0.0
0,1,28,0,0,0,0.0,0.0,0.0,0.0,0.0,0.0
0,0,28,21,2,0,0.0,0.0,0.0,1.0,0.0,0.0
1,0,28,6,1,0,0.0,0.0,0.0,1.0,0.0,0.0
0,0,28,1,0,0,0.0,0.0,0.0,1.0,0.0,0.0
0,0,28,10,0,0,0.0,0.0,0.0,1.0,0.0,0.0
0,1,28,4,1,0,0.0,0.0,0.0,1.0,0.0,0.0
1,0,28,0,0,1,0.0,0.0,1.0,1.0,0.0,0.0
0,0,28,1,0,1,0.0,0.0,0.0,1.0,0.0,0.0
1,0,28,0,0,1,0.0,0.0,0.0,0.0,0.0,0.0
1,0,28,9,0,0,0.0,0.0,0.0,1.0,0.0,0.0
1,0,28,14,0,0,0.0,0.0,0.0,1.0,0.0,0.0
0,0,28,0,0,0,0.0,0.0,0.0,0.0,1.0,0.0
1,1,28,1,1,1,0.0,0.0,0.0,1.0,0.0,0.0
0,1,28,1,0,0,0.0,0.0,0.0,1.0,0.0,0.0
0,0,28,2,0,1,0.0,0.0,0.0,1.0,0.0,0.0
0,0,28,0,0,0,0.0,0.0,0.0,0.0,1.0,0.0
1,1,28,6,0,1,0.0,0.0,0.0,1.0,0.0,0.0
1,0,28,2,1,0,0.0,0.0,0.0,1.0,0.0,0.0
0,1,28,3,0,0,0.0,0.0,0.0,1.0,0.0,0.0
1,0,28,2,0,1,0.0,0.0,0.0,1.0,0.0,0.0
0,0,28,2,0,0,0.0,0.0,0.0,0.0,1.0,0.0
0,0,28,3,0,0,0.0,0.0,0.0,0.0,0.0,0.0
1,0,28,3,1,0,0.0,0.0,0.0,0.0,1.0,0.0
0,0,28,1,0,1,0.0,0.0,0.0,0.0,0.0,0.0
1,0,28,3,0,1,0.0,0.0,0.0,1.0,0.0,0.0
0,0,28,5,0,1,0.0,0.0,0.0,0.0,0.0,0.0
0,0,28,3,0,1,0.0,0.0,0.0,0.0,1.0,0.0
0,0,28,1,0,0,0.0,0.0,1.0,1.0,0.0,0.0
0,0,28,2,1,1,0.0,0.0,1.0,0.0,0.0,0.0
1,0,28,5,0,0,0.0,0.0,0.0,0.0,0.0,0.0
0,0,28,1,0,0,0.0,0.0,0.0,1.0,0.0,0.0
0,1,28,5,0,0,0.0,0.0,0.0,1.0,0.0,0.0
1,0,28,12,10,0,0.0,0.0,0.0,1.0,0.0,0.0
1,0,28,8,0,1,0.0,0.0,0.0,0.0,1.0,0.0
0,0,28,0,0,0,0.0,0.0,0.0,0.0,0.0,0.0
0,0,28,2,0,0,0.0,0.0,0.0,0.0,0.0,0.0
0,0,28,3,0,0,0.0,0.0,0.0,0.0,0.0,1.0
1,1,28,1,0,0,0.0,0.0,0.0,1.0,0.0,0.0
0,0,28,0,0,0,0.0,0.0,0.0,1.0,0.0,0.0
0,0,28,3,0,0,0.0,0.0,0.0,0.0,1.0,0.0
1,0,28,16,9,0,0.0,0.0,0.0,1.0,0.0,0.0
0,1,28,2,0,0,0.0,0.0,1.0,0.0,0.0,0.0
0,1,28,3,1,1,0.0,0.0,0.0,0.0,0.0,0.0
1,0,28,4,0,1,0.0,0.0,1.0,1.0,0.0,0.0
0,0,28,2,0,0,0.0,0.0,0.0,1.0,0.0,0.0
0,0,28,2,0,1,0.0,0.0,0.0,1.0,0.0,0.0
1,0,28,5,0,0,0.0,0.0,0.0,1.0,0.0,0.0
0,0,28,5,2,0,0.0,0.0,1.0,1.0,0.0,0.0
0,0,28,7,0,1,0.0,0.0,0.0,1.0,0.0,0.0
1,1,28,9,0,1,0.0,0.0,0.0,1.0,0.0,0.0
0,0,28,1,0,0,0.0,0.0,0.0,0.0,0.0,0.0
1,0,28,0,0,1,0.0,0.0,0.0,0.0,0.0,0.0
0,0,28,2,0,0,0.0,0.0,1.0,0.0,0.0,1.0
0,0,28,1,0,0,0.0,0.0,0.0,1.0,0.0,0.0
1,0,28,5,1,0,0.0,0.0,0.0,1.0,0.0,0.0
1,1,28,6,0,1,0.0,0.0,0.0,0.0,0.0,0.0
0,0,28,0,0,1,0.0,0.0,0.0,0.0,0.0,0.0
0,0,28,5,0,0,0.0,0.0,0.0,0.0,0.0,0.0
0,1,28,2,0,0,0.0,0.0,0.0,0.0,1.0,0.0
0,1,28,0,0,0,0.0,0.0,0.0,0.0,0.0,0.0
1,0,28,3,0,1,0.0,0.0,0.0,1.0,0.0,0.0
0,0,28,0,0,1,0.0,0.0,0.0,1.0,0.0,0.0
1,0,28,5,0,0,0.0,0.0,1.0,1.0,0.0,0.0
0,0,28,11,0,1,0.0,0.0,0.0,0.0,1.0,0.0
0,0,28,1,0,0,0.0,0.0,0.0,1.0,0.0,0.0
0,0,28,1,0,1,0.0,0.0,0.0,1.0,0.0,0.0
0,1,28,1,0,1,0.0,0.0,0.0,0.0,0.0,0.0
0,0,28,2,0,0,0.0,0.0,1.0,1.0,0.0,0.0
1,0,28,7,1,0,0.0,0.0,0.0,1.0,0.0,0.0
1,0,28,4,3,1,0.0,0.0,0.0,0.0,0.0,0.0
1,1,28,7,0,0,0.0,0.0,0.0,0.0,0.0,0.0
1,0,28,2,0,0,0.0,0.0,0.0,1.0,0.0,0.0
0,0,28,5,0,1,0.0,0.0,0.0,1.0,0.0,0.0
0,0,28,0,0,1,0.0,0.0,0.0,1.0,0.0,0.0
0,0,28,0,0,0,0.0,1.0,0.0,1.0,0.0,0.0
1,0,28,10,0,1,0.0,0.0,0.0,1.0,0.0,0.0
0,0,28,0,0,0,0.0,0.0,0.0,0.0,1.0,0.0
1,0,28,1,0,1,0.0,0.0,0.0,1.0,0.0,0.0
1,0,28,2,0,0,0.0,0.0,0.0,0.0,1.0,0.0
0,1,28,1,0,1,0.0,0.0,0.0,0.0,0.0,0.0
0,1,28,0,0,1,0.0,0.0,0.0,1.0,0.0,0.0
1,0,28,1,0,0,0.0,0.0,0.0,0.0,0.0,0.0
1,0,28,6,0,1,0.0,0.0,1.0,1.0,0.0,0.0
0,0,28,4,0,0,0.0,0.0,0.0,1.0,0.0,0.0
1,0,28,0,0,0,0.0,0.0,0.0,0.0,0.0,0.0
1,0,28,5,3,0,0.0,0.0,0.0,1.0,0.0,0.0
1,0,28,9,0,0,0.0,0.0,1.0,1.0,0.0,0.0
1,0,28,0,0,1,0.0,0.0,0.0,1.0,0.0,0.0
1,0,28,6,0,1,0.0,0.0,1.0,0.0,0.0,0.0
0,0,28,5,0,1,0.0,0.0,0.0,1.0,0.0,0.0
0,0,28,1,0,0,0.0,0.0,0.0,0.0,0.0,0.0
0,0,28,1,0,0,0.0,0.0,1.0,0.0,1.0,0.0
0,0,28,4,0,0,0.0,0.0,0.0,1.0,0.0,0.0
1,0,28,5,0,1,0.0,0.0,0.0,0.0,0.0,0.0
1,0,28,3,0,0,0.0,0.0,0.0,1.0,0.0,0.0
1,0,28,0,0,1,0.0,0.0,0.0,1.0,0.0,0.0
1,0,28,1,0,0,0.0,0.0,0.0,1.0,0.0,0.0
0,1,28,0,0,0,0.0,0.0,0.0,0.0,1.0,0.0
1,0,28,0,0,1,0.0,0.0,0.0,1.0,0.0,0.0
0,0,28,0,0,0,0.0,0.0,0.0,0.0,0.0,0.0
0,0,28,5,0,0,0.0,0.0,0.0,1.0,0.0,0.0
1,1,28,3,0,0,0.0,0.0,0.0,1.0,0.0,0.0
1,0,28,25,0,0,0.0,0.0,0.0,1.0,0.0,0.0
0,0,28,0,0,1,0.0,1.0,0.0,0.0,0.0,1.0
0,0,28,9,1,1,0.0,0.0,0.0,0.0,0.0,0.0
0,0,28,11,0,0,0.0,0.0,0.0,0.0,0.0,0.0
0,0,28,0,0,0,0.0,0.0,0.0,0.0,0.0,0.0
1,0,28,4,0,0,0.0,0.0,0.0,1.0,0.0,0.0
1,1,28,0,0,0,0.0,1.0,0.0,1.0,0.0,0.0
1,0,28,6,0,0,0.0,0.0,0.0,1.0,0.0,0.0
1,0,28,4,0,0,0.0,0.0,0.0,1.0,0.0,0.0
1,0,28,2,0,0,0.0,0.0,0.0,1.0,0.0,0.0
1,0,28,1,0,1,0.0,0.0,0.0,0.0,0.0,0.0
0,0,28,2,0,0,0.0,0.0,0.0,1.0,0.0,0.0
0,1,28,2,0,1,0.0,0.0,0.0,1.0,0.0,0.0
0,1,28,0,0,0,0.0,0.0,0.0,1.0,0.0,0.0
1,0,28,4,0,1,0.0,0.0,0.0,1.0,0.0,0.0
0,0,28,2,0,0,0.0,0.0,0.0,0.0,0.0,0.0
0,0,28,1,0,1,0.0,0.0,0.0,0.0,1.0,0.0
0,1,28,5,0,1,0.0,0.0,0.0,1.0,0.0,0.0
1,0,28,4,0,1,0.0,0.0,1.0,1.0,0.0,0.0
1,0,28,6,0,0,0.0,0.0,0.0,1.0,0.0,0.0
0,0,28,9,0,1,0.0,0.0,0.0,1.0,0.0,0.0
0,1,28,3,0,0,0.0,0.0,0.0,0.0,0.0,0.0
0,0,28,4,1,0,0.0,0.0,0.0,1.0,0.0,0.0
1,1,28,0,0,0,0.0,0.0,0.0,0.0,0.0,0.0
1,0,28,0,0,0,0.0,0.0,0.0,0.0,0.0,0.0
1,0,28,8,0,0,0.0,0.0,0.0,0.0,0.0,0.0
0,1,28,0,0,0,0.0,0.0,0.0,1.0,0.0,0.0
1,0,28,2,0,1,0.0,0.0,1.0,0.0,0.0,0.0
0,0,28,1,0,1,0.0,0.0,0.0,0.0,0.0,0.0
1,0,28,7,0,0,0.0,0.0,0.0,0.0,0.0,0.0
0,0,27,0,0,1,0.0,0.0,0.0,0.0,0.0,0.0
0,0,27,3,0,1,0.0,0.0,0.0,1.0,0.0,0.0
0,0,27,0,0,0,0.0,0.0,0.0,1.0,0.0,0.0
0,0,27,1,0,0,0.0,0.0,0.0,0.0,0.0,0.0
1,0,27,0,0,0,0.0,0.0,0.0,1.0,0.0,0.0
0,1,27,3,0,0,0.0,0.0,0.0,1.0,0.0,0.0
0,0,27,0,0,0,0.0,0.0,0.0,0.0,0.0,0.0
0,0,27,1,0,0,0.0,0.0,0.0,1.0,0.0,0.0
0,0,27,6,4,0,0.0,0.0,0.0,0.0,0.0,0.0
0,1,27,2,0,0,0.0,0.0,0.0,0.0,0.0,0.0
0,1,27,0,0,0,0.0,0.0,0.0,0.0,0.0,0.0
0,0,27,2,0,0,0.0,0.0,0.0,1.0,0.0,0.0
1,0,27,2,0,0,0.0,0.0,0.0,1.0,0.0,0.0
0,1,27,2,0,1,0.0,0.0,0.0,1.0,0.0,0.0
0,1,27,1,1,0,0.0,0.0,0.0,1.0,0.0,0.0
1,1,27,12,0,1,0.0,0.0,0.0,1.0,0.0,0.0
0,0,27,0,0,1,0.0,0.0,1.0,0.0,0.0,1.0
1,0,27,10,1,0,0.0,0.0,0.0,1.0,0.0,0.0
0,0,27,1,0,1,0.0,0.0,0.0,0.0,0.0,0.0
0,0,27,4,0,0,0.0,0.0,0.0,0.0,0.0,0.0
1,0,27,6,0,0,0.0,0.0,0.0,1.0,0.0,0.0
0,0,27,0,0,1,0.0,0.0,0.0,0.0,0.0,0.0
0,0,27,0,0,0,0.0,0.0,0.0,1.0,0.0,0.0
1,0,27,2,1,0,0.0,0.0,0.0,1.0,0.0,0.0
1,0,27,2,0,1,0.0,0.0,0.0,1.0,0.0,0.0
1,0,27,5,1,1,0.0,0.0,0.0,1.0,0.0,0.0
0,0,27,0,0,0,0.0,0.0,0.0,0.0,0.0,0.0
0,0,27,4,0,0,0.0,0.0,0.0,1.0,0.0,0.0
1,0,27,0,0,1,0.0,0.0,1.0,1.0,0.0,0.0
1,0,27,7,0,0,0.0,0.0,0.0,1.0,0.0,0.0
0,0,27,1,0,1,0.0,0.0,0.0,1.0,0.0,0.0
0,0,27,1,0,0,0.0,0.0,0.0,1.0,0.0,0.0
0,0,27,0,0,1,0.0,0.0,0.0,1.0,0.0,0.0
1,0,27,0,0,0,0.0,0.0,0.0,0.0,0.0,0.0
0,0,27,0,0,0,0.0,0.0,0.0,0.0,0.0,1.0
0,0,27,0,0,1,0.0,0.0,0.0,0.0,1.0,0.0
0,0,27,1,0,0,0.0,0.0,0.0,0.0,1.0,0.0
1,0,27,0,0,0,1.0,0.0,0.0,0.0,1.0,0.0
0,1,27,1,0,0,1.0,0.0,0.0,1.0,0.0,0.0
1,0,27,4,0,0,0.0,0.0,0.0,1.0,0.0,0.0
0,0,27,2,0,1,0.0,0.0,0.0,1.0,0.0,0.0
1,0,27,8,1,1,0.0,0.0,0.0,1.0,0.0,0.0
1,0,27,1,0,0,0.0,0.0,0.0,0.0,1.0,0.0
1,0,27,7,0,0,0.0,0.0,0.0,1.0,0.0,0.0
0,0,27,8,0,0,0.0,0.0,0.0,0.0,0.0,0.0
1,0,27,0,0,0,0.0,0.0,1.0,0.0,0.0,1.0
1,1,27,4,0,1,0.0,0.0,0.0,0.0,0.0,0.0
0,1,27,0,0,1,0.0,0.0,0.0,1.0,0.0,0.0
1,0,27,17,2,0,0.0,0.0,0.0,1.0,0.0,0.0
1,1,27,0,0,0,0.0,0.0,0.0,1.0,0.0,0.0
0,0,27,11,3,0,0.0,0.0,0.0,1.0,0.0,0.0
1,1,27,2,0,0,0.0,0.0,0.0,1.0,0.0,0.0
0,0,27,1,0,0,0.0,0.0,0.0,0.0,1.0,0.0
0,0,27,0,0,0,0.0,0.0,0.0,1.0,0.0,0.0
1,1,27,3,0,1,0.0,0.0,0.0,1.0,0.0,0.0
1,0,27,0,0,1,0.0,0.0,0.0,0.0,0.0,0.0
0,0,27,0,0,1,0.0,0.0,0.0,1.0,0.0,0.0
1,0,27,9,1,0,0.0,0.0,0.0,1.0,0.0,0.0
1,1,27,4,0,0,0.0,0.0,0.0,1.0,0.0,0.0
0,0,27,1,0,1,0.0,0.0,0.0,0.0,1.0,0.0
0,0,27,1,0,0,0.0,0.0,0.0,0.0,1.0,0.0
0,1,27,0,0,1,0.0,0.0,0.0,0.0,0.0,0.0
0,1,27,6,0,0,0.0,0.0,0.0,0.0,0.0,0.0
1,0,27,1,0,1,0.0,0.0,0.0,0.0,0.0,0.0
0,0,27,1,0,0,0.0,0.0,1.0,1.0,0.0,0.0
1,0,27,5,0,0,0.0,0.0,0.0,1.0,0.0,0.0
0,0,27,0,0,1,0.0,0.0,1.0,1.0,0.0,0.0
1,0,27,13,0,0,0.0,0.0,0.0,1.0,0.0,0.0
0,0,27,0,0,1,0.0,0.0,0.0,1.0,0.0,0.0
1,0,27,5,0,0,0.0,0.0,0.0,1.0,0.0,0.0
1,0,27,2,1,1,0.0,0.0,0.0,0.0,0.0,0.0
1,0,27,8,0,0,0.0,0.0,0.0,1.0,0.0,0.0
1,0,27,8,2,0,0.0,0.0,0.0,0.0,1.0,0.0
0,0,27,1,0,1,0.0,0.0,1.0,0.0,0.0,0.0
0,0,27,0,0,1,0.0,0.0,0.0,1.0,0.0,0.0
0,0,27,1,0,0,0.0,0.0,0.0,1.0,0.0,0.0
0,0,27,5,0,1,0.0,0.0,0.0,0.0,0.0,0.0
1,0,27,5,0,1,0.0,0.0,0.0,1.0,0.0,0.0
0,0,27,2,0,0,0.0,0.0,0.0,1.0,0.0,0.0
0,1,27,0,0,1,0.0,0.0,0.0,1.0,0.0,0.0
1,0,27,0,0,1,0.0,0.0,0.0,1.0,0.0,0.0
1,0,27,0,0,0,0.0,0.0,0.0,0.0,0.0,0.0
0,0,27,1,0,1,0.0,0.0,0.0,1.0,0.0,0.0
1,0,27,3,0,0,0.0,0.0,0.0,1.0,0.0,0.0
0,0,27,2,0,0,0.0,0.0,0.0,0.0,0.0,0.0
1,0,27,2,0,1,0.0,0.0,0.0,1.0,0.0,0.0
1,0,27,4,0,0,0.0,0.0,0.0,0.0,0.0,0.0
0,0,27,0,0,0,0.0,0.0,0.0,1.0,0.0,0.0
1,0,27,5,0,1,0.0,0.0,0.0,1.0,0.0,0.0
0,0,27,3,0,1,0.0,0.0,1.0,0.0,0.0,0.0
0,0,27,1,0,0,0.0,0.0,0.0,1.0,0.0,0.0
1,0,27,6,1,0,0.0,0.0,0.0,1.0,0.0,0.0
1,1,27,2,0,0,0.0,0.0,0.0,0.0,0.0,0.0
0,0,27,0,0,1,0.0,0.0,0.0,1.0,0.0,0.0
1,0,27,10,0,0,0.0,0.0,0.0,1.0,0.0,0.0
0,0,27,0,0,1,0.0,0.0,0.0,1.0,0.0,0.0
0,1,27,0,0,0,0.0,0.0,0.0,0.0,0.0,0.0
1,0,27,2,0,1,0.0,0.0,0.0,1.0,0.0,0.0
0,0,27,7,0,0,0.0,0.0,0.0,1.0,0.0,0.0
0,0,27,0,0,1,0.0,0.0,0.0,1.0,0.0,0.0
0,0,27,0,0,0,0.0,0.0,0.0,0.0,0.0,0.0
1,0,27,6,1,0,0.0,0.0,0.0,1.0,0.0,0.0
1,0,27,10,0,0,0.0,0.0,0.0,1.0,0.0,0.0
1,0,27,5,0,0,0.0,0.0,0.0,0.0,0.0,0.0
0,0,27,0,0,1,0.0,0.0,0.0,0.0,0.0,0.0
1,0,27,6,0,0,0.0,0.0,0.0,1.0,0.0,0.0
1,1,27,1,0,1,0.0,0.0,0.0,1.0,0.0,0.0
0,0,27,3,0,1,0.0,0.0,0.0,0.0,0.0,1.0
0,0,27,6,0,0,0.0,0.0,0.0,0.0,1.0,0.0
0,0,27,2,0,0,0.0,0.0,0.0,1.0,0.0,0.0
0,0,27,6,4,1,0.0,0.0,0.0,1.0,0.0,0.0
0,0,27,0,0,1,0.0,0.0,0.0,0.0,0.0,0.0
1,0,27,0,0,0,0.0,0.0,1.0,1.0,0.0,0.0
0,0,27,1,0,1,0.0,0.0,0.0,1.0,0.0,0.0
1,0,27,9,1,0,0.0,0.0,0.0,1.0,0.0,0.0
0,1,27,2,0,0,0.0,0.0,0.0,1.0,0.0,0.0
1,0,27,1,0,0,0.0,0.0,0.0,1.0,0.0,0.0
1,0,27,4,4,1,0.0,0.0,0.0,0.0,0.0,0.0
1,0,27,2,0,0,0.0,0.0,0.0,1.0,0.0,0.0
0,1,27,0,0,1,0.0,0.0,0.0,0.0,0.0,0.0
1,0,27,2,1,0,0.0,0.0,0.0,1.0,0.0,0.0
1,0,27,11,0,0,0.0,0.0,0.0,1.0,0.0,0.0
1,0,27,1,0,0,0.0,0.0,0.0,1.0,0.0,0.0
1,0,27,2,0,1,0.0,0.0,0.0,0.0,0.0,1.0
1,0,27,1,0,1,0.0,0.0,0.0,0.0,0.0,0.0
1,0,27,7,0,0,0.0,0.0,0.0,1.0,0.0,0.0
0,0,27,3,0,1,0.0,0.0,0.0,1.0,0.0,0.0
0,0,27,1,1,0,0.0,0.0,0.0,1.0,0.0,0.0
1,0,27,2,0,0,0.0,0.0,0.0,0.0,0.0,0.0
1,0,27,8,0,0,0.0,0.0,0.0,1.0,0.0,0.0
0,1,27,0,0,1,0.0,0.0,0.0,0.0,1.0,0.0
0,0,27,3,0,0,0.0,0.0,0.0,1.0,0.0,0.0
0,0,27,1,0,0,0.0,0.0,0.0,0.0,0.0,0.0
1,0,27,12,0,0,0.0,0.0,0.0,1.0,0.0,0.0
1,1,27,0,0,1,0.0,0.0,0.0,0.0,1.0,0.0
1,0,27,4,0,0,0.0,0.0,0.0,1.0,0.0,0.0
0,1,27,0,0,1,0.0,0.0,0.0,1.0,0.0,0.0
1,0,27,14,2,0,0.0,0.0,1.0,1.0,0.0,0.0
1,0,27,2,0,1,0.0,0.0,0.0,1.0,0.0,0.0
1,0,27,0,0,0,0.0,0.0,0.0,0.0,0.0,0.0
0,0,27,1,0,1,0.0,0.0,0.0,1.0,0.0,0.0
1,0,27,6,0,0,0.0,0.0,0.0,0.0,0.0,0.0
0,0,27,1,0,0,0.0,0.0,0.0,0.0,0.0,1.0
0,0,27,1,2,1,0.0,0.0,0.0,1.0,0.0,0.0
0,0,27,0,0,0,0.0,0.0,0.0,0.0,0.0,0.0
0,1,27,8,0,0,0.0,0.0,0.0,1.0,0.0,0.0
1,0,27,6,0,0,0.0,0.0,0.0,1.0,0.0,0.0
1,0,27,3,0,0,0.0,0.0,0.0,1.0,0.0,0.0
0,1,27,1,0,0,0.0,0.0,0.0,0.0,0.0,0.0
1,0,27,7,0,1,0.0,0.0,0.0,1.0,0.0,0.0
1,0,27,4,0,1,0.0,0.0,0.0,1.0,0.0,0.0
1,0,27,9,0,0,0.0,0.0,0.0,1.0,0.0,0.0
1,0,27,0,0,1,1.0,0.0,0.0,0.0,0.0,0.0
0,0,27,4,0,0,0.0,0.0,0.0,0.0,0.0,0.0
0,0,27,5,0,0,0.0,0.0,0.0,0.0,0.0,0.0
0,0,27,2,0,0,0.0,0.0,0.0,1.0,0.0,0.0
1,1,27,1,0,0,0.0,0.0,0.0,0.0,0.0,0.0
0,0,27,1,0,1,0.0,0.0,0.0,1.0,0.0,0.0
1,1,27,0,0,1,0.0,0.0,0.0,0.0,0.0,0.0
1,1,27,3,0,0,0.0,0.0,0.0,1.0,0.0,0.0
1,0,27,27,6,1,0.0,0.0,0.0,1.0,0.0,0.0
1,0,27,0,0,0,0.0,0.0,0.0,1.0,0.0,0.0
1,0,27,3,0,1,0.0,0.0,1.0,1.0,0.0,0.0
0,0,27,3,0,1,0.0,0.0,0.0,1.0,0.0,0.0
0,0,27,2,0,0,0.0,0.0,0.0,1.0,0.0,0.0
0,0,27,0,0,0,0.0,0.0,0.0,1.0,0.0,0.0
0,1,27,1,1,0,0.0,0.0,0.0,1.0,0.0,0.0
0,0,27,8,0,1,0.0,0.0,0.0,1.0,0.0,0.0
0,1,27,0,0,0,0.0,0.0,0.0,0.0,0.0,0.0
0,0,27,2,0,0,0.0,0.0,0.0,1.0,0.0,0.0
0,1,27,0,0,1,0.0,0.0,0.0,0.0,0.0,1.0
1,0,27,5,0,0,0.0,0.0,0.0,1.0,0.0,0.0
0,0,27,0,0,1,0.0,0.0,1.0,0.0,0.0,1.0
0,1,27,1,0,1,0.0,0.0,0.0,1.0,0.0,0.0
0,0,27,2,0,0,0.0,0.0,0.0,1.0,0.0,0.0
1,0,27,13,1,0,0.0,0.0,0.0,1.0,0.0,0.0
1,0,27,2,0,0,0.0,0.0,0.0,0.0,0.0,0.0
0,0,27,1,0,1,0.0,0.0,0.0,0.0,1.0,0.0
0,0,27,0,0,1,0.0,0.0,0.0,0.0,0.0,0.0
1,1,27,6,0,0,0.0,0.0,0.0,0.0,0.0,0.0
1,0,27,1,0,0,0.0,0.0,0.0,1.0,0.0,0.0
1,0,27,5,0,1,0.0,0.0,0.0,1.0,0.0,0.0
0,0,27,0,0,1,0.0,0.0,0.0,1.0,0.0,0.0
1,1,27,3,0,0,0.0,0.0,0.0,0.0,0.0,0.0
0,0,27,1,0,0,0.0,0.0,0.0,0.0,0.0,0.0
0,0,27,2,0,0,0.0,0.0,0.0,0.0,1.0,0.0
1,0,27,6,0,0,0.0,0.0,0.0,0.0,0.0,1.0
0,0,27,5,0,1,0.0,0.0,0.0,0.0,0.0,0.0
0,0,27,0,0,0,0.0,0.0,0.0,1.0,0.0,0.0
0,0,27,0,0,0,0.0,0.0,0.0,1.0,0.0,0.0
1,0,27,12,0,0,0.0,0.0,0.0,1.0,0.0,0.0
1,0,27,4,2,1,0.0,0.0,0.0,1.0,0.0,0.0
0,0,27,2,0,0,0.0,0.0,0.0,1.0,0.0,0.0
1,1,27,10,1,0,0.0,0.0,0.0,1.0,0.0,0.0
0,0,27,1,0,0,0.0,0.0,0.0,1.0,0.0,0.0
0,0,27,2,0,0,0.0,0.0,0.0,1.0,0.0,0.0
0,0,27,5,0,1,0.0,0.0,0.0,1.0,0.0,0.0
0,0,27,0,0,1,0.0,0.0,0.0,1.0,0.0,0.0
0,0,27,4,0,0,0.0,0.0,0.0,1.0,0.0,0.0
0,0,27,0,0,1,0.0,0.0,0.0,1.0,0.0,0.0
0,0,27,10,0,0,0.0,0.0,0.0,1.0,0.0,0.0
0,0,27,0,0,0,0.0,0.0,0.0,0.0,0.0,0.0
1,1,27,1,0,0,0.0,0.0,1.0,1.0,0.0,0.0
1,0,27,2,0,1,0.0,0.0,0.0,1.0,0.0,0.0
0,1,27,0,0,1,0.0,0.0,0.0,1.0,0.0,0.0
0,0,27,11,1,0,0.0,0.0,1.0,1.0,0.0,0.0
1,0,27,8,0,0,0.0,0.0,0.0,1.0,0.0,0.0
1,1,27,3,0,0,0.0,0.0,0.0,1.0,0.0,0.0
0,0,27,0,0,0,0.0,0.0,0.0,0.0,0.0,0.0
0,0,27,0,0,0,0.0,0.0,0.0,0.0,0.0,0.0
0,0,27,1,0,1,0.0,0.0,0.0,0.0,1.0,0.0
1,0,27,0,0,0,0.0,0.0,0.0,0.0,0.0,0.0
0,0,27,1,0,1,0.0,0.0,0.0,0.0,0.0,0.0
0,0,27,0,1,0,0.0,0.0,1.0,1.0,0.0,0.0
0,0,27,2,0,0,0.0,0.0,0.0,0.0,0.0,0.0
0,0,27,1,0,0,0.0,0.0,0.0,0.0,0.0,0.0
1,0,27,2,0,0,0.0,0.0,0.0,0.0,0.0,0.0
1,0,27,5,1,0,0.0,0.0,0.0,1.0,0.0,0.0
1,0,27,2,0,0,0.0,0.0,0.0,1.0,0.0,0.0
0,1,27,0,0,0,0.0,0.0,0.0,1.0,0.0,0.0
0,0,27,2,1,1,0.0,0.0,0.0,1.0,0.0,0.0
0,0,27,0,0,1,0.0,0.0,1.0,0.0,0.0,1.0
0,1,27,0,0,0,0.0,0.0,0.0,0.0,1.0,0.0
1,0,27,13,0,1,0.0,0.0,0.0,1.0,0.0,0.0
1,0,27,8,1,0,0.0,0.0,0.0,1.0,0.0,0.0
1,0,27,18,3,0,0.0,0.0,0.0,1.0,0.0,0.0
0,0,27,6,0,0,0.0,0.0,1.0,1.0,0.0,0.0
1,0,27,6,0,1,0.0,0.0,0.0,1.0,0.0,0.0
0,0,27,2,0,1,0.0,0.0,0.0,0.0,1.0,0.0
1,0,27,2,0,0,0.0,0.0,0.0,1.0,0.0,0.0
1,1,27,0,0,1,0.0,0.0,1.0,0.0,0.0,0.0
0,1,27,0,0,1,0.0,0.0,0.0,1.0,0.0,0.0
0,0,27,0,0,0,0.0,0.0,0.0,0.0,0.0,0.0
0,0,27,2,0,1,0.0,0.0,0.0,0.0,0.0,0.0
1,0,27,13,3,0,0.0,0.0,0.0,0.0,0.0,0.0
1,0,27,1,0,1,0.0,0.0,0.0,0.0,0.0,0.0
0,1,27,2,0,1,0.0,0.0,0.0,0.0,0.0,0.0
1,1,27,1,0,0,0.0,0.0,0.0,1.0,0.0,0.0
0,0,27,1,0,0,0.0,0.0,0.0,1.0,0.0,0.0
0,0,27,3,0,0,0.0,0.0,1.0,1.0,0.0,0.0
1,0,27,7,0,0,0.0,0.0,0.0,1.0,0.0,0.0
0,1,27,3,0,0,0.0,0.0,0.0,0.0,0.0,0.0
0,0,27,1,0,0,0.0,0.0,0.0,1.0,0.0,0.0
0,0,27,0,0,1,0.0,0.0,0.0,0.0,1.0,0.0
1,0,27,2,0,0,0.0,0.0,0.0,1.0,0.0,0.0
1,0,27,4,0,0,0.0,0.0,0.0,1.0,0.0,0.0
0,0,27,4,0,1,0.0,0.0,0.0,1.0,0.0,0.0
0,0,27,0,0,0,0.0,0.0,0.0,0.0,0.0,0.0
0,1,27,1,0,1,0.0,0.0,0.0,1.0,0.0,0.0
0,0,27,5,0,0,0.0,0.0,0.0,0.0,0.0,0.0
0,0,27,10,0,0,0.0,0.0,0.0,1.0,0.0,0.0
0,1,27,0,0,0,0.0,0.0,0.0,0.0,0.0,0.0
1,0,26,0,0,1,0.0,0.0,0.0,1.0,0.0,0.0
0,0,26,0,0,0,0.0,0.0,0.0,0.0,0.0,0.0
1,0,26,5,1,0,0.0,0.0,0.0,1.0,0.0,0.0
0,0,26,8,1,0,0.0,0.0,0.0,1.0,0.0,0.0
1,0,26,0,0,0,0.0,0.0,0.0,0.0,0.0,0.0
0,0,26,0,0,1,0.0,0.0,0.0,0.0,0.0,0.0
0,0,26,1,0,0,0.0,0.0,0.0,1.0,0.0,0.0
1,0,26,5,0,0,0.0,0.0,0.0,1.0,0.0,0.0
1,1,26,6,0,0,0.0,0.0,0.0,1.0,0.0,0.0
0,0,26,0,0,1,0.0,0.0,0.0,0.0,0.0,0.0
0,1,26,0,0,0,0.0,0.0,0.0,0.0,0.0,0.0
0,1,26,0,0,1,0.0,0.0,0.0,0.0,0.0,0.0
1,0,26,9,3,0,0.0,0.0,0.0,1.0,0.0,0.0
0,0,26,7,1,1,0.0,0.0,0.0,0.0,1.0,0.0
0,0,26,0,1,0,0.0,0.0,0.0,0.0,1.0,0.0
0,0,26,1,0,0,0.0,0.0,0.0,0.0,0.0,0.0
0,1,26,1,0,0,0.0,0.0,0.0,0.0,0.0,0.0
0,1,26,4,1,0,0.0,0.0,0.0,1.0,0.0,0.0
0,1,26,1,0,0,0.0,0.0,0.0,1.0,0.0,0.0
0,0,26,2,0,0,0.0,0.0,0.0,0.0,0.0,0.0
0,0,26,0,0,0,0.0,0.0,0.0,0.0,1.0,0.0
0,0,26,0,0,1,0.0,0.0,1.0,0.0,0.0,0.0
1,0,26,7,0,0,0.0,0.0,0.0,0.0,0.0,0.0
0,0,26,0,0,1,0.0,0.0,0.0,0.0,0.0,0.0
1,0,26,10,1,0,0.0,0.0,0.0,1.0,0.0,0.0
1,0,26,8,3,0,0.0,0.0,0.0,0.0,0.0,0.0
0,0,26,1,0,0,0.0,0.0,0.0,1.0,0.0,0.0
0,1,26,3,1,1,0.0,0.0,0.0,1.0,0.0,0.0
1,0,26,13,0,1,0.0,1.0,0.0,1.0,0.0,0.0
0,0,26,3,1,1,0.0,0.0,0.0,0.0,0.0,0.0
1,0,26,9,0,1,0.0,0.0,0.0,1.0,0.0,0.0
0,0,26,7,0,1,0.0,0.0,0.0,1.0,0.0,0.0
1,1,26,4,0,0,0.0,0.0,0.0,1.0,0.0,0.0
0,1,26,1,0,1,0.0,0.0,1.0,0.0,0.0,0.0
0,0,26,8,0,0,0.0,0.0,0.0,0.0,0.0,0.0
1,0,26,9,0,0,0.0,0.0,0.0,1.0,0.0,0.0
1,0,26,9,0,1,0.0,0.0,0.0,0.0,0.0,0.0
1,0,26,1,0,0,0.0,0.0,0.0,1.0,0.0,0.0
0,0,26,0,0,1,0.0,0.0,0.0,1.0,0.0,0.0
0,0,26,6,0,1,0.0,0.0,0.0,1.0,0.0,0.0
0,0,26,0,0,0,0.0,0.0,1.0,0.0,0.0,0.0
1,0,26,4,0,1,0.0,0.0,0.0,0.0,0.0,0.0
0,0,26,0,0,0,0.0,1.0,0.0,0.0,0.0,0.0
1,0,26,1,0,0,0.0,0.0,1.0,0.0,0.0,0.0
0,0,26,5,0,0,0.0,0.0,0.0,0.0,1.0,0.0
0,0,26,2,1,0,0.0,0.0,0.0,1.0,0.0,0.0
0,1,26,3,0,1,0.0,0.0,0.0,0.0,0.0,0.0
1,0,26,0,0,1,0.0,0.0,0.0,1.0,0.0,0.0
1,0,26,8,0,0,0.0,0.0,0.0,1.0,0.0,0.0
0,1,26,0,0,1,0.0,0.0,0.0,1.0,0.0,0.0
1,0,26,6,2,0,0.0,0.0,0.0,1.0,0.0,0.0
0,0,26,5,0,1,0.0,0.0,0.0,1.0,0.0,0.0
0,0,26,0,0,1,0.0,0.0,0.0,0.0,0.0,0.0
0,0,26,1,0,1,0.0,0.0,0.0,0.0,0.0,0.0
0,0,26,3,0,1,0.0,0.0,0.0,0.0,0.0,0.0
0,0,26,0,0,0,0.0,0.0,0.0,1.0,0.0,0.0
0,0,26,5,0,0,0.0,0.0,0.0,1.0,0.0,0.0
0,0,26,0,0,0,0.0,0.0,0.0,1.0,0.0,0.0
1,0,26,10,2,0,0.0,0.0,0.0,1.0,0.0,0.0
0,1,26,0,0,1,0.0,0.0,0.0,0.0,0.0,0.0
0,1,26,0,0,1,0.0,0.0,0.0,1.0,0.0,0.0
0,0,26,15,0,0,0.0,0.0,0.0,1.0,0.0,0.0
0,0,26,4,0,1,0.0,0.0,0.0,0.0,0.0,0.0
1,0,26,1,1,0,0.0,0.0,0.0,1.0,0.0,0.0
1,0,26,4,1,1,0.0,0.0,0.0,1.0,0.0,0.0
0,0,26,0,0,1,0.0,0.0,0.0,0.0,0.0,1.0
0,1,26,1,0,0,0.0,0.0,0.0,1.0,0.0,0.0
0,1,26,0,0,1,0.0,0.0,0.0,1.0,0.0,0.0
1,0,26,4,0,0,0.0,0.0,0.0,1.0,0.0,0.0
1,0,26,4,0,0,0.0,0.0,0.0,1.0,0.0,0.0
0,0,26,1,0,1,0.0,0.0,0.0,1.0,0.0,0.0
1,0,26,2,0,0,0.0,0.0,0.0,1.0,0.0,0.0
0,0,26,0,0,1,0.0,0.0,0.0,0.0,1.0,0.0
0,1,26,1,0,1,0.0,0.0,0.0,0.0,0.0,1.0
0,0,26,0,0,1,0.0,0.0,0.0,0.0,0.0,0.0
0,0,26,2,0,0,0.0,0.0,0.0,0.0,0.0,0.0
0,0,26,3,1,1,0.0,0.0,0.0,1.0,0.0,0.0
1,1,26,1,0,0,0.0,0.0,0.0,0.0,0.0,0.0
0,0,26,4,1,1,0.0,0.0,0.0,1.0,0.0,0.0
0,1,26,0,0,1,0.0,0.0,0.0,1.0,0.0,0.0
0,0,26,0,0,1,0.0,0.0,0.0,1.0,0.0,0.0
1,0,26,24,4,1,0.0,0.0,0.0,1.0,0.0,0.0
1,0,26,3,0,0,0.0,0.0,0.0,1.0,0.0,0.0
1,0,26,3,1,0,0.0,0.0,0.0,1.0,0.0,0.0
0,1,26,3,0,0,0.0,0.0,0.0,1.0,0.0,0.0
0,0,26,2,0,1,0.0,0.0,0.0,1.0,0.0,0.0
0,0,26,11,0,0,0.0,0.0,0.0,0.0,0.0,0.0
1,0,26,6,0,0,0.0,0.0,0.0,1.0,0.0,0.0
1,0,26,7,0,0,0.0,0.0,1.0,0.0,0.0,0.0
1,0,26,2,0,0,0.0,1.0,0.0,1.0,0.0,0.0
1,1,26,1,0,0,0.0,0.0,0.0,1.0,0.0,0.0
0,0,26,2,0,0,0.0,0.0,0.0,1.0,0.0,0.0
0,0,26,1,0,1,0.0,0.0,0.0,0.0,0.0,0.0
0,1,26,1,0,1,0.0,0.0,0.0,1.0,0.0,0.0
0,1,26,0,0,1,0.0,0.0,0.0,1.0,0.0,0.0
1,0,26,1,0,0,0.0,0.0,0.0,0.0,0.0,1.0
1,0,26,2,0,0,0.0,0.0,0.0,0.0,0.0,0.0
0,1,26,1,0,0,0.0,0.0,0.0,1.0,0.0,0.0
0,0,26,1,0,0,0.0,0.0,0.0,1.0,0.0,0.0
0,1,26,2,0,1,0.0,0.0,0.0,0.0,0.0,0.0
0,1,26,0,0,0,0.0,0.0,0.0,0.0,0.0,0.0
0,0,26,13,0,1,0.0,0.0,0.0,1.0,0.0,0.0
0,0,26,0,0,1,0.0,0.0,0.0,0.0,0.0,0.0
0,0,26,5,1,0,0.0,0.0,0.0,1.0,0.0,0.0
0,1,26,0,0,1,0.0,0.0,1.0,1.0,0.0,0.0
0,0,26,0,0,0,0.0,0.0,0.0,1.0,0.0,0.0
1,0,26,5,0,0,0.0,0.0,0.0,1.0,0.0,0.0
1,0,26,0,0,1,0.0,0.0,0.0,0.0,1.0,0.0
0,0,26,2,0,1,0.0,0.0,0.0,1.0,0.0,0.0
1,0,26,11,2,0,0.0,0.0,0.0,1.0,0.0,0.0
0,0,26,7,0,1,0.0,0.0,0.0,0.0,0.0,0.0
0,0,26,0,0,0,0.0,0.0,0.0,1.0,0.0,0.0
1,0,26,1,0,1,0.0,0.0,0.0,1.0,0.0,0.0
1,0,26,0,0,0,0.0,0.0,0.0,1.0,0.0,0.0
1,0,26,9,2,1,0.0,0.0,1.0,1.0,0.0,0.0
0,0,26,1,0,1,0.0,0.0,0.0,0.0,0.0,0.0
0,0,26,5,0,1,0.0,0.0,0.0,0.0,0.0,0.0
0,0,26,2,0,1,0.0,0.0,0.0,1.0,0.0,0.0
0,1,26,3,0,0,0.0,0.0,1.0,1.0,0.0,0.0
0,0,26,1,0,0,0.0,0.0,0.0,0.0,1.0,0.0
1,0,26,3,0,0,0.0,0.0,0.0,0.0,0.0,0.0
0,0,26,2,0,1,0.0,0.0,0.0,1.0,0.0,0.0
1,0,26,10,0,0,0.0,0.0,0.0,1.0,0.0,0.0
1,0,26,1,0,0,0.0,0.0,0.0,0.0,0.0,0.0
0,0,26,4,0,0,0.0,0.0,0.0,1.0,0.0,0.0
1,0,26,1,0,1,0.0,0.0,0.0,0.0,1.0,0.0
0,0,26,0,0,1,0.0,0.0,0.0,1.0,0.0,0.0
1,0,26,1,0,1,0.0,0.0,0.0,1.0,0.0,0.0
0,1,26,0,0,1,1.0,0.0,0.0,0.0,1.0,0.0
0,0,26,1,0,0,0.0,0.0,0.0,1.0,0.0,0.0
0,1,26,2,0,0,0.0,0.0,0.0,1.0,0.0,0.0
0,0,26,0,0,0,0.0,0.0,0.0,0.0,0.0,0.0
1,0,26,8,2,0,0.0,0.0,0.0,1.0,0.0,0.0
0,1,26,0,0,1,0.0,0.0,0.0,1.0,0.0,0.0
0,0,26,2,0,0,0.0,0.0,0.0,0.0,0.0,0.0
0,0,26,7,0,0,0.0,0.0,0.0,0.0,0.0,0.0
0,1,26,0,0,1,0.0,0.0,0.0,1.0,0.0,0.0
0,0,26,0,0,1,0.0,0.0,0.0,0.0,0.0,0.0
0,0,26,1,0,1,0.0,0.0,0.0,1.0,0.0,0.0
0,0,26,0,0,1,0.0,0.0,0.0,1.0,0.0,0.0
0,0,26,2,0,0,0.0,0.0,0.0,0.0,0.0,0.0
0,0,26,0,0,1,0.0,0.0,0.0,0.0,0.0,0.0
0,0,26,2,0,0,0.0,0.0,0.0,1.0,0.0,0.0
0,0,26,1,0,1,0.0,0.0,0.0,0.0,1.0,0.0
1,0,26,8,0,0,0.0,0.0,0.0,1.0,0.0,0.0
0,0,26,2,1,0,0.0,0.0,0.0,0.0,0.0,0.0
0,0,26,1,0,0,0.0,0.0,0.0,1.0,0.0,0.0
0,0,26,1,0,1,0.0,0.0,0.0,0.0,0.0,0.0
1,0,26,2,1,0,0.0,0.0,0.0,0.0,0.0,0.0
0,0,26,0,0,1,0.0,0.0,0.0,0.0,0.0,0.0
1,0,26,6,0,1,0.0,0.0,0.0,1.0,0.0,0.0
1,0,26,1,0,0,0.0,0.0,0.0,0.0,0.0,0.0
1,0,26,5,3,0,0.0,0.0,0.0,1.0,0.0,0.0
1,0,26,3,0,1,0.0,0.0,0.0,0.0,0.0,0.0
1,0,26,1,1,0,0.0,0.0,0.0,0.0,1.0,0.0
0,0,26,7,0,0,0.0,0.0,0.0,1.0,0.0,0.0
0,0,26,0,0,0,0.0,0.0,0.0,0.0,0.0,1.0
1,0,26,0,0,1,0.0,0.0,0.0,1.0,0.0,0.0
1,0,26,7,0,1,0.0,0.0,0.0,0.0,0.0,0.0
1,0,26,9,1,0,0.0,0.0,0.0,0.0,0.0,0.0
1,0,26,14,4,0,0.0,0.0,0.0,1.0,0.0,0.0
1,1,26,3,0,0,0.0,0.0,0.0,0.0,0.0,0.0
0,0,26,7,0,0,0.0,0.0,0.0,1.0,0.0,0.0
0,0,26,0,0,1,0.0,0.0,0.0,1.0,0.0,0.0
0,0,26,0,0,1,0.0,0.0,1.0,0.0,0.0,0.0
1,0,26,3,3,1,0.0,0.0,0.0,1.0,0.0,0.0
0,0,26,0,0,0,0.0,0.0,1.0,1.0,0.0,0.0
0,0,26,0,0,1,0.0,0.0,0.0,0.0,1.0,0.0
0,0,26,2,0,0,0.0,0.0,0.0,1.0,0.0,0.0
0,0,26,4,0,1,0.0,0.0,0.0,1.0,0.0,0.0
0,0,26,0,0,0,0.0,0.0,0.0,0.0,0.0,0.0
0,0,26,6,2,0,0.0,0.0,0.0,1.0,0.0,0.0
1,1,26,9,0,1,0.0,0.0,0.0,1.0,0.0,0.0
0,1,26,0,0,0,0.0,0.0,0.0,0.0,0.0,0.0
1,0,26,1,0,0,0.0,0.0,0.0,0.0,0.0,0.0
1,1,26,2,0,1,0.0,0.0,0.0,1.0,0.0,0.0
1,0,26,3,0,0,0.0,0.0,0.0,0.0,0.0,0.0
0,0,26,5,0,1,0.0,0.0,1.0,0.0,0.0,0.0
0,0,26,0,0,0,0.0,0.0,0.0,0.0,0.0,0.0
0,0,26,1,0,1,0.0,0.0,0.0,0.0,1.0,0.0
1,0,26,2,0,0,0.0,0.0,0.0,0.0,0.0,0.0
0,0,26,0,0,0,0.0,0.0,0.0,0.0,0.0,0.0
0,0,26,1,0,0,0.0,0.0,0.0,1.0,0.0,0.0
0,1,26,1,0,1,0.0,0.0,1.0,0.0,0.0,0.0
1,0,26,0,0,0,0.0,0.0,0.0,0.0,0.0,1.0
0,0,26,0,0,1,0.0,0.0,0.0,0.0,0.0,1.0
1,0,26,24,1,0,0.0,0.0,0.0,1.0,0.0,0.0
0,0,26,3,0,1,0.0,0.0,0.0,1.0,0.0,0.0
0,0,26,2,0,1,0.0,0.0,0.0,1.0,0.0,0.0
0,0,26,2,1,1,0.0,0.0,0.0,0.0,1.0,0.0
1,0,26,4,0,0,0.0,0.0,0.0,0.0,0.0,0.0
1,0,26,18,2,0,0.0,0.0,0.0,1.0,0.0,0.0
1,0,26,2,0,0,0.0,0.0,0.0,0.0,0.0,0.0
1,0,26,9,0,0,0.0,0.0,0.0,1.0,0.0,0.0
1,1,26,5,0,0,0.0,0.0,0.0,1.0,0.0,0.0
1,0,26,5,0,0,0.0,0.0,0.0,0.0,1.0,0.0
0,1,26,0,0,0,0.0,0.0,0.0,1.0,0.0,0.0
1,0,26,4,0,0,0.0,0.0,0.0,1.0,0.0,0.0
1,0,26,7,0,0,0.0,0.0,0.0,1.0,0.0,0.0
0,0,26,2,0,0,0.0,0.0,0.0,1.0,0.0,0.0
1,0,26,6,0,0,0.0,0.0,0.0,1.0,0.0,0.0
0,0,26,2,0,0,0.0,0.0,0.0,1.0,0.0,0.0
0,0,26,0,0,1,0.0,0.0,0.0,1.0,0.0,0.0
0,0,26,3,0,0,0.0,0.0,1.0,0.0,0.0,1.0
0,0,26,0,0,0,0.0,0.0,0.0,1.0,0.0,0.0
1,0,26,8,0,0,0.0,0.0,0.0,1.0,0.0,0.0
0,0,26,2,0,0,0.0,0.0,0.0,0.0,0.0,0.0
0,0,26,0,2,0,0.0,0.0,0.0,1.0,0.0,0.0
1,0,26,7,0,0,0.0,0.0,0.0,1.0,0.0,0.0
1,0,26,2,0,0,0.0,0.0,0.0,1.0,0.0,0.0
0,1,26,1,0,0,0.0,0.0,0.0,1.0,0.0,0.0
0,0,26,2,0,0,0.0,0.0,0.0,0.0,0.0,0.0
0,0,26,4,0,0,0.0,0.0,1.0,0.0,1.0,0.0
0,0,26,3,0,1,0.0,0.0,0.0,0.0,0.0,0.0
1,0,26,1,0,0,0.0,0.0,0.0,1.0,0.0,0.0
0,0,26,1,0,0,0.0,0.0,0.0,1.0,0.0,0.0
1,0,26,0,0,0,0.0,0.0,0.0,1.0,0.0,0.0
1,0,26,6,1,1,0.0,0.0,0.0,1.0,0.0,0.0
1,0,26,1,0,1,0.0,0.0,0.0,1.0,0.0,0.0
0,0,26,0,0,0,0.0,0.0,0.0,0.0,1.0,0.0
1,0,26,5,0,0,0.0,0.0,0.0,1.0,0.0,0.0
0,0,26,6,2,1,0.0,0.0,0.0,0.0,0.0,0.0
0,0,26,3,1,0,0.0,0.0,0.0,1.0,0.0,0.0
1,0,26,2,0,0,0.0,0.0,0.0,1.0,0.0,0.0
1,0,26,3,0,0,0.0,0.0,0.0,1.0,0.0,0.0
0,0,26,2,0,0,0.0,0.0,0.0,0.0,0.0,0.0
0,0,26,3,0,0,0.0,0.0,0.0,1.0,0.0,0.0
1,0,26,1,0,0,0.0,0.0,0.0,1.0,0.0,0.0
1,0,26,4,0,0,0.0,0.0,0.0,1.0,0.0,0.0
0,0,26,5,0,0,0.0,0.0,0.0,1.0,0.0,0.0
1,1,26,1,0,0,0.0,0.0,0.0,1.0,0.0,0.0
1,0,26,3,0,0,0.0,0.0,0.0,1.0,0.0,0.0
0,0,26,1,0,1,0.0,0.0,0.0,1.0,0.0,0.0
1,0,26,6,0,1,0.0,0.0,0.0,1.0,0.0,0.0
1,1,26,2,0,0,0.0,0.0,0.0,0.0,0.0,0.0
1,0,26,1,0,0,0.0,0.0,0.0,1.0,0.0,0.0
1,0,26,0,0,0,0.0,0.0,0.0,1.0,0.0,0.0
0,0,26,0,0,0,0.0,0.0,0.0,1.0,0.0,0.0
1,0,26,2,0,0,0.0,0.0,0.0,1.0,0.0,0.0
0,1,26,1,0,1,0.0,0.0,0.0,1.0,0.0,0.0
0,0,26,6,1,1,0.0,0.0,0.0,1.0,0.0,0.0
1,0,26,6,0,0,0.0,0.0,1.0,1.0,0.0,0.0
0,0,26,0,0,1,0.0,0.0,0.0,1.0,0.0,0.0
0,0,26,3,0,0,0.0,0.0,0.0,1.0,0.0,0.0
1,1,26,4,0,0,0.0,0.0,0.0,0.0,0.0,0.0
0,0,26,2,0,1,0.0,0.0,0.0,1.0,0.0,0.0
0,0,26,0,0,0,0.0,0.0,0.0,1.0,0.0,0.0
0,0,26,6,0,0,0.0,0.0,0.0,1.0,0.0,0.0
0,1,26,1,0,1,0.0,0.0,0.0,0.0,1.0,0.0
0,0,26,1,0,0,0.0,0.0,0.0,0.0,1.0,0.0
1,0,26,13,2,0,0.0,0.0,0.0,1.0,0.0,0.0
0,0,26,5,1,1,0.0,0.0,0.0,1.0,0.0,0.0
0,0,26,7,0,0,0.0,0.0,0.0,1.0,0.0,0.0
1,0,26,9,1,0,0.0,0.0,0.0,0.0,1.0,0.0
1,0,26,2,0,0,0.0,0.0,0.0,1.0,0.0,0.0
0,0,26,0,0,0,0.0,0.0,1.0,0.0,1.0,0.0
0,0,26,2,0,1,0.0,0.0,0.0,1.0,0.0,0.0
0,0,26,2,0,0,0.0,0.0,0.0,1.0,0.0,0.0
1,0,26,0,0,0,0.0,0.0,0.0,0.0,0.0,1.0
0,1,26,1,0,0,0.0,0.0,0.0,0.0,0.0,0.0
1,0,26,4,0,0,0.0,0.0,1.0,0.0,0.0,0.0
1,0,26,3,1,1,0.0,0.0,0.0,1.0,0.0,0.0
0,0,26,6,0,1,0.0,0.0,0.0,1.0,0.0,0.0
1,0,26,0,0,1,0.0,0.0,0.0,0.0,0.0,0.0
0,0,26,1,0,1,0.0,0.0,0.0,1.0,0.0,0.0
0,0,26,1,0,0,0.0,0.0,0.0,0.0,0.0,0.0
1,0,26,5,0,0,0.0,0.0,0.0,1.0,0.0,0.0
1,0,26,2,0,0,0.0,0.0,0.0,0.0,0.0,1.0
0,0,26,1,0,1,0.0,0.0,0.0,0.0,0.0,1.0
0,0,26,1,0,0,0.0,0.0,0.0,0.0,0.0,0.0
1,0,26,2,0,0,0.0,0.0,0.0,1.0,0.0,0.0
0,1,26,1,0,0,0.0,0.0,0.0,1.0,0.0,0.0
1,0,26,10,0,1,0.0,0.0,0.0,1.0,0.0,0.0
1,0,25,4,0,0,0.0,0.0,0.0,1.0,0.0,0.0
0,1,25,5,0,0,0.0,0.0,0.0,0.0,0.0,0.0
1,0,25,2,0,0,0.0,0.0,0.0,0.0,0.0,0.0
1,0,25,11,0,1,0.0,0.0,0.0,1.0,0.0,0.0
0,1,25,0,0,1,0.0,0.0,0.0,0.0,0.0,0.0
1,0,25,1,0,0,0.0,0.0,0.0,1.0,0.0,0.0
0,0,25,1,0,0,0.0,0.0,0.0,1.0,0.0,0.0
1,1,25,7,0,0,0.0,0.0,0.0,1.0,0.0,0.0
1,0,25,7,0,0,0.0,0.0,0.0,0.0,0.0,0.0
0,0,25,2,0,0,0.0,0.0,0.0,0.0,0.0,0.0
1,0,25,2,0,1,0.0,0.0,0.0,1.0,0.0,0.0
1,0,25,11,0,1,0.0,0.0,0.0,1.0,0.0,0.0
1,0,25,4,1,0,0.0,0.0,0.0,1.0,0.0,0.0
0,0,25,4,0,0,0.0,0.0,0.0,0.0,0.0,0.0
0,1,25,0,0,0,0.0,0.0,0.0,1.0,0.0,0.0
1,1,25,4,0,0,0.0,0.0,0.0,0.0,1.0,0.0
0,0,25,0,0,0,0.0,0.0,0.0,1.0,0.0,0.0
0,0,25,0,0,1,0.0,0.0,0.0,1.0,0.0,0.0
1,0,25,9,0,0,0.0,0.0,0.0,1.0,0.0,0.0
0,0,25,0,0,0,0.0,0.0,0.0,1.0,0.0,0.0
1,1,25,1,0,1,0.0,0.0,0.0,0.0,0.0,0.0
0,0,25,0,0,0,0.0,0.0,0.0,1.0,0.0,0.0
0,1,25,1,0,0,0.0,0.0,0.0,1.0,0.0,0.0
0,0,25,2,0,0,0.0,0.0,0.0,0.0,0.0,0.0
1,0,25,0,0,1,0.0,0.0,0.0,1.0,0.0,0.0
1,0,25,0,0,0,0.0,0.0,0.0,1.0,0.0,0.0
1,0,25,3,0,1,0.0,0.0,0.0,0.0,0.0,0.0
0,1,25,5,0,0,0.0,0.0,0.0,1.0,0.0,0.0
0,1,25,14,3,0,0.0,0.0,0.0,0.0,1.0,0.0
1,0,25,4,0,0,0.0,0.0,0.0,1.0,0.0,0.0
0,0,25,5,4,1,0.0,0.0,0.0,0.0,0.0,0.0
0,0,25,1,0,1,0.0,0.0,0.0,1.0,0.0,0.0
0,0,25,0,0,1,0.0,0.0,0.0,0.0,0.0,0.0
0,1,25,0,0,1,0.0,0.0,0.0,1.0,0.0,0.0
1,0,25,2,0,0,0.0,0.0,0.0,0.0,0.0,0.0
1,0,25,9,0,1,0.0,0.0,0.0,0.0,0.0,0.0
0,1,25,0,0,1,0.0,0.0,0.0,1.0,0.0,0.0
1,0,25,2,0,1,0.0,0.0,0.0,0.0,0.0,0.0
0,0,25,0,0,0,0.0,0.0,0.0,0.0,0.0,0.0
0,0,25,0,0,0,0.0,0.0,0.0,0.0,0.0,0.0
1,0,25,0,0,0,0.0,0.0,0.0,0.0,0.0,1.0
0,0,25,1,0,0,0.0,0.0,0.0,1.0,0.0,0.0
0,0,25,0,0,1,0.0,0.0,0.0,0.0,0.0,0.0
0,1,25,1,0,1,0.0,0.0,0.0,1.0,0.0,0.0
0,0,25,1,0,0,0.0,0.0,0.0,1.0,0.0,0.0
0,1,25,0,0,1,0.0,0.0,0.0,0.0,0.0,0.0
1,0,25,0,0,0,0.0,0.0,0.0,1.0,0.0,0.0
0,0,25,0,0,1,0.0,0.0,0.0,0.0,0.0,0.0
0,0,25,5,0,0,0.0,0.0,0.0,1.0,0.0,0.0
0,1,25,0,0,1,0.0,0.0,0.0,0.0,0.0,0.0
0,0,25,3,0,0,0.0,0.0,0.0,1.0,0.0,0.0
0,0,25,1,0,0,0.0,0.0,0.0,0.0,0.0,0.0
1,0,25,9,3,0,0.0,0.0,0.0,1.0,0.0,0.0
0,0,25,0,0,0,0.0,0.0,0.0,1.0,0.0,0.0
1,0,25,7,0,0,0.0,0.0,0.0,1.0,0.0,0.0
0,0,25,0,0,1,0.0,0.0,0.0,0.0,0.0,0.0
0,0,25,0,0,0,0.0,0.0,0.0,1.0,0.0,0.0
0,0,25,4,0,0,0.0,0.0,0.0,0.0,1.0,0.0
0,0,25,6,0,0,0.0,0.0,0.0,1.0,0.0,0.0
0,1,25,5,0,1,0.0,0.0,0.0,1.0,0.0,0.0
0,0,25,5,4,0,0.0,0.0,0.0,0.0,1.0,0.0
1,0,25,1,0,0,0.0,0.0,0.0,1.0,0.0,0.0
0,0,25,1,0,0,0.0,0.0,0.0,0.0,0.0,0.0
1,0,25,1,0,0,0.0,0.0,0.0,1.0,0.0,0.0
0,0,25,1,0,1,0.0,0.0,0.0,1.0,0.0,0.0
0,0,25,6,1,1,0.0,0.0,0.0,1.0,0.0,0.0
1,0,25,6,0,1,0.0,0.0,0.0,0.0,0.0,0.0
1,0,25,13,5,0,0.0,0.0,0.0,0.0,0.0,0.0
0,0,25,2,0,0,0.0,0.0,0.0,0.0,0.0,1.0
0,0,25,1,0,0,0.0,0.0,0.0,0.0,1.0,0.0
0,0,25,4,0,0,0.0,0.0,0.0,0.0,0.0,0.0
0,0,25,1,0,0,0.0,0.0,0.0,1.0,0.0,0.0
1,0,25,2,0,0,0.0,0.0,0.0,1.0,0.0,0.0
0,1,25,0,0,1,0.0,0.0,0.0,0.0,0.0,0.0
0,0,25,0,0,0,0.0,0.0,0.0,0.0,0.0,0.0
1,0,25,3,1,1,0.0,0.0,0.0,1.0,0.0,0.0
0,1,25,3,0,1,0.0,0.0,0.0,1.0,0.0,0.0
0,1,25,2,0,1,0.0,0.0,1.0,1.0,0.0,0.0
1,0,25,1,0,1,0.0,0.0,0.0,1.0,0.0,0.0
1,0,25,2,0,1,0.0,0.0,0.0,0.0,0.0,1.0
0,0,25,0,0,0,0.0,0.0,0.0,1.0,0.0,0.0
0,0,25,2,0,1,0.0,0.0,0.0,0.0,0.0,0.0
0,0,25,3,1,0,0.0,0.0,0.0,1.0,0.0,0.0
1,0,25,5,0,0,0.0,0.0,0.0,0.0,0.0,0.0
1,1,25,2,0,0,0.0,0.0,0.0,0.0,0.0,0.0
0,1,25,0,0,0,0.0,0.0,0.0,0.0,1.0,0.0
1,0,25,14,8,0,0.0,0.0,0.0,1.0,0.0,0.0
0,0,25,1,0,0,0.0,0.0,0.0,0.0,0.0,1.0
0,0,25,4,1,1,0.0,0.0,0.0,1.0,0.0,0.0
0,1,25,2,0,0,0.0,0.0,0.0,1.0,0.0,0.0
0,0,25,2,0,0,0.0,0.0,0.0,1.0,0.0,0.0
1,0,25,3,0,1,0.0,0.0,0.0,1.0,0.0,0.0
1,0,25,1,0,0,0.0,0.0,0.0,1.0,0.0,0.0
0,1,25,1,0,0,0.0,0.0,0.0,1.0,0.0,0.0
0,0,25,3,2,1,0.0,0.0,0.0,1.0,0.0,0.0
0,0,25,1,1,0,0.0,0.0,0.0,0.0,0.0,0.0
0,0,25,0,0,1,0.0,0.0,0.0,1.0,0.0,0.0
0,0,25,2,0,0,0.0,0.0,0.0,0.0,0.0,0.0
0,0,25,5,0,0,0.0,0.0,0.0,1.0,0.0,0.0
1,0,25,21,14,0,0.0,0.0,0.0,1.0,0.0,0.0
0,0,25,0,0,0,0.0,0.0,0.0,0.0,0.0,0.0
1,0,25,1,0,1,0.0,0.0,0.0,0.0,0.0,0.0
0,0,25,1,0,0,0.0,0.0,0.0,1.0,0.0,0.0
1,0,25,3,2,1,0.0,0.0,0.0,1.0,0.0,0.0
1,0,25,5,0,0,0.0,0.0,0.0,0.0,0.0,0.0
0,0,25,1,0,0,0.0,0.0,0.0,1.0,0.0,0.0
1,0,25,8,4,1,0.0,0.0,0.0,1.0,0.0,0.0
0,0,25,5,0,1,0.0,0.0,0.0,1.0,0.0,0.0
1,0,25,3,0,0,0.0,0.0,0.0,1.0,0.0,0.0
1,0,25,8,0,0,1.0,0.0,0.0,1.0,0.0,0.0
0,0,25,1,0,1,0.0,0.0,0.0,1.0,0.0,0.0
1,0,25,4,0,0,0.0,0.0,0.0,1.0,0.0,0.0
0,0,25,2,0,0,0.0,0.0,0.0,1.0,0.0,0.0
0,0,25,0,0,0,0.0,0.0,0.0,0.0,1.0,0.0
1,1,25,6,0,0,0.0,0.0,0.0,1.0,0.0,0.0
0,0,25,2,1,0,0.0,0.0,0.0,1.0,0.0,0.0
1,1,25,4,0,0,0.0,0.0,0.0,1.0,0.0,0.0
0,0,25,1,0,0,0.0,0.0,0.0,0.0,0.0,1.0
0,0,25,0,0,0,0.0,0.0,0.0,1.0,0.0,0.0
0,0,25,2,1,0,0.0,0.0,0.0,1.0,0.0,0.0
0,0,25,1,0,0,0.0,0.0,1.0,0.0,1.0,0.0
0,0,25,7,1,0,0.0,0.0,0.0,1.0,0.0,0.0
0,1,25,0,1,1,0.0,0.0,1.0,1.0,0.0,0.0
0,0,25,0,0,0,0.0,0.0,0.0,0.0,1.0,0.0
1,0,25,1,0,1,0.0,0.0,0.0,0.0,0.0,1.0
0,1,25,0,0,0,0.0,0.0,0.0,0.0,0.0,1.0
0,0,25,2,0,0,0.0,0.0,0.0,0.0,0.0,0.0
1,0,25,6,0,0,0.0,0.0,0.0,1.0,0.0,0.0
1,0,25,1,0,0,0.0,0.0,0.0,1.0,0.0,0.0
1,0,25,2,0,0,0.0,0.0,1.0,0.0,1.0,0.0
1,0,25,1,0,1,0.0,0.0,0.0,1.0,0.0,0.0
0,1,25,0,0,0,0.0,0.0,0.0,0.0,0.0,0.0
1,0,25,3,0,0,0.0,0.0,0.0,0.0,0.0,1.0
1,0,25,5,1,1,0.0,1.0,0.0,0.0,0.0,0.0
1,0,25,6,2,1,0.0,0.0,0.0,1.0,0.0,0.0
0,0,25,0,0,0,0.0,0.0,0.0,1.0,0.0,0.0
1,1,25,2,0,0,0.0,0.0,0.0,1.0,0.0,0.0
0,0,25,0,0,0,0.0,0.0,0.0,1.0,0.0,0.0
0,0,25,2,0,0,0.0,0.0,0.0,0.0,0.0,0.0
1,0,25,9,1,0,0.0,0.0,0.0,0.0,0.0,0.0
0,0,25,1,0,0,0.0,0.0,0.0,1.0,0.0,0.0
0,0,25,7,0,0,0.0,0.0,0.0,0.0,0.0,1.0
0,0,25,0,0,1,0.0,0.0,0.0,1.0,0.0,0.0
0,0,25,0,0,1,0.0,0.0,1.0,0.0,0.0,0.0
0,0,25,1,0,0,0.0,0.0,0.0,0.0,0.0,0.0
1,0,25,0,0,1,0.0,0.0,0.0,1.0,0.0,0.0
0,0,25,1,0,0,0.0,0.0,0.0,1.0,0.0,0.0
0,0,25,0,0,0,0.0,0.0,0.0,1.0,0.0,0.0
0,1,25,1,0,1,0.0,0.0,0.0,1.0,0.0,0.0
1,0,25,0,0,1,0.0,0.0,0.0,1.0,0.0,0.0
0,0,25,2,0,0,0.0,0.0,0.0,1.0,0.0,0.0
1,0,25,0,0,1,0.0,0.0,0.0,1.0,0.0,0.0
0,0,25,0,0,1,0.0,0.0,0.0,1.0,0.0,0.0
1,0,25,7,0,0,0.0,0.0,0.0,1.0,0.0,0.0
1,0,25,0,0,1,0.0,0.0,0.0,1.0,0.0,0.0
1,1,25,4,0,1,0.0,0.0,0.0,1.0,0.0,0.0
1,0,25,5,0,1,0.0,0.0,1.0,1.0,0.0,0.0
1,1,25,0,0,0,0.0,0.0,0.0,0.0,0.0,0.0
0,0,25,7,0,0,0.0,0.0,0.0,1.0,0.0,0.0
1,0,25,2,0,1,0.0,0.0,0.0,0.0,1.0,0.0
0,0,25,0,2,1,0.0,0.0,0.0,1.0,0.0,0.0
1,1,25,5,0,1,0.0,0.0,0.0,1.0,0.0,0.0
1,0,25,8,0,1,0.0,0.0,0.0,1.0,0.0,0.0
0,0,25,1,0,0,0.0,0.0,0.0,0.0,0.0,0.0
0,0,25,4,0,0,0.0,0.0,0.0,0.0,0.0,0.0
1,0,25,5,0,0,0.0,0.0,0.0,1.0,0.0,0.0
1,0,25,6,0,0,0.0,0.0,0.0,0.0,0.0,0.0
1,1,25,2,0,0,0.0,0.0,0.0,1.0,0.0,0.0
0,0,25,8,5,0,0.0,0.0,0.0,1.0,0.0,0.0
0,0,25,1,0,0,0.0,0.0,0.0,0.0,0.0,0.0
1,0,25,5,1,0,0.0,0.0,0.0,1.0,0.0,0.0
0,0,25,0,0,0,0.0,0.0,0.0,1.0,0.0,0.0
0,0,25,0,0,0,0.0,0.0,0.0,0.0,0.0,1.0
1,0,25,10,1,0,0.0,0.0,0.0,1.0,0.0,0.0
1,0,25,2,0,0,0.0,0.0,1.0,1.0,0.0,0.0
0,0,25,1,0,1,0.0,0.0,0.0,0.0,0.0,0.0
0,0,25,0,0,1,0.0,0.0,0.0,0.0,0.0,0.0
0,0,25,2,0,0,0.0,0.0,0.0,1.0,0.0,0.0
1,0,25,10,0,0,0.0,0.0,0.0,1.0,0.0,0.0
1,0,25,0,0,1,0.0,0.0,0.0,1.0,0.0,0.0
0,1,25,1,0,0,0.0,0.0,0.0,1.0,0.0,0.0
0,1,25,0,0,1,0.0,0.0,1.0,1.0,0.0,0.0
1,0,25,7,1,0,0.0,0.0,0.0,1.0,0.0,0.0
1,0,25,2,1,0,0.0,0.0,0.0,1.0,0.0,0.0
0,0,25,5,0,0,0.0,0.0,0.0,1.0,0.0,0.0
0,0,25,1,0,0,0.0,0.0,0.0,1.0,0.0,0.0
0,0,25,0,0,0,0.0,0.0,1.0,0.0,0.0,1.0
0,0,25,2,0,0,0.0,0.0,0.0,1.0,0.0,0.0
0,1,25,4,0,0,0.0,0.0,1.0,1.0,0.0,0.0
1,0,25,6,0,1,0.0,0.0,0.0,0.0,1.0,0.0
0,0,25,1,0,0,0.0,0.0,0.0,1.0,0.0,0.0
0,0,25,9,1,0,0.0,0.0,0.0,1.0,0.0,0.0
0,0,25,1,1,1,0.0,0.0,0.0,1.0,0.0,0.0
1,1,25,2,0,0,0.0,0.0,0.0,0.0,0.0,0.0
0,1,25,0,0,0,0.0,0.0,0.0,0.0,0.0,0.0
1,0,25,7,0,0,0.0,0.0,0.0,1.0,0.0,0.0
0,0,25,7,0,0,0.0,0.0,0.0,1.0,0.0,0.0
1,0,25,0,0,0,0.0,0.0,0.0,0.0,1.0,0.0
1,0,25,3,0,0,0.0,0.0,0.0,0.0,0.0,0.0
1,0,25,5,3,0,0.0,0.0,1.0,1.0,0.0,0.0
1,0,25,5,1,0,0.0,0.0,0.0,1.0,0.0,0.0
1,0,25,3,0,0,0.0,0.0,0.0,1.0,0.0,0.0
0,0,25,8,2,0,0.0,1.0,0.0,1.0,0.0,0.0
1,0,25,4,2,0,0.0,0.0,0.0,1.0,0.0,0.0
0,1,25,2,0,0,0.0,0.0,0.0,0.0,0.0,0.0
1,1,25,0,0,0,0.0,0.0,0.0,1.0,0.0,0.0
1,0,25,7,2,1,0.0,0.0,0.0,1.0,0.0,0.0
0,0,25,1,1,0,0.0,0.0,0.0,0.0,1.0,0.0
1,0,25,0,0,1,0.0,0.0,0.0,0.0,0.0,0.0
0,0,25,6,4,1,0.0,0.0,0.0,1.0,0.0,0.0
0,0,25,1,0,0,0.0,0.0,0.0,1.0,0.0,0.0
1,0,25,3,0,1,0.0,0.0,0.0,1.0,0.0,0.0
0,0,25,0,0,0,0.0,0.0,0.0,0.0,0.0,0.0
0,0,25,0,0,1,0.0,0.0,0.0,1.0,0.0,0.0
1,0,25,0,0,0,0.0,0.0,0.0,0.0,0.0,1.0
0,0,25,2,0,0,0.0,0.0,0.0,1.0,0.0,0.0
1,1,25,0,0,1,0.0,0.0,0.0,1.0,0.0,0.0
1,0,25,2,0,1,0.0,0.0,0.0,1.0,0.0,0.0
0,0,25,9,1,0,0.0,0.0,0.0,1.0,0.0,0.0
0,0,25,0,0,1,0.0,0.0,0.0,0.0,0.0,1.0
0,0,25,3,0,0,0.0,0.0,0.0,0.0,0.0,0.0
0,0,25,1,0,0,0.0,0.0,0.0,0.0,0.0,0.0
0,0,25,1,0,0,0.0,0.0,0.0,1.0,0.0,0.0
0,0,25,4,0,1,0.0,0.0,0.0,1.0,0.0,0.0
0,0,25,0,0,0,0.0,0.0,0.0,0.0,0.0,0.0
0,1,25,2,0,0,0.0,0.0,0.0,0.0,0.0,0.0
1,0,25,15,4,0,0.0,0.0,0.0,1.0,0.0,0.0
0,0,25,9,3,0,0.0,0.0,0.0,0.0,0.0,0.0
0,1,25,6,0,0,0.0,0.0,0.0,0.0,0.0,0.0
1,1,25,1,0,1,0.0,0.0,0.0,0.0,0.0,0.0
0,0,25,2,0,1,0.0,0.0,0.0,1.0,0.0,0.0
1,0,25,1,0,0,0.0,0.0,0.0,1.0,0.0,0.0
1,0,25,11,1,0,0.0,0.0,0.0,1.0,0.0,0.0
1,1,25,2,0,1,0.0,0.0,0.0,0.0,0.0,0.0
0,0,25,2,0,1,0.0,0.0,0.0,0.0,0.0,0.0
1,0,25,1,0,0,0.0,0.0,0.0,0.0,1.0,0.0
1,0,25,14,8,0,0.0,0.0,0.0,1.0,0.0,0.0
0,0,25,0,0,1,0.0,0.0,0.0,0.0,0.0,0.0
0,0,25,3,0,0,0.0,0.0,0.0,1.0,0.0,0.0
1,0,25,0,0,1,0.0,0.0,0.0,0.0,0.0,0.0
1,0,25,5,0,0,0.0,0.0,0.0,0.0,0.0,0.0
0,0,25,0,0,1,0.0,1.0,0.0,0.0,1.0,0.0
0,0,25,1,0,0,0.0,0.0,0.0,1.0,0.0,0.0
1,0,25,8,2,0,0.0,0.0,0.0,1.0,0.0,0.0
0,1,25,1,0,0,0.0,0.0,0.0,1.0,0.0,0.0
1,0,25,4,0,0,0.0,0.0,0.0,0.0,0.0,0.0
0,0,25,2,0,0,0.0,0.0,0.0,0.0,0.0,0.0
0,0,25,2,0,1,0.0,0.0,0.0,0.0,0.0,1.0
0,1,25,0,0,1,0.0,0.0,0.0,0.0,1.0,0.0
1,0,25,3,0,0,0.0,0.0,0.0,1.0,0.0,0.0
0,0,25,1,0,0,0.0,0.0,0.0,0.0,0.0,1.0
0,1,25,0,0,1,0.0,0.0,1.0,0.0,0.0,0.0
0,0,25,0,0,1,0.0,0.0,0.0,1.0,0.0,0.0
0,0,25,4,2,1,0.0,0.0,0.0,0.0,0.0,0.0
1,0,25,1,0,1,0.0,0.0,0.0,0.0,0.0,0.0
1,0,25,10,5,0,0.0,0.0,0.0,0.0,1.0,0.0
0,0,25,1,0,1,0.0,0.0,0.0,1.0,0.0,0.0
1,0,25,4,1,0,0.0,0.0,0.0,1.0,0.0,0.0
0,0,25,0,0,1,0.0,0.0,0.0,1.0,0.0,0.0
1,0,25,2,0,1,0.0,0.0,0.0,0.0,0.0,0.0
1,0,25,5,0,0,0.0,0.0,0.0,1.0,0.0,0.0
0,0,25,1,0,0,0.0,0.0,0.0,0.0,0.0,0.0
1,0,25,0,0,0,0.0,0.0,0.0,1.0,0.0,0.0
0,0,25,5,0,0,0.0,0.0,0.0,1.0,0.0,0.0
0,0,25,0,0,0,0.0,0.0,0.0,1.0,0.0,0.0
1,0,25,0,0,0,0.0,0.0,1.0,1.0,0.0,0.0
0,0,25,0,0,0,0.0,0.0,1.0,0.0,0.0,0.0
0,0,25,0,0,0,0.0,0.0,0.0,0.0,0.0,0.0
0,1,25,1,0,0,0.0,0.0,0.0,1.0,0.0,0.0
0,1,25,0,0,0,0.0,0.0,0.0,0.0,0.0,0.0
1,0,25,0,0,1,0.0,0.0,0.0,1.0,0.0,0.0
1,0,25,4,0,0,0.0,0.0,0.0,1.0,0.0,0.0
1,0,25,3,2,0,0.0,0.0,1.0,1.0,0.0,0.0
1,0,25,11,2,0,0.0,0.0,0.0,1.0,0.0,0.0
1,0,25,0,0,0,0.0,0.0,0.0,1.0,0.0,0.0
1,0,25,3,0,0,0.0,0.0,0.0,0.0,1.0,0.0
1,1,25,5,0,0,0.0,0.0,0.0,1.0,0.0,0.0
0,0,25,0,0,0,0.0,0.0,0.0,1.0,0.0,0.0
0,0,25,1,0,0,0.0,0.0,0.0,1.0,0.0,0.0
1,0,25,5,2,1,0.0,0.0,0.0,0.0,0.0,0.0
0,0,25,0,0,1,0.0,0.0,0.0,1.0,0.0,0.0
1,0,25,7,1,1,0.0,0.0,0.0,1.0,0.0,0.0
0,0,25,6,1,0,0.0,0.0,0.0,0.0,0.0,0.0
0,0,25,2,1,0,0.0,0.0,0.0,0.0,0.0,0.0
0,1,25,0,0,1,0.0,0.0,0.0,0.0,0.0,0.0
1,0,25,1,0,0,0.0,0.0,0.0,1.0,0.0,0.0
0,0,24,0,0,0,0.0,0.0,0.0,0.0,0.0,0.0
0,0,24,2,0,0,0.0,0.0,0.0,1.0,0.0,0.0
0,0,24,0,0,0,0.0,0.0,0.0,0.0,0.0,0.0
1,0,24,1,0,0,0.0,0.0,0.0,0.0,0.0,0.0
0,0,24,1,0,1,0.0,0.0,0.0,0.0,0.0,0.0
0,1,24,0,0,0,0.0,0.0,1.0,1.0,0.0,0.0
0,1,24,6,0,1,0.0,0.0,0.0,1.0,0.0,0.0
1,0,24,0,0,0,0.0,0.0,0.0,1.0,0.0,0.0
0,1,24,2,0,0,0.0,0.0,0.0,0.0,0.0,0.0
1,0,24,1,0,0,0.0,0.0,0.0,1.0,0.0,0.0
0,0,24,0,0,0,0.0,0.0,0.0,0.0,0.0,0.0
1,0,24,3,2,0,0.0,0.0,0.0,0.0,0.0,0.0
1,0,24,0,0,1,0.0,0.0,0.0,1.0,0.0,0.0
0,0,24,0,0,0,0.0,0.0,0.0,1.0,0.0,0.0
1,1,24,4,0,0,0.0,0.0,0.0,1.0,0.0,0.0
0,1,24,0,0,0,0.0,0.0,0.0,1.0,0.0,0.0
1,0,24,1,0,1,0.0,0.0,1.0,0.0,0.0,0.0
1,0,24,4,1,0,0.0,0.0,0.0,1.0,0.0,0.0
0,0,24,0,0,0,0.0,0.0,0.0,1.0,0.0,0.0
0,1,24,0,0,0,0.0,0.0,0.0,1.0,0.0,0.0
1,1,24,1,0,1,0.0,0.0,0.0,0.0,0.0,0.0
0,0,24,2,0,1,0.0,0.0,0.0,0.0,0.0,0.0
0,0,24,10,3,1,0.0,0.0,0.0,1.0,0.0,0.0
0,0,24,0,0,1,0.0,0.0,0.0,1.0,0.0,0.0
0,0,24,0,0,0,0.0,0.0,0.0,0.0,0.0,0.0
0,0,24,8,0,0,0.0,0.0,0.0,0.0,1.0,0.0
1,0,24,1,0,0,0.0,0.0,1.0,1.0,0.0,0.0
0,0,24,0,1,0,0.0,0.0,0.0,1.0,0.0,0.0
0,0,24,0,1,0,0.0,0.0,0.0,1.0,0.0,0.0
0,0,24,0,0,0,0.0,0.0,0.0,0.0,1.0,0.0
0,1,24,0,0,0,0.0,0.0,0.0,1.0,0.0,0.0
1,0,24,2,1,1,0.0,0.0,0.0,1.0,0.0,0.0
1,0,24,3,0,0,0.0,0.0,0.0,1.0,0.0,0.0
0,0,24,0,0,1,0.0,0.0,1.0,0.0,0.0,0.0
1,0,24,3,1,0,0.0,0.0,0.0,1.0,0.0,0.0
0,0,24,1,0,1,0.0,0.0,1.0,1.0,0.0,0.0
1,0,24,0,0,0,0.0,0.0,0.0,0.0,0.0,0.0
1,0,24,2,0,0,0.0,0.0,0.0,1.0,0.0,0.0
0,0,24,0,0,0,0.0,0.0,0.0,0.0,0.0,1.0
0,1,24,1,0,1,0.0,0.0,0.0,0.0,1.0,0.0
1,0,24,3,2,0,0.0,0.0,0.0,0.0,0.0,0.0
1,0,24,3,0,0,0.0,0.0,0.0,0.0,0.0,0.0
0,0,24,0,0,0,0.0,0.0,0.0,1.0,0.0,0.0
0,0,24,1,0,0,0.0,0.0,0.0,1.0,0.0,0.0
1,1,24,3,0,0,0.0,0.0,0.0,1.0,0.0,0.0
0,0,24,0,0,0,0.0,0.0,0.0,1.0,0.0,0.0
1,1,24,2,0,1,0.0,0.0,0.0,1.0,0.0,0.0
0,0,24,3,3,1,0.0,0.0,1.0,0.0,0.0,0.0
0,0,24,0,0,0,0.0,0.0,0.0,1.0,0.0,0.0
0,0,24,1,0,1,0.0,0.0,0.0,1.0,0.0,0.0
1,0,24,4,0,0,0.0,0.0,0.0,1.0,0.0,0.0
0,0,24,0,0,1,0.0,0.0,0.0,1.0,0.0,0.0
0,0,24,1,0,0,0.0,0.0,0.0,1.0,0.0,0.0
0,0,24,0,0,1,0.0,0.0,0.0,0.0,0.0,1.0
1,0,24,1,0,0,0.0,0.0,0.0,1.0,0.0,0.0
1,0,24,8,2,0,0.0,0.0,0.0,1.0,0.0,0.0
0,0,24,7,2,1,0.0,0.0,0.0,1.0,0.0,0.0
1,0,24,7,2,1,0.0,0.0,0.0,1.0,0.0,0.0
0,0,24,2,0,0,0.0,0.0,0.0,0.0,0.0,0.0
1,1,24,11,1,1,0.0,0.0,0.0,1.0,0.0,0.0
1,0,24,10,6,0,0.0,0.0,0.0,1.0,0.0,0.0
1,0,24,0,0,1,0.0,0.0,0.0,1.0,0.0,0.0
1,0,24,2,0,1,0.0,0.0,0.0,1.0,0.0,0.0
0,0,24,3,0,0,0.0,0.0,1.0,1.0,0.0,0.0
1,0,24,1,0,1,0.0,0.0,1.0,1.0,0.0,0.0
0,0,24,1,0,0,0.0,0.0,0.0,0.0,0.0,0.0
1,0,24,1,0,0,0.0,0.0,0.0,0.0,0.0,0.0
1,0,24,6,1,0,0.0,0.0,0.0,0.0,1.0,0.0
1,0,24,0,0,1,0.0,0.0,0.0,0.0,0.0,0.0
0,0,24,2,0,0,0.0,0.0,1.0,1.0,0.0,0.0
0,0,24,0,0,0,0.0,0.0,0.0,0.0,0.0,0.0
1,0,24,9,1,1,0.0,0.0,0.0,0.0,0.0,0.0
1,0,24,9,1,0,0.0,0.0,0.0,0.0,0.0,1.0
0,1,24,0,0,1,0.0,0.0,1.0,0.0,1.0,0.0
1,0,24,2,0,1,0.0,0.0,0.0,1.0,0.0,0.0
1,0,24,4,0,0,0.0,0.0,0.0,1.0,0.0,0.0
0,0,24,1,1,0,0.0,0.0,0.0,1.0,0.0,0.0
1,1,24,7,1,1,0.0,0.0,0.0,0.0,0.0,0.0
0,0,24,1,0,0,0.0,0.0,0.0,1.0,0.0,0.0
1,0,24,15,6,0,0.0,0.0,0.0,1.0,0.0,0.0
0,1,24,0,0,0,0.0,0.0,0.0,0.0,0.0,1.0
0,1,24,0,1,0,0.0,0.0,0.0,0.0,0.0,0.0
0,0,24,0,0,0,0.0,0.0,0.0,0.0,0.0,0.0
0,1,24,0,0,1,0.0,0.0,0.0,0.0,0.0,0.0
1,0,24,0,0,1,0.0,0.0,0.0,1.0,0.0,0.0
1,0,24,3,1,0,0.0,0.0,0.0,1.0,0.0,0.0
0,0,24,1,0,0,0.0,0.0,0.0,0.0,1.0,0.0
1,1,24,1,0,1,0.0,0.0,0.0,1.0,0.0,0.0
0,0,24,0,0,1,0.0,0.0,0.0,0.0,1.0,0.0
0,0,24,1,1,0,0.0,0.0,0.0,0.0,0.0,0.0
0,1,24,0,0,0,0.0,0.0,0.0,0.0,0.0,0.0
1,1,24,2,0,0,0.0,0.0,0.0,1.0,0.0,0.0
1,0,24,1,0,1,0.0,0.0,1.0,0.0,0.0,0.0
0,1,24,2,0,0,0.0,0.0,0.0,1.0,0.0,0.0
0,0,24,0,0,1,0.0,0.0,0.0,0.0,0.0,0.0
0,0,24,0,0,0,0.0,0.0,0.0,0.0,0.0,1.0
1,0,24,1,0,0,0.0,0.0,0.0,1.0,0.0,0.0
0,0,24,8,0,0,0.0,0.0,0.0,0.0,0.0,0.0
0,0,24,3,2,0,0.0,0.0,0.0,0.0,0.0,0.0
0,1,24,0,0,1,0.0,0.0,0.0,0.0,0.0,0.0
0,0,24,1,0,1,0.0,0.0,0.0,1.0,0.0,0.0
0,0,24,0,0,0,0.0,0.0,0.0,1.0,0.0,0.0
0,1,24,0,0,0,0.0,0.0,0.0,0.0,0.0,0.0
1,0,24,1,0,1,0.0,0.0,0.0,1.0,0.0,0.0
0,0,24,5,0,0,0.0,0.0,0.0,0.0,0.0,1.0
1,1,24,0,0,0,0.0,0.0,0.0,1.0,0.0,0.0
1,0,24,0,0,0,0.0,0.0,0.0,1.0,0.0,0.0
1,0,24,1,0,0,0.0,0.0,1.0,0.0,0.0,0.0
0,0,24,0,0,1,0.0,0.0,0.0,1.0,0.0,0.0
0,1,24,0,0,1,0.0,0.0,0.0,1.0,0.0,0.0
0,0,24,0,0,1,0.0,0.0,0.0,0.0,0.0,0.0
1,0,24,3,0,0,0.0,0.0,0.0,0.0,0.0,1.0
0,0,24,0,0,0,0.0,0.0,1.0,0.0,0.0,0.0
1,0,24,2,0,1,0.0,0.0,0.0,1.0,0.0,0.0
1,0,24,1,2,0,0.0,0.0,0.0,1.0,0.0,0.0
1,0,24,2,1,0,0.0,0.0,0.0,1.0,0.0,0.0
1,0,24,11,0,0,0.0,0.0,0.0,0.0,1.0,0.0
0,0,24,1,0,0,0.0,0.0,0.0,0.0,0.0,0.0
1,0,24,6,0,0,0.0,0.0,0.0,1.0,0.0,0.0
1,1,24,1,0,0,0.0,0.0,0.0,1.0,0.0,0.0
0,0,24,0,0,1,0.0,0.0,0.0,1.0,0.0,0.0
1,0,24,3,0,0,0.0,0.0,0.0,1.0,0.0,0.0
1,0,24,5,1,0,0.0,0.0,0.0,1.0,0.0,0.0
0,0,24,0,0,1,0.0,0.0,0.0,0.0,1.0,0.0
1,0,24,9,2,1,0.0,0.0,0.0,1.0,0.0,0.0
0,0,24,2,0,0,0.0,0.0,0.0,0.0,1.0,0.0
0,0,24,2,0,0,0.0,0.0,0.0,0.0,0.0,0.0
1,0,24,4,3,0,0.0,0.0,0.0,1.0,0.0,0.0
1,0,24,0,0,0,0.0,0.0,0.0,1.0,0.0,0.0
0,0,24,0,0,1,0.0,0.0,0.0,1.0,0.0,0.0
1,0,24,3,0,0,0.0,0.0,0.0,0.0,0.0,0.0
1,0,24,3,3,0,0.0,0.0,0.0,1.0,0.0,0.0
0,0,24,0,0,0,0.0,0.0,1.0,1.0,0.0,0.0
0,0,24,1,0,0,0.0,0.0,0.0,1.0,0.0,0.0
0,1,24,0,0,1,0.0,0.0,0.0,1.0,0.0,0.0
0,0,24,1,0,0,0.0,0.0,0.0,1.0,0.0,0.0
0,0,24,1,0,1,0.0,0.0,0.0,1.0,0.0,0.0
0,0,24,12,3,1,0.0,0.0,0.0,1.0,0.0,0.0
0,1,24,1,0,0,0.0,0.0,0.0,0.0,0.0,0.0
0,0,24,1,0,0,0.0,0.0,1.0,1.0,0.0,0.0
1,0,24,8,3,0,0.0,0.0,0.0,0.0,0.0,0.0
0,0,24,1,0,0,0.0,0.0,0.0,0.0,0.0,0.0
0,0,24,0,0,1,0.0,0.0,0.0,1.0,0.0,0.0
1,0,24,8,3,0,0.0,0.0,0.0,1.0,0.0,0.0
0,0,24,5,0,1,0.0,0.0,0.0,0.0,0.0,1.0
1,0,24,5,0,0,0.0,0.0,0.0,1.0,0.0,0.0
1,0,24,2,0,0,0.0,0.0,0.0,1.0,0.0,0.0
0,0,24,0,0,0,0.0,0.0,0.0,0.0,0.0,0.0
0,1,24,0,0,1,0.0,0.0,0.0,1.0,0.0,0.0
0,0,24,1,0,0,0.0,0.0,0.0,0.0,1.0,0.0
1,0,24,2,0,0,0.0,0.0,0.0,1.0,0.0,0.0
1,0,24,0,2,0,0.0,0.0,0.0,1.0,0.0,0.0
0,1,24,0,0,1,0.0,0.0,0.0,0.0,0.0,0.0
1,1,24,2,0,1,0.0,0.0,0.0,1.0,0.0,0.0
0,1,24,1,0,0,0.0,0.0,0.0,1.0,0.0,0.0
0,1,24,0,0,0,0.0,0.0,0.0,1.0,0.0,0.0
1,0,24,3,2,0,0.0,0.0,0.0,0.0,0.0,0.0
1,0,24,0,3,0,0.0,0.0,0.0,1.0,0.0,0.0
1,0,24,1,0,0,0.0,0.0,0.0,1.0,0.0,0.0
0,0,24,1,0,0,0.0,0.0,0.0,0.0,1.0,0.0
1,0,24,9,1,1,0.0,0.0,0.0,1.0,0.0,0.0
0,0,24,0,0,0,0.0,0.0,0.0,1.0,0.0,0.0
1,1,24,0,0,1,0.0,0.0,0.0,1.0,0.0,0.0
0,0,24,1,0,1,0.0,0.0,0.0,1.0,0.0,0.0
0,0,24,0,0,0,0.0,0.0,0.0,1.0,0.0,0.0
0,1,24,0,0,0,0.0,0.0,0.0,0.0,0.0,0.0
0,0,24,2,0,1,0.0,0.0,0.0,0.0,0.0,0.0
0,0,24,2,0,1,0.0,0.0,0.0,0.0,0.0,0.0
0,1,24,7,2,1,0.0,0.0,0.0,0.0,0.0,0.0
0,0,24,6,2,0,0.0,0.0,0.0,0.0,0.0,0.0
0,1,24,1,0,0,0.0,0.0,0.0,0.0,0.0,0.0
0,0,24,5,0,0,0.0,0.0,1.0,1.0,0.0,0.0
0,0,24,0,0,0,0.0,0.0,0.0,1.0,0.0,0.0
1,0,24,7,1,1,0.0,0.0,0.0,1.0,0.0,0.0
0,1,24,0,0,0,0.0,0.0,0.0,1.0,0.0,0.0
1,0,24,0,0,0,0.0,0.0,0.0,1.0,0.0,0.0
0,0,24,0,0,0,0.0,0.0,0.0,0.0,0.0,0.0
0,0,24,3,3,1,0.0,0.0,0.0,0.0,0.0,0.0
0,1,24,7,0,0,0.0,0.0,0.0,1.0,0.0,0.0
0,0,24,0,0,0,0.0,0.0,0.0,1.0,0.0,0.0
1,0,24,0,0,1,0.0,0.0,0.0,1.0,0.0,0.0
0,0,24,1,0,1,0.0,0.0,0.0,0.0,1.0,0.0
1,0,24,3,0,1,0.0,0.0,0.0,0.0,0.0,0.0
0,1,24,0,0,1,0.0,0.0,0.0,1.0,0.0,0.0
0,1,24,1,0,0,0.0,0.0,0.0,1.0,0.0,0.0
0,1,24,0,0,1,0.0,0.0,0.0,0.0,0.0,0.0
1,1,24,9,0,1,0.0,0.0,0.0,0.0,0.0,0.0
0,0,24,2,3,1,0.0,0.0,0.0,1.0,0.0,0.0
0,0,24,3,0,1,0.0,0.0,0.0,1.0,0.0,0.0
1,0,24,1,0,0,0.0,0.0,0.0,0.0,0.0,1.0
1,0,24,0,0,0,0.0,0.0,1.0,0.0,1.0,0.0
0,0,24,6,2,0,0.0,0.0,0.0,0.0,0.0,0.0
0,0,24,1,0,1,0.0,0.0,0.0,1.0,0.0,0.0
1,0,24,2,0,0,0.0,0.0,0.0,0.0,0.0,0.0
1,0,24,11,0,0,0.0,0.0,0.0,1.0,0.0,0.0
0,0,24,1,0,0,0.0,0.0,0.0,1.0,0.0,0.0
0,0,24,0,0,1,0.0,0.0,0.0,0.0,0.0,1.0
1,0,24,2,2,0,0.0,0.0,1.0,1.0,0.0,0.0
0,0,24,0,0,0,0.0,0.0,0.0,0.0,0.0,0.0
1,0,24,8,0,0,0.0,0.0,0.0,1.0,0.0,0.0
1,0,24,0,0,0,0.0,0.0,0.0,0.0,0.0,0.0
0,0,24,2,0,1,0.0,0.0,0.0,1.0,0.0,0.0
0,1,24,2,0,0,0.0,0.0,0.0,1.0,0.0,0.0
1,1,24,3,1,1,0.0,0.0,0.0,0.0,0.0,0.0
0,1,24,0,0,0,0.0,0.0,1.0,0.0,0.0,1.0
0,0,24,2,0,0,0.0,0.0,0.0,0.0,1.0,0.0
0,0,24,0,0,0,0.0,0.0,0.0,1.0,0.0,0.0
0,0,24,4,1,0,0.0,0.0,0.0,1.0,0.0,0.0
1,0,24,1,0,1,0.0,0.0,0.0,1.0,0.0,0.0
1,0,24,2,0,0,0.0,0.0,0.0,0.0,0.0,0.0
0,0,24,1,0,0,0.0,0.0,0.0,1.0,0.0,0.0
1,0,24,3,1,0,0.0,0.0,0.0,1.0,0.0,0.0
0,0,24,4,0,0,0.0,0.0,1.0,0.0,0.0,1.0
0,1,24,0,0,0,0.0,0.0,0.0,0.0,0.0,0.0
1,0,24,5,0,0,0.0,0.0,0.0,1.0,0.0,0.0
0,1,24,1,0,0,0.0,0.0,0.0,1.0,0.0,0.0
1,0,24,4,0,1,0.0,0.0,0.0,1.0,0.0,0.0
1,0,24,4,1,0,0.0,0.0,0.0,0.0,1.0,0.0
0,0,24,0,0,0,0.0,0.0,0.0,0.0,1.0,0.0
1,0,24,2,0,1,0.0,0.0,0.0,1.0,0.0,0.0
0,0,24,0,0,1,0.0,0.0,0.0,0.0,0.0,1.0
1,0,24,6,1,0,0.0,0.0,0.0,1.0,0.0,0.0
1,0,24,5,0,0,0.0,0.0,0.0,0.0,0.0,0.0
1,0,24,2,10,0,0.0,0.0,0.0,0.0,0.0,1.0
1,0,24,8,0,0,0.0,0.0,0.0,0.0,0.0,0.0
0,0,24,3,0,0,0.0,0.0,0.0,0.0,0.0,0.0
0,0,24,0,0,0,0.0,0.0,1.0,0.0,0.0,1.0
0,1,24,2,0,1,0.0,0.0,0.0,1.0,0.0,0.0
1,0,24,8,2,0,0.0,0.0,0.0,0.0,0.0,0.0
0,1,24,0,0,1,0.0,0.0,0.0,1.0,0.0,0.0
1,0,24,12,5,1,0.0,0.0,0.0,1.0,0.0,0.0
0,0,24,0,0,0,0.0,0.0,0.0,0.0,1.0,0.0
0,1,24,1,0,0,0.0,0.0,0.0,1.0,0.0,0.0
0,0,24,0,0,0,0.0,0.0,0.0,0.0,0.0,0.0
0,0,24,1,0,0,0.0,0.0,0.0,0.0,0.0,0.0
1,0,24,1,0,0,0.0,0.0,0.0,0.0,1.0,0.0
0,1,24,1,0,0,0.0,0.0,0.0,0.0,0.0,0.0
0,0,24,0,0,0,0.0,1.0,0.0,0.0,0.0,0.0
1,0,24,1,0,0,0.0,0.0,0.0,0.0,1.0,0.0
0,1,24,0,0,1,0.0,0.0,0.0,0.0,0.0,0.0
0,0,24,0,0,0,0.0,0.0,0.0,1.0,0.0,0.0
1,0,24,5,0,0,0.0,0.0,0.0,1.0,0.0,0.0
0,1,24,0,0,0,0.0,0.0,0.0,1.0,0.0,0.0
0,0,24,1,0,0,0.0,0.0,0.0,0.0,0.0,0.0
0,1,24,2,0,0,0.0,0.0,0.0,0.0,0.0,0.0
0,1,24,0,0,1,0.0,0.0,0.0,0.0,0.0,0.0
1,0,24,1,0,0,0.0,0.0,0.0,1.0,0.0,0.0
0,0,24,1,0,1,0.0,0.0,0.0,0.0,0.0,0.0
1,0,24,3,0,1,0.0,0.0,0.0,0.0,0.0,0.0
1,0,24,3,0,0,0.0,0.0,0.0,0.0,1.0,0.0
1,0,24,5,5,0,0.0,0.0,0.0,1.0,0.0,0.0
0,1,24,1,0,0,0.0,1.0,0.0,0.0,0.0,0.0
0,0,24,0,1,0,0.0,0.0,0.0,1.0,0.0,0.0
0,0,24,0,0,0,0.0,0.0,0.0,1.0,0.0,0.0
1,0,24,5,1,0,0.0,0.0,0.0,0.0,0.0,0.0
0,0,24,0,0,1,0.0,0.0,0.0,0.0,1.0,0.0
0,0,24,1,0,0,0.0,0.0,0.0,0.0,1.0,0.0
0,1,24,0,0,0,0.0,0.0,0.0,1.0,0.0,0.0
1,0,24,7,0,0,0.0,0.0,0.0,1.0,0.0,0.0
0,0,24,1,0,0,0.0,0.0,0.0,0.0,0.0,0.0
0,0,24,0,0,1,0.0,0.0,0.0,1.0,0.0,0.0
1,0,24,2,0,1,0.0,0.0,0.0,1.0,0.0,0.0
0,1,24,1,0,0,0.0,0.0,0.0,0.0,0.0,0.0
1,0,24,3,0,0,0.0,0.0,0.0,0.0,0.0,0.0
1,0,24,0,0,0,0.0,0.0,0.0,0.0,0.0,0.0
0,0,24,4,0,1,0.0,0.0,0.0,0.0,0.0,0.0
1,0,24,1,1,0,0.0,0.0,0.0,0.0,0.0,0.0
0,0,24,1,0,0,0.0,0.0,0.0,1.0,0.0,0.0
1,0,24,3,0,1,0.0,0.0,0.0,0.0,1.0,0.0
0,0,24,0,0,0,0.0,0.0,0.0,0.0,0.0,0.0
1,0,24,0,0,1,0.0,0.0,0.0,0.0,0.0,1.0
0,1,24,0,0,0,0.0,0.0,0.0,0.0,0.0,1.0
1,0,24,3,0,0,0.0,0.0,0.0,1.0,0.0,0.0
0,0,24,3,0,0,0.0,0.0,0.0,1.0,0.0,0.0
1,0,24,1,0,1,0.0,0.0,0.0,1.0,0.0,0.0
1,0,24,3,1,0,0.0,0.0,0.0,1.0,0.0,0.0
0,0,24,1,1,0,0.0,0.0,0.0,1.0,0.0,0.0
1,0,24,4,1,0,0.0,0.0,0.0,1.0,0.0,0.0
0,0,24,0,0,1,0.0,0.0,0.0,1.0,0.0,0.0
1,0,24,2,0,0,0.0,0.0,0.0,1.0,0.0,0.0
1,0,24,1,0,0,0.0,0.0,0.0,1.0,0.0,0.0
0,0,24,1,0,0,0.0,0.0,0.0,1.0,0.0,0.0
0,0,24,1,0,1,0.0,0.0,0.0,0.0,0.0,0.0
0,0,24,0,0,0,0.0,0.0,0.0,1.0,0.0,0.0
0,0,24,1,0,0,0.0,0.0,0.0,0.0,0.0,1.0
1,0,24,2,1,0,0.0,0.0,0.0,1.0,0.0,0.0
0,0,24,2,2,0,0.0,0.0,0.0,0.0,0.0,0.0
1,0,24,1,2,1,0.0,0.0,0.0,1.0,0.0,0.0
1,0,24,0,0,0,0.0,0.0,0.0,1.0,0.0,0.0
0,1,24,3,0,0,0.0,0.0,0.0,1.0,0.0,0.0
1,1,24,2,0,0,0.0,0.0,0.0,1.0,0.0,0.0
1,0,24,2,0,0,0.0,0.0,0.0,0.0,0.0,0.0
1,0,24,0,0,1,0.0,0.0,0.0,0.0,0.0,0.0
1,0,24,7,0,0,0.0,0.0,0.0,1.0,0.0,0.0
1,0,24,3,3,1,0.0,0.0,0.0,0.0,0.0,0.0
1,0,24,0,0,0,0.0,0.0,0.0,1.0,0.0,0.0
0,0,24,1,0,1,0.0,0.0,0.0,1.0,0.0,0.0
1,0,24,1,0,1,0.0,0.0,0.0,1.0,0.0,0.0
0,0,24,0,0,0,0.0,0.0,0.0,1.0,0.0,0.0
0,0,24,0,0,1,0.0,0.0,0.0,1.0,0.0,0.0
1,1,24,2,0,0,0.0,0.0,0.0,0.0,1.0,0.0
1,0,24,2,0,1,0.0,0.0,0.0,1.0,0.0,0.0
0,0,24,0,0,0,0.0,0.0,0.0,1.0,0.0,0.0
0,1,24,1,0,0,0.0,0.0,0.0,1.0,0.0,0.0
1,0,24,1,2,1,0.0,0.0,0.0,1.0,0.0,0.0
0,1,24,0,0,0,0.0,0.0,0.0,1.0,0.0,0.0
1,0,24,4,0,0,0.0,0.0,0.0,1.0,0.0,0.0
0,1,24,1,4,1,0.0,0.0,0.0,0.0,0.0,0.0
1,0,24,4,0,0,0.0,0.0,0.0,0.0,0.0,1.0
0,0,24,1,2,0,0.0,0.0,0.0,0.0,0.0,0.0
0,0,24,0,0,0,0.0,0.0,0.0,0.0,0.0,1.0
0,1,23,1,0,1,0.0,0.0,0.0,1.0,0.0,0.0
1,0,23,3,2,0,0.0,0.0,0.0,1.0,0.0,0.0
0,0,23,3,0,0,0.0,0.0,0.0,0.0,0.0,0.0
0,1,23,6,0,1,0.0,0.0,0.0,1.0,0.0,0.0
0,0,23,1,0,0,0.0,0.0,0.0,1.0,0.0,0.0
0,0,23,0,0,1,0.0,0.0,0.0,0.0,0.0,1.0
0,0,23,0,0,0,0.0,0.0,0.0,1.0,0.0,0.0
1,0,23,0,0,0,0.0,0.0,0.0,1.0,0.0,0.0
1,0,23,5,3,1,0.0,0.0,0.0,0.0,0.0,0.0
0,1,23,0,0,0,0.0,0.0,0.0,0.0,0.0,0.0
0,0,23,0,0,1,0.0,0.0,0.0,1.0,0.0,0.0
1,0,23,0,0,0,0.0,0.0,0.0,0.0,0.0,0.0
0,0,23,0,3,1,0.0,0.0,0.0,0.0,0.0,0.0
0,0,23,0,0,0,0.0,0.0,0.0,0.0,0.0,0.0
0,0,23,4,4,0,0.0,0.0,0.0,1.0,0.0,0.0
1,0,23,2,0,0,0.0,0.0,0.0,1.0,0.0,0.0
0,1,23,0,0,1,0.0,0.0,0.0,1.0,0.0,0.0
0,0,23,0,0,0,0.0,0.0,0.0,1.0,0.0,0.0
1,0,23,5,0,0,0.0,0.0,0.0,1.0,0.0,0.0
1,0,23,8,2,0,0.0,0.0,0.0,1.0,0.0,0.0
1,1,23,5,4,0,0.0,0.0,0.0,0.0,0.0,0.0
1,0,23,7,2,0,0.0,0.0,0.0,0.0,0.0,1.0
1,0,23,2,0,0,0.0,0.0,0.0,1.0,0.0,0.0
1,0,23,3,0,1,0.0,0.0,0.0,1.0,0.0,0.0
1,0,23,3,0,1,0.0,0.0,0.0,0.0,1.0,0.0
1,1,23,2,0,0,0.0,0.0,0.0,1.0,0.0,0.0
1,0,23,11,10,0,0.0,1.0,0.0,0.0,0.0,0.0
0,1,23,3,0,0,0.0,0.0,0.0,1.0,0.0,0.0
0,0,23,0,0,1,0.0,0.0,0.0,0.0,0.0,0.0
0,0,23,2,0,1,0.0,0.0,0.0,0.0,0.0,1.0
0,1,23,0,0,1,0.0,0.0,1.0,1.0,0.0,0.0
1,0,23,4,2,0,0.0,0.0,0.0,1.0,0.0,0.0
1,0,23,2,0,0,0.0,0.0,0.0,1.0,0.0,0.0
0,0,23,3,0,1,0.0,0.0,1.0,1.0,0.0,0.0
0,0,23,0,0,0,0.0,0.0,0.0,0.0,0.0,0.0
0,0,23,1,0,0,0.0,0.0,0.0,1.0,0.0,0.0
1,0,23,1,1,0,0.0,0.0,0.0,0.0,1.0,0.0
1,0,23,6,0,1,0.0,0.0,0.0,0.0,1.0,0.0
0,0,23,2,0,1,0.0,0.0,0.0,0.0,0.0,1.0
1,1,23,0,0,0,0.0,0.0,0.0,1.0,0.0,0.0
0,0,23,0,0,1,0.0,0.0,0.0,0.0,0.0,0.0
0,0,23,2,0,0,0.0,0.0,0.0,0.0,0.0,1.0
0,0,23,1,0,1,0.0,0.0,0.0,1.0,0.0,0.0
0,0,23,6,5,0,0.0,0.0,0.0,1.0,0.0,0.0
0,0,23,2,0,1,0.0,0.0,0.0,1.0,0.0,0.0
0,1,23,1,0,1,0.0,0.0,0.0,0.0,1.0,0.0
1,0,23,3,1,0,0.0,0.0,0.0,1.0,0.0,0.0
1,0,23,3,1,0,0.0,0.0,0.0,0.0,0.0,0.0
0,0,23,0,0,0,0.0,0.0,0.0,1.0,0.0,0.0
1,0,23,8,0,0,0.0,0.0,0.0,1.0,0.0,0.0
0,0,23,1,1,0,0.0,0.0,0.0,1.0,0.0,0.0
1,0,23,2,3,0,0.0,0.0,0.0,1.0,0.0,0.0
0,0,23,0,0,0,0.0,0.0,0.0,0.0,0.0,0.0
0,0,23,0,0,1,0.0,0.0,0.0,1.0,0.0,0.0
0,0,23,1,0,1,0.0,0.0,0.0,0.0,1.0,0.0
0,0,23,10,1,0,0.0,0.0,0.0,0.0,0.0,0.0
0,1,23,0,0,1,0.0,0.0,0.0,1.0,0.0,0.0
1,0,23,3,0,0,0.0,0.0,0.0,1.0,0.0,0.0
1,1,23,0,0,0,0.0,0.0,0.0,0.0,1.0,0.0
0,0,23,3,0,0,0.0,0.0,0.0,1.0,0.0,0.0
0,0,23,1,2,0,0.0,0.0,0.0,1.0,0.0,0.0
0,1,23,0,0,0,0.0,0.0,0.0,1.0,0.0,0.0
0,0,23,1,0,0,0.0,0.0,0.0,0.0,0.0,0.0
0,0,23,1,1,0,0.0,0.0,0.0,1.0,0.0,0.0
0,0,23,0,0,0,0.0,0.0,0.0,1.0,0.0,0.0
0,0,23,0,0,1,0.0,0.0,0.0,0.0,0.0,1.0
0,1,23,2,0,1,0.0,0.0,0.0,0.0,0.0,0.0
0,0,23,0,0,0,0.0,0.0,0.0,1.0,0.0,0.0
0,0,23,0,0,0,0.0,0.0,0.0,0.0,0.0,0.0
0,0,23,2,1,0,0.0,0.0,0.0,1.0,0.0,0.0
1,0,23,0,0,0,0.0,0.0,0.0,1.0,0.0,0.0
1,0,23,6,4,0,0.0,0.0,0.0,1.0,0.0,0.0
0,0,23,0,0,0,0.0,0.0,0.0,1.0,0.0,0.0
0,1,23,0,0,0,0.0,0.0,0.0,0.0,0.0,0.0
1,0,23,2,0,1,0.0,0.0,0.0,1.0,0.0,0.0
1,1,23,4,0,1,0.0,0.0,0.0,0.0,0.0,0.0
0,0,23,2,1,0,0.0,0.0,0.0,1.0,0.0,0.0
0,0,23,0,0,0,0.0,0.0,0.0,0.0,0.0,0.0
0,1,23,0,0,1,0.0,0.0,1.0,1.0,0.0,0.0
0,1,23,1,0,0,0.0,0.0,0.0,1.0,0.0,0.0
0,1,23,0,0,1,0.0,0.0,1.0,0.0,0.0,0.0
0,1,23,0,0,1,0.0,0.0,0.0,0.0,0.0,0.0
1,0,23,2,0,1,0.0,0.0,0.0,1.0,0.0,0.0
0,0,23,2,0,1,0.0,0.0,0.0,0.0,0.0,1.0
1,0,23,1,0,1,0.0,0.0,0.0,1.0,0.0,0.0
1,0,23,6,0,0,0.0,0.0,0.0,1.0,0.0,0.0
1,0,23,6,0,0,0.0,0.0,0.0,0.0,0.0,0.0
0,0,23,4,0,0,0.0,0.0,0.0,1.0,0.0,0.0
0,0,23,0,0,0,0.0,0.0,0.0,0.0,0.0,1.0
1,0,23,1,0,0,0.0,0.0,0.0,0.0,0.0,0.0
0,1,23,2,1,1,0.0,0.0,1.0,0.0,1.0,0.0
0,0,23,0,0,0,0.0,0.0,0.0,1.0,0.0,0.0
1,0,23,3,0,1,0.0,0.0,0.0,1.0,0.0,0.0
0,1,23,1,2,1,0.0,0.0,0.0,0.0,0.0,0.0
0,0,23,1,0,1,0.0,0.0,0.0,1.0,0.0,0.0
0,0,23,0,0,1,0.0,0.0,0.0,0.0,1.0,0.0
1,0,23,1,0,0,0.0,0.0,0.0,1.0,0.0,0.0
0,0,23,2,0,0,0.0,0.0,0.0,1.0,0.0,0.0
0,0,23,0,0,0,0.0,0.0,0.0,1.0,0.0,0.0
1,0,23,3,0,0,0.0,0.0,0.0,1.0,0.0,0.0
0,0,23,1,0,0,0.0,0.0,0.0,1.0,0.0,0.0
1,0,23,0,1,0,0.0,0.0,0.0,0.0,0.0,0.0
1,0,23,0,0,1,0.0,0.0,0.0,1.0,0.0,0.0
0,0,23,0,0,1,0.0,0.0,0.0,0.0,0.0,0.0
1,0,23,1,3,1,0.0,0.0,0.0,1.0,0.0,0.0
0,0,23,0,0,1,0.0,0.0,0.0,0.0,0.0,0.0
1,0,23,4,1,0,0.0,0.0,0.0,0.0,0.0,0.0
1,0,23,2,1,0,0.0,0.0,0.0,1.0,0.0,0.0
0,0,23,1,1,1,0.0,0.0,0.0,1.0,0.0,0.0
1,1,23,2,0,1,0.0,0.0,0.0,1.0,0.0,0.0
0,0,23,3,2,0,0.0,0.0,0.0,1.0,0.0,0.0
1,0,23,2,2,0,0.0,0.0,0.0,0.0,0.0,0.0
0,0,23,0,0,0,0.0,0.0,0.0,0.0,1.0,0.0
0,1,23,1,0,0,0.0,0.0,0.0,1.0,0.0,0.0
0,0,23,0,0,0,0.0,0.0,0.0,1.0,0.0,0.0
1,0,23,1,0,0,0.0,0.0,0.0,1.0,0.0,0.0
1,0,23,3,0,0,0.0,0.0,0.0,1.0,0.0,0.0
1,0,23,1,0,0,0.0,0.0,0.0,1.0,0.0,0.0
0,0,23,1,0,0,0.0,0.0,0.0,0.0,0.0,0.0
0,1,23,0,0,1,0.0,0.0,0.0,0.0,0.0,1.0
0,0,23,0,0,0,0.0,0.0,0.0,0.0,1.0,0.0
0,0,23,0,0,1,0.0,0.0,0.0,1.0,0.0,0.0
0,0,23,0,1,0,0.0,0.0,0.0,1.0,0.0,0.0
1,0,23,2,1,0,0.0,0.0,0.0,1.0,0.0,0.0
0,1,23,0,0,1,0.0,0.0,1.0,1.0,0.0,0.0
0,0,23,0,0,1,0.0,0.0,0.0,1.0,0.0,0.0
1,0,23,0,0,1,0.0,0.0,0.0,1.0,0.0,0.0
1,1,23,0,0,0,0.0,0.0,0.0,1.0,0.0,0.0
0,0,23,0,0,0,0.0,0.0,0.0,1.0,0.0,0.0
1,0,23,2,0,1,0.0,0.0,0.0,0.0,1.0,0.0
0,0,23,0,0,0,0.0,0.0,0.0,1.0,0.0,0.0
0,0,23,3,2,0,0.0,0.0,1.0,1.0,0.0,0.0
0,0,23,0,0,1,0.0,0.0,0.0,1.0,0.0,0.0
0,1,23,0,0,0,0.0,0.0,0.0,1.0,0.0,0.0
0,0,23,0,0,0,0.0,0.0,0.0,0.0,0.0,0.0
1,0,23,6,1,0,0.0,0.0,0.0,1.0,0.0,0.0
1,0,23,1,0,0,0.0,0.0,0.0,1.0,0.0,0.0
1,1,23,4,0,1,0.0,0.0,0.0,1.0,0.0,0.0
1,0,23,4,1,1,0.0,0.0,0.0,0.0,0.0,0.0
1,0,23,1,0,1,0.0,0.0,0.0,1.0,0.0,0.0
0,0,23,1,0,0,0.0,0.0,0.0,1.0,0.0,0.0
0,1,23,0,0,0,0.0,0.0,0.0,1.0,0.0,0.0
0,0,23,0,0,1,0.0,0.0,0.0,1.0,0.0,0.0
0,0,23,0,0,0,0.0,0.0,0.0,1.0,0.0,0.0
0,0,23,0,0,0,0.0,0.0,1.0,0.0,0.0,0.0
1,0,23,1,0,0,0.0,0.0,0.0,1.0,0.0,0.0
0,1,23,3,0,0,0.0,0.0,0.0,0.0,0.0,0.0
1,0,23,5,1,0,0.0,0.0,0.0,1.0,0.0,0.0
0,0,23,1,0,0,0.0,0.0,0.0,1.0,0.0,0.0
1,0,23,0,0,1,0.0,0.0,0.0,0.0,0.0,0.0
0,1,23,0,0,0,0.0,0.0,0.0,1.0,0.0,0.0
1,0,23,2,0,0,0.0,0.0,0.0,0.0,0.0,0.0
0,0,23,0,0,1,0.0,1.0,0.0,1.0,0.0,0.0
1,0,23,2,1,0,0.0,0.0,0.0,1.0,0.0,0.0
0,0,23,3,7,1,0.0,0.0,0.0,0.0,0.0,0.0
1,0,23,0,0,1,0.0,0.0,0.0,0.0,0.0,0.0
0,1,23,0,0,1,0.0,0.0,1.0,0.0,0.0,1.0
1,0,23,5,0,1,0.0,0.0,0.0,0.0,0.0,1.0
1,0,23,3,2,0,0.0,0.0,0.0,0.0,0.0,0.0
0,0,23,1,0,0,0.0,0.0,0.0,1.0,0.0,0.0
0,0,23,0,0,1,0.0,0.0,0.0,0.0,1.0,0.0
1,0,23,4,1,0,0.0,0.0,0.0,1.0,0.0,0.0
1,0,23,2,1,1,0.0,0.0,0.0,1.0,0.0,0.0
1,0,23,4,4,0,0.0,0.0,0.0,1.0,0.0,0.0
0,0,23,0,0,0,0.0,0.0,0.0,0.0,0.0,0.0
0,0,23,0,0,0,0.0,0.0,0.0,0.0,1.0,0.0
1,0,23,0,0,1,0.0,0.0,1.0,0.0,1.0,0.0
0,0,23,0,0,0,0.0,0.0,0.0,1.0,0.0,0.0
0,0,23,2,1,0,0.0,0.0,0.0,0.0,1.0,0.0
1,1,23,2,0,1,0.0,0.0,0.0,1.0,0.0,0.0
1,0,23,0,0,1,0.0,0.0,0.0,1.0,0.0,0.0
0,0,23,0,0,0,0.0,0.0,0.0,1.0,0.0,0.0
1,0,23,4,1,0,0.0,0.0,0.0,1.0,0.0,0.0
0,1,23,0,0,1,0.0,0.0,1.0,0.0,0.0,1.0
1,0,23,3,0,1,0.0,0.0,0.0,0.0,0.0,0.0
1,0,23,1,0,0,0.0,0.0,0.0,1.0,0.0,0.0
0,1,23,0,0,1,0.0,0.0,0.0,0.0,0.0,1.0
0,0,23,1,1,0,0.0,0.0,0.0,1.0,0.0,0.0
1,0,23,2,1,0,0.0,0.0,0.0,0.0,0.0,0.0
1,1,23,2,0,0,0.0,0.0,0.0,1.0,0.0,0.0
1,0,23,4,1,1,0.0,0.0,0.0,0.0,0.0,0.0
0,0,23,1,0,1,0.0,0.0,0.0,1.0,0.0,0.0
1,0,23,2,0,0,0.0,0.0,0.0,1.0,0.0,0.0
1,0,23,7,1,0,0.0,0.0,0.0,1.0,0.0,0.0
0,0,23,3,0,0,0.0,0.0,0.0,1.0,0.0,0.0
0,0,23,1,1,1,0.0,0.0,0.0,0.0,0.0,0.0
0,0,23,0,0,0,0.0,0.0,0.0,1.0,0.0,0.0
1,0,23,3,1,0,0.0,0.0,0.0,1.0,0.0,0.0
0,0,23,4,1,0,0.0,0.0,0.0,1.0,0.0,0.0
1,1,23,0,0,0,0.0,0.0,0.0,1.0,0.0,0.0
1,1,23,2,0,0,0.0,0.0,0.0,1.0,0.0,0.0
0,0,23,1,0,0,0.0,0.0,0.0,0.0,1.0,0.0
0,0,23,1,0,1,0.0,0.0,0.0,1.0,0.0,0.0
1,0,23,2,0,1,0.0,0.0,0.0,1.0,0.0,0.0
1,0,23,2,0,1,0.0,0.0,0.0,1.0,0.0,0.0
0,1,23,0,0,1,0.0,0.0,0.0,0.0,0.0,0.0
1,0,23,2,1,0,0.0,0.0,0.0,1.0,0.0,0.0
1,0,23,10,1,0,0.0,0.0,1.0,1.0,0.0,0.0
0,0,23,1,1,0,0.0,0.0,0.0,1.0,0.0,0.0
0,0,23,2,0,0,0.0,0.0,0.0,1.0,0.0,0.0
0,0,23,0,0,0,1.0,0.0,0.0,1.0,0.0,0.0
0,0,23,0,0,0,0.0,0.0,0.0,0.0,0.0,0.0
1,0,23,1,3,0,0.0,0.0,0.0,1.0,0.0,0.0
0,1,23,0,0,1,0.0,0.0,0.0,1.0,0.0,0.0
1,0,23,0,0,1,0.0,0.0,0.0,0.0,0.0,1.0
0,0,23,1,2,1,0.0,0.0,0.0,1.0,0.0,0.0
0,0,23,1,0,0,0.0,0.0,0.0,1.0,0.0,0.0
1,0,23,3,3,1,0.0,0.0,0.0,1.0,0.0,0.0
1,0,23,1,0,0,0.0,0.0,0.0,1.0,0.0,0.0
1,0,23,0,0,0,0.0,0.0,0.0,1.0,0.0,0.0
0,0,23,2,0,0,0.0,0.0,0.0,0.0,1.0,0.0
1,0,23,5,1,0,0.0,0.0,0.0,1.0,0.0,0.0
1,0,23,0,0,0,0.0,0.0,0.0,0.0,0.0,0.0
0,1,23,1,0,1,0.0,0.0,0.0,0.0,0.0,0.0
0,0,23,0,0,0,0.0,0.0,0.0,1.0,0.0,0.0
1,0,23,3,0,1,0.0,0.0,0.0,0.0,0.0,0.0
1,0,23,5,1,0,0.0,0.0,0.0,1.0,0.0,0.0
0,0,23,0,0,0,0.0,0.0,0.0,1.0,0.0,0.0
1,0,23,5,0,0,0.0,0.0,0.0,1.0,0.0,0.0
1,0,23,3,0,0,0.0,0.0,0.0,0.0,1.0,0.0
1,1,23,2,0,0,0.0,0.0,0.0,1.0,0.0,0.0
1,0,23,0,0,1,0.0,0.0,0.0,1.0,0.0,0.0
0,0,23,2,1,0,0.0,0.0,0.0,1.0,0.0,0.0
0,1,23,1,0,0,0.0,0.0,0.0,1.0,0.0,0.0
0,0,23,2,0,0,0.0,0.0,0.0,0.0,0.0,0.0
0,0,23,0,0,0,0.0,0.0,0.0,1.0,0.0,0.0
0,0,23,1,0,0,0.0,0.0,0.0,1.0,0.0,0.0
1,0,23,2,1,1,0.0,0.0,0.0,1.0,0.0,0.0
1,0,23,4,0,0,0.0,0.0,0.0,1.0,0.0,0.0
1,0,23,0,0,0,0.0,0.0,0.0,1.0,0.0,0.0
0,0,23,0,0,1,0.0,0.0,0.0,0.0,1.0,0.0
1,0,23,1,0,0,0.0,0.0,0.0,1.0,0.0,0.0
0,0,23,0,0,0,0.0,0.0,0.0,0.0,0.0,0.0
0,0,23,2,1,0,0.0,0.0,0.0,0.0,0.0,0.0
0,0,23,2,1,0,0.0,0.0,0.0,0.0,1.0,0.0
0,1,23,1,1,1,1.0,0.0,0.0,1.0,0.0,0.0
0,0,23,6,0,1,0.0,0.0,1.0,0.0,1.0,0.0
0,0,23,1,1,1,0.0,0.0,0.0,0.0,0.0,0.0
1,0,23,4,1,1,0.0,0.0,0.0,1.0,0.0,0.0
0,0,23,0,0,1,0.0,0.0,0.0,0.0,1.0,0.0
1,0,23,2,3,0,0.0,0.0,0.0,1.0,0.0,0.0
0,1,23,0,0,1,0.0,0.0,0.0,1.0,0.0,0.0
0,0,23,1,1,1,0.0,0.0,0.0,1.0,0.0,0.0
1,1,23,2,0,0,0.0,0.0,0.0,1.0,0.0,0.0
1,0,23,1,2,0,0.0,0.0,0.0,0.0,0.0,0.0
0,1,23,0,0,1,0.0,0.0,0.0,0.0,1.0,0.0
0,0,23,2,0,0,0.0,0.0,0.0,0.0,1.0,0.0
0,0,23,0,0,1,0.0,0.0,0.0,0.0,0.0,0.0
1,0,23,2,0,0,0.0,0.0,0.0,1.0,0.0,0.0
0,0,23,1,0,0,0.0,0.0,0.0,1.0,0.0,0.0
0,0,23,0,0,1,0.0,0.0,0.0,0.0,0.0,0.0
1,1,23,0,0,1,0.0,0.0,0.0,1.0,0.0,0.0
1,0,23,0,0,0,0.0,0.0,0.0,0.0,1.0,0.0
0,0,23,4,0,0,0.0,0.0,0.0,0.0,0.0,1.0
0,0,23,0,0,0,0.0,0.0,0.0,1.0,0.0,0.0
1,0,23,3,1,0,0.0,0.0,0.0,0.0,0.0,0.0
0,0,23,2,0,0,0.0,0.0,0.0,0.0,0.0,0.0
1,0,23,3,2,0,0.0,0.0,0.0,1.0,0.0,0.0
0,0,23,1,0,0,0.0,0.0,0.0,1.0,0.0,0.0
0,1,23,0,0,1,0.0,0.0,0.0,1.0,0.0,0.0
0,1,23,0,0,0,0.0,0.0,0.0,1.0,0.0,0.0
1,0,23,0,0,0,0.0,0.0,0.0,1.0,0.0,0.0
1,0,23,5,3,0,0.0,0.0,0.0,1.0,0.0,0.0
0,0,23,1,0,1,0.0,0.0,0.0,0.0,0.0,0.0
1,0,23,1,0,1,0.0,0.0,0.0,1.0,0.0,0.0
0,0,23,1,0,0,0.0,0.0,0.0,1.0,0.0,0.0
0,0,23,4,0,0,0.0,0.0,0.0,0.0,1.0,0.0
0,1,23,1,0,0,0.0,0.0,0.0,1.0,0.0,0.0
1,0,23,2,0,0,0.0,0.0,0.0,0.0,0.0,0.0
0,1,23,1,0,0,0.0,0.0,0.0,1.0,0.0,0.0
1,0,23,2,0,1,0.0,0.0,0.0,1.0,0.0,0.0
1,0,23,0,0,0,0.0,0.0,0.0,1.0,0.0,0.0
0,0,23,0,0,1,0.0,0.0,0.0,1.0,0.0,0.0
1,0,22,0,1,0,0.0,0.0,1.0,1.0,0.0,0.0
0,1,22,0,0,0,0.0,0.0,0.0,0.0,0.0,1.0
1,0,22,0,0,0,0.0,0.0,0.0,1.0,0.0,0.0
1,0,22,0,0,0,0.0,0.0,0.0,1.0,0.0,0.0
0,0,22,0,0,0,0.0,0.0,0.0,1.0,0.0,0.0
1,0,22,2,1,0,0.0,0.0,0.0,1.0,0.0,0.0
0,1,22,0,0,1,0.0,0.0,0.0,1.0,0.0,0.0
1,0,22,2,2,0,0.0,0.0,0.0,0.0,0.0,0.0
1,0,22,0,0,1,0.0,0.0,0.0,1.0,0.0,0.0
1,0,22,0,0,0,0.0,0.0,0.0,0.0,0.0,0.0
1,0,22,5,0,1,0.0,0.0,0.0,0.0,0.0,0.0
1,0,22,3,0,0,0.0,0.0,0.0,1.0,0.0,0.0
1,0,22,1,0,0,0.0,0.0,0.0,0.0,0.0,0.0
0,1,22,1,1,1,0.0,0.0,0.0,0.0,0.0,0.0
0,1,22,0,0,1,0.0,0.0,0.0,1.0,0.0,0.0
0,0,22,0,0,0,0.0,0.0,0.0,0.0,0.0,0.0
1,0,22,0,0,0,0.0,0.0,0.0,1.0,0.0,0.0
1,1,22,0,1,0,0.0,0.0,0.0,1.0,0.0,0.0
1,0,22,0,0,0,0.0,0.0,0.0,1.0,0.0,0.0
1,0,22,3,0,0,0.0,0.0,1.0,0.0,0.0,0.0
0,1,22,0,0,0,0.0,0.0,0.0,1.0,0.0,0.0
0,1,22,1,0,0,0.0,0.0,0.0,0.0,0.0,0.0
0,1,22,1,0,1,0.0,0.0,0.0,0.0,0.0,0.0
0,0,22,1,0,0,0.0,0.0,1.0,1.0,0.0,0.0
0,0,22,1,0,0,0.0,0.0,0.0,0.0,0.0,0.0
1,0,22,2,0,0,0.0,0.0,0.0,0.0,1.0,0.0
0,0,22,1,0,0,0.0,0.0,0.0,1.0,0.0,0.0
0,1,22,2,0,0,0.0,0.0,0.0,1.0,0.0,0.0
1,0,22,0,0,1,0.0,0.0,0.0,1.0,0.0,0.0
0,1,22,0,0,1,0.0,0.0,0.0,0.0,0.0,0.0
0,0,22,1,0,0,0.0,0.0,0.0,0.0,0.0,0.0
1,0,22,2,1,1,0.0,0.0,0.0,0.0,0.0,0.0
1,0,22,1,0,1,0.0,0.0,0.0,1.0,0.0,0.0
0,0,22,0,0,0,0.0,0.0,0.0,1.0,0.0,0.0
0,1,22,2,0,1,0.0,0.0,0.0,0.0,0.0,0.0
1,0,22,3,0,0,0.0,0.0,0.0,1.0,0.0,0.0
1,0,22,1,0,0,0.0,0.0,0.0,0.0,0.0,1.0
1,0,22,1,1,0,0.0,0.0,0.0,1.0,0.0,0.0
0,1,22,0,0,0,0.0,0.0,0.0,1.0,0.0,0.0
0,0,22,3,1,0,0.0,0.0,0.0,0.0,0.0,1.0
0,1,22,1,0,0,0.0,0.0,0.0,0.0,1.0,0.0
0,1,22,1,1,1,0.0,0.0,0.0,1.0,0.0,0.0
1,0,22,1,1,0,0.0,0.0,0.0,1.0,0.0,0.0
1,0,22,3,0,0,0.0,0.0,0.0,1.0,0.0,0.0
0,0,22,0,0,0,0.0,0.0,0.0,1.0,0.0,0.0
0,0,22,0,0,0,0.0,0.0,0.0,1.0,0.0,0.0
1,0,22,0,0,0,0.0,0.0,0.0,1.0,0.0,0.0
0,0,22,6,0,0,0.0,0.0,0.0,1.0,0.0,0.0
0,0,22,0,0,1,0.0,0.0,0.0,0.0,0.0,0.0
1,0,22,0,0,1,0.0,0.0,0.0,0.0,1.0,0.0
0,0,22,1,0,1,0.0,0.0,0.0,0.0,0.0,0.0
0,0,22,1,0,0,0.0,0.0,0.0,0.0,0.0,1.0
0,0,22,0,0,1,0.0,0.0,0.0,1.0,0.0,0.0
1,0,22,1,0,0,0.0,0.0,0.0,1.0,0.0,0.0
1,0,22,0,1,1,0.0,0.0,0.0,0.0,0.0,0.0
0,0,22,0,0,1,0.0,0.0,0.0,0.0,0.0,0.0
1,0,22,0,0,0,0.0,0.0,0.0,0.0,1.0,0.0
1,0,22,0,0,0,0.0,0.0,0.0,0.0,0.0,1.0
0,0,22,0,0,0,0.0,0.0,0.0,1.0,0.0,0.0
1,0,22,0,0,1,0.0,0.0,0.0,0.0,0.0,0.0
0,0,22,1,0,0,0.0,0.0,0.0,0.0,0.0,0.0
0,0,22,0,0,1,0.0,0.0,0.0,1.0,0.0,0.0
1,0,22,3,0,0,0.0,0.0,0.0,1.0,0.0,0.0
0,0,22,1,0,0,0.0,0.0,0.0,1.0,0.0,0.0
1,0,22,0,1,1,0.0,0.0,0.0,1.0,0.0,0.0
1,0,22,0,0,0,0.0,0.0,0.0,0.0,0.0,0.0
0,0,22,0,0,0,0.0,0.0,0.0,1.0,0.0,0.0
0,0,22,0,0,0,0.0,0.0,0.0,1.0,0.0,0.0
0,0,22,2,1,0,0.0,0.0,0.0,1.0,0.0,0.0
0,0,22,1,0,0,0.0,0.0,0.0,1.0,0.0,0.0
0,0,22,0,0,1,0.0,0.0,0.0,0.0,0.0,0.0
0,0,22,0,0,0,0.0,0.0,0.0,1.0,0.0,0.0
0,1,22,0,0,1,0.0,0.0,0.0,1.0,0.0,0.0
0,1,22,0,0,0,0.0,0.0,0.0,0.0,1.0,0.0
0,0,22,0,1,0,0.0,0.0,0.0,1.0,0.0,0.0
1,0,22,3,1,0,0.0,0.0,0.0,1.0,0.0,0.0
0,1,22,1,0,1,0.0,0.0,0.0,1.0,0.0,0.0
0,0,22,1,1,0,0.0,0.0,0.0,1.0,0.0,0.0
0,0,22,3,0,0,0.0,0.0,0.0,1.0,0.0,0.0
0,0,22,0,0,1,0.0,0.0,0.0,0.0,0.0,0.0
0,0,22,3,0,0,0.0,0.0,0.0,1.0,0.0,0.0
1,0,22,0,0,0,0.0,0.0,0.0,1.0,0.0,0.0
0,1,22,1,0,0,0.0,0.0,0.0,0.0,0.0,0.0
1,0,22,0,0,0,0.0,0.0,0.0,0.0,0.0,0.0
1,1,22,5,0,0,0.0,0.0,0.0,1.0,0.0,0.0
0,0,22,2,1,0,0.0,0.0,0.0,0.0,0.0,0.0
0,0,22,1,1,1,0.0,0.0,0.0,1.0,0.0,0.0
0,1,22,0,0,1,0.0,0.0,0.0,1.0,0.0,0.0
1,1,22,0,0,0,0.0,0.0,0.0,1.0,0.0,0.0
1,0,22,1,0,0,0.0,0.0,0.0,1.0,0.0,0.0
0,0,22,1,1,0,0.0,0.0,0.0,0.0,0.0,0.0
0,0,22,0,0,0,0.0,0.0,0.0,1.0,0.0,0.0
0,0,22,0,1,0,0.0,0.0,0.0,0.0,0.0,0.0
0,0,22,2,4,0,0.0,0.0,0.0,1.0,0.0,0.0
1,0,22,1,0,1,0.0,0.0,0.0,1.0,0.0,0.0
0,0,22,0,0,0,0.0,0.0,0.0,0.0,0.0,1.0
1,0,22,0,0,1,0.0,0.0,0.0,0.0,0.0,0.0
1,0,22,1,0,0,0.0,0.0,0.0,1.0,0.0,0.0
1,0,22,0,2,0,0.0,0.0,0.0,0.0,0.0,0.0
0,0,22,0,0,0,0.0,0.0,0.0,0.0,0.0,0.0
0,0,22,1,0,1,0.0,0.0,0.0,0.0,0.0,1.0
0,0,22,0,0,0,0.0,0.0,0.0,1.0,0.0,0.0
0,1,22,1,0,0,0.0,0.0,0.0,1.0,0.0,0.0
0,0,22,0,0,1,0.0,0.0,0.0,1.0,0.0,0.0
1,0,22,1,1,0,0.0,0.0,0.0,1.0,0.0,0.0
0,0,22,0,0,0,0.0,0.0,0.0,0.0,0.0,0.0
0,0,22,2,0,0,0.0,0.0,0.0,1.0,0.0,0.0
0,0,22,0,2,0,0.0,0.0,0.0,0.0,0.0,0.0
0,1,22,2,0,0,0.0,0.0,0.0,1.0,0.0,0.0
0,1,22,0,0,0,0.0,0.0,0.0,1.0,0.0,0.0
0,0,22,0,0,1,0.0,0.0,0.0,0.0,1.0,0.0
1,0,22,1,0,1,0.0,0.0,0.0,1.0,0.0,0.0
0,1,22,2,2,0,0.0,0.0,0.0,0.0,0.0,0.0
1,0,22,2,0,1,0.0,0.0,0.0,1.0,0.0,0.0
0,0,22,0,0,0,0.0,0.0,0.0,0.0,0.0,0.0
0,1,22,0,0,1,0.0,0.0,0.0,0.0,1.0,0.0
1,0,22,0,0,0,0.0,0.0,0.0,0.0,1.0,0.0
0,1,22,0,0,1,0.0,0.0,0.0,0.0,0.0,0.0
1,0,22,2,1,0,0.0,0.0,0.0,1.0,0.0,0.0
1,0,22,1,0,1,0.0,0.0,0.0,0.0,1.0,0.0
0,0,22,1,0,0,0.0,0.0,0.0,0.0,1.0,0.0
0,0,22,0,1,1,0.0,0.0,0.0,0.0,1.0,0.0
1,0,22,2,0,0,0.0,0.0,0.0,0.0,0.0,0.0
1,0,22,6,0,0,0.0,0.0,0.0,0.0,0.0,0.0
1,0,22,2,0,1,0.0,0.0,0.0,0.0,0.0,0.0
0,0,22,4,0,1,0.0,0.0,0.0,1.0,0.0,0.0
0,0,22,0,0,1,0.0,0.0,0.0,1.0,0.0,0.0
0,1,22,0,0,1,0.0,0.0,0.0,0.0,0.0,0.0
0,1,22,0,0,0,0.0,0.0,0.0,1.0,0.0,0.0
1,0,22,0,0,0,0.0,0.0,0.0,1.0,0.0,0.0
0,0,22,1,0,0,0.0,0.0,0.0,1.0,0.0,0.0
1,0,22,5,0,1,0.0,0.0,0.0,1.0,0.0,0.0
0,1,22,0,0,1,0.0,0.0,0.0,0.0,0.0,0.0
1,0,22,5,0,0,0.0,0.0,0.0,1.0,0.0,0.0
1,0,22,3,1,0,0.0,0.0,0.0,1.0,0.0,0.0
1,0,22,1,0,0,0.0,0.0,0.0,1.0,0.0,0.0
1,0,22,1,1,1,0.0,0.0,0.0,1.0,0.0,0.0
1,0,22,0,0,0,0.0,0.0,0.0,1.0,0.0,0.0
0,0,22,1,0,0,0.0,0.0,0.0,1.0,0.0,0.0
0,0,22,0,0,0,0.0,0.0,0.0,0.0,1.0,0.0
0,0,22,0,0,0,0.0,0.0,0.0,1.0,0.0,0.0
1,0,22,7,4,0,0.0,0.0,0.0,1.0,0.0,0.0
1,1,22,4,0,0,0.0,0.0,0.0,1.0,0.0,0.0
0,0,22,0,0,0,0.0,0.0,0.0,1.0,0.0,0.0
0,0,22,0,0,0,0.0,0.0,0.0,1.0,0.0,0.0
0,1,22,1,0,0,0.0,0.0,0.0,1.0,0.0,0.0
0,0,22,3,0,0,0.0,0.0,0.0,1.0,0.0,0.0
0,1,22,2,0,0,0.0,0.0,0.0,1.0,0.0,0.0
1,0,22,3,2,0,0.0,0.0,0.0,1.0,0.0,0.0
0,0,22,1,1,1,0.0,0.0,0.0,1.0,0.0,0.0
1,0,22,3,0,1,0.0,0.0,0.0,0.0,0.0,0.0
0,0,22,1,0,0,0.0,0.0,0.0,0.0,0.0,0.0
1,0,22,1,0,0,0.0,0.0,0.0,1.0,0.0,0.0
1,1,22,2,0,0,0.0,0.0,0.0,0.0,0.0,0.0
0,0,22,0,0,0,0.0,0.0,0.0,0.0,0.0,0.0
0,1,22,2,1,0,0.0,0.0,0.0,1.0,0.0,0.0
1,1,22,2,0,0,0.0,0.0,0.0,0.0,1.0,0.0
0,0,22,1,0,1,0.0,0.0,0.0,0.0,0.0,0.0
0,1,22,0,0,0,0.0,0.0,0.0,1.0,0.0,0.0
0,0,22,0,0,1,0.0,0.0,0.0,1.0,0.0,0.0
0,0,22,1,0,0,0.0,0.0,0.0,1.0,0.0,0.0
0,0,22,2,0,0,0.0,0.0,0.0,1.0,0.0,0.0
0,0,22,0,0,0,0.0,0.0,0.0,1.0,0.0,0.0
0,0,22,0,0,0,0.0,0.0,0.0,1.0,0.0,0.0
1,0,22,0,2,0,0.0,0.0,0.0,1.0,0.0,0.0
1,0,22,1,1,1,0.0,0.0,0.0,1.0,0.0,0.0
1,0,22,0,0,0,0.0,0.0,0.0,1.0,0.0,0.0
1,0,22,1,0,0,0.0,0.0,0.0,1.0,0.0,0.0
0,0,22,0,0,0,0.0,0.0,0.0,0.0,1.0,0.0
0,1,22,1,0,0,0.0,0.0,0.0,0.0,0.0,0.0
1,0,22,3,0,1,0.0,0.0,0.0,1.0,0.0,0.0
1,0,22,1,3,0,0.0,0.0,0.0,0.0,0.0,0.0
0,0,22,0,0,0,0.0,0.0,0.0,0.0,0.0,0.0
1,1,22,2,1,1,0.0,0.0,0.0,1.0,0.0,0.0
0,0,22,0,0,0,0.0,0.0,0.0,1.0,0.0,0.0
1,0,22,3,2,1,0.0,0.0,0.0,1.0,0.0,0.0
0,0,22,3,3,0,0.0,0.0,0.0,1.0,0.0,0.0
1,0,22,6,4,0,0.0,0.0,0.0,1.0,0.0,0.0
1,0,22,0,0,0,0.0,0.0,0.0,1.0,0.0,0.0
1,0,22,1,0,0,0.0,0.0,0.0,0.0,0.0,0.0
0,0,22,0,0,1,0.0,0.0,0.0,1.0,0.0,0.0
0,1,22,0,0,0,0.0,0.0,0.0,1.0,0.0,0.0
0,0,22,3,1,0,0.0,0.0,0.0,1.0,0.0,0.0
1,0,22,1,0,0,0.0,0.0,0.0,1.0,0.0,0.0
0,1,22,1,0,0,0.0,0.0,0.0,0.0,1.0,0.0
0,0,22,0,1,0,0.0,0.0,0.0,1.0,0.0,0.0
1,0,22,1,0,0,0.0,0.0,0.0,1.0,0.0,0.0
1,0,22,1,0,0,0.0,0.0,1.0,1.0,0.0,0.0
1,1,22,0,0,1,0.0,0.0,0.0,1.0,0.0,0.0
1,0,22,1,2,0,0.0,0.0,0.0,0.0,0.0,0.0
0,1,22,0,0,1,0.0,0.0,0.0,1.0,0.0,0.0
1,0,22,1,0,0,0.0,0.0,0.0,1.0,0.0,0.0
1,0,22,1,0,0,0.0,0.0,0.0,1.0,0.0,0.0
1,0,22,13,1,0,0.0,0.0,0.0,1.0,0.0,0.0
0,1,22,1,0,1,0.0,0.0,0.0,1.0,0.0,0.0
1,0,22,0,0,0,0.0,0.0,0.0,0.0,1.0,0.0
0,0,22,0,0,0,0.0,0.0,0.0,0.0,0.0,0.0
0,0,22,2,0,0,0.0,0.0,0.0,1.0,0.0,0.0
1,0,22,2,1,0,0.0,0.0,0.0,1.0,0.0,0.0
0,1,22,1,1,1,0.0,0.0,0.0,0.0,0.0,0.0
1,0,22,2,0,0,0.0,0.0,0.0,1.0,0.0,0.0
1,0,22,3,1,0,0.0,0.0,0.0,1.0,0.0,0.0
1,0,22,1,1,0,0.0,0.0,0.0,1.0,0.0,0.0
0,0,22,0,3,1,0.0,0.0,0.0,0.0,0.0,0.0
1,0,22,0,1,0,0.0,0.0,0.0,1.0,0.0,0.0
1,0,22,2,0,1,0.0,0.0,0.0,0.0,0.0,0.0
0,0,22,0,0,0,0.0,0.0,0.0,0.0,0.0,0.0
1,0,22,0,0,0,0.0,0.0,0.0,1.0,0.0,0.0
1,0,22,1,0,0,0.0,0.0,0.0,0.0,1.0,0.0
0,1,22,0,0,1,0.0,0.0,0.0,0.0,0.0,0.0
1,0,22,0,0,0,0.0,0.0,0.0,1.0,0.0,0.0
0,0,22,0,0,1,0.0,0.0,0.0,0.0,1.0,0.0
1,0,22,4,0,0,0.0,0.0,0.0,1.0,0.0,0.0
1,0,22,1,0,1,0.0,0.0,0.0,1.0,0.0,0.0
1,0,22,2,0,1,0.0,0.0,0.0,1.0,0.0,0.0
0,1,22,0,0,1,0.0,0.0,0.0,0.0,1.0,0.0
1,0,22,0,1,1,0.0,0.0,0.0,0.0,0.0,0.0
0,0,22,0,0,0,0.0,0.0,0.0,1.0,0.0,0.0
1,0,22,0,0,1,0.0,0.0,0.0,1.0,0.0,0.0
0,0,22,0,0,1,0.0,0.0,0.0,1.0,0.0,0.0
0,0,22,0,0,0,0.0,0.0,0.0,0.0,0.0,0.0
0,0,22,1,0,0,0.0,0.0,0.0,0.0,0.0,0.0
1,0,22,2,0,0,0.0,0.0,0.0,1.0,0.0,0.0
1,0,22,2,0,0,0.0,0.0,0.0,1.0,0.0,0.0
1,0,22,2,0,1,0.0,0.0,0.0,0.0,0.0,0.0
1,0,22,3,0,0,0.0,0.0,0.0,0.0,0.0,0.0
0,0,22,1,3,0,0.0,0.0,0.0,1.0,0.0,0.0
1,0,22,2,1,0,0.0,0.0,0.0,0.0,0.0,0.0
0,0,22,2,0,0,0.0,0.0,0.0,0.0,0.0,0.0
0,0,22,2,0,0,0.0,0.0,1.0,0.0,1.0,0.0
0,1,22,2,0,0,0.0,0.0,0.0,0.0,0.0,0.0
0,1,22,0,0,0,0.0,0.0,0.0,1.0,0.0,0.0
1,0,22,1,0,0,0.0,0.0,0.0,1.0,0.0,0.0
1,0,22,3,0,0,0.0,0.0,0.0,1.0,0.0,0.0
0,0,22,0,0,1,0.0,0.0,0.0,1.0,0.0,0.0
1,0,22,1,0,0,0.0,0.0,0.0,1.0,0.0,0.0
0,0,22,0,1,0,0.0,0.0,0.0,0.0,0.0,1.0
1,0,22,1,0,1,0.0,0.0,0.0,1.0,0.0,0.0
0,0,22,0,0,0,0.0,0.0,0.0,0.0,0.0,0.0
1,0,22,2,1,0,0.0,0.0,0.0,1.0,0.0,0.0
1,0,22,0,0,1,0.0,0.0,0.0,1.0,0.0,0.0
0,0,22,1,0,0,0.0,0.0,0.0,1.0,0.0,0.0
1,0,22,3,2,0,0.0,0.0,0.0,0.0,0.0,0.0
1,0,22,1,1,0,0.0,0.0,0.0,0.0,0.0,0.0
1,0,22,5,0,0,0.0,0.0,0.0,0.0,0.0,1.0
0,0,22,3,1,0,0.0,0.0,0.0,1.0,0.0,0.0
0,0,22,1,0,0,0.0,0.0,0.0,1.0,0.0,0.0
1,0,22,1,0,0,0.0,0.0,0.0,0.0,0.0,0.0
1,0,22,0,0,0,0.0,0.0,0.0,1.0,0.0,0.0
1,0,22,0,0,0,0.0,0.0,0.0,1.0,0.0,0.0
1,0,22,2,3,0,0.0,0.0,0.0,1.0,0.0,0.0
0,1,22,3,1,1,0.0,0.0,0.0,1.0,0.0,0.0
1,0,22,0,0,0,0.0,0.0,0.0,1.0,0.0,0.0
0,0,22,0,0,0,0.0,0.0,0.0,1.0,0.0,0.0
0,0,22,1,1,0,0.0,0.0,0.0,0.0,0.0,0.0
0,0,22,0,0,0,0.0,0.0,0.0,1.0,0.0,0.0
1,0,22,1,1,1,0.0,0.0,0.0,0.0,0.0,0.0
0,0,22,0,1,0,0.0,0.0,0.0,0.0,1.0,0.0
1,0,22,0,0,1,0.0,0.0,0.0,0.0,0.0,0.0
1,1,22,0,0,0,0.0,0.0,0.0,0.0,0.0,0.0
1,0,21,1,0,1,0.0,0.0,0.0,0.0,1.0,0.0
0,0,21,0,0,1,0.0,0.0,0.0,1.0,0.0,0.0
1,0,21,7,1,0,0.0,0.0,0.0,1.0,0.0,0.0
0,1,21,1,0,1,0.0,0.0,0.0,0.0,0.0,0.0
1,0,21,1,0,0,0.0,0.0,0.0,1.0,0.0,0.0
0,0,21,0,0,0,0.0,0.0,0.0,1.0,0.0,0.0
0,0,21,1,0,1,0.0,0.0,0.0,1.0,0.0,0.0
1,1,21,0,0,0,0.0,0.0,0.0,1.0,0.0,0.0
0,0,21,1,0,1,0.0,0.0,0.0,1.0,0.0,0.0
1,0,21,1,0,0,0.0,0.0,0.0,0.0,0.0,0.0
0,0,21,1,0,0,0.0,0.0,0.0,0.0,0.0,0.0
0,0,21,0,0,0,0.0,0.0,0.0,1.0,0.0,0.0
1,0,21,0,0,0,0.0,0.0,0.0,1.0,0.0,0.0
0,0,21,1,0,0,0.0,0.0,0.0,1.0,0.0,0.0
0,0,21,2,0,0,0.0,0.0,0.0,0.0,0.0,0.0
0,0,21,1,0,0,0.0,0.0,0.0,0.0,0.0,0.0
1,0,21,2,0,0,0.0,0.0,0.0,1.0,0.0,0.0
0,0,21,0,0,0,0.0,0.0,0.0,1.0,0.0,0.0
0,0,21,1,3,0,0.0,0.0,0.0,0.0,1.0,0.0
1,0,21,3,3,0,0.0,0.0,0.0,0.0,0.0,0.0
1,0,21,1,0,0,0.0,0.0,0.0,1.0,0.0,0.0
0,0,21,1,0,0,0.0,0.0,0.0,1.0,0.0,0.0
0,0,21,0,0,0,0.0,0.0,0.0,1.0,0.0,0.0
1,0,21,1,0,0,0.0,0.0,0.0,0.0,0.0,0.0
1,0,21,0,0,1,0.0,0.0,0.0,1.0,0.0,0.0
1,0,21,0,0,1,0.0,0.0,0.0,1.0,0.0,0.0
0,0,21,1,0,0,0.0,0.0,0.0,1.0,0.0,0.0
1,0,21,0,0,0,0.0,0.0,0.0,1.0,0.0,0.0
0,0,21,0,0,0,0.0,0.0,0.0,0.0,0.0,1.0
1,0,21,3,0,0,0.0,0.0,0.0,1.0,0.0,0.0
0,0,21,0,0,1,0.0,0.0,0.0,0.0,0.0,1.0
0,0,21,0,0,0,0.0,0.0,0.0,1.0,0.0,0.0
0,0,21,1,0,0,0.0,0.0,0.0,0.0,0.0,0.0
1,0,21,0,0,0,0.0,0.0,0.0,0.0,0.0,0.0
0,1,21,0,0,0,0.0,0.0,0.0,1.0,0.0,0.0
1,0,21,0,0,0,0.0,0.0,0.0,0.0,0.0,0.0
1,0,21,0,0,1,0.0,0.0,0.0,1.0,0.0,0.0
0,0,21,0,0,0,0.0,0.0,0.0,0.0,1.0,0.0
0,0,21,1,0,0,0.0,0.0,0.0,1.0,0.0,0.0
0,0,21,1,0,0,0.0,0.0,0.0,1.0,0.0,0.0
1,0,21,0,0,0,0.0,0.0,0.0,1.0,0.0,0.0
0,0,21,0,0,0,0.0,0.0,0.0,1.0,0.0,0.0
0,0,21,2,0,0,0.0,0.0,0.0,0.0,0.0,0.0
1,0,21,0,0,0,0.0,0.0,0.0,0.0,0.0,1.0
1,0,21,3,2,1,0.0,0.0,0.0,1.0,0.0,0.0
0,1,21,3,5,0,0.0,0.0,0.0,1.0,0.0,0.0
1,1,21,0,0,0,0.0,0.0,0.0,1.0,0.0,0.0
0,0,21,0,0,0,0.0,0.0,0.0,0.0,1.0,0.0
0,0,21,1,0,0,0.0,0.0,0.0,1.0,0.0,0.0
1,0,21,0,0,1,0.0,0.0,0.0,0.0,0.0,0.0
1,0,21,1,2,0,0.0,0.0,0.0,1.0,0.0,0.0
0,0,21,0,1,1,0.0,0.0,0.0,0.0,0.0,0.0
1,1,21,4,4,1,0.0,0.0,0.0,1.0,0.0,0.0
1,0,21,0,0,0,0.0,0.0,1.0,1.0,0.0,0.0
0,1,21,0,0,1,0.0,0.0,0.0,1.0,0.0,0.0
0,1,21,0,0,1,0.0,0.0,0.0,1.0,0.0,0.0
0,0,21,0,0,0,0.0,0.0,0.0,1.0,0.0,0.0
0,0,21,1,3,0,0.0,0.0,0.0,0.0,0.0,0.0
1,0,21,0,0,0,0.0,0.0,0.0,1.0,0.0,0.0
0,0,21,1,0,0,0.0,0.0,0.0,0.0,0.0,0.0
0,0,21,1,0,0,0.0,0.0,0.0,1.0,0.0,0.0
0,0,21,0,0,0,0.0,0.0,0.0,1.0,0.0,0.0
0,0,21,0,0,0,0.0,0.0,0.0,0.0,1.0,0.0
0,0,21,3,0,1,0.0,0.0,0.0,0.0,0.0,0.0
0,0,21,1,0,0,0.0,0.0,0.0,0.0,0.0,1.0
0,0,21,1,2,1,0.0,0.0,0.0,0.0,0.0,0.0
0,0,21,1,0,0,0.0,0.0,0.0,1.0,0.0,0.0
1,0,21,0,0,0,0.0,0.0,0.0,0.0,0.0,0.0
1,0,21,2,0,0,0.0,0.0,0.0,1.0,0.0,0.0
0,0,21,1,0,0,0.0,0.0,0.0,1.0,0.0,0.0
1,0,21,1,0,0,0.0,0.0,0.0,1.0,0.0,0.0
1,1,21,0,0,0,0.0,0.0,0.0,1.0,0.0,0.0
0,1,21,2,0,0,0.0,0.0,0.0,1.0,0.0,0.0
1,0,21,0,1,0,0.0,0.0,0.0,0.0,0.0,1.0
0,0,21,0,0,0,0.0,0.0,0.0,0.0,0.0,0.0
0,1,21,0,0,1,0.0,0.0,0.0,1.0,0.0,0.0
0,0,21,0,0,1,0.0,0.0,0.0,1.0,0.0,0.0
0,0,21,1,0,0,0.0,0.0,0.0,1.0,0.0,0.0
1,0,21,1,0,0,0.0,0.0,0.0,0.0,0.0,0.0
0,0,21,1,1,1,0.0,0.0,0.0,1.0,0.0,0.0
1,0,21,3,3,0,0.0,0.0,0.0,1.0,0.0,0.0
1,0,21,0,0,0,0.0,0.0,0.0,1.0,0.0,0.0
0,0,21,0,0,0,0.0,0.0,0.0,0.0,0.0,0.0
1,0,21,2,1,1,0.0,0.0,0.0,1.0,0.0,0.0
1,0,21,0,0,1,0.0,0.0,0.0,0.0,1.0,0.0
0,0,21,0,0,0,0.0,0.0,0.0,1.0,0.0,0.0
1,0,21,0,0,0,0.0,0.0,0.0,1.0,0.0,0.0
0,1,21,0,0,0,0.0,0.0,0.0,0.0,0.0,0.0
0,1,21,2,0,1,0.0,0.0,0.0,1.0,0.0,0.0
0,0,21,0,0,0,0.0,0.0,0.0,0.0,0.0,1.0
0,1,21,0,0,0,0.0,0.0,0.0,1.0,0.0,0.0
0,0,21,0,0,1,0.0,0.0,0.0,0.0,0.0,0.0
1,0,21,0,1,0,0.0,0.0,0.0,1.0,0.0,0.0
1,0,21,4,1,0,0.0,0.0,0.0,0.0,1.0,0.0
1,0,21,0,0,1,0.0,0.0,0.0,1.0,0.0,0.0
1,0,21,1,0,0,0.0,0.0,0.0,0.0,0.0,1.0
1,0,21,0,0,0,0.0,0.0,0.0,0.0,0.0,0.0
0,0,21,1,0,0,0.0,0.0,0.0,0.0,0.0,0.0
1,0,21,1,1,0,0.0,0.0,0.0,0.0,1.0,0.0
1,0,21,0,0,0,0.0,0.0,0.0,1.0,0.0,0.0
0,0,21,1,0,0,0.0,0.0,0.0,0.0,0.0,0.0
1,0,21,0,0,0,0.0,0.0,0.0,0.0,0.0,1.0
0,0,21,1,0,0,0.0,0.0,0.0,0.0,0.0,0.0
1,1,21,0,0,0,0.0,0.0,0.0,1.0,0.0,0.0
1,0,21,1,0,0,0.0,0.0,0.0,1.0,0.0,0.0
1,0,21,1,0,0,0.0,0.0,0.0,1.0,0.0,0.0
1,0,21,1,0,0,0.0,0.0,0.0,0.0,0.0,1.0
1,0,21,0,0,0,0.0,0.0,0.0,1.0,0.0,0.0
1,0,21,1,0,0,0.0,0.0,0.0,1.0,0.0,0.0
1,1,21,2,0,0,0.0,0.0,0.0,1.0,0.0,0.0
0,0,21,0,0,0,0.0,0.0,0.0,1.0,0.0,0.0
0,0,21,0,0,1,0.0,0.0,0.0,0.0,1.0,0.0
0,1,21,0,0,0,0.0,0.0,0.0,1.0,0.0,0.0
1,0,21,0,0,0,0.0,0.0,0.0,0.0,0.0,0.0
1,0,21,2,0,0,0.0,0.0,0.0,1.0,0.0,0.0
1,0,21,0,0,0,0.0,0.0,0.0,1.0,0.0,0.0
0,0,21,0,0,0,0.0,0.0,0.0,1.0,0.0,0.0
0,0,21,4,0,0,0.0,0.0,0.0,1.0,0.0,0.0
1,0,21,1,0,1,0.0,0.0,0.0,0.0,0.0,0.0
0,0,21,0,0,1,0.0,0.0,0.0,1.0,0.0,0.0
1,0,21,0,0,1,0.0,0.0,0.0,0.0,1.0,0.0
0,0,21,0,0,0,0.0,0.0,1.0,1.0,0.0,0.0
0,1,21,0,2,0,0.0,0.0,1.0,0.0,0.0,0.0
0,0,21,1,0,0,0.0,0.0,0.0,1.0,0.0,0.0
0,0,21,0,0,1,0.0,0.0,0.0,1.0,0.0,0.0
1,0,21,1,0,0,0.0,0.0,0.0,1.0,0.0,0.0
0,1,21,0,0,1,0.0,0.0,1.0,1.0,0.0,0.0
0,0,21,0,0,0,0.0,0.0,0.0,1.0,0.0,0.0
1,0,21,1,0,0,0.0,0.0,0.0,1.0,0.0,0.0
0,1,21,0,0,0,0.0,0.0,0.0,0.0,0.0,0.0
0,0,21,1,0,0,0.0,0.0,0.0,1.0,0.0,0.0
0,0,21,0,0,0,0.0,0.0,0.0,1.0,0.0,0.0
0,1,21,0,0,1,0.0,0.0,0.0,0.0,0.0,1.0
0,0,21,0,0,0,0.0,0.0,0.0,1.0,0.0,0.0
0,0,21,1,1,1,0.0,0.0,0.0,0.0,0.0,0.0
1,0,21,0,0,0,0.0,0.0,0.0,1.0,0.0,0.0
1,0,21,0,1,0,0.0,0.0,0.0,1.0,0.0,0.0
1,1,21,2,0,0,0.0,0.0,0.0,0.0,0.0,1.0
1,0,21,0,1,0,0.0,0.0,0.0,1.0,0.0,0.0
1,0,21,1,0,0,0.0,0.0,0.0,1.0,0.0,0.0
1,0,21,0,0,0,0.0,0.0,0.0,0.0,0.0,0.0
1,0,21,2,3,0,0.0,0.0,0.0,1.0,0.0,0.0
1,0,21,0,0,0,0.0,0.0,0.0,1.0,0.0,0.0
0,1,21,2,1,0,0.0,0.0,0.0,1.0,0.0,0.0
0,0,21,0,0,0,0.0,0.0,0.0,1.0,0.0,0.0
0,0,21,1,0,0,0.0,0.0,0.0,0.0,0.0,0.0
1,0,21,3,0,0,0.0,0.0,0.0,1.0,0.0,0.0
0,0,21,0,0,1,0.0,0.0,0.0,1.0,0.0,0.0
0,0,21,2,4,1,0.0,0.0,1.0,0.0,0.0,0.0
1,0,21,0,0,0,0.0,0.0,0.0,1.0,0.0,0.0
1,1,21,0,0,1,0.0,0.0,0.0,0.0,0.0,0.0
0,0,21,0,1,1,0.0,0.0,0.0,0.0,0.0,0.0
1,0,21,1,2,0,0.0,0.0,0.0,1.0,0.0,0.0
1,0,21,0,0,0,0.0,0.0,0.0,1.0,0.0,0.0
1,1,21,0,1,1,0.0,0.0,0.0,0.0,1.0,0.0
1,0,21,0,3,0,0.0,0.0,0.0,1.0,0.0,0.0
0,1,21,0,0,0,0.0,0.0,0.0,0.0,0.0,0.0
1,0,21,1,1,0,0.0,0.0,0.0,1.0,0.0,0.0
0,1,21,0,0,1,0.0,0.0,0.0,1.0,0.0,0.0
1,0,21,3,0,0,0.0,0.0,0.0,1.0,0.0,0.0
1,0,21,1,1,0,0.0,0.0,0.0,0.0,0.0,0.0
1,0,21,0,0,1,0.0,0.0,0.0,1.0,0.0,0.0
0,0,21,1,1,0,0.0,0.0,0.0,1.0,0.0,0.0
1,0,21,1,1,0,0.0,0.0,0.0,0.0,0.0,0.0
1,0,21,0,0,1,0.0,0.0,0.0,0.0,0.0,0.0
0,0,21,1,1,0,0.0,0.0,0.0,1.0,0.0,0.0
1,0,21,1,0,0,0.0,0.0,0.0,1.0,0.0,0.0
1,0,21,0,0,0,0.0,0.0,0.0,0.0,1.0,0.0
1,0,21,2,0,1,0.0,0.0,0.0,1.0,0.0,0.0
0,0,21,1,0,0,0.0,0.0,0.0,0.0,0.0,0.0
1,0,21,0,0,0,0.0,0.0,0.0,0.0,1.0,0.0
1,0,21,1,0,0,0.0,0.0,0.0,1.0,0.0,0.0
1,0,21,0,0,0,0.0,0.0,0.0,1.0,0.0,0.0
1,0,21,1,0,0,0.0,0.0,0.0,1.0,0.0,0.0
0,1,21,1,0,0,0.0,0.0,0.0,1.0,0.0,0.0
0,0,21,0,0,0,0.0,0.0,0.0,0.0,1.0,0.0
0,0,21,0,0,0,0.0,0.0,0.0,1.0,0.0,0.0
0,0,21,0,0,1,0.0,0.0,0.0,0.0,0.0,0.0
0,0,21,0,1,0,0.0,0.0,0.0,1.0,0.0,0.0
1,0,21,1,1,1,0.0,0.0,0.0,1.0,0.0,0.0
1,0,21,3,0,0,0.0,0.0,0.0,1.0,0.0,0.0
1,0,21,1,3,0,0.0,0.0,0.0,1.0,0.0,0.0
0,0,21,0,0,0,0.0,0.0,0.0,0.0,0.0,0.0
1,0,21,1,0,0,0.0,0.0,0.0,1.0,0.0,0.0
1,1,21,1,1,0,0.0,0.0,0.0,1.0,0.0,0.0
1,1,21,1,0,1,0.0,0.0,0.0,1.0,0.0,0.0
0,0,21,2,0,0,0.0,0.0,0.0,1.0,0.0,0.0
1,0,21,0,0,0,0.0,0.0,0.0,1.0,0.0,0.0
1,0,21,0,0,0,0.0,0.0,0.0,1.0,0.0,0.0
1,0,21,0,0,0,0.0,0.0,0.0,0.0,1.0,0.0
1,0,21,0,0,1,0.0,0.0,0.0,1.0,0.0,0.0
0,0,21,1,0,0,0.0,0.0,0.0,0.0,0.0,0.0
0,0,21,0,0,0,0.0,0.0,0.0,0.0,1.0,0.0
1,0,21,0,1,1,0.0,0.0,0.0,0.0,0.0,1.0
1,0,21,4,1,1,0.0,0.0,0.0,0.0,0.0,0.0
0,0,21,0,0,1,0.0,0.0,0.0,1.0,0.0,0.0
0,1,21,1,0,0,0.0,0.0,0.0,0.0,0.0,0.0
1,0,21,0,1,0,0.0,0.0,0.0,1.0,0.0,0.0
1,0,21,0,0,0,0.0,0.0,0.0,0.0,0.0,1.0
0,0,21,0,0,1,0.0,0.0,0.0,0.0,0.0,0.0
0,0,21,0,0,0,0.0,0.0,0.0,0.0,0.0,0.0
0,0,21,2,2,0,0.0,0.0,0.0,1.0,0.0,0.0
1,0,21,1,1,0,0.0,0.0,0.0,1.0,0.0,0.0
0,0,21,1,0,1,0.0,0.0,0.0,1.0,0.0,0.0
1,0,21,0,1,1,0.0,0.0,0.0,1.0,0.0,0.0
0,1,21,0,0,1,0.0,0.0,0.0,0.0,0.0,0.0
1,0,21,0,2,0,0.0,0.0,0.0,0.0,1.0,0.0
0,0,21,0,0,0,0.0,0.0,0.0,0.0,1.0,0.0
1,0,21,4,4,0,0.0,0.0,0.0,1.0,0.0,0.0
0,0,21,2,1,0,0.0,0.0,0.0,1.0,0.0,0.0
0,0,21,3,1,0,0.0,0.0,0.0,0.0,1.0,0.0
0,0,21,0,0,0,0.0,0.0,0.0,0.0,0.0,1.0
0,0,21,1,0,0,0.0,0.0,0.0,1.0,0.0,0.0
0,1,21,2,1,0,0.0,0.0,0.0,1.0,0.0,0.0
0,0,21,1,1,0,0.0,0.0,0.0,1.0,0.0,0.0
1,0,21,2,4,1,0.0,0.0,0.0,0.0,0.0,0.0
0,0,21,0,0,0,0.0,0.0,0.0,1.0,0.0,0.0
0,0,21,0,0,0,0.0,0.0,0.0,0.0,0.0,1.0
0,0,21,1,1,0,0.0,0.0,0.0,1.0,0.0,0.0
0,0,21,1,0,0,0.0,0.0,0.0,0.0,0.0,0.0
0,0,21,0,0,0,0.0,0.0,0.0,1.0,0.0,0.0
0,0,21,1,0,0,0.0,0.0,0.0,0.0,1.0,0.0
0,0,21,0,1,0,0.0,0.0,0.0,1.0,0.0,0.0
1,0,21,2,1,0,0.0,0.0,0.0,0.0,1.0,0.0
0,0,21,0,0,0,0.0,0.0,0.0,1.0,0.0,0.0
0,0,21,2,1,0,0.0,0.0,0.0,1.0,0.0,0.0
1,0,21,1,2,0,0.0,0.0,0.0,0.0,0.0,0.0
1,1,21,0,0,0,0.0,0.0,0.0,1.0,0.0,0.0
0,0,21,0,0,1,0.0,0.0,0.0,0.0,0.0,1.0
1,0,21,0,0,1,0.0,0.0,1.0,0.0,0.0,0.0
1,0,21,2,4,0,0.0,0.0,0.0,1.0,0.0,0.0
0,1,21,1,0,0,0.0,0.0,0.0,0.0,0.0,0.0
0,0,21,1,2,0,0.0,0.0,0.0,0.0,1.0,0.0
1,0,21,2,1,0,0.0,0.0,0.0,1.0,0.0,0.0
1,0,21,2,0,0,0.0,0.0,0.0,1.0,0.0,0.0
1,1,21,3,4,1,0.0,0.0,0.0,0.0,0.0,0.0
1,0,21,0,0,0,0.0,0.0,0.0,1.0,0.0,0.0
0,0,21,1,1,0,0.0,0.0,0.0,0.0,0.0,1.0
1,0,21,2,9,0,0.0,0.0,0.0,0.0,0.0,0.0
0,0,21,1,0,0,0.0,0.0,0.0,1.0,0.0,0.0
1,1,21,0,1,1,0.0,0.0,0.0,0.0,0.0,0.0
1,0,21,2,2,1,0.0,0.0,0.0,1.0,0.0,0.0
1,0,21,1,1,0,0.0,0.0,0.0,1.0,0.0,0.0
0,0,21,0,0,1,0.0,0.0,0.0,1.0,0.0,0.0
0,0,21,0,0,0,0.0,0.0,0.0,1.0,0.0,0.0
0,0,21,0,0,0,0.0,0.0,0.0,0.0,0.0,0.0
1,0,21,0,0,0,0.0,0.0,0.0,1.0,0.0,0.0
0,0,21,2,2,0,0.0,0.0,0.0,1.0,0.0,0.0
1,0,21,0,0,0,0.0,0.0,0.0,0.0,0.0,0.0
1,0,21,0,0,0,0.0,0.0,0.0,1.0,0.0,0.0
0,0,21,0,0,1,0.0,0.0,0.0,1.0,0.0,0.0
0,1,21,0,0,0,0.0,0.0,0.0,0.0,0.0,0.0
0,0,21,1,1,0,0.0,0.0,0.0,1.0,0.0,0.0
1,1,21,0,0,0,0.0,0.0,0.0,1.0,0.0,0.0
1,0,21,1,0,1,0.0,0.0,0.0,1.0,0.0,0.0
1,0,21,1,1,0,0.0,0.0,1.0,0.0,1.0,0.0
0,0,21,0,0,0,0.0,0.0,0.0,1.0,0.0,0.0
1,0,21,3,2,0,0.0,0.0,0.0,1.0,0.0,0.0
1,0,21,3,5,0,0.0,0.0,0.0,1.0,0.0,0.0
1,0,21,0,0,0,0.0,0.0,0.0,1.0,0.0,0.0
0,0,21,0,0,1,0.0,0.0,0.0,0.0,1.0,0.0
1,0,21,1,1,0,0.0,0.0,0.0,0.0,1.0,0.0
1,0,21,0,0,1,0.0,0.0,0.0,0.0,0.0,0.0
0,1,21,0,0,0,0.0,0.0,0.0,1.0,0.0,0.0
1,0,21,0,0,0,0.0,0.0,0.0,0.0,0.0,1.0
1,0,21,4,0,0,0.0,0.0,0.0,1.0,0.0,0.0
1,0,21,0,0,0,0.0,0.0,0.0,0.0,0.0,1.0
1,0,21,0,0,0,0.0,0.0,0.0,0.0,1.0,0.0
0,0,21,1,3,0,0.0,0.0,0.0,1.0,0.0,0.0
0,0,21,1,0,0,0.0,0.0,0.0,1.0,0.0,0.0
0,0,20,0,0,0,0.0,0.0,0.0,1.0,0.0,0.0
1,0,20,0,0,1,0.0,0.0,0.0,0.0,0.0,0.0
0,0,20,0,0,0,0.0,0.0,0.0,0.0,0.0,0.0
1,0,20,1,1,0,0.0,0.0,0.0,1.0,0.0,0.0
1,0,20,1,1,0,0.0,0.0,0.0,0.0,0.0,0.0
0,0,20,0,0,0,0.0,0.0,0.0,1.0,0.0,0.0
1,0,20,1,2,0,0.0,0.0,0.0,1.0,0.0,0.0
0,1,20,3,3,1,0.0,0.0,0.0,1.0,0.0,0.0
1,0,20,1,3,0,0.0,0.0,0.0,0.0,0.0,0.0
1,0,20,0,0,0,0.0,0.0,0.0,0.0,0.0,0.0
1,0,20,0,0,1,0.0,0.0,0.0,0.0,0.0,0.0
1,0,20,0,0,0,0.0,0.0,0.0,0.0,0.0,1.0
0,0,20,1,0,0,0.0,0.0,0.0,0.0,0.0,0.0
0,0,20,1,0,0,0.0,0.0,0.0,1.0,0.0,0.0
1,0,20,2,0,0,0.0,0.0,0.0,1.0,0.0,0.0
1,0,20,0,1,0,0.0,0.0,0.0,0.0,0.0,0.0
1,0,20,8,9,0,0.0,0.0,0.0,0.0,0.0,1.0
0,1,20,1,0,0,0.0,0.0,0.0,0.0,0.0,0.0
1,0,20,1,0,1,0.0,0.0,0.0,1.0,0.0,0.0
1,0,20,1,1,0,0.0,0.0,0.0,1.0,0.0,0.0
0,0,20,0,0,0,0.0,0.0,0.0,1.0,0.0,0.0
0,1,20,1,0,1,0.0,0.0,1.0,0.0,0.0,1.0
0,0,20,0,0,0,0.0,0.0,0.0,1.0,0.0,0.0
1,1,20,0,0,1,0.0,0.0,0.0,1.0,0.0,0.0
1,0,20,1,0,0,0.0,0.0,0.0,0.0,1.0,0.0
1,0,20,0,0,0,0.0,0.0,0.0,1.0,0.0,0.0
1,0,20,0,0,0,0.0,0.0,0.0,1.0,0.0,0.0
0,0,20,0,0,0,0.0,0.0,0.0,1.0,0.0,0.0
0,0,20,4,4,0,0.0,0.0,0.0,0.0,0.0,0.0
0,0,20,0,0,0,0.0,0.0,0.0,1.0,0.0,0.0
1,0,20,1,1,0,0.0,0.0,0.0,1.0,0.0,0.0
1,0,20,1,2,0,0.0,0.0,0.0,0.0,0.0,0.0
0,1,20,0,0,0,0.0,0.0,0.0,0.0,0.0,0.0
1,1,20,3,3,1,0.0,0.0,0.0,0.0,0.0,0.0
0,1,20,0,0,1,0.0,0.0,0.0,1.0,0.0,0.0
0,0,20,0,0,0,0.0,0.0,0.0,1.0,0.0,0.0
0,0,20,0,0,1,0.0,0.0,0.0,1.0,0.0,0.0
1,0,20,3,3,1,0.0,0.0,0.0,0.0,0.0,1.0
1,1,20,0,0,1,0.0,0.0,0.0,0.0,0.0,1.0
1,0,20,0,0,0,0.0,0.0,0.0,1.0,0.0,0.0
1,0,20,4,3,0,0.0,0.0,0.0,1.0,0.0,0.0
1,0,20,0,3,0,0.0,0.0,0.0,0.0,0.0,0.0
1,0,20,2,3,0,0.0,0.0,0.0,0.0,1.0,0.0
1,0,20,0,0,0,0.0,0.0,0.0,1.0,0.0,0.0
0,1,20,0,0,0,0.0,0.0,0.0,1.0,0.0,0.0
1,0,20,1,3,1,0.0,0.0,0.0,1.0,0.0,0.0
1,0,20,1,0,0,0.0,0.0,0.0,1.0,0.0,0.0
1,0,20,0,0,1,0.0,0.0,0.0,0.0,0.0,1.0
0,0,20,0,2,0,0.0,0.0,0.0,0.0,1.0,0.0
0,0,20,1,2,0,0.0,0.0,0.0,1.0,0.0,0.0
0,0,20,0,1,0,0.0,0.0,0.0,1.0,0.0,0.0
0,0,20,0,0,0,0.0,0.0,0.0,0.0,0.0,1.0
1,0,20,1,1,0,0.0,0.0,0.0,1.0,0.0,0.0
0,1,20,0,0,0,0.0,0.0,0.0,1.0,0.0,0.0
1,0,20,0,0,1,0.0,0.0,0.0,1.0,0.0,0.0
0,1,20,1,0,0,0.0,0.0,0.0,0.0,0.0,0.0
0,0,20,1,0,1,0.0,0.0,0.0,1.0,0.0,0.0
1,0,20,0,0,0,0.0,0.0,0.0,0.0,0.0,0.0
0,0,20,0,5,1,0.0,0.0,0.0,0.0,0.0,0.0
1,0,20,2,4,0,0.0,0.0,0.0,1.0,0.0,0.0
1,0,20,0,0,1,0.0,0.0,0.0,1.0,0.0,0.0
0,0,20,0,0,0,0.0,0.0,0.0,0.0,0.0,0.0
1,1,20,0,1,1,0.0,0.0,0.0,1.0,0.0,0.0
1,0,20,0,0,1,0.0,0.0,0.0,0.0,1.0,0.0
1,1,20,1,0,0,0.0,0.0,0.0,1.0,0.0,0.0
0,0,20,0,0,1,0.0,0.0,1.0,0.0,0.0,1.0
0,0,20,0,0,0,0.0,0.0,0.0,1.0,0.0,0.0
0,0,20,1,0,0,0.0,0.0,0.0,1.0,0.0,0.0
0,0,20,0,0,0,0.0,0.0,0.0,0.0,0.0,0.0
1,0,20,2,1,0,0.0,0.0,0.0,1.0,0.0,0.0
1,0,20,1,2,0,0.0,0.0,0.0,0.0,0.0,0.0
1,0,20,1,2,0,0.0,0.0,0.0,1.0,0.0,0.0
1,0,20,2,2,0,0.0,0.0,0.0,0.0,1.0,0.0
0,1,20,1,1,0,0.0,0.0,0.0,1.0,0.0,0.0
1,1,20,0,0,0,0.0,0.0,0.0,1.0,0.0,0.0
1,0,20,2,1,0,0.0,0.0,0.0,1.0,0.0,0.0
0,0,20,0,2,0,0.0,0.0,0.0,0.0,0.0,0.0
0,0,20,0,0,1,0.0,0.0,0.0,0.0,0.0,0.0
1,0,20,2,3,0,0.0,0.0,0.0,1.0,0.0,0.0
1,0,20,0,0,0,0.0,0.0,0.0,0.0,0.0,0.0
1,0,20,1,1,0,0.0,0.0,0.0,1.0,0.0,0.0
0,1,20,0,0,0,0.0,0.0,0.0,0.0,0.0,0.0
1,0,20,1,0,0,0.0,0.0,0.0,1.0,0.0,0.0
1,0,20,4,4,0,0.0,0.0,0.0,1.0,0.0,0.0
0,0,20,0,0,0,0.0,0.0,0.0,1.0,0.0,0.0
1,0,20,0,0,0,0.0,0.0,0.0,1.0,0.0,0.0
0,0,20,0,0,0,0.0,0.0,0.0,1.0,0.0,0.0
1,0,20,1,0,0,0.0,0.0,0.0,0.0,0.0,1.0
0,0,20,0,2,0,0.0,0.0,0.0,1.0,0.0,0.0
1,1,20,0,0,1,0.0,0.0,0.0,1.0,0.0,0.0
1,0,20,0,0,0,0.0,0.0,0.0,1.0,0.0,0.0
1,0,20,0,0,0,0.0,0.0,0.0,0.0,0.0,0.0
0,0,20,0,2,0,0.0,0.0,0.0,0.0,0.0,0.0
1,1,20,1,0,0,0.0,0.0,0.0,0.0,0.0,0.0
0,0,20,0,0,0,0.0,0.0,0.0,1.0,0.0,0.0
0,1,20,0,0,0,0.0,0.0,0.0,1.0,0.0,0.0
0,0,20,0,2,0,0.0,0.0,0.0,0.0,0.0,0.0
0,1,20,0,0,1,0.0,0.0,0.0,0.0,0.0,1.0
0,1,20,0,0,0,0.0,0.0,0.0,1.0,0.0,0.0
0,1,20,1,1,0,0.0,0.0,0.0,0.0,0.0,1.0
0,1,20,0,0,0,0.0,0.0,0.0,1.0,0.0,0.0
0,0,20,1,1,0,0.0,0.0,0.0,1.0,0.0,0.0
1,0,20,2,2,0,0.0,0.0,0.0,1.0,0.0,0.0
1,0,20,9,9,0,0.0,0.0,0.0,1.0,0.0,0.0
0,0,20,0,0,1,0.0,0.0,0.0,0.0,0.0,0.0
1,0,20,0,0,1,0.0,0.0,0.0,0.0,0.0,1.0
0,1,20,0,0,0,0.0,0.0,0.0,0.0,0.0,0.0
1,0,20,0,1,0,0.0,0.0,0.0,0.0,0.0,0.0
1,0,20,1,1,0,0.0,0.0,0.0,1.0,0.0,0.0
1,0,20,1,2,0,0.0,0.0,0.0,1.0,0.0,0.0
1,0,20,0,0,0,0.0,0.0,0.0,1.0,0.0,0.0
0,1,20,0,0,0,0.0,0.0,0.0,1.0,0.0,0.0
1,0,20,1,1,0,0.0,0.0,0.0,0.0,1.0,0.0
1,0,20,1,1,0,0.0,0.0,0.0,1.0,0.0,0.0
1,0,20,1,1,0,0.0,0.0,0.0,0.0,0.0,0.0
1,0,20,0,0,1,0.0,0.0,0.0,1.0,0.0,0.0
1,0,20,6,7,0,0.0,0.0,0.0,1.0,0.0,0.0
0,0,20,1,1,0,0.0,0.0,0.0,1.0,0.0,0.0
1,1,19,1,2,1,0.0,0.0,0.0,0.0,0.0,0.0
0,0,19,1,1,0,0.0,0.0,0.0,0.0,1.0,0.0
1,0,19,2,3,0,0.0,0.0,0.0,1.0,0.0,0.0
1,0,19,1,1,0,0.0,0.0,0.0,1.0,0.0,0.0
1,0,19,3,3,0,0.0,0.0,0.0,1.0,0.0,0.0
1,0,19,1,2,0,0.0,0.0,0.0,1.0,0.0,0.0
1,0,19,2,3,0,0.0,0.0,0.0,1.0,0.0,0.0
