person_id,decile_score,rawscore,v_decile_score,is_recid,is_violent_recid,two_year_recid,sex,race,age,priors_count,juv_priors_count,c_charge_degree,maritalstatus,maritalstatus_other,maritalstatus_separated,maritalstatus_significant other,race_caucasian,race_hispanic,race_other
62384.0,2,-3.03,1,1,0,1,0,hispanic,96,2,0,0,other,1.0,0.0,0.0,0.0,1.0,0.0
56279.0,1,-4.08,1,0,0,0,0,caucasian,83,4,0,0,separated,0.0,1.0,0.0,1.0,0.0,0.0
50959.0,1,-4.5,1,0,0,0,0,hispanic,83,0,0,1,significant other,0.0,0.0,1.0,0.0,1.0,0.0
53038.0,1,-4.63,1,0,0,0,0,caucasian,80,0,0,1,significant other,0.0,0.0,1.0,1.0,0.0,0.0
56006.0,1,-4.05,1,0,0,0,0,caucasian,79,1,0,1,separated,0.0,1.0,0.0,1.0,0.0,0.0
57794.0,1,-3.23,1,0,0,0,0,african-american,77,0,0,1,significant other,0.0,0.0,1.0,0.0,0.0,0.0
52757.0,1,-3.65,1,0,0,0,0,caucasian,77,3,0,0,separated,0.0,1.0,0.0,1.0,0.0,0.0
62414.0,1,-4.46,1,1,1,1,0,african-american,77,1,0,1,significant other,0.0,0.0,1.0,0.0,0.0,0.0
56536.0,1,-3.62,1,0,0,0,0,caucasian,77,1,0,1,single,0.0,0.0,0.0,1.0,0.0,0.0
57847.0,1,-4.47,1,0,0,0,0,other,76,0,0,0,single,0.0,0.0,0.0,0.0,0.0,1.0
55835.0,4,-4.02,1,1,0,1,0,caucasian,75,1,0,0,significant other,0.0,0.0,1.0,1.0,0.0,0.0
39395.0,1,-3.79,1,0,0,0,0,caucasian,75,2,0,1,significant other,0.0,0.0,1.0,1.0,0.0,0.0
56183.0,1,-4.33,1,0,0,0,0,hispanic,75,1,0,0,significant other,0.0,0.0,1.0,0.0,1.0,0.0
56070.0,1,-3.83,1,0,0,0,1,african-american,75,5,0,0,single,0.0,0.0,0.0,0.0,0.0,0.0
58790.0,1,-4.23,1,0,0,0,1,african-american,74,0,0,0,single,0.0,0.0,0.0,0.0,0.0,0.0
52768.0,1,-4.34,1,0,0,0,0,caucasian,74,2,0,0,other,1.0,0.0,0.0,1.0,0.0,0.0
59024.0,1,-4.35,1,0,0,0,1,caucasian,74,0,0,1,other,1.0,0.0,0.0,1.0,0.0,0.0
58245.0,1,-3.61,1,0,0,0,0,caucasian,74,0,0,1,single,0.0,0.0,0.0,1.0,0.0,0.0
51097.0,1,-4.45,1,0,0,0,0,caucasian,74,0,0,1,single,0.0,0.0,0.0,1.0,0.0,0.0
62293.0,1,-4.29,1,0,0,0,0,caucasian,73,0,0,1,single,0.0,0.0,0.0,1.0,0.0,0.0
57523.0,4,-3.67,1,0,0,0,0,caucasian,72,7,0,0,single,0.0,0.0,0.0,1.0,0.0,0.0
55122.0,1,-3.85,1,0,0,0,0,caucasian,72,1,0,1,separated,0.0,1.0,0.0,1.0,0.0,0.0
62112.0,1,-4.26,1,0,0,0,0,caucasian,72,3,0,0,single,0.0,0.0,0.0,1.0,0.0,0.0
9038.0,2,-3.2,1,0,0,0,0,caucasian,71,13,0,0,separated,0.0,1.0,0.0,1.0,0.0,0.0
6924.0,7,-2.51,3,0,0,0,0,african-american,71,12,0,1,single,0.0,0.0,0.0,0.0,0.0,0.0
38597.0,1,-2.73,2,0,0,0,0,african-american,71,8,0,0,separated,0.0,1.0,0.0,0.0,0.0,0.0
55564.0,1,-4.4,1,0,0,0,0,caucasian,71,1,0,1,single,0.0,0.0,0.0,1.0,0.0,0.0
34034.0,1,-4.47,1,0,0,0,0,caucasian,71,3,0,1,single,0.0,0.0,0.0,1.0,0.0,0.0
61108.0,1,-4.4,1,0,0,0,0,caucasian,70,0,0,1,single,0.0,0.0,0.0,1.0,0.0,0.0
62279.0,1,-4.2,1,1,0,1,0,caucasian,70,11,0,0,single,0.0,0.0,0.0,1.0,0.0,0.0
54079.0,1,-4.09,1,0,0,0,1,other,70,0,0,0,significant other,0.0,0.0,1.0,0.0,0.0,1.0
52667.0,1,-4.53,1,0,0,0,0,african-american,70,0,0,1,significant other,0.0,0.0,1.0,0.0,0.0,0.0
54034.0,1,-3.35,1,0,0,0,0,caucasian,70,1,0,1,significant other,0.0,0.0,1.0,1.0,0.0,0.0
51618.0,1,-4.39,1,0,0,0,1,african-american,70,1,0,0,single,0.0,0.0,0.0,0.0,0.0,0.0
52941.0,1,-2.94,2,1,0,1,0,caucasian,69,6,0,1,separated,0.0,1.0,0.0,1.0,0.0,0.0
61288.0,1,-4.11,1,0,0,0,1,hispanic,69,0,0,1,separated,0.0,1.0,0.0,0.0,1.0,0.0
61684.0,1,-3.94,1,1,0,1,0,african-american,69,1,0,0,separated,0.0,1.0,0.0,0.0,0.0,0.0
49204.0,6,-3.59,1,0,0,0,0,african-american,69,3,0,0,significant other,0.0,0.0,1.0,0.0,0.0,0.0
51367.0,5,-2.99,1,0,0,0,0,caucasian,69,0,0,0,separated,0.0,1.0,0.0,1.0,0.0,0.0
58185.0,3,-3.61,1,0,0,0,1,caucasian,69,5,0,0,significant other,0.0,0.0,1.0,1.0,0.0,0.0
57706.0,1,-4.53,1,1,0,1,0,caucasian,69,0,0,1,separated,0.0,1.0,0.0,1.0,0.0,0.0
51829.0,1,-3.45,1,0,0,0,1,caucasian,69,2,0,1,significant other,0.0,0.0,1.0,1.0,0.0,0.0
51713.0,1,-4.3,1,0,0,0,0,caucasian,69,0,0,1,separated,0.0,1.0,0.0,1.0,0.0,0.0
55773.0,1,-4.46,1,0,0,0,0,caucasian,69,0,0,1,single,0.0,0.0,0.0,1.0,0.0,0.0
56257.0,1,-2.73,2,0,0,0,0,african-american,69,3,0,1,significant other,0.0,0.0,1.0,0.0,0.0,0.0
37476.0,5,-2.0,4,0,0,0,0,african-american,69,22,0,1,separated,0.0,1.0,0.0,0.0,0.0,0.0
57804.0,1,-4.26,1,0,0,0,0,other,69,0,0,1,significant other,0.0,0.0,1.0,0.0,0.0,1.0
62373.0,1,-4.06,1,0,0,0,0,hispanic,69,0,0,1,significant other,0.0,0.0,1.0,0.0,1.0,0.0
56418.0,1,-4.31,1,0,0,0,0,other,69,0,0,0,single,0.0,0.0,0.0,0.0,0.0,1.0
61111.0,1,-3.17,1,0,0,0,0,caucasian,68,4,0,1,single,0.0,0.0,0.0,1.0,0.0,0.0
59878.0,4,-2.82,2,0,0,0,0,african-american,68,2,0,0,single,0.0,0.0,0.0,0.0,0.0,0.0
58264.0,2,-3.89,1,0,0,0,1,african-american,68,5,0,0,separated,0.0,1.0,0.0,0.0,0.0,0.0
50994.0,1,-4.32,1,0,0,0,0,caucasian,68,0,0,1,other,1.0,0.0,0.0,1.0,0.0,0.0
57967.0,1,-3.57,1,0,0,0,0,caucasian,68,2,0,0,significant other,0.0,0.0,1.0,1.0,0.0,0.0
57469.0,4,-3.18,1,0,0,0,0,african-american,68,6,0,1,single,0.0,0.0,0.0,0.0,0.0,0.0
57305.0,1,-4.42,1,0,0,0,0,hispanic,68,0,0,1,significant other,0.0,0.0,1.0,0.0,1.0,0.0
51890.0,7,-1.54,6,1,1,1,0,caucasian,68,7,0,0,single,0.0,0.0,0.0,1.0,0.0,0.0
55571.0,2,-3.2,1,0,0,0,0,african-american,68,1,0,0,separated,0.0,1.0,0.0,0.0,0.0,0.0
54498.0,1,-4.4,1,0,0,0,0,caucasian,67,0,0,0,single,0.0,0.0,0.0,1.0,0.0,0.0
60632.0,1,-3.52,1,0,0,0,0,african-american,67,4,0,1,significant other,0.0,0.0,1.0,0.0,0.0,0.0
60232.0,1,-4.04,1,0,0,0,0,caucasian,67,0,0,1,significant other,0.0,0.0,1.0,1.0,0.0,0.0
53703.0,3,-3.08,1,0,0,0,0,caucasian,67,1,0,0,single,0.0,0.0,0.0,1.0,0.0,0.0
59672.0,1,-4.43,1,1,1,1,0,hispanic,67,0,0,1,significant other,0.0,0.0,1.0,0.0,1.0,0.0
52249.0,1,-3.86,1,1,0,1,0,caucasian,67,0,0,0,single,0.0,0.0,0.0,1.0,0.0,0.0
56578.0,1,-4.19,1,0,0,0,0,other,67,0,0,1,single,0.0,0.0,0.0,0.0,0.0,1.0
51619.0,1,-4.14,1,0,0,0,1,african-american,67,0,0,0,other,1.0,0.0,0.0,0.0,0.0,0.0
60235.0,2,-3.64,1,0,0,0,0,caucasian,67,2,0,0,single,0.0,0.0,0.0,1.0,0.0,0.0
60725.0,1,-3.33,1,0,0,0,1,caucasian,67,0,0,1,other,1.0,0.0,0.0,1.0,0.0,0.0
51584.0,1,-4.31,1,0,0,0,0,caucasian,67,3,0,0,single,0.0,0.0,0.0,1.0,0.0,0.0
25103.0,2,-3.33,1,0,0,0,0,african-american,67,3,0,0,significant other,0.0,0.0,1.0,0.0,0.0,0.0
60550.0,1,-4.25,1,0,0,0,0,caucasian,67,2,0,0,single,0.0,0.0,0.0,1.0,0.0,0.0
54327.0,1,-4.03,1,0,0,0,0,caucasian,67,0,0,1,significant other,0.0,0.0,1.0,1.0,0.0,0.0
57320.0,1,-4.21,1,0,0,0,0,hispanic,67,2,0,0,separated,0.0,1.0,0.0,0.0,1.0,0.0
54314.0,1,-3.98,1,0,0,0,0,caucasian,67,0,0,1,single,0.0,0.0,0.0,1.0,0.0,0.0
56488.0,1,-4.5,1,0,0,0,0,caucasian,67,0,0,1,single,0.0,0.0,0.0,1.0,0.0,0.0
52507.0,1,-4.02,1,0,0,0,0,hispanic,67,0,0,0,separated,0.0,1.0,0.0,0.0,1.0,0.0
61624.0,4,-2.91,2,0,0,0,0,african-american,67,8,0,0,single,0.0,0.0,0.0,0.0,0.0,0.0
7114.0,2,-3.21,1,1,0,1,0,african-american,66,5,0,1,single,0.0,0.0,0.0,0.0,0.0,0.0
58788.0,1,-3.95,1,0,0,0,0,caucasian,66,3,0,0,single,0.0,0.0,0.0,1.0,0.0,0.0
60889.0,1,-4.15,1,0,0,0,0,caucasian,66,0,0,0,single,0.0,0.0,0.0,1.0,0.0,0.0
55961.0,6,-3.61,1,1,0,1,0,african-american,66,8,0,0,separated,0.0,1.0,0.0,0.0,0.0,0.0
52983.0,1,-3.95,1,0,0,0,1,caucasian,66,1,0,1,single,0.0,0.0,0.0,1.0,0.0,0.0
52461.0,1,-4.49,1,0,0,0,0,caucasian,66,0,0,1,significant other,0.0,0.0,1.0,1.0,0.0,0.0
52425.0,2,-3.72,1,1,0,1,0,african-american,66,5,0,0,separated,0.0,1.0,0.0,0.0,0.0,0.0
33083.0,1,-2.76,2,0,0,0,0,caucasian,66,1,0,0,single,0.0,0.0,0.0,1.0,0.0,0.0
55233.0,1,-2.98,1,1,1,0,0,african-american,66,3,0,0,significant other,0.0,0.0,1.0,0.0,0.0,0.0
41026.0,6,-2.7,2,1,0,1,0,african-american,66,33,0,0,single,0.0,0.0,0.0,0.0,0.0,0.0
61760.0,1,-4.42,1,0,0,0,0,other,66,0,0,1,significant other,0.0,0.0,1.0,0.0,0.0,1.0
59668.0,8,-2.63,2,1,0,1,1,african-american,66,11,0,0,single,0.0,0.0,0.0,0.0,0.0,0.0
56430.0,1,-4.01,1,1,0,1,0,caucasian,66,0,0,1,single,0.0,0.0,0.0,1.0,0.0,0.0
52530.0,1,-3.93,1,0,0,0,0,african-american,66,3,0,0,separated,0.0,1.0,0.0,0.0,0.0,0.0
56541.0,1,-4.29,1,0,0,0,0,caucasian,66,0,0,1,significant other,0.0,0.0,1.0,1.0,0.0,0.0
53712.0,1,-4.47,1,0,0,0,0,caucasian,66,0,0,1,separated,0.0,1.0,0.0,1.0,0.0,0.0
57417.0,1,-4.13,1,0,0,0,0,caucasian,66,1,0,0,single,0.0,0.0,0.0,1.0,0.0,0.0
51154.0,1,-4.15,1,0,0,0,0,caucasian,66,1,0,1,single,0.0,0.0,0.0,1.0,0.0,0.0
53649.0,3,-3.0,1,0,0,0,0,caucasian,66,2,0,1,other,1.0,0.0,0.0,1.0,0.0,0.0
52369.0,3,-3.83,1,0,0,0,0,caucasian,65,4,0,1,significant other,0.0,0.0,1.0,1.0,0.0,0.0
51336.0,6,-3.09,1,0,0,0,0,caucasian,65,3,0,0,single,0.0,0.0,0.0,1.0,0.0,0.0
54342.0,1,-3.73,1,0,0,0,0,caucasian,65,2,0,1,separated,0.0,1.0,0.0,1.0,0.0,0.0
54581.0,1,-4.24,1,0,0,0,1,caucasian,65,0,0,1,separated,0.0,1.0,0.0,1.0,0.0,0.0
53627.0,10,-2.18,4,0,0,0,0,african-american,65,11,0,0,single,0.0,0.0,0.0,0.0,0.0,0.0
58349.0,5,-3.74,1,0,0,0,0,african-american,65,7,0,1,single,0.0,0.0,0.0,0.0,0.0,0.0
60161.0,1,-3.65,1,1,0,1,1,caucasian,65,1,0,1,separated,0.0,1.0,0.0,1.0,0.0,0.0
59960.0,1,-3.37,1,0,0,0,1,caucasian,65,1,0,0,separated,0.0,1.0,0.0,1.0,0.0,0.0
57590.0,4,-3.57,1,0,0,0,0,caucasian,65,6,0,0,single,0.0,0.0,0.0,1.0,0.0,0.0
57901.0,1,-4.39,1,0,0,0,1,caucasian,65,1,0,0,significant other,0.0,0.0,1.0,1.0,0.0,0.0
54234.0,1,-4.06,1,0,0,0,1,caucasian,65,0,0,0,other,1.0,0.0,0.0,1.0,0.0,0.0
61442.0,1,-3.66,1,0,0,0,1,african-american,65,0,0,0,significant other,0.0,0.0,1.0,0.0,0.0,0.0
52439.0,1,-4.4,1,0,0,0,0,caucasian,65,0,0,1,single,0.0,0.0,0.0,1.0,0.0,0.0
56153.0,2,-2.66,2,0,0,0,0,caucasian,65,3,0,0,separated,0.0,1.0,0.0,1.0,0.0,0.0
53629.0,1,-4.15,1,0,0,0,0,caucasian,64,8,0,0,other,1.0,0.0,0.0,1.0,0.0,0.0
56410.0,1,-4.09,1,0,0,0,0,hispanic,64,1,0,0,significant other,0.0,0.0,1.0,0.0,1.0,0.0
58290.0,1,-4.13,1,0,0,0,1,other,64,0,0,0,separated,0.0,1.0,0.0,0.0,0.0,1.0
57897.0,2,-3.7,1,0,0,0,0,african-american,64,0,0,1,significant other,0.0,0.0,1.0,0.0,0.0,0.0
58000.0,1,-3.93,1,0,0,0,1,caucasian,64,1,0,0,single,0.0,0.0,0.0,1.0,0.0,0.0
51121.0,3,-2.74,2,0,0,0,0,caucasian,64,0,0,0,single,0.0,0.0,0.0,1.0,0.0,0.0
11694.0,6,-2.67,2,0,0,0,0,african-american,64,13,0,1,single,0.0,0.0,0.0,0.0,0.0,0.0
49669.0,3,-3.59,1,0,0,0,1,caucasian,64,7,0,1,single,0.0,0.0,0.0,1.0,0.0,0.0
59977.0,7,-3.16,1,0,0,0,0,african-american,64,20,0,0,significant other,0.0,0.0,1.0,0.0,0.0,0.0
55216.0,1,-4.0,1,0,0,0,0,hispanic,64,1,0,1,single,0.0,0.0,0.0,0.0,1.0,0.0
54305.0,1,-4.04,1,0,0,0,1,african-american,64,0,0,0,separated,0.0,1.0,0.0,0.0,0.0,0.0
56518.0,4,-3.25,1,0,0,0,0,african-american,64,0,0,0,single,0.0,0.0,0.0,0.0,0.0,0.0
56573.0,1,-3.98,1,0,0,0,1,caucasian,64,0,0,1,significant other,0.0,0.0,1.0,1.0,0.0,0.0
62395.0,1,-4.36,1,0,0,0,1,caucasian,64,2,0,1,significant other,0.0,0.0,1.0,1.0,0.0,0.0
58549.0,1,-4.4,1,0,0,0,0,caucasian,64,0,0,1,separated,0.0,1.0,0.0,1.0,0.0,0.0
52894.0,9,-3.1,1,0,0,0,0,african-american,63,3,0,1,single,0.0,0.0,0.0,0.0,0.0,0.0
60877.0,1,-4.08,1,0,0,0,0,caucasian,63,1,0,1,single,0.0,0.0,0.0,1.0,0.0,0.0
61688.0,6,-3.15,1,1,0,1,0,african-american,63,9,0,0,single,0.0,0.0,0.0,0.0,0.0,0.0
58311.0,1,-3.6,1,0,0,0,0,caucasian,63,1,0,0,separated,0.0,1.0,0.0,1.0,0.0,0.0
52471.0,1,-4.1,1,0,0,0,1,caucasian,63,0,0,1,significant other,0.0,0.0,1.0,1.0,0.0,0.0
60602.0,1,-4.23,1,0,0,0,1,hispanic,63,1,0,0,other,1.0,0.0,0.0,0.0,1.0,0.0
55379.0,6,-2.84,2,0,0,0,0,african-american,63,1,0,0,single,0.0,0.0,0.0,0.0,0.0,0.0
54139.0,3,-2.86,2,0,0,0,0,african-american,63,6,0,0,other,1.0,0.0,0.0,0.0,0.0,0.0
46131.0,1,-3.43,1,0,0,0,0,african-american,63,2,0,1,single,0.0,0.0,0.0,0.0,0.0,0.0
58343.0,1,-4.19,1,0,0,0,0,african-american,63,0,0,1,single,0.0,0.0,0.0,0.0,0.0,0.0
57304.0,9,-1.97,5,0,0,0,0,african-american,63,16,0,1,separated,0.0,1.0,0.0,0.0,0.0,0.0
61107.0,1,-3.6,1,0,0,0,0,african-american,63,1,0,0,single,0.0,0.0,0.0,0.0,0.0,0.0
27125.0,9,-1.79,5,1,0,1,0,african-american,63,22,0,1,single,0.0,0.0,0.0,0.0,0.0,0.0
62371.0,4,-2.89,2,1,0,1,0,other,63,23,0,0,separated,0.0,1.0,0.0,0.0,0.0,1.0
52120.0,1,-4.16,1,0,0,0,0,caucasian,63,0,0,1,separated,0.0,1.0,0.0,1.0,0.0,0.0
40381.0,1,-3.83,1,0,0,0,0,caucasian,63,1,0,1,separated,0.0,1.0,0.0,1.0,0.0,0.0
55092.0,1,-4.2,1,0,0,0,0,caucasian,63,0,0,0,single,0.0,0.0,0.0,1.0,0.0,0.0
58873.0,1,-4.18,1,1,0,1,0,caucasian,63,0,0,1,significant other,0.0,0.0,1.0,1.0,0.0,0.0
59241.0,4,-4.0,1,0,0,0,1,african-american,63,1,0,0,separated,0.0,1.0,0.0,0.0,0.0,0.0
60994.0,1,-3.8,1,0,0,0,0,hispanic,63,1,0,0,single,0.0,0.0,0.0,0.0,1.0,0.0
57837.0,4,-3.11,1,1,1,1,0,caucasian,63,10,0,0,single,0.0,0.0,0.0,1.0,0.0,0.0
59617.0,1,-4.05,1,0,0,0,0,caucasian,63,2,0,0,separated,0.0,1.0,0.0,1.0,0.0,0.0
7258.0,1,-3.41,1,0,0,0,0,caucasian,63,5,0,1,single,0.0,0.0,0.0,1.0,0.0,0.0
3001.0,7,-1.91,5,1,0,1,0,african-american,63,10,0,1,single,0.0,0.0,0.0,0.0,0.0,0.0
58845.0,1,-4.02,1,0,0,0,1,african-american,63,1,0,0,single,0.0,0.0,0.0,0.0,0.0,0.0
57827.0,9,-0.77,9,0,0,0,0,african-american,62,15,0,0,separated,0.0,1.0,0.0,0.0,0.0,0.0
52342.0,1,-4.01,1,1,0,1,1,caucasian,62,1,0,1,separated,0.0,1.0,0.0,1.0,0.0,0.0
57607.0,1,-3.28,1,0,0,0,0,african-american,62,4,0,0,single,0.0,0.0,0.0,0.0,0.0,0.0
50949.0,1,-4.35,1,0,0,0,0,caucasian,62,0,0,0,separated,0.0,1.0,0.0,1.0,0.0,0.0
58782.0,1,-4.16,1,0,0,0,0,hispanic,62,0,0,1,single,0.0,0.0,0.0,0.0,1.0,0.0
58052.0,1,-4.4,1,0,0,0,0,caucasian,62,0,0,1,separated,0.0,1.0,0.0,1.0,0.0,0.0
57420.0,1,-4.07,1,0,0,0,1,caucasian,62,0,0,1,separated,0.0,1.0,0.0,1.0,0.0,0.0
60634.0,1,-4.17,1,0,0,0,0,african-american,62,0,0,1,significant other,0.0,0.0,1.0,0.0,0.0,0.0
59464.0,1,-3.52,1,1,0,1,1,caucasian,62,2,0,0,single,0.0,0.0,0.0,1.0,0.0,0.0
55520.0,2,-2.86,2,0,0,0,0,hispanic,62,5,0,0,single,0.0,0.0,0.0,0.0,1.0,0.0
54017.0,1,-3.31,1,0,0,0,0,caucasian,62,3,0,1,single,0.0,0.0,0.0,1.0,0.0,0.0
57821.0,1,-4.16,1,0,0,0,1,caucasian,62,0,0,1,single,0.0,0.0,0.0,1.0,0.0,0.0
56533.0,1,-4.35,1,0,0,0,0,other,62,0,0,1,other,1.0,0.0,0.0,0.0,0.0,1.0
54735.0,1,-3.92,1,0,0,0,0,caucasian,62,0,0,0,separated,0.0,1.0,0.0,1.0,0.0,0.0
57879.0,1,-4.27,1,0,0,0,0,caucasian,62,0,0,1,significant other,0.0,0.0,1.0,1.0,0.0,0.0
40560.0,7,-1.5,6,0,0,0,0,african-american,62,1,0,1,single,0.0,0.0,0.0,0.0,0.0,0.0
50999.0,1,-3.88,1,0,0,0,0,hispanic,62,0,0,1,single,0.0,0.0,0.0,0.0,1.0,0.0
53443.0,1,-4.26,1,0,0,0,0,caucasian,62,0,0,0,separated,0.0,1.0,0.0,1.0,0.0,0.0
50375.0,4,-3.07,1,0,0,0,0,african-american,62,8,0,0,single,0.0,0.0,0.0,0.0,0.0,0.0
60038.0,3,-3.2,1,1,0,1,0,african-american,62,3,0,1,single,0.0,0.0,0.0,0.0,0.0,0.0
51272.0,1,-3.43,1,0,0,0,0,caucasian,62,2,0,0,separated,0.0,1.0,0.0,1.0,0.0,0.0
51055.0,1,-3.5,1,0,0,0,0,caucasian,62,0,0,0,single,0.0,0.0,0.0,1.0,0.0,0.0
18210.0,7,-2.1,4,0,0,0,0,african-american,61,25,0,0,separated,0.0,1.0,0.0,0.0,0.0,0.0
61307.0,1,-4.31,1,1,0,1,0,african-american,61,1,0,0,separated,0.0,1.0,0.0,0.0,0.0,0.0
51219.0,2,-3.39,1,1,0,1,0,african-american,61,20,0,1,single,0.0,0.0,0.0,0.0,0.0,0.0
16156.0,3,-2.4,3,0,0,0,0,african-american,61,11,0,0,single,0.0,0.0,0.0,0.0,0.0,0.0
4551.0,6,-2.32,3,1,0,1,0,african-american,61,15,0,0,single,0.0,0.0,0.0,0.0,0.0,0.0
50735.0,8,-1.9,5,1,0,1,0,african-american,61,29,0,0,significant other,0.0,0.0,1.0,0.0,0.0,0.0
57666.0,4,-2.82,2,0,0,0,0,caucasian,61,1,0,0,single,0.0,0.0,0.0,1.0,0.0,0.0
56802.0,2,-2.93,2,0,0,0,0,african-american,61,9,0,0,single,0.0,0.0,0.0,0.0,0.0,0.0
54161.0,4,-2.65,2,1,0,1,0,african-american,61,13,0,0,single,0.0,0.0,0.0,0.0,0.0,0.0
52907.0,6,-2.46,3,0,0,0,0,african-american,61,8,0,1,single,0.0,0.0,0.0,0.0,0.0,0.0
51421.0,1,-3.79,1,0,0,0,0,caucasian,61,4,0,0,significant other,0.0,0.0,1.0,1.0,0.0,0.0
51507.0,2,-3.88,1,0,0,0,0,african-american,61,5,0,0,separated,0.0,1.0,0.0,0.0,0.0,0.0
52633.0,1,-4.35,1,0,0,0,0,caucasian,61,0,0,1,significant other,0.0,0.0,1.0,1.0,0.0,0.0
58051.0,8,-0.43,10,0,0,0,0,african-american,61,2,0,1,single,0.0,0.0,0.0,0.0,0.0,0.0
53137.0,1,-4.3,1,0,0,0,0,caucasian,61,1,0,0,significant other,0.0,0.0,1.0,1.0,0.0,0.0
56419.0,1,-4.29,1,0,0,0,0,african-american,61,1,0,1,single,0.0,0.0,0.0,0.0,0.0,0.0
55206.0,1,-4.0,1,0,0,0,0,caucasian,61,0,0,1,significant other,0.0,0.0,1.0,1.0,0.0,0.0
55243.0,1,-4.09,1,0,0,0,0,caucasian,61,0,0,1,single,0.0,0.0,0.0,1.0,0.0,0.0
54301.0,1,-3.76,1,1,0,1,1,african-american,61,1,0,0,significant other,0.0,0.0,1.0,0.0,0.0,0.0
54751.0,1,-3.99,1,0,0,0,0,caucasian,61,0,0,1,separated,0.0,1.0,0.0,1.0,0.0,0.0
35736.0,3,-3.3,1,1,0,1,1,caucasian,61,8,0,0,other,1.0,0.0,0.0,1.0,0.0,0.0
30652.0,1,-3.78,1,0,0,0,0,caucasian,61,1,0,1,single,0.0,0.0,0.0,1.0,0.0,0.0
54909.0,9,-2.38,3,1,0,1,0,african-american,61,4,0,1,single,0.0,0.0,0.0,0.0,0.0,0.0
57803.0,6,-1.95,5,0,0,0,0,caucasian,61,10,0,0,single,0.0,0.0,0.0,1.0,0.0,0.0
58205.0,6,-1.89,5,0,0,0,0,caucasian,61,4,0,0,single,0.0,0.0,0.0,1.0,0.0,0.0
50950.0,1,-4.08,1,0,0,0,0,hispanic,61,0,0,0,significant other,0.0,0.0,1.0,0.0,1.0,0.0
51590.0,1,-4.31,1,0,0,0,1,caucasian,61,1,0,1,separated,0.0,1.0,0.0,1.0,0.0,0.0
15114.0,2,-2.81,2,1,0,0,0,african-american,61,14,0,1,separated,0.0,1.0,0.0,0.0,0.0,0.0
17427.0,3,-2.23,4,0,0,0,0,african-american,61,12,0,0,other,1.0,0.0,0.0,0.0,0.0,0.0
61882.0,1,-3.73,1,1,0,1,0,caucasian,61,1,0,0,significant other,0.0,0.0,1.0,1.0,0.0,0.0
40371.0,4,-2.72,2,0,0,0,0,african-american,61,30,0,0,significant other,0.0,0.0,1.0,0.0,0.0,0.0
59374.0,1,-4.17,1,0,0,0,1,caucasian,61,0,0,0,separated,0.0,1.0,0.0,1.0,0.0,0.0
61692.0,1,-4.13,1,0,0,0,0,hispanic,61,1,0,0,single,0.0,0.0,0.0,0.0,1.0,0.0
54617.0,1,-3.83,1,0,0,0,0,caucasian,61,0,0,1,single,0.0,0.0,0.0,1.0,0.0,0.0
60990.0,1,-3.28,1,0,0,0,0,caucasian,61,0,0,1,significant other,0.0,0.0,1.0,1.0,0.0,0.0
55772.0,1,-3.64,1,0,0,0,0,other,61,0,0,1,significant other,0.0,0.0,1.0,0.0,0.0,1.0
55568.0,2,-3.39,1,1,0,1,0,african-american,61,8,0,0,separated,0.0,1.0,0.0,0.0,0.0,0.0
59153.0,6,-2.64,2,0,0,0,1,caucasian,61,15,0,0,separated,0.0,1.0,0.0,1.0,0.0,0.0
52482.0,4,-3.53,1,1,0,1,0,hispanic,61,2,0,0,separated,0.0,1.0,0.0,0.0,1.0,0.0
62377.0,1,-4.22,1,0,0,0,0,caucasian,61,0,0,1,single,0.0,0.0,0.0,1.0,0.0,0.0
51506.0,1,-3.54,1,0,0,0,1,caucasian,61,0,0,1,separated,0.0,1.0,0.0,1.0,0.0,0.0
61523.0,6,-2.26,3,0,0,0,1,african-american,61,1,0,0,single,0.0,0.0,0.0,0.0,0.0,0.0
59219.0,1,-3.9,1,0,0,0,1,caucasian,60,2,0,0,separated,0.0,1.0,0.0,1.0,0.0,0.0
53384.0,1,-3.69,1,0,0,0,0,caucasian,60,3,0,1,significant other,0.0,0.0,1.0,1.0,0.0,0.0
54788.0,4,-3.31,1,1,0,1,0,african-american,60,15,0,0,single,0.0,0.0,0.0,0.0,0.0,0.0
57418.0,1,-3.79,1,0,0,0,0,african-american,60,2,0,0,separated,0.0,1.0,0.0,0.0,0.0,0.0
52269.0,1,-3.71,1,1,0,1,0,other,60,1,0,1,significant other,0.0,0.0,1.0,0.0,0.0,1.0
40074.0,8,-3.11,1,0,0,0,0,african-american,60,9,0,0,single,0.0,0.0,0.0,0.0,0.0,0.0
56529.0,1,-3.95,1,1,0,0,0,african-american,60,0,0,0,single,0.0,0.0,0.0,0.0,0.0,0.0
59249.0,1,-3.99,1,0,0,0,0,other,60,4,0,0,single,0.0,0.0,0.0,0.0,0.0,1.0
61433.0,1,-4.37,1,0,0,0,0,other,60,1,0,1,separated,0.0,1.0,0.0,0.0,0.0,1.0
54908.0,1,-4.22,1,0,0,0,0,hispanic,60,0,0,0,significant other,0.0,0.0,1.0,0.0,1.0,0.0
49384.0,9,-2.0,4,0,0,0,0,african-american,60,10,0,0,single,0.0,0.0,0.0,0.0,0.0,0.0
58092.0,1,-4.08,1,0,0,0,1,caucasian,60,0,0,1,single,0.0,0.0,0.0,1.0,0.0,0.0
50866.0,1,-4.28,1,0,0,0,0,caucasian,60,1,0,1,significant other,0.0,0.0,1.0,1.0,0.0,0.0
61169.0,1,-4.1,1,0,0,0,0,african-american,60,1,0,0,separated,0.0,1.0,0.0,0.0,0.0,0.0
54437.0,1,-4.22,1,0,0,0,0,caucasian,60,0,0,1,single,0.0,0.0,0.0,1.0,0.0,0.0
61635.0,1,-4.14,1,0,0,0,0,caucasian,60,1,0,0,single,0.0,0.0,0.0,1.0,0.0,0.0
60514.0,1,-2.72,2,0,0,0,0,caucasian,60,3,0,0,single,0.0,0.0,0.0,1.0,0.0,0.0
54463.0,3,-3.77,1,0,0,0,0,african-american,60,12,0,0,separated,0.0,1.0,0.0,0.0,0.0,0.0
57065.0,2,-3.5,1,0,0,0,0,caucasian,60,2,0,1,single,0.0,0.0,0.0,1.0,0.0,0.0
55174.0,3,-2.97,1,0,0,0,0,african-american,60,13,0,0,significant other,0.0,0.0,1.0,0.0,0.0,0.0
29747.0,3,-2.97,1,1,0,1,1,caucasian,60,9,0,0,single,0.0,0.0,0.0,1.0,0.0,0.0
59897.0,1,-4.1,1,0,0,0,0,african-american,60,1,0,0,single,0.0,0.0,0.0,0.0,0.0,0.0
4994.0,6,-2.28,3,1,0,1,0,african-american,60,13,0,0,significant other,0.0,0.0,1.0,0.0,0.0,0.0
56269.0,1,-3.03,1,0,0,0,0,african-american,60,0,0,0,single,0.0,0.0,0.0,0.0,0.0,0.0
59689.0,1,-3.97,1,0,0,0,0,african-american,60,3,0,1,significant other,0.0,0.0,1.0,0.0,0.0,0.0
55488.0,1,-3.89,1,0,0,0,0,hispanic,60,4,0,0,single,0.0,0.0,0.0,0.0,1.0,0.0
53155.0,7,-2.55,3,0,0,0,1,caucasian,60,0,0,0,single,0.0,0.0,0.0,1.0,0.0,0.0
62372.0,4,-3.4,1,0,0,0,0,hispanic,60,0,0,0,single,0.0,0.0,0.0,0.0,1.0,0.0
54570.0,1,-3.84,1,0,0,0,0,hispanic,60,1,0,0,single,0.0,0.0,0.0,0.0,1.0,0.0
62350.0,8,-1.97,5,1,0,1,0,african-american,60,19,0,0,single,0.0,0.0,0.0,0.0,0.0,0.0
57983.0,1,-4.28,1,0,0,0,1,caucasian,59,0,0,1,separated,0.0,1.0,0.0,1.0,0.0,0.0
52300.0,1,-3.96,1,0,0,0,0,hispanic,59,0,0,0,significant other,0.0,0.0,1.0,0.0,1.0,0.0
56656.0,1,-3.33,1,0,0,0,0,caucasian,59,0,0,0,single,0.0,0.0,0.0,1.0,0.0,0.0
52505.0,1,-3.92,1,1,0,1,0,caucasian,59,1,0,0,significant other,0.0,0.0,1.0,1.0,0.0,0.0
57612.0,1,-3.73,1,0,0,0,0,other,59,1,0,1,significant other,0.0,0.0,1.0,0.0,0.0,1.0
52041.0,5,-2.29,3,0,0,0,0,african-american,59,5,0,1,single,0.0,0.0,0.0,0.0,0.0,0.0
45513.0,3,-2.68,2,1,0,0,0,african-american,59,3,0,0,significant other,0.0,0.0,1.0,0.0,0.0,0.0
33999.0,3,-3.09,1,1,0,1,0,other,59,20,0,0,single,0.0,0.0,0.0,0.0,0.0,1.0
51034.0,1,-3.7,1,0,0,0,0,african-american,59,1,0,0,significant other,0.0,0.0,1.0,0.0,0.0,0.0
53303.0,1,-3.96,1,0,0,0,0,caucasian,59,0,0,1,single,0.0,0.0,0.0,1.0,0.0,0.0
56468.0,6,-2.17,4,0,0,0,0,african-american,59,5,0,1,separated,0.0,1.0,0.0,0.0,0.0,0.0
54299.0,1,-3.57,1,0,0,0,0,hispanic,59,1,0,1,significant other,0.0,0.0,1.0,0.0,1.0,0.0
55738.0,8,-1.5,6,1,0,1,0,african-american,59,8,0,0,single,0.0,0.0,0.0,0.0,0.0,0.0
53828.0,4,-2.57,2,1,0,0,0,african-american,59,8,0,0,separated,0.0,1.0,0.0,0.0,0.0,0.0
53396.0,1,-4.28,1,0,0,0,0,african-american,59,1,0,1,separated,0.0,1.0,0.0,0.0,0.0,0.0
13745.0,9,-2.06,4,1,0,1,0,african-american,59,9,0,0,single,0.0,0.0,0.0,0.0,0.0,0.0
55672.0,1,-3.94,1,0,0,0,1,caucasian,59,1,0,0,single,0.0,0.0,0.0,1.0,0.0,0.0
6588.0,6,-1.63,6,1,0,1,0,african-american,59,22,0,0,separated,0.0,1.0,0.0,0.0,0.0,0.0
59183.0,1,-4.2,1,0,0,0,0,caucasian,59,2,0,0,single,0.0,0.0,0.0,1.0,0.0,0.0
61041.0,1,-3.93,1,0,0,0,1,caucasian,59,0,0,1,single,0.0,0.0,0.0,1.0,0.0,0.0
52627.0,1,-4.04,1,0,0,0,1,caucasian,59,1,0,0,single,0.0,0.0,0.0,1.0,0.0,0.0
61906.0,1,-3.66,1,0,0,0,0,caucasian,59,0,0,1,significant other,0.0,0.0,1.0,1.0,0.0,0.0
56577.0,1,-3.7,1,1,0,1,0,caucasian,59,2,0,1,single,0.0,0.0,0.0,1.0,0.0,0.0
53030.0,4,-3.6,1,0,0,0,0,african-american,59,1,0,0,significant other,0.0,0.0,1.0,0.0,0.0,0.0
52428.0,1,-4.1,1,0,0,0,0,caucasian,59,0,0,0,single,0.0,0.0,0.0,1.0,0.0,0.0
57748.0,5,-2.75,2,1,0,1,0,african-american,59,17,0,0,single,0.0,0.0,0.0,0.0,0.0,0.0
54815.0,1,-3.7,1,0,0,0,0,caucasian,59,3,0,1,significant other,0.0,0.0,1.0,1.0,0.0,0.0
54384.0,1,-4.22,1,0,0,0,0,caucasian,59,0,0,0,separated,0.0,1.0,0.0,1.0,0.0,0.0
61989.0,2,-2.91,2,1,0,1,0,african-american,59,13,0,0,single,0.0,0.0,0.0,0.0,0.0,0.0
61597.0,3,-3.92,1,0,0,0,1,caucasian,59,2,0,0,single,0.0,0.0,0.0,1.0,0.0,0.0
54335.0,1,-3.9,1,0,0,0,0,caucasian,59,0,0,1,separated,0.0,1.0,0.0,1.0,0.0,0.0
56118.0,2,-2.77,2,0,0,0,0,african-american,59,4,0,1,significant other,0.0,0.0,1.0,0.0,0.0,0.0
54932.0,1,-4.06,1,0,0,0,0,african-american,59,4,0,1,significant other,0.0,0.0,1.0,0.0,0.0,0.0
53547.0,2,-3.38,1,1,0,1,0,caucasian,59,1,0,0,single,0.0,0.0,0.0,1.0,0.0,0.0
58377.0,1,-4.16,1,0,0,0,0,other,59,1,0,0,significant other,0.0,0.0,1.0,0.0,0.0,1.0
53216.0,1,-3.79,1,0,0,0,0,caucasian,59,2,0,0,significant other,0.0,0.0,1.0,1.0,0.0,0.0
59058.0,1,-3.15,1,0,0,0,0,african-american,59,0,0,1,significant other,0.0,0.0,1.0,0.0,0.0,0.0
51816.0,2,-3.91,1,0,0,0,1,african-american,59,0,0,1,single,0.0,0.0,0.0,0.0,0.0,0.0
59455.0,4,-2.01,4,0,0,0,0,african-american,59,17,0,0,other,1.0,0.0,0.0,0.0,0.0,0.0
58327.0,6,-2.68,2,1,0,1,0,african-american,59,15,0,1,significant other,0.0,0.0,1.0,0.0,0.0,0.0
12328.0,3,-3.67,1,1,0,1,0,african-american,59,4,0,0,single,0.0,0.0,0.0,0.0,0.0,0.0
54333.0,1,-3.35,1,0,0,0,0,african-american,59,2,0,1,single,0.0,0.0,0.0,0.0,0.0,0.0
56793.0,1,-3.64,1,0,0,0,0,hispanic,59,0,0,1,separated,0.0,1.0,0.0,0.0,1.0,0.0
2116.0,2,-3.67,1,1,0,1,0,hispanic,59,1,0,0,single,0.0,0.0,0.0,0.0,1.0,0.0
51133.0,1,-4.13,1,0,0,0,0,caucasian,58,1,0,0,single,0.0,0.0,0.0,1.0,0.0,0.0
51394.0,7,-2.05,4,1,0,1,0,african-american,58,21,0,1,single,0.0,0.0,0.0,0.0,0.0,0.0
60082.0,1,-4.14,1,1,1,1,0,caucasian,58,1,0,0,significant other,0.0,0.0,1.0,1.0,0.0,0.0
55865.0,1,-3.79,1,0,0,0,0,caucasian,58,1,0,1,single,0.0,0.0,0.0,1.0,0.0,0.0
61925.0,5,-2.53,3,0,0,0,1,hispanic,58,1,0,0,single,0.0,0.0,0.0,0.0,1.0,0.0
58898.0,2,-3.72,1,0,0,0,0,caucasian,58,3,0,1,separated,0.0,1.0,0.0,1.0,0.0,0.0
60861.0,1,-4.2,1,0,0,0,0,other,58,0,0,0,separated,0.0,1.0,0.0,0.0,0.0,1.0
57314.0,6,-3.32,1,1,0,1,0,african-american,58,24,0,0,significant other,0.0,0.0,1.0,0.0,0.0,0.0
54931.0,1,-4.09,1,0,0,0,1,caucasian,58,0,0,1,separated,0.0,1.0,0.0,1.0,0.0,0.0
53444.0,1,-3.58,1,0,0,0,0,caucasian,58,1,0,0,single,0.0,0.0,0.0,1.0,0.0,0.0
53738.0,1,-3.87,1,0,0,0,1,caucasian,58,2,0,1,other,1.0,0.0,0.0,1.0,0.0,0.0
51142.0,1,-3.85,1,0,0,0,0,african-american,58,0,0,1,single,0.0,0.0,0.0,0.0,0.0,0.0
58259.0,3,-2.74,2,0,0,0,0,caucasian,58,2,0,0,separated,0.0,1.0,0.0,1.0,0.0,0.0
52991.0,2,-3.28,1,0,0,0,0,hispanic,58,0,0,0,single,0.0,0.0,0.0,0.0,1.0,0.0
53570.0,1,-3.93,1,0,0,0,0,caucasian,58,1,0,0,single,0.0,0.0,0.0,1.0,0.0,0.0
49179.0,2,-3.07,1,0,0,0,0,caucasian,58,5,0,1,single,0.0,0.0,0.0,1.0,0.0,0.0
59537.0,1,-4.14,1,0,0,0,0,caucasian,58,0,0,1,significant other,0.0,0.0,1.0,1.0,0.0,0.0
53056.0,9,-0.97,9,1,0,0,0,african-american,58,16,0,0,single,0.0,0.0,0.0,0.0,0.0,0.0
59817.0,2,-3.4,1,0,0,0,0,caucasian,58,3,0,0,significant other,0.0,0.0,1.0,1.0,0.0,0.0
55981.0,2,-3.57,1,0,0,0,0,caucasian,58,3,0,1,single,0.0,0.0,0.0,1.0,0.0,0.0
51969.0,1,-4.25,1,0,0,0,0,hispanic,58,1,0,0,single,0.0,0.0,0.0,0.0,1.0,0.0
57822.0,1,-3.61,1,0,0,0,0,caucasian,58,0,0,1,significant other,0.0,0.0,1.0,1.0,0.0,0.0
55095.0,1,-4.29,1,0,0,0,0,caucasian,58,0,0,1,separated,0.0,1.0,0.0,1.0,0.0,0.0
54249.0,3,-3.43,1,1,0,0,0,caucasian,58,10,0,1,single,0.0,0.0,0.0,1.0,0.0,0.0
54304.0,1,-4.25,1,1,0,1,0,caucasian,58,2,0,1,significant other,0.0,0.0,1.0,1.0,0.0,0.0
13379.0,6,-2.44,3,0,0,0,0,african-american,58,6,0,0,significant other,0.0,0.0,1.0,0.0,0.0,0.0
60539.0,1,-3.31,1,0,0,0,0,caucasian,58,1,0,1,significant other,0.0,0.0,1.0,1.0,0.0,0.0
53007.0,2,-3.67,1,0,0,0,0,caucasian,58,8,0,1,separated,0.0,1.0,0.0,1.0,0.0,0.0
45956.0,3,-3.67,1,1,0,1,0,caucasian,58,2,0,1,significant other,0.0,0.0,1.0,1.0,0.0,0.0
48067.0,4,-3.4,1,1,0,1,0,caucasian,58,3,0,0,single,0.0,0.0,0.0,1.0,0.0,0.0
55471.0,3,-2.81,2,1,0,1,0,african-american,58,10,0,0,separated,0.0,1.0,0.0,0.0,0.0,0.0
57784.0,1,-3.95,1,0,0,0,0,african-american,58,0,0,0,single,0.0,0.0,0.0,0.0,0.0,0.0
50508.0,1,-4.04,1,0,0,0,0,hispanic,58,1,0,1,significant other,0.0,0.0,1.0,0.0,1.0,0.0
52464.0,3,-3.84,1,0,0,0,0,caucasian,58,2,0,0,significant other,0.0,0.0,1.0,1.0,0.0,0.0
59403.0,1,-3.82,1,0,0,0,1,african-american,58,4,0,0,single,0.0,0.0,0.0,0.0,0.0,0.0
58029.0,1,-3.76,1,1,0,1,1,other,58,0,0,0,single,0.0,0.0,0.0,0.0,0.0,1.0
61402.0,5,-2.56,2,0,0,0,0,caucasian,58,2,0,0,separated,0.0,1.0,0.0,1.0,0.0,0.0
54866.0,1,-3.91,1,0,0,0,0,caucasian,58,1,0,0,single,0.0,0.0,0.0,1.0,0.0,0.0
61810.0,3,-3.17,1,1,0,1,0,caucasian,58,5,0,0,single,0.0,0.0,0.0,1.0,0.0,0.0
56323.0,7,-2.27,3,1,0,1,0,caucasian,58,7,0,0,single,0.0,0.0,0.0,1.0,0.0,0.0
55543.0,2,-3.28,1,0,0,0,1,caucasian,58,1,0,1,significant other,0.0,0.0,1.0,1.0,0.0,0.0
61791.0,1,-3.94,1,0,0,0,1,other,58,0,0,0,separated,0.0,1.0,0.0,0.0,0.0,1.0
61367.0,1,-3.86,1,0,0,0,1,african-american,58,3,0,1,single,0.0,0.0,0.0,0.0,0.0,0.0
59209.0,6,-2.36,3,1,0,1,0,african-american,58,12,0,1,single,0.0,0.0,0.0,0.0,0.0,0.0
54903.0,1,-3.53,1,0,0,0,0,african-american,58,1,0,0,single,0.0,0.0,0.0,0.0,0.0,0.0
53751.0,2,-3.5,1,1,0,1,0,caucasian,58,12,0,0,significant other,0.0,0.0,1.0,1.0,0.0,0.0
51624.0,1,-3.58,1,1,0,0,0,caucasian,57,7,0,0,single,0.0,0.0,0.0,1.0,0.0,0.0
52625.0,1,-3.99,1,0,0,0,0,caucasian,57,0,0,0,separated,0.0,1.0,0.0,1.0,0.0,0.0
13059.0,1,-4.04,1,0,0,0,0,african-american,57,3,0,0,separated,0.0,1.0,0.0,0.0,0.0,0.0
53287.0,7,-1.76,5,1,1,0,0,african-american,57,8,0,1,significant other,0.0,0.0,1.0,0.0,0.0,0.0
8675.0,2,-3.74,1,0,0,0,0,african-american,57,2,0,0,significant other,0.0,0.0,1.0,0.0,0.0,0.0
58408.0,1,-3.93,1,0,0,0,0,hispanic,57,1,0,0,separated,0.0,1.0,0.0,0.0,1.0,0.0
55148.0,9,-1.69,6,0,0,0,0,african-american,57,12,0,0,single,0.0,0.0,0.0,0.0,0.0,0.0
60664.0,1,-4.13,1,0,0,0,0,caucasian,57,0,0,0,single,0.0,0.0,0.0,1.0,0.0,0.0
9364.0,9,-2.11,4,1,0,1,0,african-american,57,12,0,0,single,0.0,0.0,0.0,0.0,0.0,0.0
52368.0,4,-2.56,2,0,0,0,0,caucasian,57,3,0,0,single,0.0,0.0,0.0,1.0,0.0,0.0
58882.0,5,-3.04,1,0,0,0,0,caucasian,57,12,0,1,single,0.0,0.0,0.0,1.0,0.0,0.0
57555.0,7,-2.25,3,0,0,0,0,caucasian,57,15,0,0,single,0.0,0.0,0.0,1.0,0.0,0.0
55367.0,1,-3.42,1,0,0,0,0,caucasian,57,1,0,0,significant other,0.0,0.0,1.0,1.0,0.0,0.0
54755.0,2,-3.77,1,0,0,0,1,hispanic,57,1,0,1,single,0.0,0.0,0.0,0.0,1.0,0.0
60798.0,1,-3.76,1,0,0,0,0,caucasian,57,3,0,1,single,0.0,0.0,0.0,1.0,0.0,0.0
55849.0,1,-3.46,1,0,0,0,0,caucasian,57,0,0,0,significant other,0.0,0.0,1.0,1.0,0.0,0.0
56963.0,2,-2.91,2,0,0,0,0,caucasian,57,6,0,0,single,0.0,0.0,0.0,1.0,0.0,0.0
55107.0,1,-3.32,1,0,0,0,0,african-american,57,0,0,1,significant other,0.0,0.0,1.0,0.0,0.0,0.0
46313.0,2,-3.49,1,0,0,0,1,caucasian,57,4,0,0,separated,0.0,1.0,0.0,1.0,0.0,0.0
59402.0,1,-3.74,1,0,0,0,0,african-american,57,2,0,1,single,0.0,0.0,0.0,0.0,0.0,0.0
61095.0,1,-3.71,1,0,0,0,0,african-american,57,0,0,0,single,0.0,0.0,0.0,0.0,0.0,0.0
59061.0,1,-4.22,1,0,0,0,0,caucasian,57,2,0,0,separated,0.0,1.0,0.0,1.0,0.0,0.0
52705.0,1,-3.35,1,0,0,0,0,other,57,0,0,1,single,0.0,0.0,0.0,0.0,0.0,1.0
56074.0,5,-2.77,2,1,1,1,0,african-american,57,8,0,0,single,0.0,0.0,0.0,0.0,0.0,0.0
59211.0,2,-3.76,1,0,0,0,0,caucasian,57,1,0,0,significant other,0.0,0.0,1.0,1.0,0.0,0.0
57805.0,1,-4.07,1,0,0,0,0,caucasian,57,0,0,1,single,0.0,0.0,0.0,1.0,0.0,0.0
59253.0,1,-4.09,1,0,0,0,1,caucasian,57,2,0,0,significant other,0.0,0.0,1.0,1.0,0.0,0.0
60396.0,1,-4.11,1,0,0,0,0,other,57,0,0,0,significant other,0.0,0.0,1.0,0.0,0.0,1.0
58288.0,7,-2.2,4,0,0,0,0,african-american,57,19,0,0,significant other,0.0,0.0,1.0,0.0,0.0,0.0
52376.0,8,-1.35,7,1,1,1,0,african-american,57,23,0,0,single,0.0,0.0,0.0,0.0,0.0,0.0
54503.0,1,-3.69,1,0,0,0,0,caucasian,57,0,0,0,significant other,0.0,0.0,1.0,1.0,0.0,0.0
61690.0,5,-1.8,5,0,0,0,0,african-american,57,9,0,0,single,0.0,0.0,0.0,0.0,0.0,0.0
57146.0,1,-4.1,1,1,1,0,0,other,57,0,0,0,significant other,0.0,0.0,1.0,0.0,0.0,1.0
62187.0,3,-3.61,1,0,0,0,0,african-american,57,19,0,0,single,0.0,0.0,0.0,0.0,0.0,0.0
51948.0,1,-4.2,1,0,0,0,0,caucasian,57,2,0,0,single,0.0,0.0,0.0,1.0,0.0,0.0
38566.0,4,-2.34,3,1,0,1,0,other,57,10,0,0,single,0.0,0.0,0.0,0.0,0.0,1.0
52573.0,1,-4.2,1,0,0,0,1,caucasian,57,0,0,1,significant other,0.0,0.0,1.0,1.0,0.0,0.0
61506.0,1,-3.38,1,1,0,1,0,caucasian,57,21,0,1,separated,0.0,1.0,0.0,1.0,0.0,0.0
54821.0,8,-1.98,4,0,0,0,0,african-american,57,2,0,0,single,0.0,0.0,0.0,0.0,0.0,0.0
54901.0,6,-3.34,1,0,0,0,0,african-american,57,19,0,0,separated,0.0,1.0,0.0,0.0,0.0,0.0
57883.0,2,-2.64,2,0,0,0,0,caucasian,57,0,0,1,significant other,0.0,0.0,1.0,1.0,0.0,0.0
54896.0,4,-3.48,1,0,0,0,1,caucasian,57,0,0,1,significant other,0.0,0.0,1.0,1.0,0.0,0.0
52872.0,1,-3.96,1,0,0,0,0,hispanic,57,1,0,1,single,0.0,0.0,0.0,0.0,1.0,0.0
60192.0,1,-3.74,1,0,0,0,0,caucasian,57,0,0,1,single,0.0,0.0,0.0,1.0,0.0,0.0
52446.0,1,-3.81,1,1,0,1,1,caucasian,57,1,0,0,single,0.0,0.0,0.0,1.0,0.0,0.0
54609.0,8,-1.37,7,0,0,0,0,african-american,57,18,0,0,single,0.0,0.0,0.0,0.0,0.0,0.0
58032.0,6,-1.82,5,0,0,0,0,african-american,57,11,0,0,single,0.0,0.0,0.0,0.0,0.0,0.0
57490.0,1,-3.68,1,0,0,0,0,hispanic,57,3,0,0,single,0.0,0.0,0.0,0.0,1.0,0.0
15098.0,9,-1.79,5,1,0,1,0,african-american,57,6,0,1,significant other,0.0,0.0,1.0,0.0,0.0,0.0
57419.0,1,-3.33,1,0,0,0,0,other,57,0,0,0,significant other,0.0,0.0,1.0,0.0,0.0,1.0
48900.0,4,-2.81,2,1,0,1,0,caucasian,57,14,0,0,separated,0.0,1.0,0.0,1.0,0.0,0.0
54469.0,4,-2.52,3,0,0,0,0,caucasian,57,1,0,1,single,0.0,0.0,0.0,1.0,0.0,0.0
54504.0,1,-3.5,1,0,0,0,0,hispanic,57,0,0,1,significant other,0.0,0.0,1.0,0.0,1.0,0.0
51058.0,1,-3.87,1,0,0,0,1,african-american,57,0,0,1,single,0.0,0.0,0.0,0.0,0.0,0.0
2462.0,1,-3.64,1,0,0,0,0,caucasian,57,1,0,1,single,0.0,0.0,0.0,1.0,0.0,0.0
61187.0,4,-3.44,1,1,0,1,0,caucasian,57,9,0,0,single,0.0,0.0,0.0,1.0,0.0,0.0
51940.0,1,-3.67,1,0,0,0,0,african-american,57,1,0,0,single,0.0,0.0,0.0,0.0,0.0,0.0
60253.0,10,-0.99,9,0,0,0,0,african-american,57,27,0,1,single,0.0,0.0,0.0,0.0,0.0,0.0
56697.0,1,-3.77,1,0,0,0,1,caucasian,57,3,0,0,significant other,0.0,0.0,1.0,1.0,0.0,0.0
58324.0,3,-3.84,1,0,0,0,0,caucasian,56,2,0,1,significant other,0.0,0.0,1.0,1.0,0.0,0.0
62277.0,1,-4.15,1,0,0,0,0,caucasian,56,5,0,0,single,0.0,0.0,0.0,1.0,0.0,0.0
61377.0,1,-3.39,1,0,0,0,0,other,56,9,0,0,single,0.0,0.0,0.0,0.0,0.0,1.0
59098.0,3,-2.46,3,0,0,0,0,african-american,56,8,0,0,single,0.0,0.0,0.0,0.0,0.0,0.0
30104.0,7,-2.24,3,1,1,0,0,caucasian,56,5,0,1,single,0.0,0.0,0.0,1.0,0.0,0.0
54491.0,4,-3.5,1,0,0,0,0,african-american,56,0,0,1,single,0.0,0.0,0.0,0.0,0.0,0.0
28801.0,2,-2.99,1,1,1,1,0,hispanic,56,10,0,1,single,0.0,0.0,0.0,0.0,1.0,0.0
3060.0,3,-2.53,3,0,0,0,0,african-american,56,5,0,0,significant other,0.0,0.0,1.0,0.0,0.0,0.0
58227.0,1,-4.2,1,0,0,0,0,caucasian,56,0,0,1,single,0.0,0.0,0.0,1.0,0.0,0.0
56932.0,1,-3.76,1,0,0,0,0,caucasian,56,0,0,0,single,0.0,0.0,0.0,1.0,0.0,0.0
20656.0,5,-2.04,4,1,0,1,0,african-american,56,12,0,0,single,0.0,0.0,0.0,0.0,0.0,0.0
55958.0,1,-3.92,1,0,0,0,0,caucasian,56,2,0,0,single,0.0,0.0,0.0,1.0,0.0,0.0
54599.0,1,-3.47,1,0,0,0,0,caucasian,56,6,0,0,single,0.0,0.0,0.0,1.0,0.0,0.0
58164.0,1,-3.73,1,0,0,0,0,caucasian,56,1,0,1,single,0.0,0.0,0.0,1.0,0.0,0.0
57786.0,1,-3.91,1,0,0,0,0,african-american,56,0,0,0,single,0.0,0.0,0.0,0.0,0.0,0.0
60245.0,2,-3.22,1,0,0,0,0,african-american,56,6,0,0,single,0.0,0.0,0.0,0.0,0.0,0.0
57764.0,1,-3.22,1,0,0,0,0,hispanic,56,4,0,0,separated,0.0,1.0,0.0,0.0,1.0,0.0
54173.0,8,-2.08,4,0,0,0,0,african-american,56,24,0,0,single,0.0,0.0,0.0,0.0,0.0,0.0
55265.0,4,-3.04,1,0,0,0,0,caucasian,56,13,0,1,single,0.0,0.0,0.0,1.0,0.0,0.0
53368.0,2,-3.22,1,0,0,0,0,african-american,56,0,0,0,single,0.0,0.0,0.0,0.0,0.0,0.0
60454.0,3,-3.57,1,1,1,1,0,african-american,56,4,0,1,significant other,0.0,0.0,1.0,0.0,0.0,0.0
60289.0,2,-3.84,1,1,1,1,1,caucasian,56,1,0,0,significant other,0.0,0.0,1.0,1.0,0.0,0.0
54828.0,1,-4.07,1,0,0,0,0,caucasian,56,1,0,1,single,0.0,0.0,0.0,1.0,0.0,0.0
59034.0,1,-4.04,1,1,0,1,1,african-american,56,2,0,1,separated,0.0,1.0,0.0,0.0,0.0,0.0
58583.0,2,-3.25,1,1,0,1,0,african-american,56,3,0,1,single,0.0,0.0,0.0,0.0,0.0,0.0
28921.0,2,-2.39,3,0,0,0,0,caucasian,56,1,0,0,significant other,0.0,0.0,1.0,1.0,0.0,0.0
61685.0,1,-4.1,1,0,0,0,0,caucasian,56,0,0,0,single,0.0,0.0,0.0,1.0,0.0,0.0
52264.0,5,-2.74,2,0,0,0,0,african-american,56,16,0,0,significant other,0.0,0.0,1.0,0.0,0.0,0.0
58773.0,1,-3.88,1,0,0,0,0,african-american,56,1,0,0,single,0.0,0.0,0.0,0.0,0.0,0.0
48192.0,1,-3.6,1,0,0,0,0,african-american,56,4,0,0,significant other,0.0,0.0,1.0,0.0,0.0,0.0
54093.0,2,-3.11,1,0,0,0,0,caucasian,56,5,0,0,single,0.0,0.0,0.0,1.0,0.0,0.0
50904.0,1,-2.63,2,0,0,0,0,african-american,56,1,0,1,single,0.0,0.0,0.0,0.0,0.0,0.0
52051.0,1,-4.21,1,0,0,0,0,other,56,0,0,1,significant other,0.0,0.0,1.0,0.0,0.0,1.0
54402.0,1,-2.77,2,0,0,0,0,african-american,56,0,0,0,single,0.0,0.0,0.0,0.0,0.0,0.0
54872.0,2,-3.45,1,0,0,0,0,african-american,56,3,0,1,significant other,0.0,0.0,1.0,0.0,0.0,0.0
14028.0,5,-3.33,1,0,0,0,0,caucasian,56,7,0,0,single,0.0,0.0,0.0,1.0,0.0,0.0
55521.0,1,-4.19,1,0,0,0,1,caucasian,56,1,0,0,single,0.0,0.0,0.0,1.0,0.0,0.0
61242.0,1,-3.63,1,0,0,0,0,african-american,56,3,0,1,single,0.0,0.0,0.0,0.0,0.0,0.0
59792.0,1,-3.71,1,0,0,0,0,african-american,56,1,0,0,significant other,0.0,0.0,1.0,0.0,0.0,0.0
51405.0,1,-4.05,1,0,0,0,0,other,56,0,0,1,significant other,0.0,0.0,1.0,0.0,0.0,1.0
61530.0,2,-3.84,1,0,0,0,0,caucasian,56,1,0,0,significant other,0.0,0.0,1.0,1.0,0.0,0.0
62207.0,1,-3.64,1,0,0,0,0,caucasian,56,1,0,1,single,0.0,0.0,0.0,1.0,0.0,0.0
54785.0,3,-2.92,2,0,0,0,0,caucasian,56,3,0,1,separated,0.0,1.0,0.0,1.0,0.0,0.0
58574.0,2,-3.03,1,0,0,0,0,african-american,56,1,0,0,single,0.0,0.0,0.0,0.0,0.0,0.0
60477.0,1,-4.04,1,1,0,1,0,caucasian,56,1,0,0,significant other,0.0,0.0,1.0,1.0,0.0,0.0
54025.0,1,-4.01,1,0,0,0,1,african-american,56,1,0,0,single,0.0,0.0,0.0,0.0,0.0,0.0
52212.0,7,-2.23,4,0,0,0,0,african-american,56,4,0,0,single,0.0,0.0,0.0,0.0,0.0,0.0
59113.0,1,-4.24,1,0,0,0,0,caucasian,56,0,0,1,significant other,0.0,0.0,1.0,1.0,0.0,0.0
51799.0,1,-3.46,1,0,0,0,0,caucasian,56,1,0,1,single,0.0,0.0,0.0,1.0,0.0,0.0
57576.0,6,-1.4,7,1,0,1,0,african-american,56,31,0,0,single,0.0,0.0,0.0,0.0,0.0,0.0
55737.0,2,-3.12,1,0,0,0,0,caucasian,56,13,0,0,single,0.0,0.0,0.0,1.0,0.0,0.0
59593.0,1,-4.2,1,0,0,0,0,caucasian,56,0,0,1,single,0.0,0.0,0.0,1.0,0.0,0.0
52616.0,4,-2.6,2,0,0,0,0,african-american,56,9,0,0,significant other,0.0,0.0,1.0,0.0,0.0,0.0
56400.0,5,-2.61,2,1,0,1,0,caucasian,56,5,0,0,other,1.0,0.0,0.0,1.0,0.0,0.0
47288.0,5,-2.14,4,1,0,1,1,caucasian,56,10,0,0,single,0.0,0.0,0.0,1.0,0.0,0.0
50909.0,1,-3.93,1,1,1,1,0,caucasian,56,0,0,1,significant other,0.0,0.0,1.0,1.0,0.0,0.0
6980.0,9,-1.89,5,1,0,1,0,african-american,56,22,0,0,significant other,0.0,0.0,1.0,0.0,0.0,0.0
57556.0,4,-2.16,4,1,1,1,0,caucasian,56,17,0,0,single,0.0,0.0,0.0,1.0,0.0,0.0
54133.0,2,-3.35,1,0,0,0,0,african-american,56,0,0,1,single,0.0,0.0,0.0,0.0,0.0,0.0
54625.0,2,-2.89,2,1,0,1,0,african-american,56,5,0,0,single,0.0,0.0,0.0,0.0,0.0,0.0
60005.0,4,-3.24,1,0,0,0,0,caucasian,56,2,0,0,single,0.0,0.0,0.0,1.0,0.0,0.0
23755.0,4,-2.39,3,0,0,0,0,hispanic,56,8,0,1,separated,0.0,1.0,0.0,0.0,1.0,0.0
10097.0,7,-2.22,4,0,0,0,0,african-american,56,28,0,0,single,0.0,0.0,0.0,0.0,0.0,0.0
53122.0,1,-4.11,1,1,0,1,0,caucasian,56,7,0,0,separated,0.0,1.0,0.0,1.0,0.0,0.0
25578.0,8,-1.77,5,0,0,0,0,hispanic,56,2,0,1,separated,0.0,1.0,0.0,0.0,1.0,0.0
60466.0,1,-3.83,1,0,0,0,0,caucasian,56,4,0,0,separated,0.0,1.0,0.0,1.0,0.0,0.0
61505.0,4,-2.03,4,0,0,0,0,african-american,56,7,0,0,separated,0.0,1.0,0.0,0.0,0.0,0.0
61637.0,1,-3.69,1,0,0,0,0,caucasian,56,0,0,0,separated,0.0,1.0,0.0,1.0,0.0,0.0
59794.0,1,-4.15,1,0,0,0,0,other,56,0,0,1,significant other,0.0,0.0,1.0,0.0,0.0,1.0
57674.0,1,-4.15,1,0,0,0,1,african-american,56,0,0,1,separated,0.0,1.0,0.0,0.0,0.0,0.0
56562.0,1,-4.11,1,0,0,0,0,caucasian,56,0,0,1,separated,0.0,1.0,0.0,1.0,0.0,0.0
52852.0,2,-2.94,2,0,0,0,0,caucasian,56,3,0,0,single,0.0,0.0,0.0,1.0,0.0,0.0
54369.0,1,-4.21,1,0,0,0,0,caucasian,56,0,0,0,single,0.0,0.0,0.0,1.0,0.0,0.0
59087.0,1,-4.23,1,1,0,1,0,caucasian,56,0,0,1,significant other,0.0,0.0,1.0,1.0,0.0,0.0
53881.0,1,-3.53,1,1,0,0,0,caucasian,56,4,0,1,single,0.0,0.0,0.0,1.0,0.0,0.0
61971.0,1,-4.03,1,0,0,0,0,hispanic,56,2,0,0,significant other,0.0,0.0,1.0,0.0,1.0,0.0
58676.0,2,-3.63,1,0,0,0,0,caucasian,56,1,0,0,single,0.0,0.0,0.0,1.0,0.0,0.0
60483.0,1,-4.23,1,0,0,0,1,caucasian,56,0,0,1,significant other,0.0,0.0,1.0,1.0,0.0,0.0
53632.0,6,-1.15,8,1,0,1,0,caucasian,56,7,0,0,single,0.0,0.0,0.0,1.0,0.0,0.0
46368.0,1,-3.84,1,0,0,0,1,caucasian,56,3,0,0,single,0.0,0.0,0.0,1.0,0.0,0.0
34487.0,9,-2.4,3,0,0,0,0,african-american,56,8,0,0,single,0.0,0.0,0.0,0.0,0.0,0.0
60225.0,8,-1.94,5,0,0,0,0,african-american,56,9,0,1,separated,0.0,1.0,0.0,0.0,0.0,0.0
60096.0,2,-3.75,1,0,0,0,1,african-american,56,2,0,0,single,0.0,0.0,0.0,0.0,0.0,0.0
59979.0,1,-3.87,1,0,0,0,0,hispanic,56,0,0,0,single,0.0,0.0,0.0,0.0,1.0,0.0
57708.0,1,-3.89,1,1,1,0,0,caucasian,56,1,0,0,significant other,0.0,0.0,1.0,1.0,0.0,0.0
52512.0,2,-3.81,1,1,0,1,1,african-american,56,1,0,0,single,0.0,0.0,0.0,0.0,0.0,0.0
51410.0,1,-3.93,1,0,0,0,0,caucasian,56,0,0,1,single,0.0,0.0,0.0,1.0,0.0,0.0
50861.0,8,-2.4,3,0,0,0,1,caucasian,56,1,0,0,single,0.0,0.0,0.0,1.0,0.0,0.0
53815.0,1,-3.18,1,0,0,0,0,hispanic,56,0,0,1,single,0.0,0.0,0.0,0.0,1.0,0.0
48501.0,7,-2.92,2,1,0,1,0,caucasian,55,3,0,0,separated,0.0,1.0,0.0,1.0,0.0,0.0
55883.0,1,-4.17,1,0,0,0,0,caucasian,55,1,0,1,single,0.0,0.0,0.0,1.0,0.0,0.0
59946.0,1,-3.51,1,1,1,1,0,caucasian,55,0,0,1,single,0.0,0.0,0.0,1.0,0.0,0.0
53706.0,3,-3.07,1,0,0,0,0,caucasian,55,3,0,1,single,0.0,0.0,0.0,1.0,0.0,0.0
52477.0,8,-0.43,10,0,0,0,0,caucasian,55,7,0,0,single,0.0,0.0,0.0,1.0,0.0,0.0
59477.0,1,-4.15,1,0,0,0,0,caucasian,55,0,0,1,significant other,0.0,0.0,1.0,1.0,0.0,0.0
55404.0,6,-2.83,2,1,1,1,0,african-american,55,12,0,0,single,0.0,0.0,0.0,0.0,0.0,0.0
62297.0,1,-2.99,1,0,0,0,0,hispanic,55,0,0,1,significant other,0.0,0.0,1.0,0.0,1.0,0.0
60544.0,1,-4.11,1,0,0,0,1,hispanic,55,0,0,1,significant other,0.0,0.0,1.0,0.0,1.0,0.0
53182.0,1,-4.08,1,0,0,0,0,hispanic,55,0,0,0,significant other,0.0,0.0,1.0,0.0,1.0,0.0
56742.0,5,-2.34,3,0,0,0,0,caucasian,55,0,0,1,significant other,0.0,0.0,1.0,1.0,0.0,0.0
53515.0,1,-4.05,1,0,0,0,0,caucasian,55,0,0,1,significant other,0.0,0.0,1.0,1.0,0.0,0.0
59499.0,1,-4.21,1,0,0,0,0,caucasian,55,0,0,1,separated,0.0,1.0,0.0,1.0,0.0,0.0
60031.0,1,-4.21,1,0,0,0,0,caucasian,55,0,0,0,single,0.0,0.0,0.0,1.0,0.0,0.0
59139.0,1,-4.04,1,0,0,0,0,caucasian,55,1,0,1,single,0.0,0.0,0.0,1.0,0.0,0.0
54074.0,1,-3.96,1,0,0,0,1,african-american,55,1,0,0,separated,0.0,1.0,0.0,0.0,0.0,0.0
60126.0,1,-3.93,1,0,0,0,0,caucasian,55,0,0,1,significant other,0.0,0.0,1.0,1.0,0.0,0.0
59699.0,1,-3.92,1,0,0,0,0,african-american,55,0,0,0,significant other,0.0,0.0,1.0,0.0,0.0,0.0
51374.0,1,-4.14,1,1,0,0,0,caucasian,55,0,0,0,significant other,0.0,0.0,1.0,1.0,0.0,0.0
58827.0,1,-3.42,1,1,1,1,0,caucasian,55,1,0,0,single,0.0,0.0,0.0,1.0,0.0,0.0
52384.0,1,-3.43,1,1,0,1,0,other,55,8,0,0,single,0.0,0.0,0.0,0.0,0.0,1.0
57128.0,1,-3.37,1,0,0,0,0,caucasian,55,1,0,0,single,0.0,0.0,0.0,1.0,0.0,0.0
21458.0,2,-3.28,1,0,0,0,0,african-american,55,12,0,0,single,0.0,0.0,0.0,0.0,0.0,0.0
51419.0,1,-3.35,1,1,0,1,0,caucasian,55,2,0,1,significant other,0.0,0.0,1.0,1.0,0.0,0.0
43912.0,1,-3.31,1,1,0,1,0,african-american,55,8,0,0,single,0.0,0.0,0.0,0.0,0.0,0.0
5346.0,6,-1.81,5,1,0,1,0,african-american,55,21,0,0,separated,0.0,1.0,0.0,0.0,0.0,0.0
62370.0,5,-3.69,1,0,0,0,0,caucasian,55,27,0,1,single,0.0,0.0,0.0,1.0,0.0,0.0
58864.0,3,-3.49,1,0,0,0,0,caucasian,55,0,0,0,separated,0.0,1.0,0.0,1.0,0.0,0.0
52340.0,1,-3.3,1,0,0,0,0,caucasian,55,0,0,0,single,0.0,0.0,0.0,1.0,0.0,0.0
13795.0,9,-2.42,3,1,0,1,0,caucasian,55,33,0,0,single,0.0,0.0,0.0,1.0,0.0,0.0
51297.0,2,-3.49,1,1,0,1,0,hispanic,55,1,0,0,single,0.0,0.0,0.0,0.0,1.0,0.0
50953.0,4,-2.48,3,0,0,0,0,african-american,55,5,0,0,single,0.0,0.0,0.0,0.0,0.0,0.0
52475.0,1,-3.9,1,1,1,1,0,african-american,55,0,0,1,other,1.0,0.0,0.0,0.0,0.0,0.0
58390.0,5,-1.83,5,0,0,0,0,african-american,55,1,0,0,significant other,0.0,0.0,1.0,0.0,0.0,0.0
62289.0,1,-3.87,1,0,0,0,0,hispanic,55,0,0,1,separated,0.0,1.0,0.0,0.0,1.0,0.0
56806.0,1,-3.56,1,1,0,1,1,other,55,5,0,0,significant other,0.0,0.0,1.0,0.0,0.0,1.0
53556.0,1,-4.18,1,0,0,0,0,caucasian,55,2,0,0,significant other,0.0,0.0,1.0,1.0,0.0,0.0
59318.0,1,-4.17,1,0,0,0,0,caucasian,55,0,0,1,significant other,0.0,0.0,1.0,1.0,0.0,0.0
61267.0,1,-3.36,1,1,0,1,0,african-american,55,0,0,0,single,0.0,0.0,0.0,0.0,0.0,0.0
55343.0,1,-3.6,1,0,0,0,0,hispanic,55,2,0,0,single,0.0,0.0,0.0,0.0,1.0,0.0
57844.0,1,-3.43,1,0,0,0,0,african-american,55,0,0,0,significant other,0.0,0.0,1.0,0.0,0.0,0.0
62188.0,1,-4.17,1,0,0,0,1,hispanic,55,0,0,0,separated,0.0,1.0,0.0,0.0,1.0,0.0
60331.0,1,-4.03,1,0,0,0,0,other,55,4,0,0,separated,0.0,1.0,0.0,0.0,0.0,1.0
60663.0,1,-3.81,1,0,0,0,1,caucasian,55,0,0,1,single,0.0,0.0,0.0,1.0,0.0,0.0
53459.0,4,-3.34,1,0,0,0,0,african-american,55,1,0,0,single,0.0,0.0,0.0,0.0,0.0,0.0
53670.0,1,-4.14,1,0,0,0,1,african-american,55,1,0,1,single,0.0,0.0,0.0,0.0,0.0,0.0
54705.0,4,-3.27,1,1,1,1,0,african-american,55,5,0,0,significant other,0.0,0.0,1.0,0.0,0.0,0.0
52310.0,3,-2.61,2,0,0,0,0,caucasian,55,1,0,0,separated,0.0,1.0,0.0,1.0,0.0,0.0
54817.0,2,-2.39,3,0,0,0,0,caucasian,55,1,0,1,significant other,0.0,0.0,1.0,1.0,0.0,0.0
55101.0,1,-3.83,1,0,0,0,1,african-american,55,2,0,0,single,0.0,0.0,0.0,0.0,0.0,0.0
51847.0,5,-3.06,1,0,0,0,0,caucasian,55,0,0,0,single,0.0,0.0,0.0,1.0,0.0,0.0
55080.0,1,-3.38,1,0,0,0,0,caucasian,55,0,0,1,single,0.0,0.0,0.0,1.0,0.0,0.0
62192.0,1,-4.21,1,0,0,0,1,caucasian,55,0,0,0,significant other,0.0,0.0,1.0,1.0,0.0,0.0
8550.0,5,-2.4,3,1,0,1,0,african-american,55,3,0,1,single,0.0,0.0,0.0,0.0,0.0,0.0
35385.0,7,-2.26,3,0,0,0,0,caucasian,55,11,0,1,single,0.0,0.0,0.0,1.0,0.0,0.0
61177.0,1,-4.12,1,0,0,0,1,caucasian,55,0,0,1,single,0.0,0.0,0.0,1.0,0.0,0.0
54897.0,1,-3.83,1,0,0,0,0,caucasian,55,2,0,1,significant other,0.0,0.0,1.0,1.0,0.0,0.0
51039.0,4,-3.07,1,0,0,0,1,caucasian,55,6,0,0,separated,0.0,1.0,0.0,1.0,0.0,0.0
56347.0,1,-3.92,1,0,0,0,1,caucasian,55,0,0,1,other,1.0,0.0,0.0,1.0,0.0,0.0
52638.0,1,-4.14,1,0,0,0,0,caucasian,55,0,0,1,significant other,0.0,0.0,1.0,1.0,0.0,0.0
4933.0,2,-3.64,1,1,0,1,0,caucasian,55,18,0,0,separated,0.0,1.0,0.0,1.0,0.0,0.0
57124.0,1,-3.44,1,0,0,0,0,african-american,55,1,0,0,significant other,0.0,0.0,1.0,0.0,0.0,0.0
53353.0,8,-1.65,6,0,0,0,0,african-american,55,12,0,0,single,0.0,0.0,0.0,0.0,0.0,0.0
57198.0,1,-4.04,1,0,0,0,1,caucasian,55,2,0,0,single,0.0,0.0,0.0,1.0,0.0,0.0
6248.0,10,-2.08,4,1,0,1,0,african-american,55,17,0,0,single,0.0,0.0,0.0,0.0,0.0,0.0
27066.0,3,-3.18,1,1,0,1,0,african-american,55,9,0,1,single,0.0,0.0,0.0,0.0,0.0,0.0
57997.0,1,-2.63,2,1,1,1,0,caucasian,55,0,0,1,single,0.0,0.0,0.0,1.0,0.0,0.0
54674.0,1,-3.96,1,0,0,0,1,caucasian,55,0,0,1,single,0.0,0.0,0.0,1.0,0.0,0.0
64952.0,3,-3.62,1,1,0,1,0,caucasian,54,1,0,0,single,0.0,0.0,0.0,1.0,0.0,0.0
59700.0,1,-3.76,1,0,0,0,1,african-american,54,0,0,0,significant other,0.0,0.0,1.0,0.0,0.0,0.0
3832.0,6,-3.05,1,0,0,0,0,african-american,54,21,0,0,single,0.0,0.0,0.0,0.0,0.0,0.0
58289.0,1,-3.32,1,0,0,0,0,other,54,2,0,1,single,0.0,0.0,0.0,0.0,0.0,1.0
54741.0,2,-3.64,1,0,0,0,1,caucasian,54,1,0,1,separated,0.0,1.0,0.0,1.0,0.0,0.0
57047.0,3,-3.13,1,1,1,1,1,caucasian,54,0,0,0,single,0.0,0.0,0.0,1.0,0.0,0.0
54521.0,1,-3.33,1,0,0,0,0,african-american,54,4,0,0,single,0.0,0.0,0.0,0.0,0.0,0.0
52695.0,1,-4.05,1,1,1,1,0,african-american,54,0,0,1,significant other,0.0,0.0,1.0,0.0,0.0,0.0
54723.0,6,-3.01,1,0,0,0,1,african-american,54,7,0,0,single,0.0,0.0,0.0,0.0,0.0,0.0
60017.0,1,-3.95,1,0,0,0,0,african-american,54,9,0,1,single,0.0,0.0,0.0,0.0,0.0,0.0
57072.0,2,-3.42,1,1,1,1,0,other,54,2,0,1,significant other,0.0,0.0,1.0,0.0,0.0,1.0
54915.0,1,-4.13,1,0,0,0,1,hispanic,54,0,0,1,separated,0.0,1.0,0.0,0.0,1.0,0.0
52068.0,1,-3.67,1,0,0,0,0,other,54,0,0,1,significant other,0.0,0.0,1.0,0.0,0.0,1.0
57889.0,3,-3.26,1,0,0,0,0,caucasian,54,7,0,0,separated,0.0,1.0,0.0,1.0,0.0,0.0
60902.0,1,-3.96,1,0,0,0,0,other,54,0,0,0,single,0.0,0.0,0.0,0.0,0.0,1.0
53397.0,8,-2.29,3,0,0,0,0,african-american,54,11,0,0,single,0.0,0.0,0.0,0.0,0.0,0.0
54443.0,2,-3.41,1,0,0,0,1,caucasian,54,1,0,1,separated,0.0,1.0,0.0,1.0,0.0,0.0
55826.0,4,-2.49,3,1,1,1,0,caucasian,54,2,0,1,significant other,0.0,0.0,1.0,1.0,0.0,0.0
18233.0,2,-2.45,3,0,0,0,0,african-american,54,2,0,1,separated,0.0,1.0,0.0,0.0,0.0,0.0
59315.0,4,-3.24,1,0,0,0,1,african-american,54,6,0,0,other,1.0,0.0,0.0,0.0,0.0,0.0
23545.0,6,-2.28,3,1,0,1,0,african-american,54,3,0,0,single,0.0,0.0,0.0,0.0,0.0,0.0
59222.0,2,-3.42,1,0,0,0,0,caucasian,54,0,0,0,significant other,0.0,0.0,1.0,1.0,0.0,0.0
17678.0,9,-0.83,9,0,0,0,0,african-american,54,11,0,0,single,0.0,0.0,0.0,0.0,0.0,0.0
52270.0,1,-4.11,1,0,0,0,0,african-american,54,0,0,1,significant other,0.0,0.0,1.0,0.0,0.0,0.0
55440.0,2,-2.74,2,0,0,0,1,caucasian,54,1,0,0,single,0.0,0.0,0.0,1.0,0.0,0.0
53018.0,1,-3.86,1,0,0,0,0,caucasian,54,6,0,0,single,0.0,0.0,0.0,1.0,0.0,0.0
59927.0,2,-3.58,1,0,0,0,1,caucasian,54,2,0,0,separated,0.0,1.0,0.0,1.0,0.0,0.0
60517.0,5,-2.75,2,0,0,0,1,caucasian,54,7,0,0,single,0.0,0.0,0.0,1.0,0.0,0.0
54236.0,2,-3.29,1,0,0,0,0,caucasian,54,3,0,0,separated,0.0,1.0,0.0,1.0,0.0,0.0
52473.0,1,-3.12,1,0,0,0,0,african-american,54,0,0,0,separated,0.0,1.0,0.0,0.0,0.0,0.0
57503.0,2,-3.58,1,0,0,0,1,caucasian,54,12,0,0,single,0.0,0.0,0.0,1.0,0.0,0.0
55091.0,1,-3.29,1,0,0,0,0,african-american,54,1,0,1,single,0.0,0.0,0.0,0.0,0.0,0.0
51518.0,1,-3.44,1,0,0,0,0,caucasian,54,0,0,1,other,1.0,0.0,0.0,1.0,0.0,0.0
57381.0,3,-2.99,1,0,0,0,0,african-american,54,1,0,0,separated,0.0,1.0,0.0,0.0,0.0,0.0
53947.0,1,-4.03,1,0,0,0,1,caucasian,54,0,0,1,separated,0.0,1.0,0.0,1.0,0.0,0.0
52232.0,1,-3.79,1,0,0,0,0,caucasian,54,1,0,0,separated,0.0,1.0,0.0,1.0,0.0,0.0
53500.0,1,-3.59,1,0,0,0,0,african-american,54,0,0,1,single,0.0,0.0,0.0,0.0,0.0,0.0
51719.0,1,-3.79,1,0,0,0,0,african-american,54,0,0,1,single,0.0,0.0,0.0,0.0,0.0,0.0
55664.0,1,-3.97,1,0,0,0,0,other,54,1,0,0,single,0.0,0.0,0.0,0.0,0.0,1.0
54041.0,7,-2.29,3,1,0,1,0,caucasian,54,12,0,0,separated,0.0,1.0,0.0,1.0,0.0,0.0
58229.0,1,-4.11,1,0,0,0,0,caucasian,54,0,0,1,separated,0.0,1.0,0.0,1.0,0.0,0.0
57291.0,2,-3.26,1,0,0,0,0,caucasian,54,2,0,0,single,0.0,0.0,0.0,1.0,0.0,0.0
46130.0,5,-2.16,4,1,1,1,0,african-american,54,4,0,1,single,0.0,0.0,0.0,0.0,0.0,0.0
53717.0,1,-3.96,1,0,0,0,0,hispanic,54,0,0,0,other,1.0,0.0,0.0,0.0,1.0,0.0
53153.0,6,-2.99,1,0,0,0,0,african-american,54,10,0,0,single,0.0,0.0,0.0,0.0,0.0,0.0
60216.0,3,-2.86,2,0,0,0,1,caucasian,54,1,0,1,significant other,0.0,0.0,1.0,1.0,0.0,0.0
51606.0,1,-2.83,2,0,0,0,0,caucasian,54,0,0,1,significant other,0.0,0.0,1.0,1.0,0.0,0.0
56961.0,6,-3.11,1,0,0,0,0,african-american,54,13,0,0,single,0.0,0.0,0.0,0.0,0.0,0.0
21368.0,7,-2.99,1,1,0,1,0,african-american,54,6,0,0,other,1.0,0.0,0.0,0.0,0.0,0.0
53508.0,2,-3.82,1,0,0,0,1,caucasian,54,1,0,1,significant other,0.0,0.0,1.0,1.0,0.0,0.0
60447.0,1,-3.35,1,0,0,0,1,caucasian,54,0,0,1,significant other,0.0,0.0,1.0,1.0,0.0,0.0
36547.0,3,-3.47,1,1,0,1,0,african-american,54,4,0,0,single,0.0,0.0,0.0,0.0,0.0,0.0
55561.0,1,-3.37,1,0,0,0,1,caucasian,54,1,0,1,single,0.0,0.0,0.0,1.0,0.0,0.0
59158.0,1,-3.85,1,0,0,0,0,other,54,0,0,0,significant other,0.0,0.0,1.0,0.0,0.0,1.0
51865.0,4,-2.7,2,1,1,1,0,caucasian,54,2,0,0,single,0.0,0.0,0.0,1.0,0.0,0.0
54511.0,1,-3.67,1,1,0,1,0,caucasian,54,3,0,1,single,0.0,0.0,0.0,1.0,0.0,0.0
48206.0,6,-2.74,2,0,0,0,0,african-american,54,3,0,1,single,0.0,0.0,0.0,0.0,0.0,0.0
58068.0,3,-3.51,1,1,0,1,0,african-american,54,4,0,0,significant other,0.0,0.0,1.0,0.0,0.0,0.0
58115.0,1,-4.13,1,0,0,0,1,hispanic,54,2,0,1,significant other,0.0,0.0,1.0,0.0,1.0,0.0
62004.0,1,-3.11,1,1,0,1,0,caucasian,54,1,0,1,significant other,0.0,0.0,1.0,1.0,0.0,0.0
59970.0,1,-3.68,1,0,0,0,0,caucasian,54,0,0,0,single,0.0,0.0,0.0,1.0,0.0,0.0
59827.0,1,-3.55,1,0,0,0,0,caucasian,54,0,0,1,significant other,0.0,0.0,1.0,1.0,0.0,0.0
55536.0,5,-3.19,1,0,0,0,0,hispanic,54,5,0,0,significant other,0.0,0.0,1.0,0.0,1.0,0.0
60453.0,1,-3.34,1,0,0,0,0,african-american,54,2,0,1,significant other,0.0,0.0,1.0,0.0,0.0,0.0
52056.0,2,-3.28,1,0,0,0,0,caucasian,54,4,0,1,single,0.0,0.0,0.0,1.0,0.0,0.0
52838.0,1,-3.32,1,1,0,0,0,caucasian,54,2,0,1,single,0.0,0.0,0.0,1.0,0.0,0.0
58865.0,1,-3.48,1,0,0,0,0,caucasian,54,0,0,0,significant other,0.0,0.0,1.0,1.0,0.0,0.0
50881.0,2,-2.6,2,0,0,0,0,african-american,53,1,0,1,single,0.0,0.0,0.0,0.0,0.0,0.0
7466.0,2,-3.45,1,0,0,0,1,african-american,53,3,0,0,significant other,0.0,0.0,1.0,0.0,0.0,0.0
46244.0,2,-3.15,1,1,0,1,1,african-american,53,10,0,0,single,0.0,0.0,0.0,0.0,0.0,0.0
61223.0,1,-4.09,1,0,0,0,0,caucasian,53,1,0,0,single,0.0,0.0,0.0,1.0,0.0,0.0
52815.0,5,-2.68,2,0,0,0,0,other,53,1,0,0,single,0.0,0.0,0.0,0.0,0.0,1.0
58671.0,2,-2.67,2,1,0,1,0,caucasian,53,8,0,1,significant other,0.0,0.0,1.0,1.0,0.0,0.0
52137.0,1,-4.06,1,0,0,0,0,caucasian,53,1,0,0,single,0.0,0.0,0.0,1.0,0.0,0.0
61927.0,1,-4.05,1,0,0,0,0,caucasian,53,1,0,0,significant other,0.0,0.0,1.0,1.0,0.0,0.0
53997.0,3,-3.74,1,0,0,0,1,caucasian,53,1,0,1,single,0.0,0.0,0.0,1.0,0.0,0.0
60536.0,1,-3.75,1,0,0,0,0,hispanic,53,0,0,1,significant other,0.0,0.0,1.0,0.0,1.0,0.0
56715.0,1,-4.11,1,0,0,0,1,hispanic,53,0,0,1,separated,0.0,1.0,0.0,0.0,1.0,0.0
32276.0,5,-1.9,5,1,1,0,0,caucasian,53,1,0,1,significant other,0.0,0.0,1.0,1.0,0.0,0.0
40027.0,4,-2.43,3,0,0,0,0,caucasian,53,8,0,1,separated,0.0,1.0,0.0,1.0,0.0,0.0
62169.0,1,-4.01,1,0,0,0,0,caucasian,53,1,0,0,significant other,0.0,0.0,1.0,1.0,0.0,0.0
60498.0,1,-4.08,1,1,0,1,0,caucasian,53,1,0,1,separated,0.0,1.0,0.0,1.0,0.0,0.0
56388.0,2,-2.77,2,1,0,0,0,african-american,53,6,0,0,single,0.0,0.0,0.0,0.0,0.0,0.0
56965.0,1,-3.79,1,0,0,0,0,african-american,53,0,0,1,single,0.0,0.0,0.0,0.0,0.0,0.0
51156.0,1,-3.9,1,0,0,0,0,caucasian,53,0,0,1,separated,0.0,1.0,0.0,1.0,0.0,0.0
52712.0,1,-3.47,1,0,0,0,0,african-american,53,2,0,0,single,0.0,0.0,0.0,0.0,0.0,0.0
54444.0,7,-3.17,1,0,0,0,0,african-american,53,4,0,0,single,0.0,0.0,0.0,0.0,0.0,0.0
61053.0,1,-3.87,1,0,0,0,1,caucasian,53,0,0,1,separated,0.0,1.0,0.0,1.0,0.0,0.0
5533.0,5,-1.99,4,1,0,1,0,african-american,53,26,0,0,separated,0.0,1.0,0.0,0.0,0.0,0.0
60414.0,9,-2.41,3,0,0,0,0,african-american,53,3,0,1,single,0.0,0.0,0.0,0.0,0.0,0.0
51869.0,1,-3.66,1,0,0,0,0,caucasian,53,4,0,0,single,0.0,0.0,0.0,1.0,0.0,0.0
29068.0,6,-2.33,3,1,0,1,0,african-american,53,6,0,1,single,0.0,0.0,0.0,0.0,0.0,0.0
53902.0,6,-2.99,1,1,1,1,0,african-american,53,3,0,0,single,0.0,0.0,0.0,0.0,0.0,0.0
55108.0,2,-3.74,1,0,0,0,0,african-american,53,5,0,1,single,0.0,0.0,0.0,0.0,0.0,0.0
56947.0,1,-4.02,1,0,0,0,0,other,53,0,0,1,single,0.0,0.0,0.0,0.0,0.0,1.0
51794.0,4,-3.08,1,0,0,0,0,african-american,53,5,0,0,single,0.0,0.0,0.0,0.0,0.0,0.0
52851.0,3,-3.45,1,0,0,0,0,african-american,53,2,0,0,single,0.0,0.0,0.0,0.0,0.0,0.0
61138.0,1,-3.95,1,0,0,0,0,caucasian,53,1,0,1,single,0.0,0.0,0.0,1.0,0.0,0.0
51326.0,1,-4.04,1,0,0,0,0,hispanic,53,1,0,0,single,0.0,0.0,0.0,0.0,1.0,0.0
51244.0,1,-3.92,1,0,0,0,0,caucasian,53,1,0,1,single,0.0,0.0,0.0,1.0,0.0,0.0
52003.0,1,-3.94,1,1,0,1,0,hispanic,53,1,0,1,single,0.0,0.0,0.0,0.0,1.0,0.0
59893.0,1,-4.11,1,0,0,0,1,caucasian,53,1,0,1,single,0.0,0.0,0.0,1.0,0.0,0.0
31193.0,7,-3.12,1,1,0,1,0,african-american,53,18,0,1,single,0.0,0.0,0.0,0.0,0.0,0.0
55088.0,3,-3.2,1,0,0,0,0,caucasian,53,1,0,0,single,0.0,0.0,0.0,1.0,0.0,0.0
51346.0,1,-3.96,1,0,0,0,1,caucasian,53,0,0,1,significant other,0.0,0.0,1.0,1.0,0.0,0.0
55852.0,1,-3.63,1,1,0,1,1,caucasian,53,4,0,0,other,1.0,0.0,0.0,1.0,0.0,0.0
60907.0,1,-4.11,1,0,0,0,0,other,53,0,0,1,single,0.0,0.0,0.0,0.0,0.0,1.0
55121.0,5,-2.93,2,0,0,0,0,caucasian,53,8,0,0,single,0.0,0.0,0.0,1.0,0.0,0.0
53913.0,1,-3.34,1,1,0,1,0,caucasian,53,1,0,1,significant other,0.0,0.0,1.0,1.0,0.0,0.0
59162.0,6,-2.97,1,1,0,1,0,african-american,53,8,0,0,single,0.0,0.0,0.0,0.0,0.0,0.0
55427.0,1,-4.14,1,0,0,0,0,caucasian,53,1,0,1,significant other,0.0,0.0,1.0,1.0,0.0,0.0
53854.0,4,-2.92,2,0,0,0,0,caucasian,53,2,0,0,single,0.0,0.0,0.0,1.0,0.0,0.0
53635.0,7,-1.58,6,0,0,0,0,african-american,53,13,0,0,single,0.0,0.0,0.0,0.0,0.0,0.0
57060.0,2,-3.16,1,0,0,0,0,hispanic,53,18,0,0,significant other,0.0,0.0,1.0,0.0,1.0,0.0
56233.0,1,-3.82,1,0,0,0,0,african-american,53,2,0,0,single,0.0,0.0,0.0,0.0,0.0,0.0
59695.0,1,-4.14,1,0,0,0,1,caucasian,53,0,0,1,significant other,0.0,0.0,1.0,1.0,0.0,0.0
51456.0,5,-3.51,5,0,0,0,0,african-american,53,20,0,0,significant other,0.0,0.0,1.0,0.0,0.0,0.0
44123.0,1,-4.08,1,0,0,0,0,hispanic,53,1,0,0,single,0.0,0.0,0.0,0.0,1.0,0.0
58636.0,10,-1.79,5,0,0,0,0,hispanic,53,4,0,0,separated,0.0,1.0,0.0,0.0,1.0,0.0
59493.0,1,-4.14,1,0,0,0,1,caucasian,53,0,0,1,single,0.0,0.0,0.0,1.0,0.0,0.0
51469.0,5,-2.51,3,0,0,0,0,african-american,53,13,0,1,single,0.0,0.0,0.0,0.0,0.0,0.0
51525.0,1,-2.98,1,1,1,1,0,african-american,53,0,0,1,significant other,0.0,0.0,1.0,0.0,0.0,0.0
53669.0,1,-3.65,1,0,0,0,0,caucasian,53,1,0,1,single,0.0,0.0,0.0,1.0,0.0,0.0
59707.0,1,-4.1,1,0,0,0,0,caucasian,53,0,0,0,significant other,0.0,0.0,1.0,1.0,0.0,0.0
4549.0,4,-1.27,7,1,0,1,0,caucasian,53,9,0,0,single,0.0,0.0,0.0,1.0,0.0,0.0
54072.0,6,-2.29,3,0,0,0,0,african-american,53,11,0,0,single,0.0,0.0,0.0,0.0,0.0,0.0
59962.0,5,-3.48,1,0,0,0,1,african-american,53,0,0,0,single,0.0,0.0,0.0,0.0,0.0,0.0
58692.0,1,-3.46,1,0,0,0,0,caucasian,53,0,0,1,other,1.0,0.0,0.0,1.0,0.0,0.0
56983.0,7,-3.31,1,0,0,0,0,african-american,53,4,0,0,single,0.0,0.0,0.0,0.0,0.0,0.0
57811.0,1,-3.96,1,0,0,0,0,caucasian,53,6,0,0,single,0.0,0.0,0.0,1.0,0.0,0.0
5194.0,2,-2.45,3,0,0,0,0,hispanic,53,3,0,1,single,0.0,0.0,0.0,0.0,1.0,0.0
57654.0,6,-2.77,2,1,1,1,0,caucasian,53,1,0,0,single,0.0,0.0,0.0,1.0,0.0,0.0
55671.0,1,-3.0,1,0,0,0,0,caucasian,53,2,0,0,significant other,0.0,0.0,1.0,1.0,0.0,0.0
53133.0,1,-3.97,1,0,0,0,0,african-american,53,1,0,1,separated,0.0,1.0,0.0,0.0,0.0,0.0
53928.0,1,-3.96,1,0,0,0,0,caucasian,53,0,0,1,significant other,0.0,0.0,1.0,1.0,0.0,0.0
58335.0,1,-3.71,1,0,0,0,1,caucasian,53,0,0,0,single,0.0,0.0,0.0,1.0,0.0,0.0
57506.0,1,-4.04,1,0,0,0,1,african-american,53,0,0,0,single,0.0,0.0,0.0,0.0,0.0,0.0
60950.0,6,-1.98,4,0,0,0,1,african-american,53,5,0,0,single,0.0,0.0,0.0,0.0,0.0,0.0
57245.0,1,-4.04,1,0,0,0,1,caucasian,53,0,0,1,single,0.0,0.0,0.0,1.0,0.0,0.0
58033.0,1,-3.9,1,1,0,1,0,caucasian,53,3,0,0,single,0.0,0.0,0.0,1.0,0.0,0.0
59317.0,1,-3.94,1,0,0,0,0,caucasian,53,0,0,1,significant other,0.0,0.0,1.0,1.0,0.0,0.0
59070.0,1,-3.98,1,0,0,0,0,caucasian,53,0,0,1,separated,0.0,1.0,0.0,1.0,0.0,0.0
59892.0,1,-3.9,1,1,0,1,0,other,53,4,0,1,significant other,0.0,0.0,1.0,0.0,0.0,1.0
54517.0,1,-3.84,1,1,0,0,0,caucasian,53,0,0,0,single,0.0,0.0,0.0,1.0,0.0,0.0
54129.0,2,-3.52,1,0,0,0,0,caucasian,53,0,0,0,single,0.0,0.0,0.0,1.0,0.0,0.0
54486.0,1,-3.64,1,0,0,0,0,caucasian,53,2,0,0,separated,0.0,1.0,0.0,1.0,0.0,0.0
51685.0,1,-3.33,1,0,0,0,0,caucasian,52,1,0,0,single,0.0,0.0,0.0,1.0,0.0,0.0
61785.0,1,-4.05,1,0,0,0,0,hispanic,52,0,0,1,significant other,0.0,0.0,1.0,0.0,1.0,0.0
59510.0,1,-3.4,1,0,0,0,1,caucasian,52,0,0,0,single,0.0,0.0,0.0,1.0,0.0,0.0
56078.0,1,-3.88,1,0,0,0,1,caucasian,52,0,0,1,single,0.0,0.0,0.0,1.0,0.0,0.0
55642.0,1,-3.42,1,0,0,0,0,african-american,52,2,0,0,significant other,0.0,0.0,1.0,0.0,0.0,0.0
52985.0,1,-3.69,1,0,0,0,0,caucasian,52,1,0,0,separated,0.0,1.0,0.0,1.0,0.0,0.0
55011.0,7,-2.75,2,0,0,0,1,caucasian,52,6,0,1,single,0.0,0.0,0.0,1.0,0.0,0.0
60052.0,1,-4.06,1,0,0,0,0,african-american,52,0,0,0,significant other,0.0,0.0,1.0,0.0,0.0,0.0
54629.0,1,-3.87,1,0,0,0,0,caucasian,52,2,0,1,single,0.0,0.0,0.0,1.0,0.0,0.0
55698.0,1,-3.52,1,0,0,0,0,caucasian,52,2,0,1,separated,0.0,1.0,0.0,1.0,0.0,0.0
51754.0,1,-3.67,1,1,0,1,1,hispanic,52,0,0,1,separated,0.0,1.0,0.0,0.0,1.0,0.0
25001.0,8,-1.74,5,1,1,1,0,african-american,52,16,0,0,single,0.0,0.0,0.0,0.0,0.0,0.0
51812.0,7,-1.39,7,1,0,1,0,african-american,52,0,0,0,single,0.0,0.0,0.0,0.0,0.0,0.0
24628.0,7,-1.73,6,1,0,1,0,other,52,13,0,0,significant other,0.0,0.0,1.0,0.0,0.0,1.0
54109.0,2,-2.8,2,0,0,0,0,caucasian,52,7,0,1,single,0.0,0.0,0.0,1.0,0.0,0.0
59534.0,6,-2.68,2,1,0,1,0,african-american,52,3,0,0,single,0.0,0.0,0.0,0.0,0.0,0.0
3509.0,1,-3.07,1,1,1,1,0,african-american,52,1,0,1,single,0.0,0.0,0.0,0.0,0.0,0.0
55983.0,9,-1.73,6,0,0,0,0,caucasian,52,3,0,1,single,0.0,0.0,0.0,1.0,0.0,0.0
17607.0,4,-2.49,3,0,0,0,0,hispanic,52,3,0,0,separated,0.0,1.0,0.0,0.0,1.0,0.0
53281.0,1,-3.6,1,1,0,1,0,african-american,52,0,0,1,single,0.0,0.0,0.0,0.0,0.0,0.0
58672.0,1,-3.09,1,1,0,1,1,african-american,52,2,0,0,single,0.0,0.0,0.0,0.0,0.0,0.0
56142.0,1,-4.08,1,0,0,0,0,caucasian,52,0,0,1,significant other,0.0,0.0,1.0,1.0,0.0,0.0
60380.0,1,-3.65,1,0,0,0,1,african-american,52,3,0,0,single,0.0,0.0,0.0,0.0,0.0,0.0
58209.0,1,-4.08,1,0,0,0,0,other,52,2,0,0,single,0.0,0.0,0.0,0.0,0.0,1.0
51651.0,2,-3.05,1,0,0,0,0,caucasian,52,3,0,1,separated,0.0,1.0,0.0,1.0,0.0,0.0
59685.0,3,-3.62,1,0,0,0,1,caucasian,52,0,0,1,single,0.0,0.0,0.0,1.0,0.0,0.0
23691.0,9,-1.28,7,0,0,0,1,african-american,52,8,0,0,significant other,0.0,0.0,1.0,0.0,0.0,0.0
39651.0,7,-3.15,1,1,0,1,0,hispanic,52,9,0,0,single,0.0,0.0,0.0,0.0,1.0,0.0
59029.0,1,-3.63,1,0,0,0,0,caucasian,52,0,0,1,single,0.0,0.0,0.0,1.0,0.0,0.0
58894.0,2,-2.97,1,0,0,0,0,caucasian,52,7,0,0,single,0.0,0.0,0.0,1.0,0.0,0.0
60066.0,1,-3.68,1,0,0,0,1,caucasian,52,0,0,1,single,0.0,0.0,0.0,1.0,0.0,0.0
52241.0,1,-3.33,1,0,0,0,0,african-american,52,0,0,0,single,0.0,0.0,0.0,0.0,0.0,0.0
59981.0,3,-3.23,1,1,0,1,0,african-american,52,23,0,0,single,0.0,0.0,0.0,0.0,0.0,0.0
55084.0,4,-3.49,1,1,0,1,0,african-american,52,0,0,0,significant other,0.0,0.0,1.0,0.0,0.0,0.0
58295.0,1,-3.66,1,0,0,0,0,caucasian,52,1,0,0,single,0.0,0.0,0.0,1.0,0.0,0.0
51122.0,1,-3.95,1,0,0,0,0,caucasian,52,1,0,0,single,0.0,0.0,0.0,1.0,0.0,0.0
53572.0,3,-2.96,1,1,1,1,0,hispanic,52,5,0,0,single,0.0,0.0,0.0,0.0,1.0,0.0
59590.0,1,-3.69,1,0,0,0,0,caucasian,52,1,0,0,significant other,0.0,0.0,1.0,1.0,0.0,0.0
56102.0,1,-3.59,1,0,0,0,1,african-american,52,0,0,0,significant other,0.0,0.0,1.0,0.0,0.0,0.0
53541.0,1,-3.18,1,0,0,0,0,caucasian,52,1,0,1,significant other,0.0,0.0,1.0,1.0,0.0,0.0
56670.0,5,-2.42,3,0,0,0,0,caucasian,52,1,0,0,single,0.0,0.0,0.0,1.0,0.0,0.0
57316.0,6,-3.06,1,0,0,0,0,african-american,52,7,0,1,significant other,0.0,0.0,1.0,0.0,0.0,0.0
61762.0,1,-3.8,1,1,0,1,0,hispanic,52,0,0,1,significant other,0.0,0.0,1.0,0.0,1.0,0.0
58708.0,1,-3.88,1,0,0,0,1,caucasian,52,3,0,1,separated,0.0,1.0,0.0,1.0,0.0,0.0
60909.0,3,-2.86,2,0,0,0,0,caucasian,52,4,0,1,single,0.0,0.0,0.0,1.0,0.0,0.0
42612.0,3,-2.87,2,0,0,0,1,african-american,52,3,0,1,separated,0.0,1.0,0.0,0.0,0.0,0.0
54125.0,3,-3.25,1,0,0,0,0,hispanic,52,20,0,0,single,0.0,0.0,0.0,0.0,1.0,0.0
28566.0,6,-1.46,7,0,0,0,0,hispanic,52,10,0,0,single,0.0,0.0,0.0,0.0,1.0,0.0
54092.0,1,-3.69,1,1,0,1,0,african-american,52,0,0,1,single,0.0,0.0,0.0,0.0,0.0,0.0
58958.0,1,-3.96,1,0,0,0,0,other,52,0,0,0,significant other,0.0,0.0,1.0,0.0,0.0,1.0
59576.0,1,-3.84,1,0,0,0,0,caucasian,52,0,0,1,single,0.0,0.0,0.0,1.0,0.0,0.0
58501.0,7,-3.15,1,1,0,1,0,african-american,52,17,0,0,significant other,0.0,0.0,1.0,0.0,0.0,0.0
54190.0,9,-2.47,3,1,1,1,0,african-american,52,7,0,0,single,0.0,0.0,0.0,0.0,0.0,0.0
48489.0,2,-2.96,1,0,0,0,0,caucasian,52,8,0,0,separated,0.0,1.0,0.0,1.0,0.0,0.0
18391.0,1,-3.43,1,0,0,0,1,caucasian,52,6,0,0,separated,0.0,1.0,0.0,1.0,0.0,0.0
52619.0,1,-4.05,1,0,0,0,0,caucasian,52,1,0,0,single,0.0,0.0,0.0,1.0,0.0,0.0
50385.0,1,-3.98,1,0,0,0,0,hispanic,52,2,0,1,significant other,0.0,0.0,1.0,0.0,1.0,0.0
59388.0,9,-3.26,1,1,0,1,0,caucasian,52,2,0,0,single,0.0,0.0,0.0,1.0,0.0,0.0
61441.0,1,-3.54,1,0,0,0,0,african-american,52,1,0,0,separated,0.0,1.0,0.0,0.0,0.0,0.0
53286.0,3,-2.76,2,1,0,1,0,caucasian,52,4,0,1,single,0.0,0.0,0.0,1.0,0.0,0.0
58602.0,3,-3.22,1,0,0,0,0,african-american,52,19,0,0,single,0.0,0.0,0.0,0.0,0.0,0.0
58724.0,1,-3.79,1,0,0,0,0,hispanic,52,0,0,0,significant other,0.0,0.0,1.0,0.0,1.0,0.0
52490.0,1,-3.88,1,0,0,0,0,african-american,52,0,0,1,significant other,0.0,0.0,1.0,0.0,0.0,0.0
55620.0,1,-3.49,1,0,0,0,0,african-american,52,4,0,1,single,0.0,0.0,0.0,0.0,0.0,0.0
61192.0,5,-3.16,1,1,0,1,0,other,52,0,0,0,single,0.0,0.0,0.0,0.0,0.0,1.0
53181.0,1,-3.69,1,0,0,0,1,african-american,52,0,0,1,single,0.0,0.0,0.0,0.0,0.0,0.0
54838.0,1,-3.57,1,0,0,0,0,caucasian,52,0,0,0,single,0.0,0.0,0.0,1.0,0.0,0.0
60947.0,4,-2.3,3,0,0,0,0,african-american,52,0,0,0,other,1.0,0.0,0.0,0.0,0.0,0.0
52355.0,1,-3.33,1,0,0,0,1,african-american,52,1,0,0,single,0.0,0.0,0.0,0.0,0.0,0.0
53723.0,8,-2.7,2,1,1,1,0,african-american,52,9,1,1,single,0.0,0.0,0.0,0.0,0.0,0.0
59232.0,1,-3.29,1,0,0,0,0,african-american,52,1,0,1,single,0.0,0.0,0.0,0.0,0.0,0.0
61831.0,7,-3.02,1,1,0,1,1,african-american,52,21,0,0,single,0.0,0.0,0.0,0.0,0.0,0.0
51603.0,5,-3.49,1,1,0,0,0,african-american,52,7,0,0,single,0.0,0.0,0.0,0.0,0.0,0.0
51150.0,1,-3.64,1,0,0,0,1,caucasian,52,0,0,1,single,0.0,0.0,0.0,1.0,0.0,0.0
35653.0,4,-2.41,3,1,0,1,0,african-american,52,15,0,1,single,0.0,0.0,0.0,0.0,0.0,0.0
58389.0,5,-2.47,3,1,0,1,0,caucasian,52,6,0,0,significant other,0.0,0.0,1.0,1.0,0.0,0.0
57735.0,1,-3.48,1,1,0,1,0,african-american,52,6,0,1,significant other,0.0,0.0,1.0,0.0,0.0,0.0
58166.0,1,-3.63,1,0,0,0,1,caucasian,52,1,0,0,significant other,0.0,0.0,1.0,1.0,0.0,0.0
61368.0,1,-3.75,1,0,0,0,0,african-american,52,2,0,1,single,0.0,0.0,0.0,0.0,0.0,0.0
35171.0,3,-3.35,1,1,0,1,0,african-american,52,3,0,1,single,0.0,0.0,0.0,0.0,0.0,0.0
59528.0,1,-3.84,1,0,0,0,0,caucasian,52,2,0,0,significant other,0.0,0.0,1.0,1.0,0.0,0.0
52898.0,1,-3.76,1,0,0,0,0,other,52,0,0,0,significant other,0.0,0.0,1.0,0.0,0.0,1.0
60547.0,5,-2.46,3,0,0,0,0,african-american,52,4,0,1,single,0.0,0.0,0.0,0.0,0.0,0.0
11077.0,9,-2.4,3,1,0,1,0,african-american,52,7,0,0,single,0.0,0.0,0.0,0.0,0.0,0.0
58548.0,1,-2.69,2,0,0,0,0,african-american,52,3,0,0,single,0.0,0.0,0.0,0.0,0.0,0.0
51243.0,1,-3.42,1,0,0,0,0,caucasian,52,0,0,0,significant other,0.0,0.0,1.0,1.0,0.0,0.0
55870.0,3,-3.46,1,1,0,1,1,other,52,0,0,1,significant other,0.0,0.0,1.0,0.0,0.0,1.0
53319.0,1,-3.92,1,0,0,0,1,caucasian,52,0,0,1,single,0.0,0.0,0.0,1.0,0.0,0.0
60480.0,1,-3.87,1,0,0,0,1,african-american,52,0,0,0,separated,0.0,1.0,0.0,0.0,0.0,0.0
54614.0,2,-3.38,1,1,1,1,0,african-american,51,0,0,0,other,1.0,0.0,0.0,0.0,0.0,0.0
52263.0,1,-4.08,1,0,0,0,0,hispanic,51,0,0,1,significant other,0.0,0.0,1.0,0.0,1.0,0.0
43420.0,8,-2.27,3,1,0,1,0,african-american,51,21,0,0,single,0.0,0.0,0.0,0.0,0.0,0.0
7874.0,6,-2.53,3,0,0,0,0,caucasian,51,3,0,0,single,0.0,0.0,0.0,1.0,0.0,0.0
58272.0,1,-3.76,1,0,0,0,0,hispanic,51,1,0,0,significant other,0.0,0.0,1.0,0.0,1.0,0.0
56344.0,1,-3.8,1,0,0,0,0,caucasian,51,0,0,1,single,0.0,0.0,0.0,1.0,0.0,0.0
60789.0,2,-3.64,1,0,0,0,0,african-american,51,3,0,0,single,0.0,0.0,0.0,0.0,0.0,0.0
57908.0,1,-3.64,1,0,0,0,1,african-american,51,4,0,0,single,0.0,0.0,0.0,0.0,0.0,0.0
60000.0,1,-3.73,1,0,0,0,0,hispanic,51,1,0,1,significant other,0.0,0.0,1.0,0.0,1.0,0.0
53773.0,9,-2.22,4,0,0,0,0,african-american,51,19,2,0,single,0.0,0.0,0.0,0.0,0.0,0.0
59425.0,2,-2.94,2,0,0,0,1,african-american,51,3,0,1,single,0.0,0.0,0.0,0.0,0.0,0.0
56786.0,1,-4.01,1,0,0,0,0,hispanic,51,0,0,1,significant other,0.0,0.0,1.0,0.0,1.0,0.0
53774.0,1,-3.57,1,1,0,1,0,caucasian,51,3,0,0,significant other,0.0,0.0,1.0,1.0,0.0,0.0
59308.0,1,-3.94,1,0,0,0,0,caucasian,51,0,0,1,separated,0.0,1.0,0.0,1.0,0.0,0.0
57586.0,2,-2.81,2,0,0,0,0,african-american,51,1,0,0,single,0.0,0.0,0.0,0.0,0.0,0.0
53107.0,3,-2.99,1,1,0,1,0,caucasian,51,3,0,0,separated,0.0,1.0,0.0,1.0,0.0,0.0
51315.0,1,-3.88,1,0,0,0,0,african-american,51,0,0,1,separated,0.0,1.0,0.0,0.0,0.0,0.0
57858.0,2,-2.82,2,0,0,0,0,caucasian,51,3,0,0,single,0.0,0.0,0.0,1.0,0.0,0.0
57099.0,3,-2.82,2,0,0,0,0,african-american,51,3,0,0,single,0.0,0.0,0.0,0.0,0.0,0.0
55593.0,1,-3.03,1,1,0,1,0,caucasian,51,6,0,1,single,0.0,0.0,0.0,1.0,0.0,0.0
60093.0,1,-3.26,1,0,0,0,0,african-american,51,0,0,1,significant other,0.0,0.0,1.0,0.0,0.0,0.0
52876.0,1,-3.55,1,1,1,1,0,caucasian,51,1,0,0,single,0.0,0.0,0.0,1.0,0.0,0.0
53001.0,9,-2.56,2,1,0,1,0,african-american,51,22,0,0,significant other,0.0,0.0,1.0,0.0,0.0,0.0
59412.0,3,-3.38,1,0,0,0,0,caucasian,51,7,0,0,single,0.0,0.0,0.0,1.0,0.0,0.0
53668.0,1,-3.84,1,0,0,0,0,caucasian,51,0,0,0,single,0.0,0.0,0.0,1.0,0.0,0.0
54995.0,1,-3.64,1,1,0,1,0,hispanic,51,0,0,0,separated,0.0,1.0,0.0,0.0,1.0,0.0
54512.0,5,-3.05,1,0,0,0,0,african-american,51,8,0,1,single,0.0,0.0,0.0,0.0,0.0,0.0
51762.0,1,-3.76,1,0,0,0,1,caucasian,51,0,0,0,single,0.0,0.0,0.0,1.0,0.0,0.0
52332.0,1,-3.96,1,0,0,0,0,other,51,2,0,0,separated,0.0,1.0,0.0,0.0,0.0,1.0
57278.0,1,-3.89,1,0,0,0,0,caucasian,51,1,0,1,single,0.0,0.0,0.0,1.0,0.0,0.0
62198.0,1,-3.79,1,0,0,0,1,caucasian,51,0,0,1,significant other,0.0,0.0,1.0,1.0,0.0,0.0
49456.0,5,-2.62,2,0,0,0,0,african-american,51,14,0,0,significant other,0.0,0.0,1.0,0.0,0.0,0.0
52863.0,1,-3.57,1,0,0,0,0,caucasian,51,0,0,1,significant other,0.0,0.0,1.0,1.0,0.0,0.0
56416.0,1,-3.22,1,0,0,0,0,other,51,2,0,0,separated,0.0,1.0,0.0,0.0,0.0,1.0
51833.0,1,-3.14,1,0,0,0,0,caucasian,51,0,0,0,significant other,0.0,0.0,1.0,1.0,0.0,0.0
53171.0,1,-3.14,1,1,1,1,0,caucasian,51,7,0,0,single,0.0,0.0,0.0,1.0,0.0,0.0
56298.0,2,-3.09,1,1,1,1,0,caucasian,51,1,0,1,single,0.0,0.0,0.0,1.0,0.0,0.0
60843.0,1,-3.81,1,0,0,0,0,caucasian,51,4,0,1,single,0.0,0.0,0.0,1.0,0.0,0.0
60591.0,7,-2.2,4,0,0,0,0,african-american,51,3,0,0,separated,0.0,1.0,0.0,0.0,0.0,0.0
45497.0,1,-3.25,1,0,0,0,1,hispanic,51,2,0,1,significant other,0.0,0.0,1.0,0.0,1.0,0.0
56690.0,7,-1.61,6,0,0,0,0,african-american,51,4,0,0,single,0.0,0.0,0.0,0.0,0.0,0.0
55796.0,8,-2.79,2,1,0,1,0,african-american,51,17,0,0,single,0.0,0.0,0.0,0.0,0.0,0.0
59307.0,2,-3.67,1,0,0,0,0,caucasian,51,1,0,1,separated,0.0,1.0,0.0,1.0,0.0,0.0
51604.0,5,-3.29,1,0,0,0,1,caucasian,51,0,0,0,single,0.0,0.0,0.0,1.0,0.0,0.0
61540.0,1,-3.82,1,0,0,0,1,caucasian,51,1,0,0,single,0.0,0.0,0.0,1.0,0.0,0.0
58028.0,1,-3.98,1,0,0,0,1,african-american,51,1,0,1,single,0.0,0.0,0.0,0.0,0.0,0.0
51360.0,1,-3.89,1,0,0,0,1,caucasian,51,0,0,1,single,0.0,0.0,0.0,1.0,0.0,0.0
60746.0,2,-3.57,1,0,0,0,0,hispanic,51,3,0,1,single,0.0,0.0,0.0,0.0,1.0,0.0
46285.0,2,-2.92,2,1,0,0,0,african-american,51,4,0,1,single,0.0,0.0,0.0,0.0,0.0,0.0
56389.0,5,-1.45,7,1,0,1,0,african-american,51,11,0,1,single,0.0,0.0,0.0,0.0,0.0,0.0
52095.0,5,-2.64,2,1,0,1,0,caucasian,51,8,0,0,single,0.0,0.0,0.0,1.0,0.0,0.0
56245.0,8,-3.37,1,0,0,0,1,african-american,51,16,0,0,single,0.0,0.0,0.0,0.0,0.0,0.0
60080.0,4,-2.95,1,1,0,1,0,african-american,51,0,0,1,single,0.0,0.0,0.0,0.0,0.0,0.0
57010.0,1,-3.92,1,0,0,0,0,african-american,51,1,0,0,significant other,0.0,0.0,1.0,0.0,0.0,0.0
52171.0,2,-2.82,2,0,0,0,1,african-american,51,7,0,0,separated,0.0,1.0,0.0,0.0,0.0,0.0
60167.0,4,-2.6,1,0,0,0,0,african-american,51,17,0,1,significant other,0.0,0.0,1.0,0.0,0.0,0.0
61480.0,1,-3.69,1,1,0,1,0,caucasian,51,4,0,0,single,0.0,0.0,0.0,1.0,0.0,0.0
14875.0,9,-1.51,6,0,0,0,1,caucasian,51,14,0,0,single,0.0,0.0,0.0,1.0,0.0,0.0
60749.0,5,-2.68,2,0,0,0,1,caucasian,51,7,0,0,single,0.0,0.0,0.0,1.0,0.0,0.0
59300.0,7,-3.0,1,1,0,1,1,caucasian,51,5,0,1,significant other,0.0,0.0,1.0,1.0,0.0,0.0
58015.0,1,-3.25,1,0,0,0,0,african-american,51,3,0,0,single,0.0,0.0,0.0,0.0,0.0,0.0
52589.0,1,-3.6,1,0,0,0,0,african-american,51,2,0,1,single,0.0,0.0,0.0,0.0,0.0,0.0
52601.0,10,-1.69,6,1,0,0,1,african-american,51,10,1,0,single,0.0,0.0,0.0,0.0,0.0,0.0
62218.0,1,-3.89,1,0,0,0,1,hispanic,51,0,0,1,significant other,0.0,0.0,1.0,0.0,1.0,0.0
53130.0,1,-3.43,1,0,0,0,0,caucasian,51,0,0,1,significant other,0.0,0.0,1.0,1.0,0.0,0.0
56576.0,1,-3.76,1,0,0,0,0,caucasian,51,0,0,0,single,0.0,0.0,0.0,1.0,0.0,0.0
60349.0,1,-4.05,1,1,1,1,1,caucasian,51,0,0,1,single,0.0,0.0,0.0,1.0,0.0,0.0
52186.0,1,-3.81,1,0,0,0,0,hispanic,51,1,0,0,significant other,0.0,0.0,1.0,0.0,1.0,0.0
51837.0,3,-3.36,1,0,0,0,1,caucasian,51,4,0,0,separated,0.0,1.0,0.0,1.0,0.0,0.0
51218.0,8,-2.33,3,1,1,1,0,african-american,51,12,1,0,single,0.0,0.0,0.0,0.0,0.0,0.0
56219.0,1,-3.47,1,0,0,0,0,caucasian,51,2,0,0,single,0.0,0.0,0.0,1.0,0.0,0.0
37089.0,1,-3.62,1,0,0,0,0,african-american,51,3,0,0,significant other,0.0,0.0,1.0,0.0,0.0,0.0
54385.0,5,-3.07,1,0,0,0,0,african-american,51,1,0,0,single,0.0,0.0,0.0,0.0,0.0,0.0
59771.0,1,-4.0,1,0,0,0,0,caucasian,51,1,0,0,separated,0.0,1.0,0.0,1.0,0.0,0.0
51845.0,6,-1.44,7,1,0,1,0,african-american,51,8,0,1,single,0.0,0.0,0.0,0.0,0.0,0.0
58587.0,2,-2.9,2,0,0,0,0,caucasian,51,0,0,1,single,0.0,0.0,0.0,1.0,0.0,0.0
21475.0,7,-2.78,2,0,0,0,1,african-american,51,1,0,1,single,0.0,0.0,0.0,0.0,0.0,0.0
55444.0,2,-3.02,1,0,0,0,1,caucasian,51,1,0,1,separated,0.0,1.0,0.0,1.0,0.0,0.0
56101.0,3,-2.45,3,0,0,0,0,african-american,51,5,0,1,single,0.0,0.0,0.0,0.0,0.0,0.0
54136.0,1,-3.92,1,0,0,0,0,caucasian,51,1,0,1,separated,0.0,1.0,0.0,1.0,0.0,0.0
52430.0,7,-1.8,5,0,0,0,0,african-american,51,5,0,1,single,0.0,0.0,0.0,0.0,0.0,0.0
59352.0,1,-3.82,1,0,0,0,0,caucasian,51,0,0,0,single,0.0,0.0,0.0,1.0,0.0,0.0
51491.0,1,-2.87,2,0,0,0,0,african-american,51,4,0,0,separated,0.0,1.0,0.0,0.0,0.0,0.0
56380.0,5,-2.7,2,0,0,0,1,caucasian,51,5,0,0,single,0.0,0.0,0.0,1.0,0.0,0.0
51537.0,2,-3.39,1,0,0,0,0,african-american,51,8,0,0,single,0.0,0.0,0.0,0.0,0.0,0.0
62410.0,4,-3.23,1,1,0,1,0,african-american,51,1,0,1,significant other,0.0,0.0,1.0,0.0,0.0,0.0
46610.0,4,-2.77,2,1,0,1,0,other,51,14,0,0,separated,0.0,1.0,0.0,0.0,0.0,1.0
61565.0,1,-3.76,1,0,0,0,0,caucasian,51,1,0,0,separated,0.0,1.0,0.0,1.0,0.0,0.0
51171.0,4,-3.21,1,1,0,1,1,caucasian,51,0,0,1,single,0.0,0.0,0.0,1.0,0.0,0.0
57885.0,1,-3.55,1,0,0,0,0,caucasian,51,0,0,1,single,0.0,0.0,0.0,1.0,0.0,0.0
52236.0,4,-2.5,3,0,0,0,0,caucasian,51,3,0,0,single,0.0,0.0,0.0,1.0,0.0,0.0
52733.0,3,-2.6,2,0,0,0,0,hispanic,51,1,0,0,significant other,0.0,0.0,1.0,0.0,1.0,0.0
52697.0,8,-2.37,3,1,0,1,1,caucasian,51,2,0,0,significant other,0.0,0.0,1.0,1.0,0.0,0.0
57090.0,3,-3.71,1,0,0,0,0,african-american,51,2,0,0,single,0.0,0.0,0.0,0.0,0.0,0.0
53566.0,2,-2.78,2,0,0,0,0,caucasian,50,1,0,0,separated,0.0,1.0,0.0,1.0,0.0,0.0
61173.0,2,-3.65,1,1,0,1,0,caucasian,50,0,0,1,separated,0.0,1.0,0.0,1.0,0.0,0.0
53104.0,10,-1.48,7,1,0,1,0,caucasian,50,16,1,0,single,0.0,0.0,0.0,1.0,0.0,0.0
57154.0,6,-2.29,3,1,1,1,1,african-american,50,12,0,1,single,0.0,0.0,0.0,0.0,0.0,0.0
50900.0,1,-3.73,1,0,0,0,0,caucasian,50,2,0,1,significant other,0.0,0.0,1.0,1.0,0.0,0.0
6380.0,5,-1.73,6,1,0,1,0,hispanic,50,9,0,1,single,0.0,0.0,0.0,0.0,1.0,0.0
57297.0,3,-2.73,2,0,0,0,0,caucasian,50,8,0,0,single,0.0,0.0,0.0,1.0,0.0,0.0
54240.0,7,-3.05,1,1,0,0,0,caucasian,50,5,0,0,single,0.0,0.0,0.0,1.0,0.0,0.0
57323.0,1,-3.93,1,0,0,0,0,caucasian,50,1,0,0,single,0.0,0.0,0.0,1.0,0.0,0.0
3810.0,9,-1.39,7,0,0,0,0,african-american,50,9,0,0,single,0.0,0.0,0.0,0.0,0.0,0.0
59983.0,5,-2.61,2,0,0,0,0,african-american,50,4,0,1,significant other,0.0,0.0,1.0,0.0,0.0,0.0
53476.0,1,-3.77,1,0,0,0,0,caucasian,50,1,0,0,significant other,0.0,0.0,1.0,1.0,0.0,0.0
59313.0,1,-3.59,1,0,0,0,0,caucasian,50,0,0,1,significant other,0.0,0.0,1.0,1.0,0.0,0.0
57796.0,3,-3.4,1,1,0,1,1,caucasian,50,3,0,0,single,0.0,0.0,0.0,1.0,0.0,0.0
51832.0,1,-4.01,1,0,0,0,0,hispanic,50,0,0,1,significant other,0.0,0.0,1.0,0.0,1.0,0.0
54769.0,1,-2.92,2,0,0,0,1,african-american,50,0,0,1,significant other,0.0,0.0,1.0,0.0,0.0,0.0
53020.0,1,-3.26,1,1,0,0,0,caucasian,50,1,0,0,single,0.0,0.0,0.0,1.0,0.0,0.0
59445.0,3,-3.14,1,0,0,0,1,african-american,50,4,0,0,separated,0.0,1.0,0.0,0.0,0.0,0.0
58730.0,9,-2.43,3,0,0,0,0,hispanic,50,11,0,1,separated,0.0,1.0,0.0,0.0,1.0,0.0
60958.0,1,-4.0,1,0,0,0,0,caucasian,50,0,0,0,significant other,0.0,0.0,1.0,1.0,0.0,0.0
61483.0,1,-3.88,1,0,0,0,0,caucasian,50,0,0,0,significant other,0.0,0.0,1.0,1.0,0.0,0.0
56371.0,3,-3.61,1,1,1,1,1,caucasian,50,0,0,1,separated,0.0,1.0,0.0,1.0,0.0,0.0
60739.0,1,-3.01,1,1,1,1,0,caucasian,50,0,0,0,separated,0.0,1.0,0.0,1.0,0.0,0.0
51849.0,2,-3.16,1,0,0,0,0,african-american,50,7,0,0,single,0.0,0.0,0.0,0.0,0.0,0.0
59195.0,2,-3.48,1,0,0,0,0,caucasian,50,3,0,0,single,0.0,0.0,0.0,1.0,0.0,0.0
60880.0,1,-4.01,1,0,0,0,0,african-american,50,1,0,0,single,0.0,0.0,0.0,0.0,0.0,0.0
51563.0,2,-3.06,1,0,0,0,1,african-american,50,5,0,0,single,0.0,0.0,0.0,0.0,0.0,0.0
61456.0,1,-3.97,1,0,0,0,0,hispanic,50,2,0,1,single,0.0,0.0,0.0,0.0,1.0,0.0
33245.0,1,-3.09,1,1,0,1,0,african-american,50,13,0,0,single,0.0,0.0,0.0,0.0,0.0,0.0
47457.0,1,-3.63,1,0,0,0,0,other,50,5,0,0,single,0.0,0.0,0.0,0.0,0.0,1.0
57698.0,1,-3.36,1,0,0,0,1,caucasian,50,0,0,1,other,1.0,0.0,0.0,1.0,0.0,0.0
51806.0,3,-2.91,2,0,0,0,0,african-american,50,3,0,1,separated,0.0,1.0,0.0,0.0,0.0,0.0
54860.0,5,-1.83,5,0,0,0,0,african-american,50,1,0,0,significant other,0.0,0.0,1.0,0.0,0.0,0.0
12700.0,9,-2.06,4,0,0,0,0,african-american,50,7,1,1,significant other,0.0,0.0,1.0,0.0,0.0,0.0
51614.0,1,-3.4,1,0,0,0,0,african-american,50,0,0,0,separated,0.0,1.0,0.0,0.0,0.0,0.0
59929.0,1,-3.92,1,0,0,0,0,caucasian,50,2,0,0,separated,0.0,1.0,0.0,1.0,0.0,0.0
67275.0,1,-3.72,1,0,0,0,0,caucasian,50,0,0,1,significant other,0.0,0.0,1.0,1.0,0.0,0.0
57143.0,6,-1.9,5,0,0,0,0,african-american,50,2,0,1,single,0.0,0.0,0.0,0.0,0.0,0.0
52724.0,1,-3.64,1,1,0,1,0,african-american,50,12,0,0,single,0.0,0.0,0.0,0.0,0.0,0.0
56054.0,10,-1.77,5,1,0,1,0,african-american,50,13,1,1,single,0.0,0.0,0.0,0.0,0.0,0.0
58862.0,1,-3.49,1,0,0,0,0,caucasian,50,0,0,1,single,0.0,0.0,0.0,1.0,0.0,0.0
56669.0,2,-3.68,1,1,0,1,1,hispanic,50,1,0,0,single,0.0,0.0,0.0,0.0,1.0,0.0
54706.0,1,-3.16,1,0,0,0,0,caucasian,50,0,0,0,separated,0.0,1.0,0.0,1.0,0.0,0.0
5285.0,6,-2.33,3,1,0,1,1,caucasian,50,30,0,1,separated,0.0,1.0,0.0,1.0,0.0,0.0
57114.0,9,-1.72,6,0,0,0,0,african-american,50,11,0,0,single,0.0,0.0,0.0,0.0,0.0,0.0
59351.0,8,-2.15,4,0,0,0,0,african-american,50,15,0,1,single,0.0,0.0,0.0,0.0,0.0,0.0
57340.0,8,-1.94,5,0,0,0,0,african-american,50,0,0,1,single,0.0,0.0,0.0,0.0,0.0,0.0
56889.0,1,-3.81,1,0,0,0,1,african-american,50,1,0,0,single,0.0,0.0,0.0,0.0,0.0,0.0
52225.0,2,-2.12,4,0,0,0,0,caucasian,50,1,0,0,single,0.0,0.0,0.0,1.0,0.0,0.0
55886.0,2,-3.37,1,1,1,1,0,caucasian,50,11,0,0,significant other,0.0,0.0,1.0,1.0,0.0,0.0
57594.0,2,-3.25,1,0,0,0,0,african-american,50,5,1,0,single,0.0,0.0,0.0,0.0,0.0,0.0
61436.0,1,-3.57,1,0,0,0,0,african-american,50,0,0,0,single,0.0,0.0,0.0,0.0,0.0,0.0
61734.0,2,-3.37,1,0,0,0,1,african-american,50,3,0,0,single,0.0,0.0,0.0,0.0,0.0,0.0
53124.0,1,-3.46,1,0,0,0,0,caucasian,50,0,0,0,single,0.0,0.0,0.0,1.0,0.0,0.0
52145.0,1,-3.69,1,0,0,0,1,hispanic,50,1,0,0,significant other,0.0,0.0,1.0,0.0,1.0,0.0
52014.0,1,-3.61,1,0,0,0,0,caucasian,50,1,0,0,other,1.0,0.0,0.0,1.0,0.0,0.0
52149.0,1,-3.96,1,0,0,0,1,caucasian,50,1,0,1,significant other,0.0,0.0,1.0,1.0,0.0,0.0
53132.0,1,-3.65,1,1,0,1,1,caucasian,50,2,0,0,single,0.0,0.0,0.0,1.0,0.0,0.0
51024.0,2,-2.98,1,1,1,1,0,caucasian,50,2,0,0,single,0.0,0.0,0.0,1.0,0.0,0.0
51224.0,3,-3.52,1,0,0,0,0,caucasian,50,1,0,0,single,0.0,0.0,0.0,1.0,0.0,0.0
61183.0,7,-2.94,2,0,0,0,0,caucasian,50,0,0,0,single,0.0,0.0,0.0,1.0,0.0,0.0
36929.0,6,-2.1,4,1,0,1,0,caucasian,50,9,0,1,single,0.0,0.0,0.0,1.0,0.0,0.0
62015.0,1,-3.81,1,0,0,0,0,caucasian,50,0,0,0,separated,0.0,1.0,0.0,1.0,0.0,0.0
61664.0,6,-2.38,3,1,0,1,0,caucasian,50,18,0,1,separated,0.0,1.0,0.0,1.0,0.0,0.0
52038.0,3,-1.7,6,0,0,0,0,caucasian,50,2,0,0,separated,0.0,1.0,0.0,1.0,0.0,0.0
17347.0,4,-2.59,2,0,0,0,0,caucasian,50,10,0,0,separated,0.0,1.0,0.0,1.0,0.0,0.0
57406.0,5,-2.77,2,0,0,0,0,african-american,50,10,0,0,single,0.0,0.0,0.0,0.0,0.0,0.0
53431.0,2,-1.81,5,0,0,0,0,caucasian,50,8,0,0,significant other,0.0,0.0,1.0,1.0,0.0,0.0
51408.0,2,-2.68,2,0,0,0,0,caucasian,50,1,0,1,single,0.0,0.0,0.0,1.0,0.0,0.0
60043.0,1,-4.01,1,0,0,0,0,caucasian,50,1,0,0,separated,0.0,1.0,0.0,1.0,0.0,0.0
51808.0,6,-2.26,3,1,0,1,0,caucasian,50,1,0,1,significant other,0.0,0.0,1.0,1.0,0.0,0.0
31312.0,2,-3.16,1,0,0,0,0,caucasian,50,4,0,1,single,0.0,0.0,0.0,1.0,0.0,0.0
56384.0,3,-3.62,1,1,0,1,1,hispanic,50,1,0,0,separated,0.0,1.0,0.0,0.0,1.0,0.0
53858.0,3,-2.69,2,1,0,1,0,caucasian,50,9,0,0,single,0.0,0.0,0.0,1.0,0.0,0.0
50986.0,8,-1.11,8,1,1,1,0,african-american,50,24,2,1,single,0.0,0.0,0.0,0.0,0.0,0.0
54152.0,1,-3.84,1,0,0,0,0,african-american,50,0,0,1,significant other,0.0,0.0,1.0,0.0,0.0,0.0
59607.0,4,-3.31,1,0,0,0,1,african-american,50,7,0,1,single,0.0,0.0,0.0,0.0,0.0,0.0
53388.0,3,-3.12,1,0,0,0,0,caucasian,50,3,0,0,significant other,0.0,0.0,1.0,1.0,0.0,0.0
51926.0,5,-2.98,1,1,0,1,0,african-american,50,2,0,1,single,0.0,0.0,0.0,0.0,0.0,0.0
52248.0,4,-1.71,6,1,1,1,0,caucasian,50,3,0,1,single,0.0,0.0,0.0,1.0,0.0,0.0
32421.0,9,-2.21,4,1,0,1,0,hispanic,50,3,0,0,single,0.0,0.0,0.0,0.0,1.0,0.0
62119.0,1,-3.88,1,1,0,1,0,caucasian,50,1,0,1,significant other,0.0,0.0,1.0,1.0,0.0,0.0
23992.0,8,-1.59,6,1,0,1,0,african-american,50,18,0,0,significant other,0.0,0.0,1.0,0.0,0.0,0.0
59911.0,1,-4.05,1,0,0,0,0,caucasian,49,0,0,0,significant other,0.0,0.0,1.0,1.0,0.0,0.0
60548.0,3,-3.13,1,0,0,0,0,caucasian,49,1,0,0,single,0.0,0.0,0.0,1.0,0.0,0.0
58875.0,1,-3.48,1,0,0,0,0,caucasian,49,0,0,0,significant other,0.0,0.0,1.0,1.0,0.0,0.0
60552.0,1,-3.93,1,1,0,1,1,caucasian,49,2,0,1,separated,0.0,1.0,0.0,1.0,0.0,0.0
56396.0,1,-3.98,1,0,0,0,1,caucasian,49,1,0,1,separated,0.0,1.0,0.0,1.0,0.0,0.0
33017.0,6,-2.57,2,1,0,1,0,caucasian,49,8,0,0,single,0.0,0.0,0.0,1.0,0.0,0.0
54961.0,2,-3.5,1,0,0,0,0,hispanic,49,0,0,1,single,0.0,0.0,0.0,0.0,1.0,0.0
62366.0,1,-3.55,1,0,0,0,0,caucasian,49,3,0,0,single,0.0,0.0,0.0,1.0,0.0,0.0
52497.0,1,-3.77,1,0,0,0,0,caucasian,49,0,0,0,single,0.0,0.0,0.0,1.0,0.0,0.0
54355.0,1,-3.23,1,0,0,0,0,hispanic,49,0,0,0,single,0.0,0.0,0.0,0.0,1.0,0.0
55068.0,5,-3.42,1,0,0,0,1,caucasian,49,4,0,0,single,0.0,0.0,0.0,1.0,0.0,0.0
50958.0,1,-2.77,2,0,0,0,1,african-american,49,0,0,0,single,0.0,0.0,0.0,0.0,0.0,0.0
61333.0,2,-2.92,2,1,0,1,0,caucasian,49,12,0,0,single,0.0,0.0,0.0,1.0,0.0,0.0
57678.0,2,-3.38,1,0,0,0,0,caucasian,49,2,0,1,significant other,0.0,0.0,1.0,1.0,0.0,0.0
56747.0,1,-3.74,1,0,0,0,0,caucasian,49,0,0,1,single,0.0,0.0,0.0,1.0,0.0,0.0
34682.0,2,-3.32,1,0,0,0,0,african-american,49,4,0,1,significant other,0.0,0.0,1.0,0.0,0.0,0.0
53633.0,3,-2.81,2,1,0,1,0,other,49,7,0,0,single,0.0,0.0,0.0,0.0,0.0,1.0
57999.0,5,-1.65,6,0,0,0,0,african-american,49,1,0,0,single,0.0,0.0,0.0,0.0,0.0,0.0
58589.0,1,-3.93,1,0,0,0,0,caucasian,49,1,0,1,significant other,0.0,0.0,1.0,1.0,0.0,0.0
58125.0,5,-2.12,4,0,0,0,0,african-american,49,3,0,0,single,0.0,0.0,0.0,0.0,0.0,0.0
61599.0,2,-3.28,1,0,0,0,1,caucasian,49,8,0,0,separated,0.0,1.0,0.0,1.0,0.0,0.0
35213.0,1,-3.56,1,0,0,0,0,caucasian,49,1,0,1,single,0.0,0.0,0.0,1.0,0.0,0.0
57382.0,3,-3.66,1,0,0,0,1,caucasian,49,2,0,1,separated,0.0,1.0,0.0,1.0,0.0,0.0
9625.0,3,-2.94,2,0,0,0,0,african-american,49,13,2,0,significant other,0.0,0.0,1.0,0.0,0.0,0.0
58557.0,1,-3.9,1,0,0,0,1,african-american,49,1,0,0,significant other,0.0,0.0,1.0,0.0,0.0,0.0
57432.0,1,-3.89,1,1,0,0,0,hispanic,49,2,0,1,single,0.0,0.0,0.0,0.0,1.0,0.0
52164.0,5,-2.6,2,0,0,0,0,caucasian,49,0,0,0,significant other,0.0,0.0,1.0,1.0,0.0,0.0
51053.0,2,-2.73,2,1,0,0,0,african-american,49,0,0,1,single,0.0,0.0,0.0,0.0,0.0,0.0
58176.0,4,-3.04,1,0,0,0,0,african-american,49,4,0,0,significant other,0.0,0.0,1.0,0.0,0.0,0.0
60350.0,1,-3.85,1,0,0,0,0,african-american,49,2,0,0,single,0.0,0.0,0.0,0.0,0.0,0.0
53896.0,2,-3.38,1,0,0,0,0,african-american,49,3,0,0,separated,0.0,1.0,0.0,0.0,0.0,0.0
58680.0,1,-2.99,1,0,0,0,0,caucasian,49,0,0,0,separated,0.0,1.0,0.0,1.0,0.0,0.0
62100.0,6,-2.89,2,0,0,0,1,caucasian,49,6,0,0,significant other,0.0,0.0,1.0,1.0,0.0,0.0
53075.0,1,-2.96,1,0,0,0,0,african-american,49,0,0,0,significant other,0.0,0.0,1.0,0.0,0.0,0.0
60952.0,1,-3.91,1,0,0,0,1,african-american,49,1,0,0,single,0.0,0.0,0.0,0.0,0.0,0.0
54213.0,1,-3.51,1,1,1,1,0,african-american,49,1,0,1,single,0.0,0.0,0.0,0.0,0.0,0.0
50903.0,1,-3.37,1,0,0,0,0,african-american,49,0,0,1,significant other,0.0,0.0,1.0,0.0,0.0,0.0
54563.0,2,-3.62,1,1,0,0,1,caucasian,49,3,0,0,single,0.0,0.0,0.0,1.0,0.0,0.0
57869.0,1,-2.7,2,0,0,0,0,caucasian,49,4,0,0,single,0.0,0.0,0.0,1.0,0.0,0.0
50840.0,1,-3.01,1,1,0,1,1,caucasian,49,0,0,1,single,0.0,0.0,0.0,1.0,0.0,0.0
53045.0,1,-3.1,1,0,0,0,0,caucasian,49,0,0,1,significant other,0.0,0.0,1.0,1.0,0.0,0.0
52324.0,8,-2.51,3,1,1,0,0,caucasian,49,4,0,1,single,0.0,0.0,0.0,1.0,0.0,0.0
60698.0,6,-3.29,1,1,0,1,0,african-american,49,29,0,0,significant other,0.0,0.0,1.0,0.0,0.0,0.0
54673.0,1,-3.94,1,0,0,0,1,other,49,0,0,1,separated,0.0,1.0,0.0,0.0,0.0,1.0
56735.0,6,-2.51,3,1,0,1,0,caucasian,49,5,0,0,single,0.0,0.0,0.0,1.0,0.0,0.0
53270.0,1,-2.99,1,0,0,0,0,african-american,49,1,0,1,separated,0.0,1.0,0.0,0.0,0.0,0.0
59030.0,1,-3.64,1,0,0,0,0,caucasian,49,0,0,0,single,0.0,0.0,0.0,1.0,0.0,0.0
57552.0,4,-2.61,2,0,0,0,0,caucasian,49,3,0,0,single,0.0,0.0,0.0,1.0,0.0,0.0
56339.0,2,-3.46,1,1,0,1,1,caucasian,49,2,0,1,single,0.0,0.0,0.0,1.0,0.0,0.0
56319.0,1,-3.65,1,1,0,1,0,caucasian,49,2,0,0,single,0.0,0.0,0.0,1.0,0.0,0.0
52049.0,1,-3.72,1,0,0,0,0,african-american,49,1,0,0,significant other,0.0,0.0,1.0,0.0,0.0,0.0
62210.0,6,-2.36,3,1,0,1,0,african-american,49,10,0,0,single,0.0,0.0,0.0,0.0,0.0,0.0
53877.0,2,-3.12,1,0,0,0,0,caucasian,49,8,0,0,single,0.0,0.0,0.0,1.0,0.0,0.0
61809.0,6,-3.18,1,0,0,0,1,caucasian,49,2,0,0,separated,0.0,1.0,0.0,1.0,0.0,0.0
56777.0,1,-3.38,1,0,0,0,0,african-american,49,4,0,1,significant other,0.0,0.0,1.0,0.0,0.0,0.0
58364.0,6,-2.34,3,1,0,1,0,other,49,7,0,0,significant other,0.0,0.0,1.0,0.0,0.0,1.0
50127.0,3,-2.74,2,1,0,1,0,african-american,49,10,0,0,single,0.0,0.0,0.0,0.0,0.0,0.0
51528.0,6,-2.15,4,1,1,1,0,caucasian,49,4,0,1,single,0.0,0.0,0.0,1.0,0.0,0.0
57440.0,7,-2.72,2,1,0,1,0,caucasian,49,0,0,0,single,0.0,0.0,0.0,1.0,0.0,0.0
53702.0,2,-3.18,1,0,0,0,1,caucasian,49,3,0,0,single,0.0,0.0,0.0,1.0,0.0,0.0
1393.0,5,-3.37,1,0,0,0,0,caucasian,49,12,0,1,single,0.0,0.0,0.0,1.0,0.0,0.0
52135.0,1,-3.69,1,0,0,0,0,caucasian,49,0,0,0,significant other,0.0,0.0,1.0,1.0,0.0,0.0
51383.0,1,-3.54,1,1,0,1,0,hispanic,49,1,0,0,single,0.0,0.0,0.0,0.0,1.0,0.0
56120.0,1,-3.94,1,0,0,0,0,caucasian,49,0,0,1,significant other,0.0,0.0,1.0,1.0,0.0,0.0
52740.0,1,-3.47,1,0,0,0,0,african-american,49,1,0,1,significant other,0.0,0.0,1.0,0.0,0.0,0.0
52969.0,3,-3.37,1,1,1,1,0,african-american,49,1,0,0,significant other,0.0,0.0,1.0,0.0,0.0,0.0
59543.0,1,-3.67,1,1,0,1,0,caucasian,49,1,0,0,single,0.0,0.0,0.0,1.0,0.0,0.0
54790.0,1,-3.41,1,1,1,1,0,other,49,0,0,1,single,0.0,0.0,0.0,0.0,0.0,1.0
57774.0,2,-3.58,1,0,0,0,1,caucasian,49,2,0,0,separated,0.0,1.0,0.0,1.0,0.0,0.0
46544.0,1,-3.03,1,1,0,1,0,african-american,49,3,0,0,single,0.0,0.0,0.0,0.0,0.0,0.0
51137.0,1,-3.26,1,0,0,0,0,caucasian,49,1,0,1,single,0.0,0.0,0.0,1.0,0.0,0.0
60874.0,1,-3.67,1,0,0,0,0,caucasian,49,1,0,0,single,0.0,0.0,0.0,1.0,0.0,0.0
53275.0,1,-3.86,1,0,0,0,1,caucasian,49,0,0,0,separated,0.0,1.0,0.0,1.0,0.0,0.0
61262.0,1,-3.73,1,1,0,1,0,african-american,49,0,0,1,significant other,0.0,0.0,1.0,0.0,0.0,0.0
52837.0,4,-3.06,1,0,0,0,0,african-american,49,3,0,0,single,0.0,0.0,0.0,0.0,0.0,0.0
57125.0,1,-3.66,1,0,0,0,1,caucasian,49,1,0,0,single,0.0,0.0,0.0,1.0,0.0,0.0
52374.0,7,-2.05,4,1,1,0,0,african-american,49,1,0,1,single,0.0,0.0,0.0,0.0,0.0,0.0
55138.0,6,-2.15,4,0,0,0,0,caucasian,49,7,0,0,significant other,0.0,0.0,1.0,1.0,0.0,0.0
57629.0,1,-3.61,1,0,0,0,0,other,49,2,0,0,single,0.0,0.0,0.0,0.0,0.0,1.0
51633.0,2,-2.62,2,0,0,0,1,caucasian,49,0,0,0,single,0.0,0.0,0.0,1.0,0.0,0.0
58542.0,2,-3.45,1,0,0,0,1,caucasian,49,4,0,1,single,0.0,0.0,0.0,1.0,0.0,0.0
51416.0,1,-3.9,1,0,0,0,0,caucasian,49,2,0,1,single,0.0,0.0,0.0,1.0,0.0,0.0
61337.0,1,-3.69,1,0,0,0,1,other,48,0,0,1,separated,0.0,1.0,0.0,0.0,0.0,1.0
56968.0,1,-3.62,1,1,1,1,0,caucasian,48,2,0,0,single,0.0,0.0,0.0,1.0,0.0,0.0
29231.0,6,-2.13,4,1,0,1,0,caucasian,48,20,0,0,single,0.0,0.0,0.0,1.0,0.0,0.0
3759.0,9,-2.38,3,1,0,1,0,african-american,48,14,0,0,single,0.0,0.0,0.0,0.0,0.0,0.0
57311.0,1,-3.86,1,0,0,0,0,hispanic,48,0,0,1,significant other,0.0,0.0,1.0,0.0,1.0,0.0
60355.0,5,-2.34,3,0,0,0,1,african-american,48,0,0,1,single,0.0,0.0,0.0,0.0,0.0,0.0
56020.0,2,-3.12,1,1,0,0,0,caucasian,48,3,0,0,single,0.0,0.0,0.0,1.0,0.0,0.0
51692.0,8,-1.81,5,0,0,0,1,caucasian,48,17,0,0,separated,0.0,1.0,0.0,1.0,0.0,0.0
8832.0,5,-2.06,4,0,0,0,0,other,48,12,0,0,single,0.0,0.0,0.0,0.0,0.0,1.0
57497.0,1,-3.14,1,0,0,0,0,other,48,0,0,1,separated,0.0,1.0,0.0,0.0,0.0,1.0
52481.0,8,-1.86,5,1,1,0,0,caucasian,48,2,0,1,separated,0.0,1.0,0.0,1.0,0.0,0.0
57768.0,1,-3.62,1,0,0,0,1,caucasian,48,2,0,0,separated,0.0,1.0,0.0,1.0,0.0,0.0
946.0,6,-1.91,5,1,0,1,0,african-american,48,9,0,0,single,0.0,0.0,0.0,0.0,0.0,0.0
60014.0,1,-3.9,1,0,0,0,0,african-american,48,0,0,0,significant other,0.0,0.0,1.0,0.0,0.0,0.0
50914.0,9,-2.68,2,1,0,1,0,african-american,48,5,0,0,single,0.0,0.0,0.0,0.0,0.0,0.0
61994.0,1,-3.32,1,0,0,0,0,african-american,48,0,0,1,separated,0.0,1.0,0.0,0.0,0.0,0.0
56213.0,1,-3.98,1,0,0,0,0,caucasian,48,0,0,1,single,0.0,0.0,0.0,1.0,0.0,0.0
52071.0,8,-2.46,3,1,0,1,0,caucasian,48,0,0,0,single,0.0,0.0,0.0,1.0,0.0,0.0
61172.0,8,-1.99,4,0,0,0,0,african-american,48,4,0,0,significant other,0.0,0.0,1.0,0.0,0.0,0.0
50879.0,1,-2.94,2,1,0,1,0,african-american,48,5,0,1,single,0.0,0.0,0.0,0.0,0.0,0.0
51148.0,1,-3.83,1,0,0,0,0,african-american,48,0,0,0,significant other,0.0,0.0,1.0,0.0,0.0,0.0
57584.0,2,-3.29,1,0,0,0,0,caucasian,48,2,0,1,single,0.0,0.0,0.0,1.0,0.0,0.0
58932.0,2,-2.49,3,0,0,0,1,african-american,48,0,0,0,single,0.0,0.0,0.0,0.0,0.0,0.0
55709.0,4,-3.06,1,0,0,0,0,caucasian,48,3,0,0,single,0.0,0.0,0.0,1.0,0.0,0.0
60329.0,1,-3.89,1,1,0,1,0,other,48,4,0,0,significant other,0.0,0.0,1.0,0.0,0.0,1.0
60830.0,1,-3.74,1,0,0,0,1,caucasian,48,0,0,0,significant other,0.0,0.0,1.0,1.0,0.0,0.0
53044.0,2,-3.09,1,0,0,0,0,other,48,0,0,0,significant other,0.0,0.0,1.0,0.0,0.0,1.0
57476.0,1,-3.86,1,0,0,0,0,other,48,0,0,1,significant other,0.0,0.0,1.0,0.0,0.0,1.0
55079.0,4,-2.66,2,1,0,1,0,african-american,48,7,0,1,single,0.0,0.0,0.0,0.0,0.0,0.0
34854.0,8,-1.87,5,1,1,1,0,caucasian,48,23,1,0,single,0.0,0.0,0.0,1.0,0.0,0.0
55071.0,2,-3.62,1,0,0,0,1,caucasian,48,0,0,0,single,0.0,0.0,0.0,1.0,0.0,0.0
53042.0,2,-3.33,1,0,0,0,0,other,48,4,0,0,single,0.0,0.0,0.0,0.0,0.0,1.0
53819.0,1,-3.91,1,0,0,0,1,caucasian,48,0,0,1,significant other,0.0,0.0,1.0,1.0,0.0,0.0
58880.0,4,-2.2,4,1,0,1,0,african-american,48,11,0,1,single,0.0,0.0,0.0,0.0,0.0,0.0
50874.0,1,-3.86,1,0,0,0,1,african-american,48,0,0,1,single,0.0,0.0,0.0,0.0,0.0,0.0
60410.0,1,-3.74,1,0,0,0,1,caucasian,48,0,0,1,separated,0.0,1.0,0.0,1.0,0.0,0.0
58991.0,2,-3.63,1,0,0,0,0,caucasian,48,6,0,0,single,0.0,0.0,0.0,1.0,0.0,0.0
54796.0,2,-2.88,2,0,0,0,0,other,48,7,0,0,single,0.0,0.0,0.0,0.0,0.0,1.0
57589.0,1,-3.66,1,0,0,0,0,caucasian,48,0,0,0,single,0.0,0.0,0.0,1.0,0.0,0.0
49440.0,4,-2.92,2,1,0,1,1,caucasian,48,8,0,1,significant other,0.0,0.0,1.0,1.0,0.0,0.0
59551.0,1,-3.9,1,1,0,1,0,hispanic,48,1,0,1,other,1.0,0.0,0.0,0.0,1.0,0.0
52517.0,1,-3.79,1,0,0,0,0,hispanic,48,1,0,1,significant other,0.0,0.0,1.0,0.0,1.0,0.0
50915.0,3,-2.55,3,0,0,0,0,african-american,48,4,0,0,significant other,0.0,0.0,1.0,0.0,0.0,0.0
53498.0,6,-3.26,1,0,0,0,0,african-american,48,2,0,0,significant other,0.0,0.0,1.0,0.0,0.0,0.0
52563.0,1,-3.75,1,0,0,0,1,other,48,0,0,0,single,0.0,0.0,0.0,0.0,0.0,1.0
53423.0,1,-3.69,1,0,0,0,0,other,48,1,0,0,significant other,0.0,0.0,1.0,0.0,0.0,1.0
61486.0,1,-3.94,1,0,0,0,0,caucasian,48,2,0,0,separated,0.0,1.0,0.0,1.0,0.0,0.0
53091.0,6,-2.28,3,0,0,0,0,african-american,48,12,0,1,significant other,0.0,0.0,1.0,0.0,0.0,0.0
61100.0,6,-2.49,3,0,0,0,0,african-american,48,4,0,0,single,0.0,0.0,0.0,0.0,0.0,0.0
57191.0,4,-2.46,3,1,0,1,0,african-american,48,5,0,0,single,0.0,0.0,0.0,0.0,0.0,0.0
28258.0,10,-2.13,9,1,1,1,0,african-american,48,25,1,0,single,0.0,0.0,0.0,0.0,0.0,0.0
51740.0,1,-3.7,1,0,0,0,0,hispanic,48,1,0,1,single,0.0,0.0,0.0,0.0,1.0,0.0
52609.0,1,-3.55,1,0,0,0,0,hispanic,48,1,0,1,significant other,0.0,0.0,1.0,0.0,1.0,0.0
57163.0,1,-3.82,1,0,0,0,0,other,48,1,0,0,significant other,0.0,0.0,1.0,0.0,0.0,1.0
12038.0,8,-1.63,6,1,0,1,0,caucasian,48,20,0,0,single,0.0,0.0,0.0,1.0,0.0,0.0
60661.0,2,-3.58,1,0,0,0,0,caucasian,48,0,0,0,single,0.0,0.0,0.0,1.0,0.0,0.0
39796.0,9,-2.22,4,1,0,1,0,african-american,48,8,1,0,single,0.0,0.0,0.0,0.0,0.0,0.0
29597.0,2,-3.68,1,0,0,0,0,caucasian,48,1,0,0,single,0.0,0.0,0.0,1.0,0.0,0.0
59479.0,1,-3.33,1,0,0,0,0,caucasian,48,1,0,0,separated,0.0,1.0,0.0,1.0,0.0,0.0
59697.0,3,-2.66,2,0,0,0,0,caucasian,48,0,0,0,single,0.0,0.0,0.0,1.0,0.0,0.0
52385.0,1,-3.25,1,0,0,0,1,caucasian,48,1,0,1,single,0.0,0.0,0.0,1.0,0.0,0.0
58409.0,1,-3.62,1,0,0,0,1,african-american,48,1,0,0,single,0.0,0.0,0.0,0.0,0.0,0.0
60036.0,7,-2.0,4,0,0,0,0,caucasian,48,0,0,0,significant other,0.0,0.0,1.0,1.0,0.0,0.0
52649.0,7,-2.13,4,1,0,1,0,caucasian,48,1,0,0,separated,0.0,1.0,0.0,1.0,0.0,0.0
52832.0,1,-3.91,1,0,0,0,0,caucasian,48,0,0,1,single,0.0,0.0,0.0,1.0,0.0,0.0
51810.0,1,-3.54,1,0,0,0,1,other,48,0,0,0,single,0.0,0.0,0.0,0.0,0.0,1.0
53448.0,1,-3.83,1,0,0,0,0,african-american,48,0,0,1,significant other,0.0,0.0,1.0,0.0,0.0,0.0
44720.0,8,-1.55,6,0,0,0,0,african-american,48,10,0,0,single,0.0,0.0,0.0,0.0,0.0,0.0
55007.0,3,-2.68,2,0,0,0,0,caucasian,48,2,0,1,single,0.0,0.0,0.0,1.0,0.0,0.0
62009.0,1,-3.82,1,0,0,0,0,african-american,48,1,0,0,single,0.0,0.0,0.0,0.0,0.0,0.0
57592.0,6,-2.97,1,1,0,1,1,african-american,48,18,3,0,separated,0.0,1.0,0.0,0.0,0.0,0.0
54454.0,1,-3.39,1,0,0,0,0,caucasian,48,1,0,1,single,0.0,0.0,0.0,1.0,0.0,0.0
48468.0,6,-3.24,1,0,0,0,0,caucasian,48,9,0,0,single,0.0,0.0,0.0,1.0,0.0,0.0
59206.0,3,-2.76,2,0,0,0,0,african-american,48,6,0,0,separated,0.0,1.0,0.0,0.0,0.0,0.0
55306.0,6,-1.54,6,0,0,0,1,hispanic,48,9,0,0,single,0.0,0.0,0.0,0.0,1.0,0.0
45342.0,4,-3.17,1,0,0,0,0,african-american,48,10,0,0,single,0.0,0.0,0.0,0.0,0.0,0.0
56908.0,7,-1.49,7,1,0,1,0,caucasian,48,13,0,0,single,0.0,0.0,0.0,1.0,0.0,0.0
51520.0,9,-2.85,2,0,0,0,1,caucasian,48,1,0,0,single,0.0,0.0,0.0,1.0,0.0,0.0
56570.0,1,-3.83,1,0,0,0,0,other,48,0,0,1,significant other,0.0,0.0,1.0,0.0,0.0,1.0
53972.0,1,-2.97,1,1,0,1,0,hispanic,48,1,0,0,single,0.0,0.0,0.0,0.0,1.0,0.0
59956.0,1,-3.9,1,1,0,1,0,caucasian,48,1,0,1,separated,0.0,1.0,0.0,1.0,0.0,0.0
56197.0,6,-2.96,1,1,0,1,0,caucasian,48,18,0,0,single,0.0,0.0,0.0,1.0,0.0,0.0
58076.0,2,-3.01,1,1,0,1,0,african-american,48,3,0,0,single,0.0,0.0,0.0,0.0,0.0,0.0
56123.0,1,-3.1,1,0,0,0,1,hispanic,47,2,0,0,separated,0.0,1.0,0.0,0.0,1.0,0.0
3214.0,4,-1.75,5,0,0,0,0,caucasian,47,2,0,0,single,0.0,0.0,0.0,1.0,0.0,0.0
56273.0,1,-3.91,1,0,0,0,0,caucasian,47,2,0,1,significant other,0.0,0.0,1.0,1.0,0.0,0.0
54321.0,1,-3.55,1,0,0,0,1,caucasian,47,0,0,0,single,0.0,0.0,0.0,1.0,0.0,0.0
51800.0,8,-3.2,1,1,0,1,0,african-american,47,23,0,1,single,0.0,0.0,0.0,0.0,0.0,0.0
41060.0,2,-3.57,1,0,0,0,0,caucasian,47,2,0,1,single,0.0,0.0,0.0,1.0,0.0,0.0
56433.0,3,-2.78,2,1,1,1,0,caucasian,47,5,0,1,significant other,0.0,0.0,1.0,1.0,0.0,0.0
61275.0,5,-2.49,3,0,0,0,0,african-american,47,0,0,1,significant other,0.0,0.0,1.0,0.0,0.0,0.0
53778.0,1,-3.07,1,1,1,1,0,african-american,47,7,0,0,single,0.0,0.0,0.0,0.0,0.0,0.0
60911.0,6,-1.67,6,0,0,0,1,african-american,47,4,0,1,significant other,0.0,0.0,1.0,0.0,0.0,0.0
9139.0,3,-2.72,2,0,0,0,0,african-american,47,4,0,0,significant other,0.0,0.0,1.0,0.0,0.0,0.0
60340.0,1,-3.66,1,1,0,1,0,hispanic,47,0,0,1,significant other,0.0,0.0,1.0,0.0,1.0,0.0
60630.0,1,-3.52,1,0,0,0,0,hispanic,47,1,0,0,single,0.0,0.0,0.0,0.0,1.0,0.0
12572.0,4,-1.93,5,0,0,0,0,african-american,47,1,0,1,single,0.0,0.0,0.0,0.0,0.0,0.0
38662.0,3,-3.54,1,1,1,1,0,caucasian,47,1,0,0,single,0.0,0.0,0.0,1.0,0.0,0.0
58553.0,1,-3.61,1,1,0,1,1,caucasian,47,1,0,0,single,0.0,0.0,0.0,1.0,0.0,0.0
61191.0,1,-3.4,1,0,0,0,0,caucasian,47,0,0,1,single,0.0,0.0,0.0,1.0,0.0,0.0
29762.0,2,-2.53,3,0,0,0,0,caucasian,47,5,0,1,other,1.0,0.0,0.0,1.0,0.0,0.0
57543.0,9,-2.19,4,1,0,1,0,african-american,47,21,0,0,single,0.0,0.0,0.0,0.0,0.0,0.0
58148.0,1,-3.67,1,0,0,0,0,caucasian,47,2,0,1,single,0.0,0.0,0.0,1.0,0.0,0.0
55992.0,1,-3.63,1,0,0,0,1,caucasian,47,0,0,1,significant other,0.0,0.0,1.0,1.0,0.0,0.0
53571.0,1,-3.74,1,0,0,0,1,caucasian,47,0,0,1,significant other,0.0,0.0,1.0,1.0,0.0,0.0
26552.0,6,-2.28,3,1,0,1,0,african-american,47,12,0,0,single,0.0,0.0,0.0,0.0,0.0,0.0
57456.0,1,-3.95,1,0,0,0,0,caucasian,47,0,0,1,significant other,0.0,0.0,1.0,1.0,0.0,0.0
58938.0,5,-2.49,3,0,0,0,0,caucasian,47,1,0,1,single,0.0,0.0,0.0,1.0,0.0,0.0
51980.0,6,-3.09,1,1,0,1,0,hispanic,47,3,0,1,separated,0.0,1.0,0.0,0.0,1.0,0.0
56736.0,1,-3.79,1,0,0,0,1,hispanic,47,0,0,1,single,0.0,0.0,0.0,0.0,1.0,0.0
59600.0,4,-2.5,3,0,0,0,0,caucasian,47,11,0,0,single,0.0,0.0,0.0,1.0,0.0,0.0
51414.0,2,-2.49,3,0,0,0,0,african-american,47,1,0,0,single,0.0,0.0,0.0,0.0,0.0,0.0
54081.0,2,-3.61,1,0,0,0,1,african-american,47,0,0,1,single,0.0,0.0,0.0,0.0,0.0,0.0
59003.0,2,-3.64,1,1,0,1,0,caucasian,47,2,0,0,significant other,0.0,0.0,1.0,1.0,0.0,0.0
54773.0,2,-3.3,1,0,0,0,0,caucasian,47,0,0,1,single,0.0,0.0,0.0,1.0,0.0,0.0
58080.0,1,-3.59,1,0,0,0,0,other,47,1,0,1,significant other,0.0,0.0,1.0,0.0,0.0,1.0
61369.0,1,-2.65,2,0,0,0,0,caucasian,47,2,0,0,separated,0.0,1.0,0.0,1.0,0.0,0.0
59302.0,5,-0.85,9,1,0,1,0,african-american,47,3,0,0,single,0.0,0.0,0.0,0.0,0.0,0.0
51467.0,7,-1.91,5,1,0,1,0,african-american,47,23,0,0,single,0.0,0.0,0.0,0.0,0.0,0.0
58476.0,7,-2.6,2,1,0,1,0,african-american,47,22,0,0,single,0.0,0.0,0.0,0.0,0.0,0.0
54371.0,1,-3.82,1,0,0,0,0,caucasian,47,0,0,1,significant other,0.0,0.0,1.0,1.0,0.0,0.0
53875.0,6,-2.26,3,1,0,1,0,caucasian,47,1,0,0,single,0.0,0.0,0.0,1.0,0.0,0.0
61686.0,4,-3.37,1,0,0,0,0,african-american,47,5,0,0,single,0.0,0.0,0.0,0.0,0.0,0.0
55654.0,5,-1.6,6,1,0,1,0,caucasian,47,4,0,0,single,0.0,0.0,0.0,1.0,0.0,0.0
13580.0,3,-2.94,2,0,0,0,0,african-american,47,3,0,0,single,0.0,0.0,0.0,0.0,0.0,0.0
51264.0,5,-1.72,6,1,0,1,0,african-american,47,3,0,1,single,0.0,0.0,0.0,0.0,0.0,0.0
53675.0,1,-3.54,1,0,0,0,0,hispanic,47,0,0,1,separated,0.0,1.0,0.0,0.0,1.0,0.0
53389.0,5,-2.24,3,0,0,0,0,hispanic,47,1,0,0,single,0.0,0.0,0.0,0.0,1.0,0.0
1692.0,9,-1.74,5,0,0,0,0,african-american,47,20,0,0,single,0.0,0.0,0.0,0.0,0.0,0.0
59578.0,1,-3.83,1,0,0,0,0,other,47,0,0,0,significant other,0.0,0.0,1.0,0.0,0.0,1.0
60660.0,1,-3.21,1,0,0,0,0,caucasian,47,1,0,0,significant other,0.0,0.0,1.0,1.0,0.0,0.0
53149.0,1,-3.79,1,0,0,0,0,caucasian,47,1,0,1,single,0.0,0.0,0.0,1.0,0.0,0.0
61757.0,4,-2.22,4,1,0,1,0,african-american,47,4,0,0,significant other,0.0,0.0,1.0,0.0,0.0,0.0
54624.0,8,-2.31,3,1,0,1,0,african-american,47,19,1,0,single,0.0,0.0,0.0,0.0,0.0,0.0
57975.0,1,-3.66,1,0,0,0,0,caucasian,47,0,0,1,separated,0.0,1.0,0.0,1.0,0.0,0.0
54277.0,1,-3.9,1,0,0,0,1,hispanic,47,1,0,0,single,0.0,0.0,0.0,0.0,1.0,0.0
51088.0,1,-3.55,1,0,0,0,0,caucasian,47,3,0,0,single,0.0,0.0,0.0,1.0,0.0,0.0
53061.0,1,-3.06,1,0,0,0,0,african-american,47,0,0,1,single,0.0,0.0,0.0,0.0,0.0,0.0
59582.0,3,-3.25,1,1,0,1,1,caucasian,47,0,0,1,significant other,0.0,0.0,1.0,1.0,0.0,0.0
55147.0,9,-1.98,4,1,0,1,0,african-american,47,14,5,0,single,0.0,0.0,0.0,0.0,0.0,0.0
54591.0,10,-2.89,2,1,1,1,0,african-american,47,4,0,0,significant other,0.0,0.0,1.0,0.0,0.0,0.0
60343.0,6,-3.17,1,0,0,0,0,african-american,47,5,0,0,single,0.0,0.0,0.0,0.0,0.0,0.0
60149.0,2,-3.46,1,0,0,0,0,african-american,47,3,0,0,significant other,0.0,0.0,1.0,0.0,0.0,0.0
55663.0,7,-2.86,2,0,0,0,0,african-american,47,15,0,0,single,0.0,0.0,0.0,0.0,0.0,0.0
62158.0,1,-3.34,1,1,1,1,0,african-american,47,1,0,1,single,0.0,0.0,0.0,0.0,0.0,0.0
57970.0,10,-2.85,2,1,0,1,1,african-american,47,19,0,0,single,0.0,0.0,0.0,0.0,0.0,0.0
61758.0,9,-1.62,6,1,0,1,1,african-american,47,21,2,1,significant other,0.0,0.0,1.0,0.0,0.0,0.0
55077.0,1,-3.55,1,0,0,0,1,other,47,0,0,0,single,0.0,0.0,0.0,0.0,0.0,1.0
53910.0,4,-2.4,3,1,1,1,0,caucasian,47,13,0,1,separated,0.0,1.0,0.0,1.0,0.0,0.0
56449.0,6,-2.95,1,0,0,0,0,african-american,47,14,0,1,single,0.0,0.0,0.0,0.0,0.0,0.0
51701.0,1,-3.74,1,0,0,0,0,african-american,47,1,0,0,separated,0.0,1.0,0.0,0.0,0.0,0.0
57466.0,1,-3.72,1,1,0,1,0,other,47,5,0,1,single,0.0,0.0,0.0,0.0,0.0,1.0
57929.0,4,-3.43,1,0,0,0,0,hispanic,47,0,0,1,significant other,0.0,0.0,1.0,0.0,1.0,0.0
52819.0,4,-3.07,1,0,0,0,0,caucasian,47,2,0,0,single,0.0,0.0,0.0,1.0,0.0,0.0
41977.0,2,-3.39,1,0,0,0,0,african-american,47,6,0,0,single,0.0,0.0,0.0,0.0,0.0,0.0
51852.0,2,-3.54,1,0,0,0,0,other,47,3,0,1,separated,0.0,1.0,0.0,0.0,0.0,1.0
57078.0,2,-3.57,1,0,0,0,0,caucasian,47,3,0,0,single,0.0,0.0,0.0,1.0,0.0,0.0
61282.0,1,-3.94,1,0,0,0,0,other,47,0,0,1,significant other,0.0,0.0,1.0,0.0,0.0,1.0
52101.0,3,-2.79,2,1,0,1,0,caucasian,47,3,0,1,single,0.0,0.0,0.0,1.0,0.0,0.0
53957.0,5,-3.18,1,0,0,0,0,caucasian,47,3,0,1,significant other,0.0,0.0,1.0,1.0,0.0,0.0
54518.0,1,-3.63,1,0,0,0,0,caucasian,47,0,0,1,separated,0.0,1.0,0.0,1.0,0.0,0.0
55576.0,8,-2.82,2,0,0,0,0,african-american,47,17,0,0,single,0.0,0.0,0.0,0.0,0.0,0.0
3105.0,4,-2.76,2,1,0,0,0,african-american,47,9,0,0,single,0.0,0.0,0.0,0.0,0.0,0.0
62380.0,1,-3.67,1,0,0,0,0,hispanic,47,0,0,1,separated,0.0,1.0,0.0,0.0,1.0,0.0
61445.0,1,-3.9,1,0,0,0,0,caucasian,47,0,0,1,single,0.0,0.0,0.0,1.0,0.0,0.0
52730.0,1,-3.9,1,0,0,0,0,caucasian,47,2,0,1,single,0.0,0.0,0.0,1.0,0.0,0.0
57538.0,1,-3.79,1,1,0,1,0,caucasian,47,0,0,1,significant other,0.0,0.0,1.0,1.0,0.0,0.0
58491.0,1,-2.95,1,0,0,0,0,caucasian,47,1,0,0,single,0.0,0.0,0.0,1.0,0.0,0.0
61520.0,1,-3.4,1,0,0,0,0,caucasian,47,3,0,0,single,0.0,0.0,0.0,1.0,0.0,0.0
33855.0,6,-2.28,3,0,0,0,1,african-american,47,1,0,0,single,0.0,0.0,0.0,0.0,0.0,0.0
4436.0,6,-1.44,7,0,0,0,0,hispanic,46,15,0,0,single,0.0,0.0,0.0,0.0,1.0,0.0
15671.0,7,-1.68,6,0,0,0,0,african-american,46,2,0,1,single,0.0,0.0,0.0,0.0,0.0,0.0
36178.0,5,-2.69,2,1,0,1,0,other,46,3,0,0,single,0.0,0.0,0.0,0.0,0.0,1.0
49945.0,8,-3.07,1,0,0,0,1,caucasian,46,2,0,0,separated,0.0,1.0,0.0,1.0,0.0,0.0
61836.0,1,-3.66,1,0,0,0,1,caucasian,46,0,0,1,single,0.0,0.0,0.0,1.0,0.0,0.0
57530.0,3,-2.38,3,0,0,0,0,caucasian,46,1,0,0,single,0.0,0.0,0.0,1.0,0.0,0.0
59793.0,1,-3.62,1,0,0,0,1,hispanic,46,2,0,0,single,0.0,0.0,0.0,0.0,1.0,0.0
55099.0,1,-3.63,1,0,0,0,1,caucasian,46,0,0,1,single,0.0,0.0,0.0,1.0,0.0,0.0
18325.0,7,-2.25,3,1,0,0,0,african-american,46,18,0,0,separated,0.0,1.0,0.0,0.0,0.0,0.0
59043.0,6,-3.45,1,1,0,1,0,caucasian,46,2,0,0,significant other,0.0,0.0,1.0,1.0,0.0,0.0
51450.0,2,-2.62,2,1,0,1,0,african-american,46,2,0,0,single,0.0,0.0,0.0,0.0,0.0,0.0
55959.0,1,-3.5,1,0,0,0,0,caucasian,46,1,0,1,single,0.0,0.0,0.0,1.0,0.0,0.0
55109.0,7,-3.32,1,1,0,1,0,african-american,46,15,1,0,single,0.0,0.0,0.0,0.0,0.0,0.0
58893.0,7,-2.0,4,0,0,0,0,african-american,46,0,0,0,single,0.0,0.0,0.0,0.0,0.0,0.0
51072.0,2,-3.46,1,0,0,0,1,other,46,1,0,0,significant other,0.0,0.0,1.0,0.0,0.0,1.0
54748.0,1,-3.04,1,0,0,0,0,hispanic,46,0,0,1,single,0.0,0.0,0.0,0.0,1.0,0.0
60394.0,1,-3.39,1,0,0,0,0,caucasian,46,0,0,0,single,0.0,0.0,0.0,1.0,0.0,0.0
57066.0,1,-3.79,1,0,0,0,1,caucasian,46,0,0,1,single,0.0,0.0,0.0,1.0,0.0,0.0
62001.0,1,-3.74,1,0,0,0,0,caucasian,46,0,0,0,single,0.0,0.0,0.0,1.0,0.0,0.0
53087.0,8,-2.3,3,0,0,0,1,african-american,46,7,0,1,single,0.0,0.0,0.0,0.0,0.0,0.0
61476.0,7,-1.9,5,1,0,1,0,caucasian,46,10,0,0,single,0.0,0.0,0.0,1.0,0.0,0.0
5141.0,6,-1.34,7,1,0,1,0,african-american,46,3,0,1,single,0.0,0.0,0.0,0.0,0.0,0.0
51109.0,5,-1.66,6,0,0,0,0,caucasian,46,5,0,0,separated,0.0,1.0,0.0,1.0,0.0,0.0
52075.0,1,-3.79,1,0,0,0,1,caucasian,46,0,0,0,significant other,0.0,0.0,1.0,1.0,0.0,0.0
59376.0,6,-1.99,4,0,0,0,0,african-american,46,12,0,1,single,0.0,0.0,0.0,0.0,0.0,0.0
53306.0,1,-3.46,1,0,0,0,0,caucasian,46,0,0,0,single,0.0,0.0,0.0,1.0,0.0,0.0
62046.0,1,-3.7,1,0,0,0,0,caucasian,46,1,0,0,single,0.0,0.0,0.0,1.0,0.0,0.0
61997.0,1,-3.85,1,0,0,0,0,caucasian,46,0,0,0,significant other,0.0,0.0,1.0,1.0,0.0,0.0
59542.0,5,-2.7,2,0,0,0,0,caucasian,46,0,0,0,single,0.0,0.0,0.0,1.0,0.0,0.0
54906.0,4,-3.24,1,1,0,0,0,caucasian,46,2,1,1,separated,0.0,1.0,0.0,1.0,0.0,0.0
57037.0,1,-3.67,1,0,0,0,0,other,46,0,0,0,single,0.0,0.0,0.0,0.0,0.0,1.0
38957.0,3,-2.49,2,0,0,0,0,caucasian,46,5,0,1,separated,0.0,1.0,0.0,1.0,0.0,0.0
56616.0,1,-3.54,1,0,0,0,1,caucasian,46,0,0,1,separated,0.0,1.0,0.0,1.0,0.0,0.0
12883.0,3,-3.42,1,1,0,1,0,caucasian,46,2,0,0,single,0.0,0.0,0.0,1.0,0.0,0.0
62189.0,1,-3.9,1,0,0,0,1,african-american,46,0,0,0,significant other,0.0,0.0,1.0,0.0,0.0,0.0
60049.0,5,-2.38,3,1,0,1,0,african-american,46,13,0,0,single,0.0,0.0,0.0,0.0,0.0,0.0
60556.0,1,-3.3,1,0,0,0,0,caucasian,46,0,0,0,single,0.0,0.0,0.0,1.0,0.0,0.0
55314.0,1,-3.58,1,0,0,0,0,caucasian,46,1,0,0,single,0.0,0.0,0.0,1.0,0.0,0.0
61501.0,1,-3.38,1,0,0,0,0,caucasian,46,1,0,0,other,1.0,0.0,0.0,1.0,0.0,0.0
52566.0,1,-3.71,1,0,0,0,0,african-american,46,0,0,0,single,0.0,0.0,0.0,0.0,0.0,0.0
53378.0,2,-3.31,1,0,0,0,0,caucasian,46,2,0,0,single,0.0,0.0,0.0,1.0,0.0,0.0
51206.0,8,-2.4,3,1,0,1,1,african-american,46,1,0,0,single,0.0,0.0,0.0,0.0,0.0,0.0
50965.0,9,-1.4,7,1,0,1,0,african-american,46,9,2,0,single,0.0,0.0,0.0,0.0,0.0,0.0
55918.0,5,-2.75,2,0,0,0,0,caucasian,46,2,0,0,single,0.0,0.0,0.0,1.0,0.0,0.0
51595.0,2,-3.51,1,0,0,0,0,african-american,46,0,0,1,single,0.0,0.0,0.0,0.0,0.0,0.0
55455.0,8,-2.85,3,1,0,1,0,caucasian,46,5,0,0,single,0.0,0.0,0.0,1.0,0.0,0.0
57461.0,1,-3.18,1,0,0,0,0,african-american,46,0,0,1,significant other,0.0,0.0,1.0,0.0,0.0,0.0
52274.0,6,-2.0,4,1,0,1,0,african-american,46,1,0,1,single,0.0,0.0,0.0,0.0,0.0,0.0
52134.0,1,-3.13,1,0,0,0,0,caucasian,46,0,0,1,single,0.0,0.0,0.0,1.0,0.0,0.0
33754.0,3,-2.27,3,1,1,1,0,african-american,46,3,0,0,single,0.0,0.0,0.0,0.0,0.0,0.0
53623.0,1,-3.24,1,1,0,1,0,caucasian,46,1,0,0,single,0.0,0.0,0.0,1.0,0.0,0.0
57115.0,1,-3.9,1,0,0,0,1,other,46,1,0,0,single,0.0,0.0,0.0,0.0,0.0,1.0
58351.0,4,-2.81,2,0,0,0,0,african-american,46,9,0,0,single,0.0,0.0,0.0,0.0,0.0,0.0
53785.0,7,-2.85,2,1,0,1,0,african-american,46,2,0,0,single,0.0,0.0,0.0,0.0,0.0,0.0
60057.0,1,-3.91,1,1,0,0,0,african-american,46,0,0,1,significant other,0.0,0.0,1.0,0.0,0.0,0.0
60140.0,4,-3.15,1,0,0,0,0,caucasian,46,4,0,0,single,0.0,0.0,0.0,1.0,0.0,0.0
54266.0,1,-3.12,1,1,1,0,0,caucasian,46,0,0,0,single,0.0,0.0,0.0,1.0,0.0,0.0
13306.0,1,-3.07,1,0,0,0,0,african-american,46,4,0,0,single,0.0,0.0,0.0,0.0,0.0,0.0
57035.0,1,-3.82,1,0,0,0,0,caucasian,46,0,0,0,separated,0.0,1.0,0.0,1.0,0.0,0.0
57671.0,1,-3.74,1,1,0,1,0,other,46,0,0,0,significant other,0.0,0.0,1.0,0.0,0.0,1.0
51293.0,6,-1.28,7,1,0,1,0,caucasian,46,7,0,0,single,0.0,0.0,0.0,1.0,0.0,0.0
52525.0,9,-2.01,4,0,0,0,0,african-american,46,2,0,0,single,0.0,0.0,0.0,0.0,0.0,0.0
44952.0,1,-3.77,1,0,0,0,0,caucasian,46,5,0,1,separated,0.0,1.0,0.0,1.0,0.0,0.0
51406.0,2,-2.84,2,1,0,1,0,caucasian,46,0,0,1,single,0.0,0.0,0.0,1.0,0.0,0.0
57416.0,1,-3.9,1,0,0,0,0,other,46,0,0,0,significant other,0.0,0.0,1.0,0.0,0.0,1.0
45108.0,4,-2.26,3,0,0,0,1,african-american,46,4,0,0,separated,0.0,1.0,0.0,0.0,0.0,0.0
53305.0,6,-2.33,3,0,0,0,0,african-american,46,2,0,1,single,0.0,0.0,0.0,0.0,0.0,0.0
51118.0,1,-3.47,1,1,1,1,1,caucasian,46,1,0,1,significant other,0.0,0.0,1.0,1.0,0.0,0.0
58316.0,3,-2.07,4,0,0,0,0,other,46,2,0,0,separated,0.0,1.0,0.0,0.0,0.0,1.0
59033.0,5,-2.61,2,0,0,0,0,caucasian,46,9,0,1,single,0.0,0.0,0.0,1.0,0.0,0.0
58401.0,1,-3.48,1,0,0,0,1,caucasian,46,1,0,0,single,0.0,0.0,0.0,1.0,0.0,0.0
60061.0,1,-3.91,1,0,0,0,0,caucasian,46,0,0,1,significant other,0.0,0.0,1.0,1.0,0.0,0.0
59042.0,1,-3.62,1,0,0,0,0,hispanic,46,0,0,0,single,0.0,0.0,0.0,0.0,1.0,0.0
57108.0,3,-2.27,3,1,0,1,0,african-american,46,8,0,0,single,0.0,0.0,0.0,0.0,0.0,0.0
51167.0,2,-3.79,1,1,1,0,1,caucasian,46,1,0,0,significant other,0.0,0.0,1.0,1.0,0.0,0.0
59972.0,1,-3.82,1,0,0,0,0,other,46,0,0,1,significant other,0.0,0.0,1.0,0.0,0.0,1.0
12811.0,2,-3.36,1,0,0,0,0,caucasian,46,2,0,1,separated,0.0,1.0,0.0,1.0,0.0,0.0
59422.0,1,-3.54,1,1,0,1,1,caucasian,46,0,0,1,separated,0.0,1.0,0.0,1.0,0.0,0.0
19327.0,3,-2.64,2,0,0,0,0,hispanic,46,13,0,0,significant other,0.0,0.0,1.0,0.0,1.0,0.0
60719.0,1,-3.58,1,0,0,0,0,hispanic,46,1,0,1,significant other,0.0,0.0,1.0,0.0,1.0,0.0
54709.0,1,-3.83,1,0,0,0,0,caucasian,46,0,0,0,single,0.0,0.0,0.0,1.0,0.0,0.0
51278.0,2,-2.99,1,1,0,1,0,caucasian,46,0,0,0,significant other,0.0,0.0,1.0,1.0,0.0,0.0
35614.0,3,-2.17,4,1,0,1,0,caucasian,46,14,0,0,significant other,0.0,0.0,1.0,1.0,0.0,0.0
58495.0,6,-2.32,3,0,0,0,1,african-american,46,4,0,0,single,0.0,0.0,0.0,0.0,0.0,0.0
57969.0,4,-1.93,5,1,0,1,0,african-american,46,8,1,1,single,0.0,0.0,0.0,0.0,0.0,0.0
54404.0,4,-2.94,2,0,0,0,0,caucasian,46,3,0,0,single,0.0,0.0,0.0,1.0,0.0,0.0
51361.0,5,-2.42,3,0,0,0,0,caucasian,46,0,0,1,single,0.0,0.0,0.0,1.0,0.0,0.0
51804.0,5,-3.17,1,0,0,0,1,african-american,46,1,0,1,single,0.0,0.0,0.0,0.0,0.0,0.0
38111.0,1,-3.69,1,1,0,1,0,african-american,46,3,0,1,single,0.0,0.0,0.0,0.0,0.0,0.0
56684.0,4,-2.49,3,0,0,0,0,african-american,46,3,0,0,single,0.0,0.0,0.0,0.0,0.0,0.0
37680.0,1,-3.25,1,1,0,1,0,african-american,46,5,0,0,significant other,0.0,0.0,1.0,0.0,0.0,0.0
19361.0,1,-3.58,1,0,0,0,0,african-american,46,3,0,0,significant other,0.0,0.0,1.0,0.0,0.0,0.0
51203.0,1,-3.08,1,1,0,1,0,caucasian,46,6,0,0,single,0.0,0.0,0.0,1.0,0.0,0.0
52966.0,2,-3.17,1,0,0,0,0,caucasian,46,4,0,0,separated,0.0,1.0,0.0,1.0,0.0,0.0
62351.0,1,-3.71,1,0,0,0,0,caucasian,46,0,0,1,separated,0.0,1.0,0.0,1.0,0.0,0.0
53704.0,5,-1.27,7,1,0,1,0,african-american,46,5,0,0,single,0.0,0.0,0.0,0.0,0.0,0.0
59575.0,1,-3.85,1,1,0,1,0,caucasian,46,1,0,1,significant other,0.0,0.0,1.0,1.0,0.0,0.0
56816.0,6,-2.51,3,1,0,1,0,hispanic,46,12,0,0,single,0.0,0.0,0.0,0.0,1.0,0.0
54071.0,4,-3.28,1,0,0,0,0,caucasian,46,5,0,1,single,0.0,0.0,0.0,1.0,0.0,0.0
51784.0,6,-2.79,2,0,0,0,0,african-american,45,2,0,1,single,0.0,0.0,0.0,0.0,0.0,0.0
51151.0,1,-3.55,1,1,1,1,0,hispanic,45,6,0,0,single,0.0,0.0,0.0,0.0,1.0,0.0
60023.0,6,-2.3,3,0,0,0,0,hispanic,45,1,0,1,single,0.0,0.0,0.0,0.0,1.0,0.0
57162.0,1,-3.3,1,1,0,1,0,caucasian,45,1,0,1,single,0.0,0.0,0.0,1.0,0.0,0.0
60281.0,6,-2.19,4,0,0,0,1,caucasian,45,1,0,0,single,0.0,0.0,0.0,1.0,0.0,0.0
51316.0,1,-3.71,1,0,0,0,0,other,45,1,0,0,significant other,0.0,0.0,1.0,0.0,0.0,1.0
60929.0,1,-3.82,1,0,0,0,0,other,45,0,0,1,significant other,0.0,0.0,1.0,0.0,0.0,1.0
52349.0,3,-3.07,1,1,0,1,0,african-american,45,4,0,1,separated,0.0,1.0,0.0,0.0,0.0,0.0
54791.0,3,-2.3,3,0,0,0,0,hispanic,45,1,0,0,significant other,0.0,0.0,1.0,0.0,1.0,0.0
61012.0,2,-2.94,2,0,0,0,0,african-american,45,3,0,1,single,0.0,0.0,0.0,0.0,0.0,0.0
59084.0,9,-1.38,7,1,0,1,0,african-american,45,15,0,0,single,0.0,0.0,0.0,0.0,0.0,0.0
57421.0,2,-3.08,1,1,0,1,0,african-american,45,1,0,0,single,0.0,0.0,0.0,0.0,0.0,0.0
54271.0,3,-3.47,1,1,0,1,1,caucasian,45,1,0,0,single,0.0,0.0,0.0,1.0,0.0,0.0
55137.0,1,-3.67,1,0,0,0,1,other,45,1,0,0,significant other,0.0,0.0,1.0,0.0,0.0,1.0
61902.0,1,-3.54,1,0,0,0,0,other,45,0,0,1,significant other,0.0,0.0,1.0,0.0,0.0,1.0
52156.0,1,-3.79,1,0,0,0,1,hispanic,45,0,0,1,separated,0.0,1.0,0.0,0.0,1.0,0.0
56728.0,1,-3.47,1,0,0,0,0,african-american,45,1,0,1,single,0.0,0.0,0.0,0.0,0.0,0.0
52470.0,2,-3.15,1,0,0,0,0,caucasian,45,2,0,1,single,0.0,0.0,0.0,1.0,0.0,0.0
55139.0,1,-2.99,1,0,0,0,0,caucasian,45,0,0,0,significant other,0.0,0.0,1.0,1.0,0.0,0.0
54738.0,3,-3.39,1,1,1,1,0,african-american,45,0,0,1,single,0.0,0.0,0.0,0.0,0.0,0.0
62392.0,1,-3.82,1,0,0,0,0,hispanic,45,0,0,1,separated,0.0,1.0,0.0,0.0,1.0,0.0
40508.0,1,-3.74,1,0,0,0,0,caucasian,45,1,0,1,separated,0.0,1.0,0.0,1.0,0.0,0.0
55668.0,2,-2.88,2,0,0,0,1,caucasian,45,5,0,1,significant other,0.0,0.0,1.0,1.0,0.0,0.0
52870.0,2,-3.57,1,0,0,0,0,caucasian,45,1,0,0,single,0.0,0.0,0.0,1.0,0.0,0.0
54323.0,1,-3.57,1,0,0,0,0,african-american,45,0,0,1,single,0.0,0.0,0.0,0.0,0.0,0.0
52779.0,2,-3.57,1,0,0,0,1,other,45,1,0,1,separated,0.0,1.0,0.0,0.0,0.0,1.0
56937.0,1,-3.35,1,1,0,1,0,caucasian,45,3,0,0,single,0.0,0.0,0.0,1.0,0.0,0.0
56147.0,1,-3.83,1,1,0,1,0,caucasian,45,1,0,0,single,0.0,0.0,0.0,1.0,0.0,0.0
53442.0,6,-2.39,3,1,0,1,0,african-american,45,0,0,0,single,0.0,0.0,0.0,0.0,0.0,0.0
54381.0,3,-2.35,3,0,0,0,0,hispanic,45,1,0,0,separated,0.0,1.0,0.0,0.0,1.0,0.0
54684.0,7,-0.99,9,1,0,0,1,african-american,45,9,0,1,single,0.0,0.0,0.0,0.0,0.0,0.0
41688.0,7,-1.9,5,1,0,1,0,african-american,45,17,0,0,single,0.0,0.0,0.0,0.0,0.0,0.0
60008.0,7,-2.46,4,1,1,1,0,african-american,45,8,0,0,separated,0.0,1.0,0.0,0.0,0.0,0.0
7175.0,8,-1.56,6,1,0,1,0,african-american,45,12,1,1,single,0.0,0.0,0.0,0.0,0.0,0.0
8382.0,6,-1.31,7,1,0,1,0,caucasian,45,19,0,0,single,0.0,0.0,0.0,1.0,0.0,0.0
56833.0,6,-2.01,4,0,0,0,0,hispanic,45,6,0,0,significant other,0.0,0.0,1.0,0.0,1.0,0.0
38904.0,1,-3.7,1,0,0,0,0,caucasian,45,1,0,1,single,0.0,0.0,0.0,1.0,0.0,0.0
54466.0,3,-3.32,1,0,0,0,1,african-american,45,2,0,0,single,0.0,0.0,0.0,0.0,0.0,0.0
53700.0,2,-3.14,1,0,0,0,0,african-american,45,4,0,1,significant other,0.0,0.0,1.0,0.0,0.0,0.0
44126.0,1,-3.23,1,0,0,0,0,caucasian,45,3,0,0,separated,0.0,1.0,0.0,1.0,0.0,0.0
52383.0,2,-2.56,2,0,0,0,0,caucasian,45,7,0,0,single,0.0,0.0,0.0,1.0,0.0,0.0
53932.0,6,-2.03,4,0,0,0,0,hispanic,45,4,0,0,single,0.0,0.0,0.0,0.0,1.0,0.0
26934.0,10,-0.95,9,1,0,1,1,other,45,15,0,0,single,0.0,0.0,0.0,0.0,0.0,1.0
57839.0,3,-3.3,1,1,0,1,0,african-american,45,10,0,0,single,0.0,0.0,0.0,0.0,0.0,0.0
60912.0,1,-2.99,1,0,0,0,0,caucasian,45,2,0,0,single,0.0,0.0,0.0,1.0,0.0,0.0
56386.0,3,-3.11,1,1,0,1,0,african-american,45,15,0,0,single,0.0,0.0,0.0,0.0,0.0,0.0
57677.0,2,-3.62,1,0,0,0,0,caucasian,45,2,0,0,single,0.0,0.0,0.0,1.0,0.0,0.0
57747.0,1,-3.63,1,0,0,0,1,caucasian,45,1,0,0,significant other,0.0,0.0,1.0,1.0,0.0,0.0
52297.0,3,-3.39,1,0,0,0,0,other,45,0,0,1,single,0.0,0.0,0.0,0.0,0.0,1.0
59192.0,7,-2.63,2,0,0,0,0,african-american,45,16,1,0,single,0.0,0.0,0.0,0.0,0.0,0.0
51586.0,1,-2.85,2,0,0,0,0,hispanic,45,2,0,0,single,0.0,0.0,0.0,0.0,1.0,0.0
57070.0,2,-2.63,2,0,0,0,0,caucasian,45,0,0,1,significant other,0.0,0.0,1.0,1.0,0.0,0.0
61439.0,1,-3.24,1,0,0,0,0,hispanic,45,0,0,0,separated,0.0,1.0,0.0,0.0,1.0,0.0
51635.0,7,-1.81,5,0,0,0,0,hispanic,45,8,0,0,single,0.0,0.0,0.0,0.0,1.0,0.0
50955.0,1,-3.56,1,1,0,1,0,caucasian,45,4,0,1,single,0.0,0.0,0.0,1.0,0.0,0.0
55329.0,1,-3.59,1,0,0,0,0,hispanic,45,3,0,0,significant other,0.0,0.0,1.0,0.0,1.0,0.0
60408.0,4,-3.13,1,0,0,0,0,african-american,45,6,0,0,single,0.0,0.0,0.0,0.0,0.0,0.0
63057.0,4,-3.11,3,1,0,1,0,caucasian,45,8,0,1,separated,0.0,1.0,0.0,1.0,0.0,0.0
56543.0,1,-3.75,1,0,0,0,1,other,45,0,0,1,significant other,0.0,0.0,1.0,0.0,0.0,1.0
51283.0,1,-3.79,1,0,0,0,1,caucasian,45,1,0,1,significant other,0.0,0.0,1.0,1.0,0.0,0.0
61212.0,9,-1.22,8,0,0,0,0,african-american,45,1,0,0,single,0.0,0.0,0.0,0.0,0.0,0.0
51851.0,7,-2.94,2,1,0,0,0,african-american,45,20,2,1,significant other,0.0,0.0,1.0,0.0,0.0,0.0
6881.0,3,-3.2,1,1,0,1,0,hispanic,45,20,0,0,single,0.0,0.0,0.0,0.0,1.0,0.0
55863.0,3,-3.6,1,0,0,0,0,caucasian,45,0,0,0,single,0.0,0.0,0.0,1.0,0.0,0.0
57692.0,4,-2.7,2,0,0,0,1,african-american,45,1,0,0,significant other,0.0,0.0,1.0,0.0,0.0,0.0
54642.0,1,-3.25,1,0,0,0,0,other,45,0,0,0,significant other,0.0,0.0,1.0,0.0,0.0,1.0
57097.0,5,-2.02,4,1,0,1,0,african-american,45,0,0,0,significant other,0.0,0.0,1.0,0.0,0.0,0.0
33913.0,1,-3.4,1,0,0,0,0,african-american,45,5,0,0,significant other,0.0,0.0,1.0,0.0,0.0,0.0
50856.0,1,-3.63,1,0,0,0,0,african-american,45,0,0,1,significant other,0.0,0.0,1.0,0.0,0.0,0.0
55793.0,1,-3.65,1,0,0,0,0,african-american,45,0,0,1,single,0.0,0.0,0.0,0.0,0.0,0.0
52486.0,3,-3.19,1,0,0,0,0,african-american,45,1,0,0,single,0.0,0.0,0.0,0.0,0.0,0.0
51753.0,3,-2.13,4,0,0,0,0,caucasian,45,2,0,0,single,0.0,0.0,0.0,1.0,0.0,0.0
51953.0,4,-2.28,3,0,0,0,0,caucasian,45,2,0,1,single,0.0,0.0,0.0,1.0,0.0,0.0
59557.0,1,-3.59,1,0,0,0,0,caucasian,45,2,0,1,single,0.0,0.0,0.0,1.0,0.0,0.0
56201.0,3,-2.81,2,0,0,0,1,caucasian,45,3,0,1,significant other,0.0,0.0,1.0,1.0,0.0,0.0
52447.0,8,-2.18,4,0,0,0,0,hispanic,45,1,0,1,significant other,0.0,0.0,1.0,0.0,1.0,0.0
61129.0,1,-3.79,1,0,0,0,0,caucasian,45,1,0,1,single,0.0,0.0,0.0,1.0,0.0,0.0
52953.0,1,-3.71,1,0,0,0,0,african-american,45,1,0,0,single,0.0,0.0,0.0,0.0,0.0,0.0
52504.0,1,-3.6,1,0,0,0,0,caucasian,45,2,0,0,single,0.0,0.0,0.0,1.0,0.0,0.0
38737.0,7,-1.7,6,1,1,1,0,african-american,45,13,0,1,separated,0.0,1.0,0.0,0.0,0.0,0.0
55517.0,1,-3.55,1,0,0,0,1,african-american,45,1,0,0,single,0.0,0.0,0.0,0.0,0.0,0.0
52669.0,9,-2.6,2,1,0,1,1,caucasian,45,0,0,0,single,0.0,0.0,0.0,1.0,0.0,0.0
10438.0,3,-2.28,3,0,0,0,0,african-american,45,11,0,0,single,0.0,0.0,0.0,0.0,0.0,0.0
54219.0,4,-2.48,3,0,0,0,1,caucasian,45,4,0,0,single,0.0,0.0,0.0,1.0,0.0,0.0
51082.0,6,-2.09,4,0,0,0,0,african-american,45,3,0,0,single,0.0,0.0,0.0,0.0,0.0,0.0
54955.0,3,-2.92,2,1,1,1,0,caucasian,45,3,0,1,separated,0.0,1.0,0.0,1.0,0.0,0.0
50941.0,1,-3.75,1,0,0,0,0,caucasian,45,0,0,1,significant other,0.0,0.0,1.0,1.0,0.0,0.0
52487.0,1,-2.53,3,0,0,0,0,african-american,45,1,0,1,single,0.0,0.0,0.0,0.0,0.0,0.0
56083.0,7,-2.56,2,0,0,0,1,african-american,45,3,0,0,single,0.0,0.0,0.0,0.0,0.0,0.0
58230.0,1,-3.55,1,0,0,0,1,caucasian,45,0,0,1,significant other,0.0,0.0,1.0,1.0,0.0,0.0
60792.0,1,-3.39,1,0,0,0,0,african-american,45,7,0,0,single,0.0,0.0,0.0,0.0,0.0,0.0
58793.0,1,-3.31,1,0,0,0,1,african-american,45,0,0,0,single,0.0,0.0,0.0,0.0,0.0,0.0
56045.0,9,-3.59,1,0,0,0,0,african-american,45,3,0,0,significant other,0.0,0.0,1.0,0.0,0.0,0.0
63464.0,1,-3.26,1,1,0,1,0,hispanic,45,0,0,1,separated,0.0,1.0,0.0,0.0,1.0,0.0
57788.0,2,-3.08,1,0,0,0,0,african-american,45,16,0,0,significant other,0.0,0.0,1.0,0.0,0.0,0.0
55221.0,1,-2.82,2,0,0,0,0,caucasian,45,1,0,1,significant other,0.0,0.0,1.0,1.0,0.0,0.0
57475.0,6,-2.48,3,0,0,0,0,hispanic,45,8,0,0,single,0.0,0.0,0.0,0.0,1.0,0.0
51347.0,1,-3.75,1,0,0,0,0,hispanic,45,1,0,1,single,0.0,0.0,0.0,0.0,1.0,0.0
54073.0,1,-3.59,1,0,0,0,0,hispanic,45,0,0,0,single,0.0,0.0,0.0,0.0,1.0,0.0
52693.0,1,-3.75,1,0,0,0,0,caucasian,45,0,0,0,other,1.0,0.0,0.0,1.0,0.0,0.0
48928.0,5,-2.47,3,1,0,1,0,caucasian,45,1,0,0,single,0.0,0.0,0.0,1.0,0.0,0.0
62365.0,1,-3.25,1,0,0,0,1,caucasian,45,0,0,1,single,0.0,0.0,0.0,1.0,0.0,0.0
53169.0,1,-3.63,1,0,0,0,0,african-american,44,0,0,0,single,0.0,0.0,0.0,0.0,0.0,0.0
59964.0,1,-3.17,1,0,0,0,0,caucasian,44,0,0,0,single,0.0,0.0,0.0,1.0,0.0,0.0
52462.0,1,-3.59,1,0,0,0,1,african-american,44,0,0,1,single,0.0,0.0,0.0,0.0,0.0,0.0
58250.0,1,-3.45,1,0,0,0,0,hispanic,44,0,0,1,single,0.0,0.0,0.0,0.0,1.0,0.0
50295.0,1,-2.65,2,1,1,1,0,hispanic,44,2,0,0,separated,0.0,1.0,0.0,0.0,1.0,0.0
57693.0,1,-3.38,1,0,0,0,0,african-american,44,0,0,0,single,0.0,0.0,0.0,0.0,0.0,0.0
56605.0,1,-3.71,1,0,0,0,1,hispanic,44,0,0,1,significant other,0.0,0.0,1.0,0.0,1.0,0.0
62063.0,1,-3.75,1,0,0,0,1,caucasian,44,0,0,1,significant other,0.0,0.0,1.0,1.0,0.0,0.0
37792.0,6,-1.99,4,1,1,1,0,caucasian,44,6,0,0,single,0.0,0.0,0.0,1.0,0.0,0.0
15718.0,1,-3.64,1,0,0,0,0,hispanic,44,2,0,1,separated,0.0,1.0,0.0,0.0,1.0,0.0
56014.0,1,-3.83,1,0,0,0,0,hispanic,44,0,0,1,separated,0.0,1.0,0.0,0.0,1.0,0.0
50890.0,2,-2.89,2,0,0,0,0,african-american,44,0,0,0,single,0.0,0.0,0.0,0.0,0.0,0.0
60838.0,1,-3.82,1,1,0,1,0,caucasian,44,1,0,1,single,0.0,0.0,0.0,1.0,0.0,0.0
56069.0,2,-2.55,3,0,0,0,0,caucasian,44,4,0,0,significant other,0.0,0.0,1.0,1.0,0.0,0.0
57843.0,8,-1.89,5,0,0,0,0,caucasian,44,1,0,0,significant other,0.0,0.0,1.0,1.0,0.0,0.0
60730.0,1,-3.39,1,0,0,0,1,caucasian,44,0,0,1,significant other,0.0,0.0,1.0,1.0,0.0,0.0
56546.0,1,-3.59,1,0,0,0,1,caucasian,44,1,0,0,single,0.0,0.0,0.0,1.0,0.0,0.0
52547.0,1,-3.2,1,0,0,0,0,african-american,44,0,0,0,single,0.0,0.0,0.0,0.0,0.0,0.0
57160.0,1,-3.31,1,0,0,0,1,african-american,44,0,0,0,separated,0.0,1.0,0.0,0.0,0.0,0.0
62060.0,3,-2.46,3,0,0,0,0,african-american,44,0,0,0,single,0.0,0.0,0.0,0.0,0.0,0.0
54500.0,3,-3.23,1,0,0,0,0,african-american,44,3,0,1,single,0.0,0.0,0.0,0.0,0.0,0.0
56281.0,1,-3.57,1,0,0,0,0,caucasian,44,4,0,0,single,0.0,0.0,0.0,1.0,0.0,0.0
58255.0,1,-3.31,1,1,0,0,0,caucasian,44,1,0,1,single,0.0,0.0,0.0,1.0,0.0,0.0
60089.0,1,-3.2,1,1,0,1,0,caucasian,44,0,0,1,single,0.0,0.0,0.0,1.0,0.0,0.0
51116.0,1,-3.51,1,0,0,0,0,hispanic,44,0,0,1,significant other,0.0,0.0,1.0,0.0,1.0,0.0
58356.0,1,-3.24,1,1,0,1,0,other,44,6,0,0,significant other,0.0,0.0,1.0,0.0,0.0,1.0
13917.0,3,-3.03,1,0,0,0,0,caucasian,44,6,0,0,separated,0.0,1.0,0.0,1.0,0.0,0.0
54835.0,6,-1.9,5,0,0,0,0,african-american,44,3,0,1,single,0.0,0.0,0.0,0.0,0.0,0.0
59301.0,1,-3.3,1,0,0,0,0,other,44,0,0,1,separated,0.0,1.0,0.0,0.0,0.0,1.0
57974.0,8,-1.81,5,1,0,1,0,african-american,44,14,0,0,single,0.0,0.0,0.0,0.0,0.0,0.0
61096.0,1,-3.83,1,0,0,0,1,hispanic,44,0,0,1,separated,0.0,1.0,0.0,0.0,1.0,0.0
55631.0,1,-2.77,2,1,0,1,0,caucasian,44,1,0,0,separated,0.0,1.0,0.0,1.0,0.0,0.0
57068.0,3,-1.68,6,0,0,0,0,caucasian,44,11,0,1,single,0.0,0.0,0.0,1.0,0.0,0.0
59823.0,1,-3.45,1,0,0,0,0,african-american,44,1,0,0,single,0.0,0.0,0.0,0.0,0.0,0.0
52211.0,2,-2.96,1,0,0,0,0,african-american,44,2,0,0,single,0.0,0.0,0.0,0.0,0.0,0.0
61089.0,5,-2.69,2,0,0,0,0,caucasian,44,1,0,0,single,0.0,0.0,0.0,1.0,0.0,0.0
51587.0,7,-2.15,4,0,0,0,0,african-american,44,2,0,1,single,0.0,0.0,0.0,0.0,0.0,0.0
54734.0,1,-3.79,1,0,0,0,0,other,44,0,0,0,significant other,0.0,0.0,1.0,0.0,0.0,1.0
58420.0,3,-3.31,1,0,0,0,0,hispanic,44,0,0,0,separated,0.0,1.0,0.0,0.0,1.0,0.0
58430.0,1,-3.59,1,0,0,0,0,african-american,44,0,0,1,single,0.0,0.0,0.0,0.0,0.0,0.0
61678.0,2,-3.4,1,0,0,0,0,caucasian,44,5,0,0,significant other,0.0,0.0,1.0,1.0,0.0,0.0
59207.0,2,-3.44,1,0,0,0,0,african-american,44,0,0,0,significant other,0.0,0.0,1.0,0.0,0.0,0.0
58660.0,1,-3.26,1,1,0,0,1,caucasian,44,0,0,1,single,0.0,0.0,0.0,1.0,0.0,0.0
56787.0,5,-1.96,5,1,0,1,0,african-american,44,7,0,0,single,0.0,0.0,0.0,0.0,0.0,0.0
61074.0,1,-3.49,1,0,0,0,0,caucasian,44,0,0,1,single,0.0,0.0,0.0,1.0,0.0,0.0
61293.0,1,-3.83,1,1,0,1,1,caucasian,44,1,0,0,single,0.0,0.0,0.0,1.0,0.0,0.0
58323.0,6,-2.76,2,0,0,0,0,african-american,44,6,0,0,single,0.0,0.0,0.0,0.0,0.0,0.0
60696.0,1,-3.79,1,1,1,1,0,caucasian,44,0,0,1,significant other,0.0,0.0,1.0,1.0,0.0,0.0
53835.0,7,-2.44,3,0,0,0,0,african-american,44,24,0,1,single,0.0,0.0,0.0,0.0,0.0,0.0
57498.0,2,-2.67,2,0,0,0,1,african-american,44,1,0,1,significant other,0.0,0.0,1.0,0.0,0.0,0.0
6954.0,7,-2.77,2,1,0,1,1,caucasian,44,11,0,0,single,0.0,0.0,0.0,1.0,0.0,0.0
53830.0,5,-2.33,3,1,0,1,0,caucasian,44,8,0,1,single,0.0,0.0,0.0,1.0,0.0,0.0
58878.0,1,-2.63,2,0,0,0,0,african-american,44,0,0,0,single,0.0,0.0,0.0,0.0,0.0,0.0
58777.0,4,-2.27,3,0,0,0,0,african-american,44,7,0,0,single,0.0,0.0,0.0,0.0,0.0,0.0
54348.0,1,-3.34,1,0,0,0,0,caucasian,44,0,0,1,separated,0.0,1.0,0.0,1.0,0.0,0.0
53985.0,7,-2.06,4,0,0,0,0,caucasian,44,0,0,0,single,0.0,0.0,0.0,1.0,0.0,0.0
53798.0,1,-3.53,1,0,0,0,0,caucasian,44,1,0,1,single,0.0,0.0,0.0,1.0,0.0,0.0
56739.0,2,-2.95,1,0,0,0,0,caucasian,44,0,0,1,significant other,0.0,0.0,1.0,1.0,0.0,0.0
51662.0,3,-2.96,1,0,0,0,0,african-american,44,1,0,1,single,0.0,0.0,0.0,0.0,0.0,0.0
4035.0,1,-2.99,1,0,0,0,0,caucasian,44,3,0,0,single,0.0,0.0,0.0,1.0,0.0,0.0
60742.0,4,-3.04,1,0,0,0,0,caucasian,44,2,0,1,single,0.0,0.0,0.0,1.0,0.0,0.0
54082.0,1,-3.6,1,0,0,0,0,caucasian,44,0,0,1,single,0.0,0.0,0.0,1.0,0.0,0.0
59199.0,2,-3.34,1,1,0,1,0,caucasian,44,0,0,0,significant other,0.0,0.0,1.0,1.0,0.0,0.0
7761.0,5,-2.83,2,1,0,1,1,caucasian,44,10,0,0,single,0.0,0.0,0.0,1.0,0.0,0.0
54542.0,3,-3.7,1,1,0,1,1,hispanic,44,4,0,0,significant other,0.0,0.0,1.0,0.0,1.0,0.0
60717.0,2,-2.95,1,1,0,1,0,caucasian,44,2,0,1,significant other,0.0,0.0,1.0,1.0,0.0,0.0
53811.0,1,-3.11,1,0,0,0,0,african-american,44,1,1,1,significant other,0.0,0.0,1.0,0.0,0.0,0.0
51510.0,6,-1.75,5,1,0,1,0,caucasian,44,8,0,0,single,0.0,0.0,0.0,1.0,0.0,0.0
53418.0,2,-3.22,1,0,0,0,0,hispanic,44,2,0,0,separated,0.0,1.0,0.0,0.0,1.0,0.0
56972.0,5,-1.88,5,1,0,1,0,caucasian,44,4,0,1,single,0.0,0.0,0.0,1.0,0.0,0.0
56173.0,8,-1.73,6,0,0,0,0,african-american,44,9,0,0,single,0.0,0.0,0.0,0.0,0.0,0.0
53831.0,4,-2.37,3,1,0,1,0,african-american,44,6,0,0,single,0.0,0.0,0.0,0.0,0.0,0.0
53352.0,5,-3.05,1,0,0,0,0,caucasian,44,3,0,0,significant other,0.0,0.0,1.0,1.0,0.0,0.0
53034.0,6,-2.69,2,1,0,1,1,caucasian,44,4,0,0,significant other,0.0,0.0,1.0,1.0,0.0,0.0
57295.0,5,-2.7,2,0,0,0,0,african-american,44,2,0,0,single,0.0,0.0,0.0,0.0,0.0,0.0
11820.0,4,-2.2,4,0,0,0,0,caucasian,44,4,0,1,separated,0.0,1.0,0.0,1.0,0.0,0.0
52686.0,1,-3.75,1,0,0,0,0,african-american,44,0,0,1,separated,0.0,1.0,0.0,0.0,0.0,0.0
53789.0,5,-2.65,2,0,0,0,1,caucasian,44,1,0,1,single,0.0,0.0,0.0,1.0,0.0,0.0
57549.0,3,-3.2,1,0,0,0,0,african-american,44,9,0,0,single,0.0,0.0,0.0,0.0,0.0,0.0
24748.0,4,-2.83,2,1,0,1,0,african-american,44,10,0,1,single,0.0,0.0,0.0,0.0,0.0,0.0
22990.0,6,-2.47,3,0,0,0,1,african-american,44,6,0,0,single,0.0,0.0,0.0,0.0,0.0,0.0
54905.0,6,-2.63,2,1,0,1,0,caucasian,44,6,0,0,single,0.0,0.0,0.0,1.0,0.0,0.0
54902.0,6,-2.11,4,1,0,0,0,african-american,44,7,1,0,single,0.0,0.0,0.0,0.0,0.0,0.0
58410.0,1,-3.47,1,1,0,1,1,caucasian,44,0,0,0,significant other,0.0,0.0,1.0,1.0,0.0,0.0
56267.0,3,-2.33,3,1,0,1,0,caucasian,44,2,0,0,single,0.0,0.0,0.0,1.0,0.0,0.0
53735.0,1,-3.45,1,1,1,1,1,caucasian,44,0,0,1,single,0.0,0.0,0.0,1.0,0.0,0.0
60774.0,2,-3.38,1,0,0,0,0,caucasian,44,5,0,0,single,0.0,0.0,0.0,1.0,0.0,0.0
51033.0,5,-2.09,4,0,0,0,0,african-american,44,0,0,1,separated,0.0,1.0,0.0,0.0,0.0,0.0
37045.0,3,-2.07,4,1,0,1,0,hispanic,44,7,0,0,significant other,0.0,0.0,1.0,0.0,1.0,0.0
56959.0,4,-3.18,1,0,0,0,0,caucasian,44,0,0,0,single,0.0,0.0,0.0,1.0,0.0,0.0
58937.0,1,-3.29,1,0,0,0,0,caucasian,44,0,0,1,single,0.0,0.0,0.0,1.0,0.0,0.0
9310.0,3,-2.17,4,0,0,0,0,caucasian,44,4,0,0,separated,0.0,1.0,0.0,1.0,0.0,0.0
51585.0,7,-2.43,3,0,0,0,0,caucasian,44,16,3,1,single,0.0,0.0,0.0,1.0,0.0,0.0
59469.0,3,-3.47,1,0,0,0,1,caucasian,44,1,0,1,significant other,0.0,0.0,1.0,1.0,0.0,0.0
58234.0,1,-3.5,1,0,0,0,0,african-american,44,0,0,0,significant other,0.0,0.0,1.0,0.0,0.0,0.0
54018.0,3,-3.37,1,0,0,0,0,african-american,43,2,0,0,significant other,0.0,0.0,1.0,0.0,0.0,0.0
57441.0,1,-3.79,1,0,0,0,0,hispanic,43,0,0,1,significant other,0.0,0.0,1.0,0.0,1.0,0.0
52947.0,1,-3.22,1,0,0,0,0,caucasian,43,2,0,0,separated,0.0,1.0,0.0,1.0,0.0,0.0
61885.0,2,-3.56,1,0,0,0,1,caucasian,43,0,0,1,separated,0.0,1.0,0.0,1.0,0.0,0.0
62238.0,9,-2.5,3,1,0,1,0,caucasian,43,0,0,0,single,0.0,0.0,0.0,1.0,0.0,0.0
53664.0,1,-3.54,1,0,0,0,0,african-american,43,0,0,0,single,0.0,0.0,0.0,0.0,0.0,0.0
13532.0,9,-1.32,7,0,0,0,1,african-american,43,9,1,1,single,0.0,0.0,0.0,0.0,0.0,0.0
20971.0,2,-3.41,1,1,0,1,0,other,43,2,0,0,separated,0.0,1.0,0.0,0.0,0.0,1.0
53836.0,9,-1.58,6,1,1,1,0,african-american,43,15,0,1,single,0.0,0.0,0.0,0.0,0.0,0.0
61234.0,1,-3.55,1,0,0,0,0,caucasian,43,0,0,1,single,0.0,0.0,0.0,1.0,0.0,0.0
51460.0,1,-3.54,1,1,0,1,0,african-american,43,0,0,0,single,0.0,0.0,0.0,0.0,0.0,0.0
60251.0,2,-3.55,1,0,0,0,1,african-american,43,2,0,1,separated,0.0,1.0,0.0,0.0,0.0,0.0
51160.0,3,-3.36,1,0,0,0,0,caucasian,43,8,0,0,significant other,0.0,0.0,1.0,1.0,0.0,0.0
58547.0,4,-2.29,3,1,0,1,0,african-american,43,18,0,0,single,0.0,0.0,0.0,0.0,0.0,0.0
59904.0,1,-3.63,1,0,0,0,1,caucasian,43,0,0,0,single,0.0,0.0,0.0,1.0,0.0,0.0
59459.0,1,-3.67,1,0,0,0,0,african-american,43,0,0,1,single,0.0,0.0,0.0,0.0,0.0,0.0
56407.0,2,-3.34,1,1,0,1,1,caucasian,43,0,0,1,single,0.0,0.0,0.0,1.0,0.0,0.0
15395.0,4,-2.95,1,1,0,1,0,caucasian,43,13,0,0,single,0.0,0.0,0.0,1.0,0.0,0.0
52367.0,1,-3.66,1,0,0,0,0,caucasian,43,2,0,0,significant other,0.0,0.0,1.0,1.0,0.0,0.0
56117.0,1,-3.71,1,1,1,1,1,caucasian,43,0,0,1,significant other,0.0,0.0,1.0,1.0,0.0,0.0
60935.0,4,-2.27,3,0,0,0,0,african-american,43,7,0,0,separated,0.0,1.0,0.0,0.0,0.0,0.0
17894.0,4,-3.21,1,1,0,1,0,caucasian,43,6,0,0,single,0.0,0.0,0.0,1.0,0.0,0.0
58888.0,5,-2.21,4,1,1,1,0,african-american,43,1,0,1,significant other,0.0,0.0,1.0,0.0,0.0,0.0
57501.0,3,-2.64,2,1,0,1,0,hispanic,43,3,0,1,single,0.0,0.0,0.0,0.0,1.0,0.0
52387.0,6,-2.98,1,0,0,0,0,caucasian,43,9,0,0,separated,0.0,1.0,0.0,1.0,0.0,0.0
57972.0,1,-3.26,1,0,0,0,0,caucasian,43,0,0,1,single,0.0,0.0,0.0,1.0,0.0,0.0
27745.0,4,-1.58,5,1,0,1,0,african-american,43,8,1,0,single,0.0,0.0,0.0,0.0,0.0,0.0
53302.0,6,-2.79,2,1,1,1,0,african-american,43,9,0,0,significant other,0.0,0.0,1.0,0.0,0.0,0.0
62296.0,1,-3.67,1,1,1,1,0,african-american,43,0,0,1,single,0.0,0.0,0.0,0.0,0.0,0.0
57025.0,1,-3.55,1,0,0,0,0,african-american,43,0,0,1,single,0.0,0.0,0.0,0.0,0.0,0.0
53699.0,5,-3.05,1,0,0,0,0,caucasian,43,4,0,0,single,0.0,0.0,0.0,1.0,0.0,0.0
46971.0,6,-1.41,7,1,0,1,0,african-american,43,7,0,0,single,0.0,0.0,0.0,0.0,0.0,0.0
60458.0,1,-2.81,2,1,1,1,0,african-american,43,4,0,0,single,0.0,0.0,0.0,0.0,0.0,0.0
53485.0,1,-3.54,1,0,0,0,1,caucasian,43,0,0,1,significant other,0.0,0.0,1.0,1.0,0.0,0.0
68025.0,7,-2.18,4,1,1,1,0,caucasian,43,11,0,0,single,0.0,0.0,0.0,1.0,0.0,0.0
54822.0,2,-3.29,1,0,0,0,1,caucasian,43,0,0,1,single,0.0,0.0,0.0,1.0,0.0,0.0
57564.0,5,-2.5,3,0,0,0,0,caucasian,43,1,0,0,single,0.0,0.0,0.0,1.0,0.0,0.0
52339.0,1,-3.7,1,0,0,0,0,caucasian,43,0,0,1,significant other,0.0,0.0,1.0,1.0,0.0,0.0
61270.0,3,-2.54,3,0,0,0,0,african-american,43,1,0,0,single,0.0,0.0,0.0,0.0,0.0,0.0
57273.0,1,-3.43,1,0,0,0,0,caucasian,43,2,0,0,single,0.0,0.0,0.0,1.0,0.0,0.0
51552.0,1,-3.42,1,0,0,0,0,caucasian,43,1,0,0,single,0.0,0.0,0.0,1.0,0.0,0.0
31864.0,8,-2.11,4,0,0,0,0,african-american,43,20,1,0,single,0.0,0.0,0.0,0.0,0.0,0.0
13699.0,6,-2.33,3,0,0,0,0,caucasian,43,12,0,0,single,0.0,0.0,0.0,1.0,0.0,0.0
52058.0,1,-3.55,1,0,0,0,1,caucasian,43,0,0,1,separated,0.0,1.0,0.0,1.0,0.0,0.0
61622.0,5,-2.08,4,1,0,1,0,african-american,43,0,0,0,single,0.0,0.0,0.0,0.0,0.0,0.0
58776.0,1,-3.63,1,0,0,0,0,african-american,43,1,0,1,significant other,0.0,0.0,1.0,0.0,0.0,0.0
57625.0,1,-3.66,1,0,0,0,0,caucasian,43,1,0,1,significant other,0.0,0.0,1.0,1.0,0.0,0.0
58924.0,4,-3.55,1,0,0,0,0,caucasian,43,0,0,1,separated,0.0,1.0,0.0,1.0,0.0,0.0
9694.0,6,-1.32,7,0,0,0,0,african-american,43,5,0,1,single,0.0,0.0,0.0,0.0,0.0,0.0
53569.0,9,-1.87,5,0,0,0,0,african-american,43,5,0,0,single,0.0,0.0,0.0,0.0,0.0,0.0
59210.0,6,-3.0,1,0,0,0,1,african-american,43,0,0,0,single,0.0,0.0,0.0,0.0,0.0,0.0
54411.0,1,-3.58,1,0,0,0,1,african-american,43,0,0,1,single,0.0,0.0,0.0,0.0,0.0,0.0
58981.0,1,-3.49,1,0,0,0,0,caucasian,43,2,0,0,significant other,0.0,0.0,1.0,1.0,0.0,0.0
57293.0,2,-3.36,1,1,0,1,0,caucasian,43,2,0,0,separated,0.0,1.0,0.0,1.0,0.0,0.0
61515.0,1,-2.99,1,0,0,0,0,other,43,2,0,1,single,0.0,0.0,0.0,0.0,0.0,1.0
54766.0,1,-3.38,1,0,0,0,1,african-american,43,0,0,1,significant other,0.0,0.0,1.0,0.0,0.0,0.0
50847.0,2,-3.03,1,0,0,0,0,other,43,2,0,1,significant other,0.0,0.0,1.0,0.0,0.0,1.0
57303.0,1,-3.3,1,0,0,0,0,hispanic,43,1,0,1,single,0.0,0.0,0.0,0.0,1.0,0.0
20236.0,1,-3.07,1,1,0,0,0,african-american,43,4,0,0,single,0.0,0.0,0.0,0.0,0.0,0.0
51375.0,7,-2.32,3,0,0,0,1,african-american,43,6,0,0,single,0.0,0.0,0.0,0.0,0.0,0.0
57940.0,4,-3.2,1,1,0,1,0,caucasian,43,0,0,1,single,0.0,0.0,0.0,1.0,0.0,0.0
55145.0,1,-3.52,1,0,0,0,0,african-american,43,1,0,1,single,0.0,0.0,0.0,0.0,0.0,0.0
62361.0,4,-3.02,1,0,0,0,0,african-american,43,0,0,0,single,0.0,0.0,0.0,0.0,0.0,0.0
61331.0,4,-2.7,2,0,0,0,0,caucasian,43,0,0,1,single,0.0,0.0,0.0,1.0,0.0,0.0
54864.0,3,-3.57,1,0,0,0,1,african-american,43,2,0,0,single,0.0,0.0,0.0,0.0,0.0,0.0
55840.0,1,-3.7,1,1,0,1,1,caucasian,43,0,0,0,single,0.0,0.0,0.0,1.0,0.0,0.0
58668.0,6,-3.23,1,0,0,0,1,caucasian,43,0,0,1,significant other,0.0,0.0,1.0,1.0,0.0,0.0
52860.0,1,-3.21,1,0,0,0,0,hispanic,43,0,0,1,significant other,0.0,0.0,1.0,0.0,1.0,0.0
55067.0,7,-2.43,3,0,0,0,0,african-american,43,23,1,0,single,0.0,0.0,0.0,0.0,0.0,0.0
59912.0,1,-3.01,1,1,0,1,0,african-american,43,3,0,0,single,0.0,0.0,0.0,0.0,0.0,0.0
59372.0,3,-2.42,3,1,0,1,0,african-american,43,8,0,0,single,0.0,0.0,0.0,0.0,0.0,0.0
51758.0,5,-2.47,3,0,0,0,0,african-american,43,0,0,0,single,0.0,0.0,0.0,0.0,0.0,0.0
59587.0,8,-2.03,4,0,0,0,1,caucasian,43,7,0,0,single,0.0,0.0,0.0,1.0,0.0,0.0
47710.0,2,-3.2,1,1,1,1,0,caucasian,43,1,0,0,significant other,0.0,0.0,1.0,1.0,0.0,0.0
51549.0,1,-2.92,2,0,0,0,0,caucasian,43,1,0,1,separated,0.0,1.0,0.0,1.0,0.0,0.0
54771.0,1,-3.27,1,1,0,1,0,caucasian,43,0,0,0,significant other,0.0,0.0,1.0,1.0,0.0,0.0
56542.0,1,-3.78,1,0,0,0,0,african-american,43,2,0,1,single,0.0,0.0,0.0,0.0,0.0,0.0
56466.0,1,-3.34,1,0,0,0,0,caucasian,43,1,0,0,single,0.0,0.0,0.0,1.0,0.0,0.0
56024.0,2,-3.62,1,1,1,1,1,caucasian,43,3,0,1,separated,0.0,1.0,0.0,1.0,0.0,0.0
3145.0,1,-3.23,1,0,0,0,0,other,43,2,0,0,significant other,0.0,0.0,1.0,0.0,0.0,1.0
61471.0,1,-3.32,1,0,0,0,0,other,43,1,0,0,single,0.0,0.0,0.0,0.0,0.0,1.0
53345.0,5,-2.37,3,1,1,1,0,caucasian,43,11,0,0,other,1.0,0.0,0.0,1.0,0.0,0.0
56073.0,1,-3.58,1,0,0,0,0,caucasian,43,0,0,0,significant other,0.0,0.0,1.0,1.0,0.0,0.0
55842.0,2,-3.25,1,0,0,0,0,caucasian,43,4,0,1,separated,0.0,1.0,0.0,1.0,0.0,0.0
59332.0,1,-3.66,1,0,0,0,0,caucasian,43,1,0,0,significant other,0.0,0.0,1.0,1.0,0.0,0.0
55877.0,1,-3.53,1,1,0,1,0,caucasian,43,3,0,1,single,0.0,0.0,0.0,1.0,0.0,0.0
56890.0,4,-2.44,3,0,0,0,0,other,43,3,0,0,significant other,0.0,0.0,1.0,0.0,0.0,1.0
52060.0,1,-3.52,1,1,0,1,0,hispanic,43,1,0,1,single,0.0,0.0,0.0,0.0,1.0,0.0
54787.0,1,-3.71,1,0,0,0,1,caucasian,43,0,0,1,significant other,0.0,0.0,1.0,1.0,0.0,0.0
61761.0,2,-2.85,2,0,0,0,0,african-american,43,8,0,1,single,0.0,0.0,0.0,0.0,0.0,0.0
54523.0,2,-2.81,2,0,0,0,0,other,43,3,0,0,significant other,0.0,0.0,1.0,0.0,0.0,1.0
53660.0,1,-3.51,1,0,0,0,0,african-american,43,2,0,0,single,0.0,0.0,0.0,0.0,0.0,0.0
60949.0,2,-3.31,1,1,0,1,1,african-american,43,2,0,0,significant other,0.0,0.0,1.0,0.0,0.0,0.0
56691.0,2,-3.2,1,1,0,1,1,african-american,43,3,0,0,single,0.0,0.0,0.0,0.0,0.0,0.0
54767.0,1,-3.18,1,1,0,1,0,african-american,43,0,0,0,single,0.0,0.0,0.0,0.0,0.0,0.0
8924.0,5,-1.61,6,0,0,0,0,caucasian,43,5,0,0,separated,0.0,1.0,0.0,1.0,0.0,0.0
8269.0,2,-2.1,4,0,0,0,0,caucasian,43,4,0,1,separated,0.0,1.0,0.0,1.0,0.0,0.0
57687.0,1,-3.71,1,0,0,0,0,african-american,43,1,0,0,single,0.0,0.0,0.0,0.0,0.0,0.0
51140.0,7,-1.63,6,0,0,0,0,african-american,43,2,0,0,single,0.0,0.0,0.0,0.0,0.0,0.0
52081.0,5,-3.14,1,0,0,0,1,caucasian,42,3,0,0,separated,0.0,1.0,0.0,1.0,0.0,0.0
51613.0,4,-2.87,2,0,0,0,0,caucasian,42,3,0,0,single,0.0,0.0,0.0,1.0,0.0,0.0
58079.0,1,-3.18,1,0,0,0,0,caucasian,42,0,0,1,single,0.0,0.0,0.0,1.0,0.0,0.0
31012.0,7,-1.65,6,1,0,1,0,african-american,42,14,0,0,significant other,0.0,0.0,1.0,0.0,0.0,0.0
41260.0,1,-2.67,2,1,0,1,0,caucasian,42,4,0,0,single,0.0,0.0,0.0,1.0,0.0,0.0
52266.0,6,-2.12,4,1,0,1,0,african-american,42,9,0,0,single,0.0,0.0,0.0,0.0,0.0,0.0
62065.0,2,-3.16,1,0,0,0,1,caucasian,42,0,0,1,significant other,0.0,0.0,1.0,1.0,0.0,0.0
16608.0,8,-1.7,6,1,0,1,0,african-american,42,13,2,1,single,0.0,0.0,0.0,0.0,0.0,0.0
60890.0,1,-3.74,1,0,0,0,0,caucasian,42,1,0,1,significant other,0.0,0.0,1.0,1.0,0.0,0.0
52624.0,1,-3.48,1,0,0,0,0,african-american,42,1,0,0,single,0.0,0.0,0.0,0.0,0.0,0.0
59530.0,4,-3.05,1,0,0,0,0,caucasian,42,0,0,0,single,0.0,0.0,0.0,1.0,0.0,0.0
51545.0,3,-3.07,1,0,0,0,1,african-american,42,2,0,1,single,0.0,0.0,0.0,0.0,0.0,0.0
61263.0,4,-2.49,3,1,0,1,0,african-american,42,1,0,0,single,0.0,0.0,0.0,0.0,0.0,0.0
60027.0,1,-3.52,1,0,0,0,0,african-american,42,4,0,1,separated,0.0,1.0,0.0,0.0,0.0,0.0
60887.0,1,-3.1,1,0,0,0,0,african-american,42,1,0,0,single,0.0,0.0,0.0,0.0,0.0,0.0
54695.0,5,-2.29,3,0,0,0,0,african-american,42,7,0,1,single,0.0,0.0,0.0,0.0,0.0,0.0
54640.0,1,-3.42,1,0,0,0,0,hispanic,42,1,0,0,separated,0.0,1.0,0.0,0.0,1.0,0.0
55439.0,1,-3.46,1,0,0,0,0,other,42,1,0,1,significant other,0.0,0.0,1.0,0.0,0.0,1.0
50027.0,3,-3.18,1,1,0,1,1,caucasian,42,1,0,0,single,0.0,0.0,0.0,1.0,0.0,0.0
17178.0,9,-1.79,5,1,0,1,0,african-american,42,5,1,0,single,0.0,0.0,0.0,0.0,0.0,0.0
62003.0,1,-3.56,1,0,0,0,1,caucasian,42,0,0,1,separated,0.0,1.0,0.0,1.0,0.0,0.0
54660.0,7,-2.39,3,1,0,1,0,african-american,42,33,0,0,single,0.0,0.0,0.0,0.0,0.0,0.0
59114.0,1,-3.59,1,0,0,0,0,caucasian,42,0,0,0,significant other,0.0,0.0,1.0,1.0,0.0,0.0
52138.0,2,-3.2,1,0,0,0,0,caucasian,42,1,0,0,single,0.0,0.0,0.0,1.0,0.0,0.0
58765.0,4,-2.57,2,0,0,0,0,caucasian,42,5,0,0,single,0.0,0.0,0.0,1.0,0.0,0.0
57905.0,4,-1.79,5,0,0,0,0,caucasian,42,2,0,1,significant other,0.0,0.0,1.0,1.0,0.0,0.0
61801.0,5,-2.97,1,1,1,1,0,african-american,42,7,0,0,single,0.0,0.0,0.0,0.0,0.0,0.0
59083.0,5,-2.1,4,0,0,0,0,african-american,42,2,0,0,single,0.0,0.0,0.0,0.0,0.0,0.0
57802.0,5,-2.57,2,0,0,0,0,african-american,42,8,0,0,single,0.0,0.0,0.0,0.0,0.0,0.0
31084.0,8,-1.11,8,1,0,1,0,african-american,42,6,0,0,significant other,0.0,0.0,1.0,0.0,0.0,0.0
57287.0,1,-3.17,1,0,0,0,0,other,42,1,0,0,single,0.0,0.0,0.0,0.0,0.0,1.0
55832.0,1,-3.7,1,0,0,0,0,caucasian,42,0,0,0,significant other,0.0,0.0,1.0,1.0,0.0,0.0
9130.0,6,-2.61,2,0,0,0,1,african-american,42,16,0,0,single,0.0,0.0,0.0,0.0,0.0,0.0
47596.0,4,-3.14,1,1,0,1,1,caucasian,42,5,0,1,separated,0.0,1.0,0.0,1.0,0.0,0.0
58347.0,1,-2.99,1,0,0,0,0,african-american,42,1,0,0,significant other,0.0,0.0,1.0,0.0,0.0,0.0
62315.0,6,-2.48,3,1,1,1,0,african-american,42,1,0,1,single,0.0,0.0,0.0,0.0,0.0,0.0
49128.0,7,-2.17,4,1,0,1,0,african-american,42,17,0,1,single,0.0,0.0,0.0,0.0,0.0,0.0
59097.0,1,-3.47,1,0,0,0,1,caucasian,42,0,0,1,single,0.0,0.0,0.0,1.0,0.0,0.0
58978.0,1,-3.67,1,0,0,0,0,hispanic,42,0,0,1,separated,0.0,1.0,0.0,0.0,1.0,0.0
19575.0,6,-1.57,6,0,0,0,0,african-american,42,5,0,0,single,0.0,0.0,0.0,0.0,0.0,0.0
50880.0,7,-1.99,4,0,0,0,0,african-american,42,0,0,1,significant other,0.0,0.0,1.0,0.0,0.0,0.0
59692.0,5,-2.88,2,0,0,0,0,caucasian,42,0,0,0,significant other,0.0,0.0,1.0,1.0,0.0,0.0
50569.0,5,-2.86,3,0,0,0,0,hispanic,42,3,0,1,separated,0.0,1.0,0.0,0.0,1.0,0.0
62282.0,1,-3.67,1,0,0,0,0,caucasian,42,0,0,1,significant other,0.0,0.0,1.0,1.0,0.0,0.0
52057.0,3,-3.33,1,0,0,0,0,caucasian,42,0,0,1,single,0.0,0.0,0.0,1.0,0.0,0.0
52857.0,1,-3.5,1,1,1,1,0,hispanic,42,1,0,0,single,0.0,0.0,0.0,0.0,1.0,0.0
59472.0,3,-3.4,1,0,0,0,0,other,42,6,0,1,single,0.0,0.0,0.0,0.0,0.0,1.0
58294.0,2,-3.21,1,0,0,0,1,african-american,42,1,0,0,significant other,0.0,0.0,1.0,0.0,0.0,0.0
50884.0,1,-3.47,1,0,0,0,0,african-american,42,3,0,0,significant other,0.0,0.0,1.0,0.0,0.0,0.0
57062.0,5,-2.48,3,1,0,1,0,caucasian,42,3,0,0,single,0.0,0.0,0.0,1.0,0.0,0.0
54306.0,3,-2.61,2,0,0,0,1,other,42,2,0,1,single,0.0,0.0,0.0,0.0,0.0,1.0
53394.0,2,-3.19,1,0,0,0,1,caucasian,42,0,0,1,single,0.0,0.0,0.0,1.0,0.0,0.0
55002.0,1,-3.21,1,0,0,0,0,african-american,42,0,0,0,single,0.0,0.0,0.0,0.0,0.0,0.0
56504.0,1,-3.62,1,0,0,0,0,caucasian,42,0,0,1,single,0.0,0.0,0.0,1.0,0.0,0.0
54007.0,1,-3.59,1,0,0,0,0,african-american,42,0,0,0,significant other,0.0,0.0,1.0,0.0,0.0,0.0
58226.0,5,-1.96,5,0,0,0,0,african-american,42,0,0,0,single,0.0,0.0,0.0,0.0,0.0,0.0
59565.0,5,-2.32,3,1,0,1,0,caucasian,42,2,0,0,significant other,0.0,0.0,1.0,1.0,0.0,0.0
51919.0,1,-3.67,1,0,0,0,0,caucasian,42,0,0,1,single,0.0,0.0,0.0,1.0,0.0,0.0
52445.0,2,-2.65,2,0,0,0,0,other,42,1,0,0,single,0.0,0.0,0.0,0.0,0.0,1.0
58281.0,5,-2.68,2,0,0,0,0,african-american,42,1,0,1,single,0.0,0.0,0.0,0.0,0.0,0.0
59923.0,1,-3.69,1,0,0,0,0,african-american,42,7,0,0,significant other,0.0,0.0,1.0,0.0,0.0,0.0
52337.0,1,-3.67,1,0,0,0,1,other,42,0,0,0,separated,0.0,1.0,0.0,0.0,0.0,1.0
7630.0,9,-1.42,7,1,0,1,0,african-american,42,7,1,0,single,0.0,0.0,0.0,0.0,0.0,0.0
57247.0,2,-2.88,2,1,0,1,0,african-american,42,1,0,1,single,0.0,0.0,0.0,0.0,0.0,0.0
53009.0,6,-2.59,2,0,0,0,0,caucasian,42,5,0,0,single,0.0,0.0,0.0,1.0,0.0,0.0
55368.0,1,-3.63,1,0,0,0,0,african-american,42,1,0,0,separated,0.0,1.0,0.0,0.0,0.0,0.0
58560.0,1,-3.5,1,0,0,0,1,african-american,42,1,0,0,single,0.0,0.0,0.0,0.0,0.0,0.0
57341.0,1,-3.3,1,0,0,0,1,caucasian,42,0,0,1,single,0.0,0.0,0.0,1.0,0.0,0.0
59248.0,2,-3.19,1,0,0,0,1,african-american,42,2,0,0,single,0.0,0.0,0.0,0.0,0.0,0.0
59909.0,2,-3.11,1,0,0,0,0,caucasian,42,0,0,0,single,0.0,0.0,0.0,1.0,0.0,0.0
62259.0,1,-3.63,1,0,0,0,1,african-american,42,0,0,0,significant other,0.0,0.0,1.0,0.0,0.0,0.0
52042.0,2,-3.05,1,0,0,0,0,other,42,0,0,1,single,0.0,0.0,0.0,0.0,0.0,1.0
58155.0,4,-3.14,1,0,0,0,0,caucasian,42,0,0,1,significant other,0.0,0.0,1.0,1.0,0.0,0.0
56532.0,4,-2.89,2,0,0,0,0,african-american,42,1,0,0,significant other,0.0,0.0,1.0,0.0,0.0,0.0
32347.0,8,-1.73,6,1,0,1,1,african-american,42,8,0,0,single,0.0,0.0,0.0,0.0,0.0,0.0
56818.0,6,-2.35,3,1,0,1,1,caucasian,42,4,0,1,separated,0.0,1.0,0.0,1.0,0.0,0.0
53307.0,1,-3.19,1,0,0,0,0,african-american,42,0,0,1,single,0.0,0.0,0.0,0.0,0.0,0.0
25656.0,2,-3.15,1,0,0,0,0,caucasian,42,1,0,1,significant other,0.0,0.0,1.0,1.0,0.0,0.0
55650.0,1,-3.35,1,0,0,0,1,caucasian,42,0,0,0,significant other,0.0,0.0,1.0,1.0,0.0,0.0
54708.0,1,-3.35,1,1,0,1,1,caucasian,42,0,0,0,single,0.0,0.0,0.0,1.0,0.0,0.0
55131.0,2,-2.99,1,0,0,0,1,caucasian,42,0,0,0,separated,0.0,1.0,0.0,1.0,0.0,0.0
60579.0,2,-3.38,1,1,0,1,1,caucasian,42,0,0,0,single,0.0,0.0,0.0,1.0,0.0,0.0
51648.0,1,-3.58,1,0,0,0,0,caucasian,42,1,0,0,separated,0.0,1.0,0.0,1.0,0.0,0.0
59573.0,4,-2.11,4,0,0,0,0,caucasian,42,8,0,0,single,0.0,0.0,0.0,1.0,0.0,0.0
58478.0,3,-2.61,2,1,1,1,0,caucasian,42,1,0,1,separated,0.0,1.0,0.0,1.0,0.0,0.0
43829.0,2,-2.85,2,1,0,1,0,caucasian,42,1,0,0,significant other,0.0,0.0,1.0,1.0,0.0,0.0
62332.0,5,-2.04,4,0,0,0,1,african-american,42,1,0,0,single,0.0,0.0,0.0,0.0,0.0,0.0
57356.0,3,-3.39,1,0,0,0,0,caucasian,42,6,0,0,single,0.0,0.0,0.0,1.0,0.0,0.0
58643.0,1,-3.66,1,0,0,0,1,african-american,42,1,0,0,single,0.0,0.0,0.0,0.0,0.0,0.0
54539.0,2,-3.39,1,0,0,0,0,african-american,42,1,0,0,significant other,0.0,0.0,1.0,0.0,0.0,0.0
62383.0,1,-3.46,1,0,0,0,0,hispanic,42,1,0,1,significant other,0.0,0.0,1.0,0.0,1.0,0.0
58737.0,6,-2.25,3,0,0,0,1,african-american,41,5,0,1,single,0.0,0.0,0.0,0.0,0.0,0.0
60101.0,1,-3.7,1,0,0,0,1,african-american,41,0,0,0,significant other,0.0,0.0,1.0,0.0,0.0,0.0
50240.0,2,-3.38,1,0,0,0,1,caucasian,41,1,0,1,single,0.0,0.0,0.0,1.0,0.0,0.0
60059.0,4,-2.18,4,1,0,1,0,caucasian,41,5,0,1,significant other,0.0,0.0,1.0,1.0,0.0,0.0
60956.0,1,-3.58,1,1,0,1,0,caucasian,41,0,0,0,separated,0.0,1.0,0.0,1.0,0.0,0.0
61398.0,2,-2.86,2,0,0,0,0,caucasian,41,2,0,1,single,0.0,0.0,0.0,1.0,0.0,0.0
8884.0,5,-2.94,2,1,0,1,0,caucasian,41,3,0,1,single,0.0,0.0,0.0,1.0,0.0,0.0
58664.0,1,-3.63,1,0,0,0,0,caucasian,41,0,0,0,single,0.0,0.0,0.0,1.0,0.0,0.0
61943.0,1,-3.43,1,0,0,0,0,hispanic,41,3,0,0,significant other,0.0,0.0,1.0,0.0,1.0,0.0
53128.0,1,-3.22,1,0,0,0,0,african-american,41,0,0,0,single,0.0,0.0,0.0,0.0,0.0,0.0
52519.0,1,-3.14,1,0,0,0,0,african-american,41,1,0,0,single,0.0,0.0,0.0,0.0,0.0,0.0
46052.0,7,-1.81,5,1,0,1,0,african-american,41,16,2,0,single,0.0,0.0,0.0,0.0,0.0,0.0
46334.0,6,-2.88,2,0,0,0,1,african-american,41,6,1,1,single,0.0,0.0,0.0,0.0,0.0,0.0
52276.0,9,-1.87,5,1,0,0,0,african-american,41,9,3,1,single,0.0,0.0,0.0,0.0,0.0,0.0
58306.0,6,-2.01,4,0,0,0,0,caucasian,41,1,0,0,separated,0.0,1.0,0.0,1.0,0.0,0.0
52594.0,2,-2.81,2,0,0,0,0,african-american,41,1,0,1,single,0.0,0.0,0.0,0.0,0.0,0.0
54540.0,1,-3.54,1,0,0,0,0,african-american,41,2,0,0,significant other,0.0,0.0,1.0,0.0,0.0,0.0
4961.0,7,-2.28,3,0,0,0,0,african-american,41,3,0,0,single,0.0,0.0,0.0,0.0,0.0,0.0
50876.0,1,-3.14,1,0,0,0,1,caucasian,41,0,0,1,single,0.0,0.0,0.0,1.0,0.0,0.0
54138.0,1,-3.59,1,0,0,0,0,african-american,41,0,0,0,significant other,0.0,0.0,1.0,0.0,0.0,0.0
61330.0,6,-2.89,2,1,0,1,0,caucasian,41,14,0,0,single,0.0,0.0,0.0,1.0,0.0,0.0
56191.0,1,-3.51,1,0,0,0,0,caucasian,41,0,0,0,single,0.0,0.0,0.0,1.0,0.0,0.0
53273.0,1,-3.58,1,0,0,0,1,african-american,41,0,0,1,significant other,0.0,0.0,1.0,0.0,0.0,0.0
57074.0,5,-2.63,2,0,0,0,0,african-american,41,1,0,1,single,0.0,0.0,0.0,0.0,0.0,0.0
55241.0,1,-3.58,1,0,0,0,0,hispanic,41,1,0,1,significant other,0.0,0.0,1.0,0.0,1.0,0.0
34047.0,9,-1.78,5,1,0,1,0,other,41,31,0,0,single,0.0,0.0,0.0,0.0,0.0,1.0
58455.0,2,-2.72,2,0,0,0,0,hispanic,41,2,0,0,single,0.0,0.0,0.0,0.0,1.0,0.0
60701.0,1,-3.35,1,0,0,0,0,african-american,41,0,0,1,single,0.0,0.0,0.0,0.0,0.0,0.0
58223.0,3,-2.91,2,1,1,1,0,african-american,41,6,2,0,significant other,0.0,0.0,1.0,0.0,0.0,0.0
54481.0,1,-3.62,1,0,0,0,0,caucasian,41,0,0,1,single,0.0,0.0,0.0,1.0,0.0,0.0
54666.0,3,-2.99,1,0,0,0,1,caucasian,41,0,0,0,single,0.0,0.0,0.0,1.0,0.0,0.0
59725.0,3,-3.21,1,1,0,1,0,caucasian,41,4,0,0,single,0.0,0.0,0.0,1.0,0.0,0.0
57871.0,1,-3.35,1,0,0,0,0,african-american,41,0,0,0,significant other,0.0,0.0,1.0,0.0,0.0,0.0
56987.0,4,-3.09,1,0,0,0,0,african-american,41,7,0,0,single,0.0,0.0,0.0,0.0,0.0,0.0
51235.0,9,-1.65,6,1,1,1,0,caucasian,41,17,0,1,single,0.0,0.0,0.0,1.0,0.0,0.0
59690.0,1,-3.11,1,1,0,1,0,african-american,41,4,0,1,single,0.0,0.0,0.0,0.0,0.0,0.0
45702.0,7,-1.78,5,1,1,1,1,caucasian,41,12,0,0,single,0.0,0.0,0.0,1.0,0.0,0.0
54525.0,2,-3.42,1,0,0,0,0,hispanic,41,9,0,0,significant other,0.0,0.0,1.0,0.0,1.0,0.0
54070.0,3,-2.28,3,0,0,0,1,other,41,2,0,0,single,0.0,0.0,0.0,0.0,0.0,1.0
51660.0,1,-3.58,1,0,0,0,0,caucasian,41,0,0,1,separated,0.0,1.0,0.0,1.0,0.0,0.0
4086.0,8,-0.87,9,1,0,1,0,african-american,41,14,3,1,single,0.0,0.0,0.0,0.0,0.0,0.0
13602.0,5,-2.6,2,0,0,0,0,african-american,41,4,0,0,single,0.0,0.0,0.0,0.0,0.0,0.0
60740.0,1,-3.63,1,0,0,0,0,hispanic,41,1,0,1,separated,0.0,1.0,0.0,0.0,1.0,0.0
60368.0,2,-3.06,1,1,0,1,0,african-american,41,3,0,1,significant other,0.0,0.0,1.0,0.0,0.0,0.0
59172.0,1,-3.67,1,0,0,0,1,african-american,41,0,0,1,significant other,0.0,0.0,1.0,0.0,0.0,0.0
59286.0,6,-2.46,3,1,0,1,0,african-american,41,8,0,0,single,0.0,0.0,0.0,0.0,0.0,0.0
60218.0,1,-3.39,1,0,0,0,0,african-american,41,0,0,1,significant other,0.0,0.0,1.0,0.0,0.0,0.0
60611.0,8,-2.83,2,1,0,1,0,other,41,2,0,0,single,0.0,0.0,0.0,0.0,0.0,1.0
61434.0,4,-2.51,3,0,0,0,0,african-american,41,1,0,0,single,0.0,0.0,0.0,0.0,0.0,0.0
59311.0,6,-2.66,2,1,0,1,0,african-american,41,6,0,0,single,0.0,0.0,0.0,0.0,0.0,0.0
57189.0,1,-3.58,1,0,0,0,0,caucasian,41,5,0,0,single,0.0,0.0,0.0,1.0,0.0,0.0
56618.0,5,-2.62,2,0,0,0,1,caucasian,41,3,0,0,significant other,0.0,0.0,1.0,1.0,0.0,0.0
59197.0,2,-3.51,1,0,0,0,0,hispanic,41,2,0,1,significant other,0.0,0.0,1.0,0.0,1.0,0.0
38845.0,1,-3.53,1,0,0,0,0,hispanic,41,1,0,1,single,0.0,0.0,0.0,0.0,1.0,0.0
6462.0,9,-0.79,9,1,1,1,0,african-american,41,25,0,0,single,0.0,0.0,0.0,0.0,0.0,0.0
54622.0,1,-3.26,1,0,0,0,0,caucasian,41,1,0,0,single,0.0,0.0,0.0,1.0,0.0,0.0
60524.0,7,-3.06,1,0,0,0,0,african-american,41,0,0,0,significant other,0.0,0.0,1.0,0.0,0.0,0.0
51620.0,2,-3.19,1,1,0,1,1,african-american,41,4,0,0,single,0.0,0.0,0.0,0.0,0.0,0.0
56158.0,6,-1.93,5,1,0,1,1,african-american,41,2,0,0,single,0.0,0.0,0.0,0.0,0.0,0.0
61210.0,1,-3.35,1,1,0,1,0,hispanic,41,0,0,0,significant other,0.0,0.0,1.0,0.0,1.0,0.0
49582.0,2,-3.27,1,0,0,0,1,caucasian,41,1,0,1,significant other,0.0,0.0,1.0,1.0,0.0,0.0
57174.0,1,-3.34,1,1,0,1,0,caucasian,41,0,0,1,single,0.0,0.0,0.0,1.0,0.0,0.0
57976.0,4,-2.85,2,0,0,0,0,african-american,41,0,0,0,single,0.0,0.0,0.0,0.0,0.0,0.0
51573.0,1,-3.5,1,0,0,0,0,caucasian,41,0,0,1,separated,0.0,1.0,0.0,1.0,0.0,0.0
20025.0,9,-1.36,7,1,0,1,0,african-american,41,10,1,0,single,0.0,0.0,0.0,0.0,0.0,0.0
58592.0,7,-2.41,3,1,1,1,0,african-american,41,7,1,1,single,0.0,0.0,0.0,0.0,0.0,0.0
52279.0,2,-3.02,1,0,0,0,0,caucasian,41,0,0,0,single,0.0,0.0,0.0,1.0,0.0,0.0
55234.0,1,-3.22,1,0,0,0,0,caucasian,41,2,0,1,single,0.0,0.0,0.0,1.0,0.0,0.0
56295.0,6,-2.88,2,0,0,0,0,african-american,41,0,0,1,significant other,0.0,0.0,1.0,0.0,0.0,0.0
29358.0,8,-2.67,2,1,0,0,0,african-american,41,19,0,0,single,0.0,0.0,0.0,0.0,0.0,0.0
55806.0,3,-3.11,1,0,0,0,0,hispanic,41,0,0,0,separated,0.0,1.0,0.0,0.0,1.0,0.0
52165.0,9,-1.72,6,0,0,0,0,african-american,41,9,1,1,single,0.0,0.0,0.0,0.0,0.0,0.0
53196.0,1,-3.34,1,0,0,0,1,caucasian,41,1,0,1,single,0.0,0.0,0.0,1.0,0.0,0.0
43223.0,3,-2.2,4,1,0,0,0,african-american,41,6,0,0,single,0.0,0.0,0.0,0.0,0.0,0.0
13278.0,2,-1.99,4,1,0,1,0,african-american,41,8,0,0,single,0.0,0.0,0.0,0.0,0.0,0.0
37158.0,9,-2.22,4,0,0,0,0,african-american,41,7,0,0,single,0.0,0.0,0.0,0.0,0.0,0.0
60241.0,2,-3.23,1,0,0,0,0,caucasian,41,0,0,1,single,0.0,0.0,0.0,1.0,0.0,0.0
56999.0,6,-2.47,3,1,0,1,0,african-american,41,14,0,0,single,0.0,0.0,0.0,0.0,0.0,0.0
54520.0,2,-3.41,1,1,0,1,0,caucasian,41,1,0,1,single,0.0,0.0,0.0,1.0,0.0,0.0
22507.0,10,-1.11,8,1,0,1,0,african-american,41,18,2,1,single,0.0,0.0,0.0,0.0,0.0,0.0
61655.0,1,-3.23,1,0,0,0,1,hispanic,41,0,0,0,separated,0.0,1.0,0.0,0.0,1.0,0.0
59299.0,5,-1.37,7,0,0,0,0,caucasian,41,1,0,0,significant other,0.0,0.0,1.0,1.0,0.0,0.0
53901.0,1,-3.37,1,0,0,0,0,caucasian,41,3,0,1,single,0.0,0.0,0.0,1.0,0.0,0.0
62257.0,1,-3.54,1,0,0,0,0,caucasian,41,2,0,0,significant other,0.0,0.0,1.0,1.0,0.0,0.0
2188.0,5,-1.59,6,0,0,0,0,african-american,41,5,0,1,significant other,0.0,0.0,1.0,0.0,0.0,0.0
54331.0,1,-3.53,1,0,0,0,0,caucasian,41,0,0,0,single,0.0,0.0,0.0,1.0,0.0,0.0
56152.0,3,-3.12,1,0,0,0,1,african-american,41,2,0,1,single,0.0,0.0,0.0,0.0,0.0,0.0
51129.0,6,-2.76,2,0,0,0,0,caucasian,41,9,0,1,single,0.0,0.0,0.0,1.0,0.0,0.0
54589.0,6,-2.53,3,1,0,0,0,african-american,41,19,0,0,single,0.0,0.0,0.0,0.0,0.0,0.0
60858.0,1,-3.54,1,0,0,0,1,hispanic,41,0,0,0,separated,0.0,1.0,0.0,0.0,1.0,0.0
61071.0,4,-2.61,2,1,0,1,0,african-american,41,3,0,0,single,0.0,0.0,0.0,0.0,0.0,0.0
56654.0,5,-2.28,3,0,0,0,0,african-american,41,2,0,0,single,0.0,0.0,0.0,0.0,0.0,0.0
62088.0,1,-3.69,1,0,0,0,0,caucasian,41,1,0,0,significant other,0.0,0.0,1.0,1.0,0.0,0.0
61297.0,6,-1.94,5,1,1,1,0,african-american,41,2,0,1,single,0.0,0.0,0.0,0.0,0.0,0.0
28188.0,3,-2.8,2,1,0,0,0,african-american,41,7,0,1,single,0.0,0.0,0.0,0.0,0.0,0.0
59250.0,1,-3.19,1,0,0,0,0,caucasian,41,5,0,0,single,0.0,0.0,0.0,1.0,0.0,0.0
59349.0,1,-3.25,1,0,0,0,0,caucasian,41,0,0,1,significant other,0.0,0.0,1.0,1.0,0.0,0.0
57100.0,1,-3.42,1,0,0,0,0,other,41,0,0,1,significant other,0.0,0.0,1.0,0.0,0.0,1.0
54188.0,4,-2.87,2,1,0,1,1,african-american,41,7,0,0,single,0.0,0.0,0.0,0.0,0.0,0.0
52830.0,4,-2.75,2,0,0,0,0,african-american,41,8,0,0,significant other,0.0,0.0,1.0,0.0,0.0,0.0
60308.0,1,-3.46,1,0,0,0,1,caucasian,41,0,0,1,single,0.0,0.0,0.0,1.0,0.0,0.0
19804.0,5,-1.74,5,0,0,0,0,african-american,41,13,0,0,single,0.0,0.0,0.0,0.0,0.0,0.0
58683.0,4,-3.27,1,1,0,1,1,caucasian,41,9,0,1,significant other,0.0,0.0,1.0,1.0,0.0,0.0
2067.0,8,-2.11,4,1,0,1,1,african-american,41,8,0,0,single,0.0,0.0,0.0,0.0,0.0,0.0
60320.0,4,-2.29,3,0,0,0,0,caucasian,40,3,0,1,single,0.0,0.0,0.0,1.0,0.0,0.0
57720.0,2,-3.17,1,0,0,0,1,hispanic,40,2,0,1,single,0.0,0.0,0.0,0.0,1.0,0.0
52524.0,1,-3.05,1,1,0,1,0,other,40,4,0,0,single,0.0,0.0,0.0,0.0,0.0,1.0
52104.0,2,-3.25,1,0,0,0,0,caucasian,40,1,0,0,single,0.0,0.0,0.0,1.0,0.0,0.0
59821.0,2,-3.35,1,0,0,0,1,caucasian,40,0,0,1,single,0.0,0.0,0.0,1.0,0.0,0.0
59969.0,2,-3.34,1,0,0,0,1,caucasian,40,0,0,0,single,0.0,0.0,0.0,1.0,0.0,0.0
56328.0,2,-3.42,1,0,0,0,0,caucasian,40,0,0,1,single,0.0,0.0,0.0,1.0,0.0,0.0
59879.0,1,-3.38,1,0,0,0,0,african-american,40,1,0,0,single,0.0,0.0,0.0,0.0,0.0,0.0
53636.0,1,-3.57,1,0,0,0,0,other,40,0,0,0,single,0.0,0.0,0.0,0.0,0.0,1.0
58322.0,2,-3.07,1,0,0,0,1,other,40,3,0,0,single,0.0,0.0,0.0,0.0,0.0,1.0
51320.0,2,-3.0,1,0,0,0,0,african-american,40,0,0,0,significant other,0.0,0.0,1.0,0.0,0.0,0.0
50954.0,1,-3.61,1,0,0,0,0,other,40,0,0,1,significant other,0.0,0.0,1.0,0.0,0.0,1.0
11592.0,5,-1.99,4,1,0,1,0,caucasian,40,4,0,0,single,0.0,0.0,0.0,1.0,0.0,0.0
61136.0,1,-3.46,1,0,0,0,0,hispanic,40,0,0,1,significant other,0.0,0.0,1.0,0.0,1.0,0.0
62246.0,1,-3.51,1,0,0,0,1,african-american,40,0,0,0,single,0.0,0.0,0.0,0.0,0.0,0.0
60204.0,7,-1.62,6,1,1,1,1,african-american,40,15,0,0,single,0.0,0.0,0.0,0.0,0.0,0.0
52235.0,2,-3.17,1,0,0,0,0,african-american,40,3,0,0,single,0.0,0.0,0.0,0.0,0.0,0.0
3176.0,5,-2.41,3,0,0,0,0,african-american,40,21,0,0,separated,0.0,1.0,0.0,0.0,0.0,0.0
4403.0,1,-3.06,1,0,0,0,0,caucasian,40,3,0,0,single,0.0,0.0,0.0,1.0,0.0,0.0
56079.0,1,-3.34,1,0,0,0,0,other,40,1,0,0,significant other,0.0,0.0,1.0,0.0,0.0,1.0
62113.0,2,-3.26,1,1,0,1,1,hispanic,40,7,0,0,single,0.0,0.0,0.0,0.0,1.0,0.0
60324.0,5,-2.8,2,1,0,1,0,hispanic,40,8,0,0,single,0.0,0.0,0.0,0.0,1.0,0.0
57737.0,1,-3.54,1,0,0,0,0,other,40,1,0,0,single,0.0,0.0,0.0,0.0,0.0,1.0
54439.0,4,-2.78,2,0,0,0,0,caucasian,40,6,0,0,significant other,0.0,0.0,1.0,1.0,0.0,0.0
57563.0,9,-2.55,3,0,0,0,0,african-american,40,13,0,0,single,0.0,0.0,0.0,0.0,0.0,0.0
59049.0,2,-2.94,2,0,0,0,1,caucasian,40,0,0,0,single,0.0,0.0,0.0,1.0,0.0,0.0
53725.0,1,-3.57,1,0,0,0,0,african-american,40,0,0,0,single,0.0,0.0,0.0,0.0,0.0,0.0
60187.0,2,-3.13,1,0,0,0,0,hispanic,40,0,0,1,single,0.0,0.0,0.0,0.0,1.0,0.0
52841.0,2,-3.15,1,0,0,0,0,caucasian,40,0,0,0,single,0.0,0.0,0.0,1.0,0.0,0.0
60230.0,1,-3.5,1,0,0,0,0,caucasian,40,4,0,1,single,0.0,0.0,0.0,1.0,0.0,0.0
52588.0,3,-3.01,1,0,0,0,0,african-american,40,1,0,0,single,0.0,0.0,0.0,0.0,0.0,0.0
59684.0,1,-3.3,1,0,0,0,1,other,40,0,0,0,separated,0.0,1.0,0.0,0.0,0.0,1.0
34198.0,4,-1.84,5,1,0,1,0,african-american,40,8,0,1,single,0.0,0.0,0.0,0.0,0.0,0.0
53271.0,1,-3.42,1,0,0,0,0,caucasian,40,2,0,1,single,0.0,0.0,0.0,1.0,0.0,0.0
4334.0,3,-2.04,4,0,0,0,0,caucasian,40,4,0,0,single,0.0,0.0,0.0,1.0,0.0,0.0
62409.0,8,-1.92,5,1,0,1,0,african-american,40,3,0,0,single,0.0,0.0,0.0,0.0,0.0,0.0
57211.0,6,-1.14,8,1,1,1,0,african-american,40,23,2,1,single,0.0,0.0,0.0,0.0,0.0,0.0
13385.0,7,-1.06,8,0,0,0,0,african-american,40,3,0,0,single,0.0,0.0,0.0,0.0,0.0,0.0
58437.0,1,-3.54,1,0,0,0,0,hispanic,40,0,0,0,significant other,0.0,0.0,1.0,0.0,1.0,0.0
58763.0,9,-1.72,6,0,0,0,0,caucasian,40,9,1,0,single,0.0,0.0,0.0,1.0,0.0,0.0
61256.0,1,-3.52,1,1,0,1,0,african-american,40,1,0,0,separated,0.0,1.0,0.0,0.0,0.0,0.0
52213.0,1,-3.37,1,0,0,0,1,african-american,40,2,0,0,single,0.0,0.0,0.0,0.0,0.0,0.0
52119.0,1,-3.45,1,0,0,0,1,hispanic,40,1,0,1,significant other,0.0,0.0,1.0,0.0,1.0,0.0
52696.0,8,-0.85,9,0,0,0,0,african-american,40,7,0,0,single,0.0,0.0,0.0,0.0,0.0,0.0
58307.0,3,-2.89,2,1,1,1,0,african-american,40,11,0,1,single,0.0,0.0,0.0,0.0,0.0,0.0
51771.0,3,-2.51,3,0,0,0,0,hispanic,40,0,0,1,single,0.0,0.0,0.0,0.0,1.0,0.0
50871.0,9,-0.15,10,1,0,1,0,african-american,40,5,0,0,single,0.0,0.0,0.0,0.0,0.0,0.0
56780.0,7,-2.12,4,0,0,0,0,african-american,40,20,0,0,single,0.0,0.0,0.0,0.0,0.0,0.0
52637.0,1,-3.53,1,0,0,0,1,caucasian,40,0,0,1,significant other,0.0,0.0,1.0,1.0,0.0,0.0
52193.0,8,-0.69,9,1,0,1,0,caucasian,40,8,0,0,single,0.0,0.0,0.0,1.0,0.0,0.0
57624.0,3,-2.37,3,1,1,0,0,african-american,40,2,0,1,single,0.0,0.0,0.0,0.0,0.0,0.0
51060.0,4,-3.09,1,1,0,0,1,caucasian,40,4,0,0,single,0.0,0.0,0.0,1.0,0.0,0.0
62081.0,6,-2.99,1,1,0,1,1,caucasian,40,3,0,0,single,0.0,0.0,0.0,1.0,0.0,0.0
57987.0,4,-3.22,1,0,0,0,1,african-american,40,7,0,1,significant other,0.0,0.0,1.0,0.0,0.0,0.0
62369.0,7,-0.69,9,1,0,1,0,caucasian,40,0,0,0,significant other,0.0,0.0,1.0,1.0,0.0,0.0
5446.0,3,-1.96,5,1,1,1,0,caucasian,40,4,0,0,separated,0.0,1.0,0.0,1.0,0.0,0.0
52831.0,1,-3.33,1,0,0,0,1,african-american,40,4,0,1,separated,0.0,1.0,0.0,0.0,0.0,0.0
59925.0,1,-3.46,1,0,0,0,0,caucasian,40,1,0,0,single,0.0,0.0,0.0,1.0,0.0,0.0
62290.0,1,-3.29,1,0,0,0,1,other,40,0,0,0,significant other,0.0,0.0,1.0,0.0,0.0,1.0
52055.0,4,-2.99,1,0,0,0,0,african-american,40,2,0,0,single,0.0,0.0,0.0,0.0,0.0,0.0
50981.0,10,-0.69,9,1,1,1,0,african-american,40,0,0,0,single,0.0,0.0,0.0,0.0,0.0,0.0
57150.0,1,-3.4,1,0,0,0,0,african-american,40,1,0,0,single,0.0,0.0,0.0,0.0,0.0,0.0
62000.0,1,-3.54,1,0,0,0,0,caucasian,40,0,0,0,single,0.0,0.0,0.0,1.0,0.0,0.0
8728.0,8,-1.27,7,1,0,1,0,african-american,40,24,2,1,significant other,0.0,0.0,1.0,0.0,0.0,0.0
40670.0,2,-2.74,2,0,0,0,0,hispanic,40,1,0,1,significant other,0.0,0.0,1.0,0.0,1.0,0.0
35453.0,7,-1.74,5,1,0,1,0,caucasian,40,10,0,0,single,0.0,0.0,0.0,1.0,0.0,0.0
55275.0,1,-3.49,1,0,0,0,1,african-american,40,1,0,0,single,0.0,0.0,0.0,0.0,0.0,0.0
56852.0,1,-2.66,2,0,0,0,0,african-american,40,1,0,1,single,0.0,0.0,0.0,0.0,0.0,0.0
53825.0,8,-1.59,6,0,0,0,0,african-american,40,15,1,0,single,0.0,0.0,0.0,0.0,0.0,0.0
52904.0,3,-3.19,1,0,0,0,0,caucasian,40,5,0,0,significant other,0.0,0.0,1.0,1.0,0.0,0.0
60228.0,1,-3.29,1,0,0,0,1,caucasian,40,0,0,1,significant other,0.0,0.0,1.0,1.0,0.0,0.0
62115.0,7,-2.1,4,0,0,0,0,african-american,40,6,0,0,single,0.0,0.0,0.0,0.0,0.0,0.0
59669.0,7,-1.99,4,1,1,1,0,other,40,8,0,0,single,0.0,0.0,0.0,0.0,0.0,1.0
56705.0,2,-3.25,1,0,0,0,1,caucasian,40,0,0,0,separated,0.0,1.0,0.0,1.0,0.0,0.0
61873.0,1,-3.33,1,0,0,0,0,african-american,40,1,0,0,single,0.0,0.0,0.0,0.0,0.0,0.0
41868.0,10,-2.25,3,0,0,0,1,caucasian,40,5,0,0,single,0.0,0.0,0.0,1.0,0.0,0.0
53084.0,1,-3.33,1,1,1,1,1,caucasian,40,3,0,0,separated,0.0,1.0,0.0,1.0,0.0,0.0
57470.0,5,-3.12,1,0,0,0,0,hispanic,40,0,0,0,other,1.0,0.0,0.0,0.0,1.0,0.0
59954.0,4,-2.51,3,0,0,0,0,caucasian,40,1,0,1,single,0.0,0.0,0.0,1.0,0.0,0.0
56437.0,1,-2.64,2,1,0,1,0,caucasian,40,5,0,0,significant other,0.0,0.0,1.0,1.0,0.0,0.0
53510.0,10,-0.65,9,1,1,1,1,african-american,40,13,0,0,single,0.0,0.0,0.0,0.0,0.0,0.0
53557.0,6,-2.86,2,0,0,0,0,other,40,2,0,1,single,0.0,0.0,0.0,0.0,0.0,1.0
54221.0,1,-3.25,1,0,0,0,0,african-american,40,0,0,1,single,0.0,0.0,0.0,0.0,0.0,0.0
57292.0,4,-3.08,1,0,0,0,0,caucasian,40,5,0,0,single,0.0,0.0,0.0,1.0,0.0,0.0
56156.0,2,-3.14,1,0,0,0,0,african-american,40,0,0,0,single,0.0,0.0,0.0,0.0,0.0,0.0
60055.0,1,-3.36,1,1,0,1,0,caucasian,40,0,0,1,significant other,0.0,0.0,1.0,1.0,0.0,0.0
55837.0,2,-3.27,1,0,0,0,0,african-american,40,2,0,0,single,0.0,0.0,0.0,0.0,0.0,0.0
57653.0,7,-1.36,7,0,0,0,0,caucasian,40,4,0,0,single,0.0,0.0,0.0,1.0,0.0,0.0
53140.0,2,-2.98,1,0,0,0,1,caucasian,40,1,0,0,separated,0.0,1.0,0.0,1.0,0.0,0.0
61289.0,5,-2.63,2,0,0,0,1,caucasian,40,0,0,1,single,0.0,0.0,0.0,1.0,0.0,0.0
58792.0,1,-3.28,1,0,0,0,0,caucasian,40,0,0,1,single,0.0,0.0,0.0,1.0,0.0,0.0
53814.0,2,-3.2,1,0,0,0,0,caucasian,40,0,0,0,single,0.0,0.0,0.0,1.0,0.0,0.0
48340.0,9,-1.27,7,1,1,1,0,african-american,40,15,0,0,single,0.0,0.0,0.0,0.0,0.0,0.0
56448.0,3,-3.46,1,0,0,0,0,caucasian,40,1,0,0,single,0.0,0.0,0.0,1.0,0.0,0.0
60144.0,2,-3.33,1,0,0,0,1,hispanic,39,2,0,0,single,0.0,0.0,0.0,0.0,1.0,0.0
56835.0,1,-2.85,2,1,1,1,0,hispanic,39,2,0,0,single,0.0,0.0,0.0,0.0,1.0,0.0
55000.0,7,-2.02,4,0,0,0,0,african-american,39,5,0,0,significant other,0.0,0.0,1.0,0.0,0.0,0.0
53844.0,2,-2.87,2,1,0,1,0,caucasian,39,2,0,0,single,0.0,0.0,0.0,1.0,0.0,0.0
55507.0,6,-2.87,2,0,0,0,1,caucasian,39,0,0,1,single,0.0,0.0,0.0,1.0,0.0,0.0
7290.0,4,-2.71,2,1,0,0,0,caucasian,39,3,0,0,significant other,0.0,0.0,1.0,1.0,0.0,0.0
60400.0,6,-3.13,1,0,0,0,0,african-american,39,1,0,0,single,0.0,0.0,0.0,0.0,0.0,0.0
59381.0,1,-2.65,2,0,0,0,0,caucasian,39,1,0,0,single,0.0,0.0,0.0,1.0,0.0,0.0
54135.0,2,-3.34,1,0,0,0,0,african-american,39,2,0,1,significant other,0.0,0.0,1.0,0.0,0.0,0.0
57123.0,1,-3.26,1,0,0,0,0,hispanic,39,0,0,0,single,0.0,0.0,0.0,0.0,1.0,0.0
61102.0,10,-2.44,3,1,1,1,1,african-american,39,22,2,0,single,0.0,0.0,0.0,0.0,0.0,0.0
56179.0,6,-3.07,1,0,0,0,1,african-american,39,4,0,0,single,0.0,0.0,0.0,0.0,0.0,0.0
50966.0,5,-2.69,2,0,0,0,0,caucasian,39,0,0,1,single,0.0,0.0,0.0,1.0,0.0,0.0
51379.0,5,-2.87,2,0,0,0,1,african-american,39,6,1,0,separated,0.0,1.0,0.0,0.0,0.0,0.0
60300.0,6,-3.12,1,1,0,1,0,african-american,39,19,0,1,single,0.0,0.0,0.0,0.0,0.0,0.0
61996.0,1,-3.37,1,0,0,0,1,caucasian,39,0,0,1,single,0.0,0.0,0.0,1.0,0.0,0.0
60420.0,6,-2.5,3,0,0,0,0,caucasian,39,2,0,0,single,0.0,0.0,0.0,1.0,0.0,0.0
5025.0,2,-2.67,2,1,0,0,0,caucasian,39,2,0,1,single,0.0,0.0,0.0,1.0,0.0,0.0
58299.0,1,-3.49,1,0,0,0,0,caucasian,39,2,0,1,single,0.0,0.0,0.0,1.0,0.0,0.0
54702.0,3,-2.81,2,0,0,0,0,african-american,39,1,0,0,significant other,0.0,0.0,1.0,0.0,0.0,0.0
56979.0,2,-2.97,1,0,0,0,0,hispanic,39,2,0,0,significant other,0.0,0.0,1.0,0.0,1.0,0.0
51126.0,9,-2.29,3,0,0,0,0,african-american,39,10,4,1,single,0.0,0.0,0.0,0.0,0.0,0.0
57686.0,1,-3.17,1,0,0,0,0,caucasian,39,1,0,0,single,0.0,0.0,0.0,1.0,0.0,0.0
60337.0,1,-3.53,1,1,0,0,0,other,39,0,0,1,significant other,0.0,0.0,1.0,0.0,0.0,1.0
53315.0,1,-3.28,1,1,1,1,1,caucasian,39,0,0,1,single,0.0,0.0,0.0,1.0,0.0,0.0
52433.0,5,-2.79,2,1,0,1,1,african-american,39,0,0,0,single,0.0,0.0,0.0,0.0,0.0,0.0
56667.0,4,-2.74,4,0,0,0,0,caucasian,39,1,1,1,single,0.0,0.0,0.0,1.0,0.0,0.0
62123.0,6,-2.54,3,1,0,1,1,caucasian,39,11,1,0,significant other,0.0,0.0,1.0,1.0,0.0,0.0
50867.0,7,-1.93,5,1,0,1,0,caucasian,39,17,7,0,separated,0.0,1.0,0.0,1.0,0.0,0.0
29582.0,4,-2.3,3,0,0,0,0,caucasian,39,5,0,1,separated,0.0,1.0,0.0,1.0,0.0,0.0
59865.0,1,-3.5,1,0,0,0,0,caucasian,39,1,0,0,significant other,0.0,0.0,1.0,1.0,0.0,0.0
53425.0,3,-2.81,2,0,0,0,0,caucasian,39,0,0,0,single,0.0,0.0,0.0,1.0,0.0,0.0
28374.0,10,-1.02,8,0,0,0,0,african-american,39,35,0,0,single,0.0,0.0,0.0,0.0,0.0,0.0
53733.0,2,-3.1,1,1,0,1,0,african-american,39,1,0,1,significant other,0.0,0.0,1.0,0.0,0.0,0.0
59279.0,1,-3.53,1,0,0,0,0,other,39,0,0,1,significant other,0.0,0.0,1.0,0.0,0.0,1.0
52246.0,3,-2.99,1,1,0,0,0,african-american,39,2,0,0,single,0.0,0.0,0.0,0.0,0.0,0.0
52159.0,1,-3.23,1,1,0,1,0,caucasian,39,2,0,0,single,0.0,0.0,0.0,1.0,0.0,0.0
53175.0,5,-2.25,3,1,0,1,0,caucasian,39,9,0,0,significant other,0.0,0.0,1.0,1.0,0.0,0.0
15379.0,8,-1.55,6,1,1,1,0,african-american,39,13,0,0,single,0.0,0.0,0.0,0.0,0.0,0.0
52299.0,3,-2.48,3,0,0,0,1,african-american,39,3,0,0,significant other,0.0,0.0,1.0,0.0,0.0,0.0
57105.0,3,-2.48,3,0,0,0,0,caucasian,39,0,0,1,separated,0.0,1.0,0.0,1.0,0.0,0.0
54252.0,5,-2.99,1,0,0,0,0,african-american,39,9,0,0,single,0.0,0.0,0.0,0.0,0.0,0.0
61351.0,10,-0.96,9,1,0,1,0,african-american,39,8,2,0,single,0.0,0.0,0.0,0.0,0.0,0.0
53915.0,1,-2.61,2,1,0,0,0,african-american,39,1,0,0,significant other,0.0,0.0,1.0,0.0,0.0,0.0
56325.0,9,-1.95,5,0,0,0,0,african-american,39,4,0,0,single,0.0,0.0,0.0,0.0,0.0,0.0
57915.0,4,-2.59,2,0,0,0,0,african-american,39,4,0,0,single,0.0,0.0,0.0,0.0,0.0,0.0
61119.0,3,-2.22,4,0,0,0,0,caucasian,39,1,0,0,single,0.0,0.0,0.0,1.0,0.0,0.0
60158.0,1,-3.33,1,0,0,0,0,caucasian,39,0,0,1,single,0.0,0.0,0.0,1.0,0.0,0.0
58543.0,3,-2.56,2,1,0,1,0,african-american,39,3,0,0,single,0.0,0.0,0.0,0.0,0.0,0.0
52998.0,3,-3.05,1,0,0,0,0,caucasian,39,2,0,0,separated,0.0,1.0,0.0,1.0,0.0,0.0
57558.0,6,-1.98,4,0,0,0,0,caucasian,39,8,0,0,single,0.0,0.0,0.0,1.0,0.0,0.0
18072.0,4,-2.28,3,0,0,0,1,caucasian,39,1,0,0,single,0.0,0.0,0.0,1.0,0.0,0.0
59763.0,10,-0.61,10,0,0,0,0,caucasian,39,21,0,0,significant other,0.0,0.0,1.0,1.0,0.0,0.0
51616.0,1,-3.42,1,0,0,0,0,african-american,39,2,0,1,single,0.0,0.0,0.0,0.0,0.0,0.0
58727.0,3,-3.17,1,1,0,1,0,african-american,39,6,0,0,single,0.0,0.0,0.0,0.0,0.0,0.0
51623.0,1,-3.53,1,0,0,0,0,african-american,39,0,0,1,single,0.0,0.0,0.0,0.0,0.0,0.0
52772.0,2,-3.13,1,0,0,0,1,african-american,39,1,0,0,single,0.0,0.0,0.0,0.0,0.0,0.0
58823.0,5,-2.86,2,1,0,1,1,african-american,39,0,0,0,separated,0.0,1.0,0.0,0.0,0.0,0.0
57337.0,1,-3.56,1,0,0,0,0,african-american,39,0,0,0,single,0.0,0.0,0.0,0.0,0.0,0.0
62341.0,1,-3.37,1,0,0,0,0,hispanic,39,0,0,0,single,0.0,0.0,0.0,0.0,1.0,0.0
67356.0,3,-2.82,1,0,0,0,1,caucasian,39,3,0,0,single,0.0,0.0,0.0,1.0,0.0,0.0
50970.0,1,-3.41,1,0,0,0,1,other,39,0,0,0,single,0.0,0.0,0.0,0.0,0.0,1.0
54403.0,1,-3.1,1,0,0,0,0,caucasian,39,1,0,0,significant other,0.0,0.0,1.0,1.0,0.0,0.0
60951.0,2,-3.36,1,0,0,0,0,caucasian,39,0,0,0,single,0.0,0.0,0.0,1.0,0.0,0.0
56710.0,4,-3.3,1,0,0,0,0,caucasian,39,0,0,0,single,0.0,0.0,0.0,1.0,0.0,0.0
53435.0,8,-2.11,4,0,0,0,0,african-american,39,1,0,0,single,0.0,0.0,0.0,0.0,0.0,0.0
51644.0,3,-3.22,1,0,0,0,0,hispanic,39,2,0,1,single,0.0,0.0,0.0,0.0,1.0,0.0
61683.0,7,-2.82,2,1,0,1,1,african-american,39,1,0,0,significant other,0.0,0.0,1.0,0.0,0.0,0.0
55859.0,2,-3.3,1,1,0,1,0,caucasian,39,2,0,0,separated,0.0,1.0,0.0,1.0,0.0,0.0
53777.0,1,-3.45,1,0,0,0,1,african-american,39,1,0,0,significant other,0.0,0.0,1.0,0.0,0.0,0.0
57481.0,1,-3.18,1,0,0,0,0,other,39,1,0,1,single,0.0,0.0,0.0,0.0,0.0,1.0
60346.0,1,-3.49,1,0,0,0,0,caucasian,39,0,0,1,single,0.0,0.0,0.0,1.0,0.0,0.0
52774.0,4,-2.87,2,0,0,0,0,african-american,39,1,0,1,single,0.0,0.0,0.0,0.0,0.0,0.0
51076.0,2,-2.84,2,0,0,0,0,caucasian,39,0,0,1,single,0.0,0.0,0.0,1.0,0.0,0.0
52982.0,6,-3.05,1,1,0,1,1,african-american,39,22,0,0,single,0.0,0.0,0.0,0.0,0.0,0.0
52899.0,1,-3.41,1,0,0,0,0,other,39,0,0,0,single,0.0,0.0,0.0,0.0,0.0,1.0
57995.0,1,-3.52,1,0,0,0,0,caucasian,39,0,0,1,single,0.0,0.0,0.0,1.0,0.0,0.0
53190.0,1,-2.44,3,0,0,0,0,caucasian,39,8,0,0,single,0.0,0.0,0.0,1.0,0.0,0.0
56254.0,1,-3.48,1,0,0,0,0,caucasian,39,1,0,0,single,0.0,0.0,0.0,1.0,0.0,0.0
60383.0,1,-2.77,2,1,0,1,0,caucasian,39,3,1,1,single,0.0,0.0,0.0,1.0,0.0,0.0
52759.0,4,-2.91,2,1,0,0,0,african-american,39,3,0,1,single,0.0,0.0,0.0,0.0,0.0,0.0
57067.0,3,-3.1,1,0,0,0,0,caucasian,39,0,0,0,significant other,0.0,0.0,1.0,1.0,0.0,0.0
53718.0,1,-3.25,1,0,0,0,0,hispanic,39,0,0,0,other,1.0,0.0,0.0,0.0,1.0,0.0
54737.0,1,-3.24,1,0,0,0,0,caucasian,39,0,0,0,significant other,0.0,0.0,1.0,1.0,0.0,0.0
52864.0,3,-1.69,6,0,0,0,0,caucasian,39,3,0,0,single,0.0,0.0,0.0,1.0,0.0,0.0
51944.0,1,-3.3,1,1,1,1,0,caucasian,39,3,0,0,single,0.0,0.0,0.0,1.0,0.0,0.0
53224.0,2,-2.44,3,0,0,0,0,african-american,39,3,0,0,single,0.0,0.0,0.0,0.0,0.0,0.0
54879.0,4,-2.55,3,1,1,1,0,african-american,39,3,0,0,single,0.0,0.0,0.0,0.0,0.0,0.0
57807.0,4,-2.72,2,0,0,0,0,african-american,39,1,0,0,single,0.0,0.0,0.0,0.0,0.0,0.0
60892.0,5,-2.98,1,0,0,0,0,other,39,6,0,0,single,0.0,0.0,0.0,0.0,0.0,1.0
41432.0,4,-3.22,1,0,0,0,0,hispanic,39,3,0,0,single,0.0,0.0,0.0,0.0,1.0,0.0
55048.0,1,-3.39,1,0,0,0,1,other,39,0,0,0,separated,0.0,1.0,0.0,0.0,0.0,1.0
55407.0,5,-1.85,5,0,0,0,1,african-american,39,1,0,0,single,0.0,0.0,0.0,0.0,0.0,0.0
53293.0,2,-3.18,1,0,0,0,0,caucasian,39,3,0,0,separated,0.0,1.0,0.0,1.0,0.0,0.0
8925.0,8,-1.64,6,1,1,1,0,african-american,39,7,0,0,single,0.0,0.0,0.0,0.0,0.0,0.0
59502.0,3,-2.98,1,0,0,0,0,caucasian,39,2,0,1,single,0.0,0.0,0.0,1.0,0.0,0.0
51803.0,7,-2.16,4,1,0,1,0,african-american,39,6,1,1,single,0.0,0.0,0.0,0.0,0.0,0.0
58218.0,1,-3.34,1,1,0,1,0,caucasian,39,0,0,0,single,0.0,0.0,0.0,1.0,0.0,0.0
60755.0,1,-3.16,1,0,0,0,0,caucasian,39,1,0,0,separated,0.0,1.0,0.0,1.0,0.0,0.0
53998.0,8,-1.96,5,1,0,1,0,caucasian,39,10,0,0,single,0.0,0.0,0.0,1.0,0.0,0.0
59018.0,2,-2.92,2,0,0,0,0,caucasian,39,2,0,0,separated,0.0,1.0,0.0,1.0,0.0,0.0
60012.0,1,-3.52,1,1,1,1,0,hispanic,39,0,0,1,significant other,0.0,0.0,1.0,0.0,1.0,0.0
39369.0,9,-1.46,7,1,0,1,0,caucasian,39,16,0,0,separated,0.0,1.0,0.0,1.0,0.0,0.0
51596.0,6,-2.86,2,0,0,0,1,african-american,39,3,0,1,single,0.0,0.0,0.0,0.0,0.0,0.0
62122.0,3,-2.88,2,0,0,0,0,caucasian,39,0,0,0,single,0.0,0.0,0.0,1.0,0.0,0.0
60609.0,4,-2.16,4,0,0,0,1,caucasian,39,1,0,0,single,0.0,0.0,0.0,1.0,0.0,0.0
17682.0,2,-3.01,1,1,0,1,0,african-american,39,1,0,0,single,0.0,0.0,0.0,0.0,0.0,0.0
51164.0,3,-2.66,2,0,0,0,0,african-american,39,0,0,0,significant other,0.0,0.0,1.0,0.0,0.0,0.0
51168.0,2,-2.8,2,0,0,0,0,hispanic,39,1,0,1,significant other,0.0,0.0,1.0,0.0,1.0,0.0
54106.0,1,-3.22,1,0,0,0,0,caucasian,39,1,0,0,single,0.0,0.0,0.0,1.0,0.0,0.0
46058.0,1,-3.51,1,0,0,0,0,hispanic,39,3,0,1,significant other,0.0,0.0,1.0,0.0,1.0,0.0
32759.0,4,-2.87,2,0,0,0,0,african-american,39,8,0,0,single,0.0,0.0,0.0,0.0,0.0,0.0
49241.0,4,-2.18,3,1,1,1,1,hispanic,39,10,2,0,separated,0.0,1.0,0.0,0.0,1.0,0.0
53143.0,2,-3.22,1,0,0,0,1,african-american,39,7,1,0,single,0.0,0.0,0.0,0.0,0.0,0.0
10467.0,3,-2.71,2,0,0,0,0,caucasian,39,5,0,0,single,0.0,0.0,0.0,1.0,0.0,0.0
53903.0,1,-3.09,1,1,0,1,0,african-american,39,2,0,1,single,0.0,0.0,0.0,0.0,0.0,0.0
60157.0,1,-3.45,1,0,0,0,0,caucasian,39,0,0,0,single,0.0,0.0,0.0,1.0,0.0,0.0
56272.0,1,-3.45,1,0,0,0,1,african-american,39,1,0,0,significant other,0.0,0.0,1.0,0.0,0.0,0.0
54124.0,9,-1.36,7,1,0,1,0,african-american,39,19,5,0,single,0.0,0.0,0.0,0.0,0.0,0.0
51819.0,3,-2.19,4,0,0,0,0,african-american,39,0,0,1,single,0.0,0.0,0.0,0.0,0.0,0.0
54063.0,1,-3.48,1,0,0,0,0,caucasian,39,1,0,0,single,0.0,0.0,0.0,1.0,0.0,0.0
61631.0,4,-1.98,4,1,0,1,0,caucasian,39,0,0,0,single,0.0,0.0,0.0,1.0,0.0,0.0
63108.0,2,-2.9,1,1,1,1,0,other,39,1,0,0,single,0.0,0.0,0.0,0.0,0.0,1.0
54556.0,5,-3.0,1,1,0,1,1,caucasian,39,2,0,0,single,0.0,0.0,0.0,1.0,0.0,0.0
59898.0,4,-2.6,2,0,0,0,0,caucasian,39,2,0,1,single,0.0,0.0,0.0,1.0,0.0,0.0
57080.0,4,-3.08,1,0,0,0,1,caucasian,39,1,0,0,single,0.0,0.0,0.0,1.0,0.0,0.0
54713.0,1,-3.21,1,1,1,0,0,african-american,39,0,0,1,single,0.0,0.0,0.0,0.0,0.0,0.0
55298.0,1,-3.01,1,0,0,0,0,african-american,39,1,0,0,single,0.0,0.0,0.0,0.0,0.0,0.0
56730.0,1,-3.37,1,0,0,0,0,caucasian,39,0,0,1,single,0.0,0.0,0.0,1.0,0.0,0.0
59942.0,4,-2.93,2,0,0,0,0,other,39,1,0,0,single,0.0,0.0,0.0,0.0,0.0,1.0
58830.0,2,-3.28,1,0,0,0,1,caucasian,39,0,0,1,separated,0.0,1.0,0.0,1.0,0.0,0.0
56994.0,1,-3.41,1,1,1,1,1,caucasian,39,0,0,0,significant other,0.0,0.0,1.0,1.0,0.0,0.0
57335.0,6,-2.6,2,0,0,0,0,caucasian,39,6,0,0,single,0.0,0.0,0.0,1.0,0.0,0.0
58261.0,6,-1.42,7,1,1,1,0,african-american,38,6,0,0,single,0.0,0.0,0.0,0.0,0.0,0.0
29994.0,10,-1.11,8,0,0,0,0,caucasian,38,17,0,0,single,0.0,0.0,0.0,1.0,0.0,0.0
51030.0,7,-2.78,2,1,0,1,0,hispanic,38,7,2,0,significant other,0.0,0.0,1.0,0.0,1.0,0.0
1851.0,7,-2.27,3,0,0,0,0,african-american,38,14,0,0,single,0.0,0.0,0.0,0.0,0.0,0.0
50907.0,3,-2.44,3,1,0,1,0,caucasian,38,0,0,0,single,0.0,0.0,0.0,1.0,0.0,0.0
52298.0,6,-1.84,5,0,0,0,0,african-american,38,15,0,0,single,0.0,0.0,0.0,0.0,0.0,0.0
53049.0,5,-2.83,2,1,0,1,0,caucasian,38,5,0,1,single,0.0,0.0,0.0,1.0,0.0,0.0
52170.0,1,-3.29,1,1,0,1,0,other,38,0,0,0,single,0.0,0.0,0.0,0.0,0.0,1.0
51600.0,8,-1.71,6,0,0,0,0,african-american,38,0,0,0,single,0.0,0.0,0.0,0.0,0.0,0.0
57922.0,2,-2.57,2,1,0,0,0,caucasian,38,0,0,1,separated,0.0,1.0,0.0,1.0,0.0,0.0
58132.0,1,-3.25,1,0,0,0,0,hispanic,38,0,0,1,significant other,0.0,0.0,1.0,0.0,1.0,0.0
1476.0,2,-2.69,2,0,0,0,0,african-american,38,4,0,1,single,0.0,0.0,0.0,0.0,0.0,0.0
59693.0,3,-3.04,1,0,0,0,0,caucasian,38,3,0,1,other,1.0,0.0,0.0,1.0,0.0,0.0
53993.0,1,-3.56,1,0,0,0,0,caucasian,38,0,0,0,single,0.0,0.0,0.0,1.0,0.0,0.0
53120.0,1,-3.26,1,0,0,0,0,african-american,38,2,0,0,significant other,0.0,0.0,1.0,0.0,0.0,0.0
56874.0,1,-3.49,1,0,0,0,1,african-american,38,0,0,1,separated,0.0,1.0,0.0,0.0,0.0,0.0
56948.0,6,-1.2,8,0,0,0,0,african-american,38,9,0,0,single,0.0,0.0,0.0,0.0,0.0,0.0
58826.0,1,-3.49,1,0,0,0,1,caucasian,38,0,0,0,significant other,0.0,0.0,1.0,1.0,0.0,0.0
56821.0,1,-3.34,1,0,0,0,0,caucasian,38,0,0,1,single,0.0,0.0,0.0,1.0,0.0,0.0
54527.0,1,-3.52,1,0,0,0,1,other,38,0,0,1,significant other,0.0,0.0,1.0,0.0,0.0,1.0
51023.0,1,-3.35,1,0,0,0,0,hispanic,38,1,0,1,separated,0.0,1.0,0.0,0.0,1.0,0.0
51035.0,2,-3.18,1,1,0,1,0,african-american,38,3,0,0,single,0.0,0.0,0.0,0.0,0.0,0.0
55350.0,4,-2.33,3,0,0,0,0,african-american,38,6,1,0,single,0.0,0.0,0.0,0.0,0.0,0.0
55765.0,5,-2.8,2,1,0,1,1,caucasian,38,2,0,0,single,0.0,0.0,0.0,1.0,0.0,0.0
60092.0,1,-3.4,1,0,0,0,1,other,38,0,0,0,single,0.0,0.0,0.0,0.0,0.0,1.0
55259.0,9,-1.78,5,1,1,1,0,african-american,38,19,0,0,single,0.0,0.0,0.0,0.0,0.0,0.0
59306.0,4,-2.87,2,0,0,0,0,african-american,38,5,0,1,significant other,0.0,0.0,1.0,0.0,0.0,0.0
60769.0,3,-2.36,3,1,0,1,0,other,38,2,0,0,significant other,0.0,0.0,1.0,0.0,0.0,1.0
61039.0,3,-2.94,2,0,0,0,0,african-american,38,4,0,0,single,0.0,0.0,0.0,0.0,0.0,0.0
55096.0,1,-3.48,1,0,0,0,0,african-american,38,0,0,0,single,0.0,0.0,0.0,0.0,0.0,0.0
52195.0,4,-2.74,2,0,0,0,0,caucasian,38,0,0,0,single,0.0,0.0,0.0,1.0,0.0,0.0
51378.0,10,-0.78,9,1,0,1,1,african-american,38,7,0,0,single,0.0,0.0,0.0,0.0,0.0,0.0
11081.0,5,-1.66,6,0,0,0,0,african-american,38,3,0,0,single,0.0,0.0,0.0,0.0,0.0,0.0
59637.0,4,-1.93,5,0,0,0,0,hispanic,38,0,0,0,separated,0.0,1.0,0.0,0.0,1.0,0.0
53499.0,7,-2.31,3,1,1,1,0,african-american,38,2,0,0,single,0.0,0.0,0.0,0.0,0.0,0.0
62415.0,7,-2.59,2,1,1,1,0,african-american,38,37,5,1,significant other,0.0,0.0,1.0,0.0,0.0,0.0
56406.0,9,-0.68,9,1,1,1,0,african-american,38,22,5,1,single,0.0,0.0,0.0,0.0,0.0,0.0
52294.0,9,-2.41,3,0,0,0,0,african-american,38,15,0,0,separated,0.0,1.0,0.0,0.0,0.0,0.0
59452.0,1,-2.61,2,1,0,1,0,caucasian,38,5,0,0,significant other,0.0,0.0,1.0,1.0,0.0,0.0
50411.0,2,-2.75,2,0,0,0,0,african-american,38,1,0,1,significant other,0.0,0.0,1.0,0.0,0.0,0.0
18546.0,7,-1.51,6,0,0,0,0,african-american,38,8,1,1,single,0.0,0.0,0.0,0.0,0.0,0.0
50995.0,1,-3.43,1,0,0,0,0,caucasian,38,0,0,0,single,0.0,0.0,0.0,1.0,0.0,0.0
51984.0,4,-3.04,1,0,0,0,0,african-american,38,3,0,0,single,0.0,0.0,0.0,0.0,0.0,0.0
62202.0,4,-2.98,1,0,0,0,1,african-american,38,0,0,1,single,0.0,0.0,0.0,0.0,0.0,0.0
47525.0,9,-1.6,6,1,1,1,0,african-american,38,16,5,1,single,0.0,0.0,0.0,0.0,0.0,0.0
48654.0,1,-3.02,1,0,0,0,0,african-american,38,1,0,1,significant other,0.0,0.0,1.0,0.0,0.0,0.0
62295.0,1,-3.45,1,0,0,0,0,other,38,2,0,0,single,0.0,0.0,0.0,0.0,0.0,1.0
4204.0,3,-2.59,2,0,0,0,0,african-american,38,5,0,0,significant other,0.0,0.0,1.0,0.0,0.0,0.0
50952.0,2,-3.03,1,0,0,0,1,african-american,38,0,0,1,single,0.0,0.0,0.0,0.0,0.0,0.0
57696.0,1,-3.57,1,0,0,0,0,other,38,1,0,0,single,0.0,0.0,0.0,0.0,0.0,1.0
60529.0,1,-3.37,1,0,0,0,0,african-american,38,0,0,0,single,0.0,0.0,0.0,0.0,0.0,0.0
10495.0,1,-3.47,1,0,0,0,0,caucasian,38,8,0,0,single,0.0,0.0,0.0,1.0,0.0,0.0
51817.0,2,-2.7,2,1,0,1,0,caucasian,38,4,0,1,single,0.0,0.0,0.0,1.0,0.0,0.0
21295.0,7,-1.63,6,1,0,1,0,african-american,38,2,0,0,single,0.0,0.0,0.0,0.0,0.0,0.0
61034.0,1,-3.25,1,0,0,0,0,african-american,38,0,0,0,significant other,0.0,0.0,1.0,0.0,0.0,0.0
50922.0,6,-2.35,3,0,0,0,0,caucasian,38,1,0,1,single,0.0,0.0,0.0,1.0,0.0,0.0
58479.0,6,-2.19,4,0,0,0,0,african-american,38,8,6,1,significant other,0.0,0.0,1.0,0.0,0.0,0.0
53308.0,1,-2.97,1,0,0,0,1,caucasian,38,0,0,0,separated,0.0,1.0,0.0,1.0,0.0,0.0
52284.0,4,-2.47,3,1,0,1,0,african-american,38,2,0,1,single,0.0,0.0,0.0,0.0,0.0,0.0
54763.0,1,-3.38,1,0,0,0,0,hispanic,38,0,0,1,single,0.0,0.0,0.0,0.0,1.0,0.0
53968.0,1,-3.24,1,0,0,0,1,african-american,38,1,0,0,single,0.0,0.0,0.0,0.0,0.0,0.0
19588.0,2,-2.09,4,0,0,0,0,caucasian,38,8,0,0,single,0.0,0.0,0.0,1.0,0.0,0.0
53552.0,8,-1.21,8,1,0,1,0,african-american,38,0,0,1,single,0.0,0.0,0.0,0.0,0.0,0.0
60264.0,3,-2.85,2,0,0,0,0,caucasian,38,2,0,0,single,0.0,0.0,0.0,1.0,0.0,0.0
58241.0,3,-2.62,2,0,0,0,1,caucasian,38,2,0,1,single,0.0,0.0,0.0,1.0,0.0,0.0
61195.0,8,-2.12,4,0,0,0,0,african-american,38,14,5,0,single,0.0,0.0,0.0,0.0,0.0,0.0
53399.0,2,-3.18,1,0,0,0,0,african-american,38,0,0,1,single,0.0,0.0,0.0,0.0,0.0,0.0
60021.0,1,-3.49,1,0,0,0,1,caucasian,38,1,0,1,single,0.0,0.0,0.0,1.0,0.0,0.0
58621.0,1,-3.06,1,0,0,0,0,caucasian,38,0,0,0,single,0.0,0.0,0.0,1.0,0.0,0.0
51625.0,3,-3.22,1,1,1,1,0,caucasian,38,0,0,1,significant other,0.0,0.0,1.0,1.0,0.0,0.0
55332.0,1,-3.24,1,1,0,1,0,hispanic,38,3,0,0,significant other,0.0,0.0,1.0,0.0,1.0,0.0
59796.0,9,-1.67,6,1,0,1,0,caucasian,38,3,0,0,significant other,0.0,0.0,1.0,1.0,0.0,0.0
60104.0,1,-3.09,1,1,0,1,0,african-american,38,1,0,0,single,0.0,0.0,0.0,0.0,0.0,0.0
56982.0,2,-3.25,1,0,0,0,0,other,38,0,0,1,single,0.0,0.0,0.0,0.0,0.0,1.0
42273.0,6,-2.66,2,0,0,0,0,african-american,38,11,0,0,significant other,0.0,0.0,1.0,0.0,0.0,0.0
42681.0,2,-3.14,1,0,0,0,0,caucasian,38,2,0,1,single,0.0,0.0,0.0,1.0,0.0,0.0
56556.0,1,-3.36,1,1,0,1,0,caucasian,38,1,0,0,single,0.0,0.0,0.0,1.0,0.0,0.0
55112.0,5,-2.94,2,0,0,0,0,hispanic,38,1,0,1,significant other,0.0,0.0,1.0,0.0,1.0,0.0
57038.0,1,-3.26,1,0,0,0,0,caucasian,38,0,0,0,single,0.0,0.0,0.0,1.0,0.0,0.0
58073.0,2,-3.04,1,0,0,0,1,hispanic,38,0,0,0,single,0.0,0.0,0.0,0.0,1.0,0.0
56305.0,1,-3.48,1,0,0,0,0,hispanic,38,0,0,1,single,0.0,0.0,0.0,0.0,1.0,0.0
58669.0,1,-3.28,1,0,0,0,1,hispanic,38,0,0,0,separated,0.0,1.0,0.0,0.0,1.0,0.0
54157.0,1,-3.21,1,0,0,0,0,african-american,38,0,0,1,single,0.0,0.0,0.0,0.0,0.0,0.0
23473.0,4,-2.4,3,1,0,1,0,caucasian,38,5,0,1,significant other,0.0,0.0,1.0,1.0,0.0,0.0
53383.0,5,-3.42,1,0,0,0,0,african-american,38,0,0,0,separated,0.0,1.0,0.0,0.0,0.0,0.0
57300.0,1,-2.61,2,0,0,0,0,other,38,1,0,1,significant other,0.0,0.0,1.0,0.0,0.0,1.0
53905.0,1,-3.51,1,0,0,0,1,african-american,38,0,0,0,single,0.0,0.0,0.0,0.0,0.0,0.0
58004.0,4,-3.06,1,0,0,0,0,hispanic,38,3,0,0,single,0.0,0.0,0.0,0.0,1.0,0.0
1116.0,3,-2.42,3,1,0,1,0,caucasian,38,2,0,0,separated,0.0,1.0,0.0,1.0,0.0,0.0
53464.0,1,-3.43,1,0,0,0,0,hispanic,38,0,0,0,significant other,0.0,0.0,1.0,0.0,1.0,0.0
32047.0,4,-2.55,3,1,0,1,0,african-american,38,10,1,0,single,0.0,0.0,0.0,0.0,0.0,0.0
62199.0,4,-3.2,1,1,0,1,0,african-american,38,17,0,1,single,0.0,0.0,0.0,0.0,0.0,0.0
54471.0,5,-2.41,3,0,0,0,0,caucasian,38,12,0,0,single,0.0,0.0,0.0,1.0,0.0,0.0
56076.0,4,-2.83,2,1,0,1,0,caucasian,38,2,0,0,single,0.0,0.0,0.0,1.0,0.0,0.0
51901.0,6,-2.83,2,0,0,0,0,african-american,38,10,1,1,significant other,0.0,0.0,1.0,0.0,0.0,0.0
52044.0,6,-2.21,4,1,1,1,1,caucasian,38,1,0,1,significant other,0.0,0.0,1.0,1.0,0.0,0.0
54954.0,3,-2.44,3,0,0,0,0,other,38,1,0,0,single,0.0,0.0,0.0,0.0,0.0,1.0
15365.0,7,-1.38,7,0,0,0,0,african-american,38,5,0,1,single,0.0,0.0,0.0,0.0,0.0,0.0
53276.0,4,-2.53,3,0,0,0,0,african-american,38,0,0,0,significant other,0.0,0.0,1.0,0.0,0.0,0.0
53452.0,1,-3.25,1,1,0,0,0,african-american,38,4,0,1,significant other,0.0,0.0,1.0,0.0,0.0,0.0
56333.0,1,-2.67,2,0,0,0,0,caucasian,38,2,0,1,single,0.0,0.0,0.0,1.0,0.0,0.0
22310.0,7,-2.67,2,1,0,1,0,caucasian,38,5,0,0,single,0.0,0.0,0.0,1.0,0.0,0.0
58077.0,5,-2.33,3,1,0,1,0,caucasian,38,2,0,0,single,0.0,0.0,0.0,1.0,0.0,0.0
62007.0,1,-3.53,1,0,0,0,0,caucasian,38,0,0,1,single,0.0,0.0,0.0,1.0,0.0,0.0
57659.0,10,-1.2,7,1,0,1,0,other,38,25,1,1,single,0.0,0.0,0.0,0.0,0.0,1.0
54833.0,6,-2.22,4,1,0,1,1,caucasian,38,5,0,0,single,0.0,0.0,0.0,1.0,0.0,0.0
53391.0,6,-1.11,8,0,0,0,0,african-american,38,7,0,1,single,0.0,0.0,0.0,0.0,0.0,0.0
59588.0,1,-3.44,1,0,0,0,0,caucasian,38,2,0,0,separated,0.0,1.0,0.0,1.0,0.0,0.0
53728.0,9,-2.34,3,1,1,1,1,hispanic,38,20,0,0,significant other,0.0,0.0,1.0,0.0,1.0,0.0
53067.0,4,-3.2,1,1,1,1,0,caucasian,38,10,1,0,single,0.0,0.0,0.0,1.0,0.0,0.0
55078.0,3,-3.01,1,1,1,1,0,african-american,38,2,0,0,single,0.0,0.0,0.0,0.0,0.0,0.0
59643.0,4,-3.12,1,0,0,0,0,caucasian,38,5,0,0,single,0.0,0.0,0.0,1.0,0.0,0.0
52688.0,1,-3.27,1,0,0,0,1,caucasian,38,0,0,1,separated,0.0,1.0,0.0,1.0,0.0,0.0
57923.0,2,-3.24,1,0,0,0,0,hispanic,38,2,0,1,single,0.0,0.0,0.0,0.0,1.0,0.0
59362.0,1,-3.42,1,0,0,0,0,other,38,2,0,0,significant other,0.0,0.0,1.0,0.0,0.0,1.0
50902.0,1,-3.46,1,0,0,0,1,hispanic,38,0,0,0,separated,0.0,1.0,0.0,0.0,1.0,0.0
51165.0,2,-2.72,2,0,0,0,0,hispanic,38,0,0,0,significant other,0.0,0.0,1.0,0.0,1.0,0.0
60067.0,4,-2.66,2,0,0,0,1,caucasian,38,3,0,0,single,0.0,0.0,0.0,1.0,0.0,0.0
58797.0,4,-2.88,2,1,0,1,0,caucasian,38,11,0,0,single,0.0,0.0,0.0,1.0,0.0,0.0
60686.0,7,-1.82,5,1,0,0,0,african-american,38,15,0,0,single,0.0,0.0,0.0,0.0,0.0,0.0
57061.0,1,-3.41,1,0,0,0,0,caucasian,38,2,0,0,significant other,0.0,0.0,1.0,1.0,0.0,0.0
39879.0,9,-0.47,10,1,1,1,0,african-american,38,16,1,0,single,0.0,0.0,0.0,0.0,0.0,0.0
58877.0,3,-2.39,3,1,0,1,0,african-american,38,0,0,0,single,0.0,0.0,0.0,0.0,0.0,0.0
59887.0,1,-3.34,1,0,0,0,0,hispanic,38,1,0,0,significant other,0.0,0.0,1.0,0.0,1.0,0.0
52262.0,1,-3.46,1,0,0,0,0,other,38,0,0,1,single,0.0,0.0,0.0,0.0,0.0,1.0
54126.0,8,-1.35,7,0,0,0,0,african-american,37,0,0,0,single,0.0,0.0,0.0,0.0,0.0,0.0
58971.0,2,-3.33,1,0,0,0,0,caucasian,37,1,0,1,single,0.0,0.0,0.0,1.0,0.0,0.0
54149.0,2,-2.97,1,1,1,1,0,caucasian,37,0,0,0,single,0.0,0.0,0.0,1.0,0.0,0.0
40820.0,9,-1.41,7,0,0,0,0,african-american,37,2,0,0,single,0.0,0.0,0.0,0.0,0.0,0.0
55083.0,6,-2.01,4,0,0,0,0,caucasian,37,1,0,1,single,0.0,0.0,0.0,1.0,0.0,0.0
53866.0,2,-2.84,2,1,0,0,0,hispanic,37,4,1,0,significant other,0.0,0.0,1.0,0.0,1.0,0.0
24152.0,9,-2.2,4,1,0,1,0,african-american,37,23,0,0,single,0.0,0.0,0.0,0.0,0.0,0.0
60752.0,1,-3.52,1,0,0,0,0,other,37,0,0,1,single,0.0,0.0,0.0,0.0,0.0,1.0
61726.0,1,-3.27,1,0,0,0,0,caucasian,37,3,0,0,single,0.0,0.0,0.0,1.0,0.0,0.0
52382.0,1,-3.18,1,0,0,0,0,other,37,1,0,0,single,0.0,0.0,0.0,0.0,0.0,1.0
3656.0,6,-2.05,4,0,0,0,0,african-american,37,8,0,0,single,0.0,0.0,0.0,0.0,0.0,0.0
52256.0,6,-1.77,5,1,0,1,0,african-american,37,3,0,1,single,0.0,0.0,0.0,0.0,0.0,0.0
53432.0,3,-2.66,2,0,0,0,0,african-american,37,4,0,0,single,0.0,0.0,0.0,0.0,0.0,0.0
59861.0,7,-3.1,1,1,0,1,0,caucasian,37,1,0,0,significant other,0.0,0.0,1.0,1.0,0.0,0.0
6456.0,5,-2.53,3,1,0,1,0,african-american,37,5,0,1,significant other,0.0,0.0,1.0,0.0,0.0,0.0
58656.0,1,-3.35,1,1,1,0,0,other,37,0,0,1,significant other,0.0,0.0,1.0,0.0,0.0,1.0
56385.0,2,-3.08,1,0,0,0,0,caucasian,37,2,0,0,single,0.0,0.0,0.0,1.0,0.0,0.0
59495.0,1,-3.44,1,0,0,0,1,other,37,0,0,1,single,0.0,0.0,0.0,0.0,0.0,1.0
48640.0,9,-1.51,6,1,0,1,0,african-american,37,22,0,0,single,0.0,0.0,0.0,0.0,0.0,0.0
61502.0,5,-3.01,1,0,0,0,0,hispanic,37,1,0,0,other,1.0,0.0,0.0,0.0,1.0,0.0
58464.0,5,-2.33,3,1,0,1,0,hispanic,37,1,0,0,separated,0.0,1.0,0.0,0.0,1.0,0.0
53297.0,1,-3.42,1,0,0,0,1,african-american,37,0,0,1,single,0.0,0.0,0.0,0.0,0.0,0.0
60034.0,2,-3.35,1,0,0,0,1,other,37,2,0,1,significant other,0.0,0.0,1.0,0.0,0.0,1.0
51621.0,3,-2.89,2,0,0,0,0,african-american,37,3,0,1,significant other,0.0,0.0,1.0,0.0,0.0,0.0
51670.0,4,-2.45,3,1,1,1,0,caucasian,37,4,0,1,single,0.0,0.0,0.0,1.0,0.0,0.0
54235.0,2,-2.7,2,1,0,1,0,hispanic,37,6,0,0,separated,0.0,1.0,0.0,0.0,1.0,0.0
54069.0,1,-2.58,2,1,0,1,0,hispanic,37,3,0,0,significant other,0.0,0.0,1.0,0.0,1.0,0.0
52011.0,5,-2.25,3,1,1,1,0,hispanic,37,6,0,0,significant other,0.0,0.0,1.0,0.0,1.0,0.0
56500.0,2,-2.26,3,0,0,0,0,caucasian,37,2,0,1,single,0.0,0.0,0.0,1.0,0.0,0.0
53501.0,10,0.13,10,0,0,0,0,african-american,37,1,0,0,single,0.0,0.0,0.0,0.0,0.0,0.0
57036.0,1,-3.29,1,0,0,0,1,african-american,37,3,0,0,single,0.0,0.0,0.0,0.0,0.0,0.0
51842.0,1,-2.85,2,0,0,0,0,caucasian,37,0,0,1,single,0.0,0.0,0.0,1.0,0.0,0.0
57986.0,4,-2.18,4,0,0,0,0,african-american,37,1,0,0,significant other,0.0,0.0,1.0,0.0,0.0,0.0
61217.0,1,-3.28,1,0,0,0,1,african-american,37,0,0,1,separated,0.0,1.0,0.0,0.0,0.0,0.0
61475.0,1,-2.98,1,0,0,0,0,caucasian,37,0,0,0,single,0.0,0.0,0.0,1.0,0.0,0.0
54366.0,1,-3.34,1,1,0,1,1,other,37,0,0,1,significant other,0.0,0.0,1.0,0.0,0.0,1.0
55478.0,1,-3.34,1,0,0,0,1,african-american,37,0,0,0,significant other,0.0,0.0,1.0,0.0,0.0,0.0
53494.0,2,-3.06,1,1,0,0,0,caucasian,37,0,0,1,single,0.0,0.0,0.0,1.0,0.0,0.0
55749.0,1,-2.85,2,1,1,1,0,african-american,37,5,0,0,single,0.0,0.0,0.0,0.0,0.0,0.0
52805.0,7,-2.9,2,0,0,0,0,african-american,37,0,0,1,single,0.0,0.0,0.0,0.0,0.0,0.0
53468.0,1,-3.33,1,1,0,1,0,hispanic,37,3,0,1,single,0.0,0.0,0.0,0.0,1.0,0.0
26021.0,3,-2.0,4,1,0,1,0,caucasian,37,4,0,0,single,0.0,0.0,0.0,1.0,0.0,0.0
54155.0,10,-2.22,4,0,0,0,1,caucasian,37,6,0,0,single,0.0,0.0,0.0,1.0,0.0,0.0
52648.0,2,-2.94,2,0,0,0,0,african-american,37,0,0,1,single,0.0,0.0,0.0,0.0,0.0,0.0
52040.0,1,-3.06,1,0,0,0,0,caucasian,37,4,0,1,single,0.0,0.0,0.0,1.0,0.0,0.0
36402.0,9,-0.59,10,1,0,1,0,african-american,37,12,2,1,single,0.0,0.0,0.0,0.0,0.0,0.0
57195.0,1,-3.39,1,0,0,0,1,caucasian,37,1,0,0,single,0.0,0.0,0.0,1.0,0.0,0.0
58296.0,3,-3.16,1,0,0,0,0,other,37,11,2,0,single,0.0,0.0,0.0,0.0,0.0,1.0
54326.0,2,-3.28,1,1,0,0,0,african-american,37,3,0,1,significant other,0.0,0.0,1.0,0.0,0.0,0.0
50849.0,1,-3.14,1,0,0,0,1,caucasian,37,0,0,1,significant other,0.0,0.0,1.0,1.0,0.0,0.0
59360.0,1,-3.43,1,0,0,0,1,african-american,37,2,0,0,single,0.0,0.0,0.0,0.0,0.0,0.0
41192.0,6,-1.84,5,0,0,0,0,african-american,37,6,0,1,single,0.0,0.0,0.0,0.0,0.0,0.0
52228.0,1,-3.26,1,1,0,1,0,caucasian,37,2,0,1,single,0.0,0.0,0.0,1.0,0.0,0.0
58829.0,3,-3.39,1,0,0,0,1,caucasian,37,0,0,1,single,0.0,0.0,0.0,1.0,0.0,0.0
57740.0,1,-3.39,1,0,0,0,0,hispanic,37,1,0,1,significant other,0.0,0.0,1.0,0.0,1.0,0.0
57459.0,2,-2.99,1,1,0,1,0,caucasian,37,1,0,0,single,0.0,0.0,0.0,1.0,0.0,0.0
51169.0,5,-2.74,2,1,0,0,0,african-american,37,8,0,0,single,0.0,0.0,0.0,0.0,0.0,0.0
54920.0,3,-2.86,2,0,0,0,1,african-american,37,0,0,0,single,0.0,0.0,0.0,0.0,0.0,0.0
59540.0,4,-2.51,3,1,1,1,0,other,37,2,0,0,single,0.0,0.0,0.0,0.0,0.0,1.0
60139.0,4,-2.6,2,0,0,0,0,caucasian,37,3,0,0,single,0.0,0.0,0.0,1.0,0.0,0.0
60926.0,1,-3.39,1,1,1,1,0,hispanic,37,4,0,1,significant other,0.0,0.0,1.0,0.0,1.0,0.0
28758.0,2,-2.4,3,1,0,1,0,african-american,37,8,0,1,significant other,0.0,0.0,1.0,0.0,0.0,0.0
60335.0,5,-2.94,2,0,0,0,1,african-american,37,0,0,0,single,0.0,0.0,0.0,0.0,0.0,0.0
55637.0,6,-1.37,7,0,0,0,0,hispanic,37,9,0,0,significant other,0.0,0.0,1.0,0.0,1.0,0.0
57013.0,3,-2.94,2,0,0,0,0,african-american,37,2,0,0,single,0.0,0.0,0.0,0.0,0.0,0.0
57484.0,3,-3.24,1,0,0,0,0,african-american,37,0,0,1,single,0.0,0.0,0.0,0.0,0.0,0.0
60461.0,2,-2.74,2,0,0,0,0,african-american,37,2,0,1,single,0.0,0.0,0.0,0.0,0.0,0.0
59254.0,8,-1.59,6,1,0,1,0,african-american,37,23,14,0,single,0.0,0.0,0.0,0.0,0.0,0.0
59069.0,2,-3.3,1,0,0,0,0,african-american,37,3,0,0,separated,0.0,1.0,0.0,0.0,0.0,0.0
13595.0,5,-2.5,3,0,0,0,1,african-american,37,4,0,1,single,0.0,0.0,0.0,0.0,0.0,0.0
51544.0,4,-2.29,3,0,0,0,1,african-american,37,0,0,1,single,0.0,0.0,0.0,0.0,0.0,0.0
43957.0,5,-3.12,1,0,0,0,0,caucasian,37,5,0,1,single,0.0,0.0,0.0,1.0,0.0,0.0
58180.0,7,-2.33,3,0,0,0,0,african-american,37,7,0,0,single,0.0,0.0,0.0,0.0,0.0,0.0
29393.0,2,-2.87,2,0,0,0,0,african-american,37,3,0,1,single,0.0,0.0,0.0,0.0,0.0,0.0
55424.0,3,-2.55,3,0,0,0,1,hispanic,37,0,0,1,single,0.0,0.0,0.0,0.0,1.0,0.0
60576.0,4,-2.8,2,0,0,0,0,african-american,37,11,0,0,single,0.0,0.0,0.0,0.0,0.0,0.0
56797.0,4,-2.94,2,0,0,0,0,african-american,37,4,0,0,single,0.0,0.0,0.0,0.0,0.0,0.0
35934.0,8,-0.88,9,1,0,1,0,african-american,37,13,1,0,single,0.0,0.0,0.0,0.0,0.0,0.0
50653.0,1,-3.48,1,1,0,1,0,caucasian,37,2,0,0,significant other,0.0,0.0,1.0,1.0,0.0,0.0
58211.0,4,-2.45,3,0,0,0,0,hispanic,37,3,0,1,significant other,0.0,0.0,1.0,0.0,1.0,0.0
61449.0,1,-3.24,1,0,0,0,1,african-american,37,1,0,0,single,0.0,0.0,0.0,0.0,0.0,0.0
60371.0,7,-2.31,3,1,0,1,0,african-american,37,1,0,1,significant other,0.0,0.0,1.0,0.0,0.0,0.0
27663.0,5,-1.93,5,0,0,0,0,african-american,37,8,0,1,single,0.0,0.0,0.0,0.0,0.0,0.0
53731.0,8,-1.9,5,0,0,0,0,caucasian,37,3,0,0,significant other,0.0,0.0,1.0,1.0,0.0,0.0
56106.0,8,-2.3,3,0,0,0,0,african-american,37,14,0,0,single,0.0,0.0,0.0,0.0,0.0,0.0
32659.0,2,-3.41,1,0,0,0,0,african-american,37,8,0,0,single,0.0,0.0,0.0,0.0,0.0,0.0
56326.0,10,-1.23,8,1,0,1,0,african-american,37,26,1,0,single,0.0,0.0,0.0,0.0,0.0,0.0
60934.0,1,-2.93,2,0,0,0,0,caucasian,37,0,0,1,significant other,0.0,0.0,1.0,1.0,0.0,0.0
54470.0,1,-3.29,1,0,0,0,0,african-american,37,0,0,0,single,0.0,0.0,0.0,0.0,0.0,0.0
58546.0,9,-2.43,3,0,0,0,0,african-american,37,0,0,0,single,0.0,0.0,0.0,0.0,0.0,0.0
60913.0,3,-3.43,1,0,0,0,1,hispanic,37,1,0,0,separated,0.0,1.0,0.0,0.0,1.0,0.0
60933.0,1,-3.43,1,1,0,1,1,hispanic,37,0,0,1,significant other,0.0,0.0,1.0,0.0,1.0,0.0
52288.0,5,-2.37,3,0,0,0,0,caucasian,37,0,0,0,single,0.0,0.0,0.0,1.0,0.0,0.0
57673.0,1,-3.26,1,0,0,0,1,caucasian,37,0,0,0,significant other,0.0,0.0,1.0,1.0,0.0,0.0
42796.0,5,-2.76,2,1,1,1,0,caucasian,37,1,0,1,separated,0.0,1.0,0.0,1.0,0.0,0.0
51196.0,7,-1.71,6,0,0,0,0,african-american,37,2,0,0,significant other,0.0,0.0,1.0,0.0,0.0,0.0
52377.0,2,-3.16,1,0,0,0,0,hispanic,37,5,0,0,significant other,0.0,0.0,1.0,0.0,1.0,0.0
38149.0,9,-1.76,5,1,0,1,0,african-american,37,20,0,0,single,0.0,0.0,0.0,0.0,0.0,0.0
54711.0,9,-2.45,3,0,0,0,0,african-american,37,17,0,1,single,0.0,0.0,0.0,0.0,0.0,0.0
6953.0,2,-2.51,3,0,0,0,0,caucasian,37,1,0,1,separated,0.0,1.0,0.0,1.0,0.0,0.0
1074.0,8,-1.55,6,1,0,1,0,african-american,37,11,0,0,single,0.0,0.0,0.0,0.0,0.0,0.0
50685.0,1,-2.9,2,1,0,1,0,other,37,4,0,1,single,0.0,0.0,0.0,0.0,0.0,1.0
36486.0,9,-1.09,8,1,1,1,0,african-american,37,2,0,1,single,0.0,0.0,0.0,0.0,0.0,0.0
60136.0,1,-3.15,1,1,1,1,0,african-american,37,0,0,0,single,0.0,0.0,0.0,0.0,0.0,0.0
62243.0,3,-2.62,2,0,0,0,0,caucasian,37,0,0,0,single,0.0,0.0,0.0,1.0,0.0,0.0
7602.0,4,-2.14,4,1,0,1,0,caucasian,37,4,0,1,significant other,0.0,0.0,1.0,1.0,0.0,0.0
56145.0,1,-3.06,1,1,0,1,0,hispanic,37,2,0,0,significant other,0.0,0.0,1.0,0.0,1.0,0.0
60894.0,1,-3.18,1,1,1,1,0,caucasian,37,1,0,1,single,0.0,0.0,0.0,1.0,0.0,0.0
53666.0,2,-3.28,1,1,0,1,0,hispanic,37,1,0,0,separated,0.0,1.0,0.0,0.0,1.0,0.0
60160.0,3,-3.06,1,0,0,0,0,caucasian,37,0,0,1,single,0.0,0.0,0.0,1.0,0.0,0.0
37797.0,1,-2.99,1,1,0,1,0,african-american,37,3,0,0,separated,0.0,1.0,0.0,0.0,0.0,0.0
52346.0,6,-2.04,4,0,0,0,0,african-american,37,5,0,0,single,0.0,0.0,0.0,0.0,0.0,0.0
36886.0,2,-3.09,1,0,0,0,0,african-american,37,4,0,0,significant other,0.0,0.0,1.0,0.0,0.0,0.0
1502.0,3,-1.95,5,0,0,0,0,african-american,37,6,0,0,single,0.0,0.0,0.0,0.0,0.0,0.0
52047.0,2,-3.21,1,0,0,0,0,other,37,0,0,0,significant other,0.0,0.0,1.0,0.0,0.0,1.0
50887.0,6,-2.38,3,1,0,0,1,african-american,37,13,0,0,single,0.0,0.0,0.0,0.0,0.0,0.0
56329.0,4,-2.26,3,0,0,0,0,hispanic,37,4,0,1,single,0.0,0.0,0.0,0.0,1.0,0.0
59988.0,1,-2.84,2,0,0,0,0,other,37,6,0,1,significant other,0.0,0.0,1.0,0.0,0.0,1.0
55140.0,1,-3.18,1,1,0,0,0,hispanic,37,2,0,1,single,0.0,0.0,0.0,0.0,1.0,0.0
60904.0,1,-3.27,1,0,0,0,0,african-american,37,2,0,1,significant other,0.0,0.0,1.0,0.0,0.0,0.0
51934.0,5,-2.35,3,0,0,0,0,hispanic,37,9,0,0,single,0.0,0.0,0.0,0.0,1.0,0.0
55560.0,8,-2.68,2,1,0,1,0,caucasian,37,8,0,0,single,0.0,0.0,0.0,1.0,0.0,0.0
55476.0,3,-2.92,2,0,0,0,0,hispanic,37,1,0,0,single,0.0,0.0,0.0,0.0,1.0,0.0
51114.0,9,-1.15,8,1,0,1,0,african-american,37,12,0,0,single,0.0,0.0,0.0,0.0,0.0,0.0
61328.0,4,-2.13,4,1,1,1,0,african-american,37,4,0,1,single,0.0,0.0,0.0,0.0,0.0,0.0
54066.0,1,-3.46,1,0,0,0,0,caucasian,37,2,0,1,single,0.0,0.0,0.0,1.0,0.0,0.0
62230.0,1,-3.43,1,0,0,0,0,hispanic,37,0,0,1,other,1.0,0.0,0.0,0.0,1.0,0.0
47384.0,2,-3.17,1,1,0,1,1,caucasian,37,5,0,0,single,0.0,0.0,0.0,1.0,0.0,0.0
54137.0,1,-3.32,1,0,0,0,0,caucasian,37,3,0,1,single,0.0,0.0,0.0,1.0,0.0,0.0
61802.0,1,-3.4,1,0,0,0,1,caucasian,37,0,0,1,single,0.0,0.0,0.0,1.0,0.0,0.0
57256.0,6,-0.78,9,1,1,1,0,african-american,37,9,0,0,single,0.0,0.0,0.0,0.0,0.0,0.0
53337.0,1,-3.07,1,1,1,1,0,african-american,37,0,0,1,significant other,0.0,0.0,1.0,0.0,0.0,0.0
56507.0,6,-2.59,2,1,0,1,1,caucasian,37,7,0,0,single,0.0,0.0,0.0,1.0,0.0,0.0
53046.0,1,-3.3,1,0,0,0,0,other,37,2,0,0,single,0.0,0.0,0.0,0.0,0.0,1.0
51677.0,3,-2.89,2,0,0,0,1,caucasian,37,1,0,1,significant other,0.0,0.0,1.0,1.0,0.0,0.0
51350.0,4,-2.29,3,0,0,0,0,caucasian,37,0,0,0,single,0.0,0.0,0.0,1.0,0.0,0.0
61116.0,8,-2.23,4,1,0,1,1,african-american,37,23,0,1,significant other,0.0,0.0,1.0,0.0,0.0,0.0
61411.0,5,-2.76,2,0,0,0,0,hispanic,37,4,0,0,single,0.0,0.0,0.0,0.0,1.0,0.0
59220.0,1,-3.08,1,0,0,0,0,other,37,0,0,1,separated,0.0,1.0,0.0,0.0,0.0,1.0
58069.0,7,-2.76,2,1,0,1,0,african-american,37,10,0,0,single,0.0,0.0,0.0,0.0,0.0,0.0
61060.0,8,-2.63,2,1,0,1,0,caucasian,37,11,0,0,single,0.0,0.0,0.0,1.0,0.0,0.0
59312.0,3,-3.15,1,0,0,0,0,caucasian,37,5,0,0,single,0.0,0.0,0.0,1.0,0.0,0.0
51080.0,3,-3.04,1,1,0,1,0,african-american,37,1,0,0,single,0.0,0.0,0.0,0.0,0.0,0.0
58480.0,1,-3.16,1,1,0,1,0,caucasian,37,1,0,1,significant other,0.0,0.0,1.0,1.0,0.0,0.0
51407.0,8,-2.04,4,0,0,0,0,african-american,37,24,5,0,significant other,0.0,0.0,1.0,0.0,0.0,0.0
53992.0,3,-2.98,1,0,0,0,1,african-american,37,7,1,0,single,0.0,0.0,0.0,0.0,0.0,0.0
42102.0,4,-2.66,2,0,0,0,1,caucasian,37,4,0,1,separated,0.0,1.0,0.0,1.0,0.0,0.0
17027.0,3,-2.77,2,0,0,0,0,african-american,37,12,0,0,significant other,0.0,0.0,1.0,0.0,0.0,0.0
54346.0,1,-3.34,1,0,0,0,0,caucasian,37,0,0,1,single,0.0,0.0,0.0,1.0,0.0,0.0
62061.0,1,-3.27,1,0,0,0,0,hispanic,37,1,0,0,significant other,0.0,0.0,1.0,0.0,1.0,0.0
57076.0,6,-2.51,3,0,0,0,0,caucasian,37,0,0,0,separated,0.0,1.0,0.0,1.0,0.0,0.0
60081.0,7,-2.28,3,0,0,0,0,caucasian,37,13,7,0,single,0.0,0.0,0.0,1.0,0.0,0.0
55173.0,2,-3.26,1,0,0,0,0,caucasian,37,3,0,0,single,0.0,0.0,0.0,1.0,0.0,0.0
61152.0,3,-2.4,3,0,0,0,0,hispanic,37,2,1,1,single,0.0,0.0,0.0,0.0,1.0,0.0
52716.0,6,-2.31,3,0,0,0,0,caucasian,37,0,0,0,single,0.0,0.0,0.0,1.0,0.0,0.0
60004.0,1,-3.46,1,0,0,0,1,caucasian,37,0,0,1,significant other,0.0,0.0,1.0,1.0,0.0,0.0
54098.0,10,-0.93,9,0,0,0,0,african-american,37,12,3,1,single,0.0,0.0,0.0,0.0,0.0,0.0
51626.0,4,-2.99,1,0,0,0,0,caucasian,37,0,0,1,single,0.0,0.0,0.0,1.0,0.0,0.0
52258.0,1,-3.29,1,1,1,0,0,african-american,37,0,0,1,single,0.0,0.0,0.0,0.0,0.0,0.0
60334.0,5,-2.55,3,0,0,0,1,african-american,37,0,0,0,single,0.0,0.0,0.0,0.0,0.0,0.0
55038.0,7,-2.38,3,0,0,0,0,african-american,37,3,0,1,single,0.0,0.0,0.0,0.0,0.0,0.0
60271.0,7,-2.04,4,0,0,0,1,african-american,37,3,0,0,single,0.0,0.0,0.0,0.0,0.0,0.0
53336.0,9,-0.86,9,0,0,0,0,african-american,37,18,2,1,significant other,0.0,0.0,1.0,0.0,0.0,0.0
59357.0,2,-2.68,2,1,0,1,0,hispanic,37,8,0,0,single,0.0,0.0,0.0,0.0,1.0,0.0
56719.0,9,-2.19,4,1,0,1,0,caucasian,37,11,0,0,single,0.0,0.0,0.0,1.0,0.0,0.0
1279.0,4,-3.05,1,0,0,0,1,caucasian,36,3,1,0,single,0.0,0.0,0.0,1.0,0.0,0.0
55627.0,1,-3.38,1,1,1,1,0,caucasian,36,4,0,1,single,0.0,0.0,0.0,1.0,0.0,0.0
61219.0,2,-3.36,1,0,0,0,1,african-american,36,4,0,0,single,0.0,0.0,0.0,0.0,0.0,0.0
51101.0,8,-2.02,4,1,0,1,0,african-american,36,26,1,0,single,0.0,0.0,0.0,0.0,0.0,0.0
51761.0,7,-2.35,3,1,0,1,0,african-american,36,14,0,0,separated,0.0,1.0,0.0,0.0,0.0,0.0
60571.0,9,-2.29,3,1,0,1,1,caucasian,36,4,0,0,single,0.0,0.0,0.0,1.0,0.0,0.0
61703.0,7,-2.92,2,1,0,1,1,other,36,6,1,0,single,0.0,0.0,0.0,0.0,0.0,1.0
50963.0,1,-3.33,1,1,0,1,0,other,36,1,0,1,separated,0.0,1.0,0.0,0.0,0.0,1.0
52756.0,2,-2.07,4,1,0,1,0,african-american,36,1,0,0,significant other,0.0,0.0,1.0,0.0,0.0,0.0
53080.0,4,-2.67,2,0,0,0,0,other,36,0,0,0,single,0.0,0.0,0.0,0.0,0.0,1.0
61541.0,1,-3.17,1,1,0,1,1,caucasian,36,3,0,0,significant other,0.0,0.0,1.0,1.0,0.0,0.0
56552.0,1,-3.29,1,0,0,0,0,african-american,36,1,0,1,significant other,0.0,0.0,1.0,0.0,0.0,0.0
59907.0,3,-2.5,3,0,0,0,0,caucasian,36,0,0,1,significant other,0.0,0.0,1.0,1.0,0.0,0.0
52136.0,8,-2.74,2,0,0,0,0,african-american,36,9,0,1,single,0.0,0.0,0.0,0.0,0.0,0.0
57559.0,5,-2.84,2,0,0,0,0,african-american,36,4,1,1,single,0.0,0.0,0.0,0.0,0.0,0.0
53228.0,3,-2.74,2,1,0,1,0,caucasian,36,5,0,0,single,0.0,0.0,0.0,1.0,0.0,0.0
30274.0,4,-2.67,2,0,0,0,0,african-american,36,9,0,0,single,0.0,0.0,0.0,0.0,0.0,0.0
52059.0,1,-2.97,1,0,0,0,0,african-american,36,0,0,0,single,0.0,0.0,0.0,0.0,0.0,0.0
35674.0,4,-2.8,2,0,0,0,0,african-american,36,5,0,0,significant other,0.0,0.0,1.0,0.0,0.0,0.0
56075.0,1,-3.15,1,0,0,0,0,other,36,0,0,1,single,0.0,0.0,0.0,0.0,0.0,1.0
61050.0,2,-3.17,1,0,0,0,0,african-american,36,2,0,0,significant other,0.0,0.0,1.0,0.0,0.0,0.0
57196.0,4,-3.15,1,1,0,1,0,caucasian,36,1,0,0,significant other,0.0,0.0,1.0,1.0,0.0,0.0
53324.0,1,-3.29,1,0,0,0,0,caucasian,36,2,0,1,single,0.0,0.0,0.0,1.0,0.0,0.0
34102.0,7,-2.48,3,1,0,0,0,african-american,36,11,0,0,single,0.0,0.0,0.0,0.0,0.0,0.0
54313.0,1,-3.23,1,0,0,0,0,african-american,36,0,0,0,significant other,0.0,0.0,1.0,0.0,0.0,0.0
51502.0,5,-2.4,3,1,1,1,0,african-american,36,5,0,1,single,0.0,0.0,0.0,0.0,0.0,0.0
54524.0,7,-1.79,5,0,0,0,1,african-american,36,0,0,0,single,0.0,0.0,0.0,0.0,0.0,0.0
52432.0,3,-2.09,4,0,0,0,0,caucasian,36,0,0,0,single,0.0,0.0,0.0,1.0,0.0,0.0
62138.0,1,-3.21,1,0,0,0,1,african-american,36,0,0,1,significant other,0.0,0.0,1.0,0.0,0.0,0.0
57389.0,2,-3.03,1,0,0,0,0,hispanic,36,5,0,0,significant other,0.0,0.0,1.0,0.0,1.0,0.0
40942.0,5,-1.97,5,0,0,0,0,african-american,36,1,0,1,single,0.0,0.0,0.0,0.0,0.0,0.0
58321.0,6,-3.16,1,0,0,0,0,african-american,36,0,0,0,single,0.0,0.0,0.0,0.0,0.0,0.0
48793.0,5,-2.39,3,0,0,0,0,hispanic,36,1,0,1,single,0.0,0.0,0.0,0.0,1.0,0.0
8915.0,10,-0.88,9,1,0,1,0,african-american,36,14,3,0,single,0.0,0.0,0.0,0.0,0.0,0.0
54087.0,4,-2.76,2,0,0,0,0,caucasian,36,6,0,0,single,0.0,0.0,0.0,1.0,0.0,0.0
59691.0,2,-2.95,1,0,0,0,1,african-american,36,1,0,0,single,0.0,0.0,0.0,0.0,0.0,0.0
52443.0,2,-3.19,1,0,0,0,1,caucasian,36,0,0,0,separated,0.0,1.0,0.0,1.0,0.0,0.0
54529.0,6,-2.17,4,1,1,1,0,caucasian,36,11,0,1,single,0.0,0.0,0.0,1.0,0.0,0.0
52434.0,9,-2.16,4,0,0,0,0,hispanic,36,1,0,1,significant other,0.0,0.0,1.0,0.0,1.0,0.0
54728.0,5,-2.32,3,0,0,0,0,african-american,36,4,0,0,single,0.0,0.0,0.0,0.0,0.0,0.0
51285.0,8,-2.1,4,1,0,1,0,african-american,36,19,0,1,separated,0.0,1.0,0.0,0.0,0.0,0.0
33278.0,6,-2.73,2,0,0,0,1,african-american,36,0,0,1,significant other,0.0,0.0,1.0,0.0,0.0,0.0
56978.0,1,-3.17,1,0,0,0,0,caucasian,36,0,0,1,single,0.0,0.0,0.0,1.0,0.0,0.0
55547.0,3,-2.86,2,1,0,1,0,caucasian,36,4,0,0,single,0.0,0.0,0.0,1.0,0.0,0.0
52951.0,1,-3.21,1,0,0,0,0,african-american,36,0,0,0,single,0.0,0.0,0.0,0.0,0.0,0.0
58723.0,3,-3.1,1,0,0,0,0,caucasian,36,5,0,0,single,0.0,0.0,0.0,1.0,0.0,0.0
6594.0,10,-2.24,3,1,0,1,0,african-american,36,25,3,1,single,0.0,0.0,0.0,0.0,0.0,0.0
61536.0,6,-2.04,4,0,0,0,0,caucasian,36,4,0,1,single,0.0,0.0,0.0,1.0,0.0,0.0
59449.0,2,-3.15,1,0,0,0,0,caucasian,36,1,0,0,significant other,0.0,0.0,1.0,1.0,0.0,0.0
58867.0,3,-1.84,5,1,0,1,0,caucasian,36,0,0,0,single,0.0,0.0,0.0,1.0,0.0,0.0
53068.0,3,-3.11,1,0,0,0,1,caucasian,36,3,0,0,single,0.0,0.0,0.0,1.0,0.0,0.0
59818.0,5,-1.98,4,1,0,1,1,african-american,36,1,0,0,single,0.0,0.0,0.0,0.0,0.0,0.0
58088.0,7,-2.74,2,1,1,1,0,african-american,36,0,0,1,significant other,0.0,0.0,1.0,0.0,0.0,0.0
52996.0,4,-3.08,1,1,0,1,0,african-american,36,2,0,0,single,0.0,0.0,0.0,0.0,0.0,0.0
57645.0,7,-2.26,3,0,0,0,0,caucasian,36,6,0,0,single,0.0,0.0,0.0,1.0,0.0,0.0
54528.0,2,-2.98,1,0,0,0,1,african-american,36,1,0,1,single,0.0,0.0,0.0,0.0,0.0,0.0
53146.0,1,-3.0,1,1,0,0,0,caucasian,36,0,0,1,single,0.0,0.0,0.0,1.0,0.0,0.0
58320.0,9,-1.74,5,1,0,1,0,african-american,36,13,0,0,single,0.0,0.0,0.0,0.0,0.0,0.0
7942.0,5,-2.45,3,0,0,0,0,caucasian,36,2,0,0,single,0.0,0.0,0.0,1.0,0.0,0.0
52671.0,1,-3.21,1,0,0,0,0,caucasian,36,0,0,1,single,0.0,0.0,0.0,1.0,0.0,0.0
43821.0,3,-3.0,1,1,0,1,0,other,36,2,0,1,single,0.0,0.0,0.0,0.0,0.0,1.0
50989.0,4,-2.06,4,1,1,1,0,hispanic,36,1,0,0,significant other,0.0,0.0,1.0,0.0,1.0,0.0
54733.0,6,-2.49,3,1,0,1,0,african-american,36,7,0,0,single,0.0,0.0,0.0,0.0,0.0,0.0
62147.0,2,-2.99,1,0,0,0,0,caucasian,36,1,0,0,single,0.0,0.0,0.0,1.0,0.0,0.0
58917.0,1,-3.18,1,0,0,0,0,hispanic,36,0,0,1,single,0.0,0.0,0.0,0.0,1.0,0.0
53472.0,6,-2.17,4,1,0,1,0,african-american,36,11,0,0,single,0.0,0.0,0.0,0.0,0.0,0.0
62206.0,4,-2.95,1,0,0,0,0,african-american,36,6,0,1,single,0.0,0.0,0.0,0.0,0.0,0.0
52974.0,1,-2.73,2,1,0,1,0,african-american,36,2,0,0,single,0.0,0.0,0.0,0.0,0.0,0.0
55755.0,1,-2.74,2,0,0,0,0,caucasian,36,3,0,1,single,0.0,0.0,0.0,1.0,0.0,0.0
54224.0,7,-1.88,5,1,0,1,0,african-american,36,14,10,0,single,0.0,0.0,0.0,0.0,0.0,0.0
50940.0,5,-1.8,5,0,0,0,0,african-american,36,6,0,0,single,0.0,0.0,0.0,0.0,0.0,0.0
61425.0,5,-3.1,1,0,0,0,1,african-american,36,1,0,1,single,0.0,0.0,0.0,0.0,0.0,0.0
27034.0,6,-2.38,3,1,0,1,1,caucasian,36,4,0,1,single,0.0,0.0,0.0,1.0,0.0,0.0
56956.0,8,-2.0,4,1,0,1,0,african-american,36,1,0,0,single,0.0,0.0,0.0,0.0,0.0,0.0
61188.0,5,-2.88,2,0,0,0,0,african-american,36,0,0,0,single,0.0,0.0,0.0,0.0,0.0,0.0
52567.0,8,-2.73,2,0,0,0,0,african-american,36,0,0,0,single,0.0,0.0,0.0,0.0,0.0,0.0
51106.0,2,-3.05,1,1,0,1,0,african-american,36,3,0,0,single,0.0,0.0,0.0,0.0,0.0,0.0
50851.0,6,-2.2,4,1,1,1,1,african-american,36,5,0,0,single,0.0,0.0,0.0,0.0,0.0,0.0
57290.0,6,-1.89,5,0,0,0,0,african-american,36,0,0,1,single,0.0,0.0,0.0,0.0,0.0,0.0
46582.0,5,-1.78,5,0,0,0,0,african-american,36,7,2,1,single,0.0,0.0,0.0,0.0,0.0,0.0
53889.0,4,-2.35,3,0,0,0,0,african-american,36,0,0,0,single,0.0,0.0,0.0,0.0,0.0,0.0
60697.0,1,-3.36,1,1,0,1,1,hispanic,36,9,0,0,single,0.0,0.0,0.0,0.0,1.0,0.0
59112.0,1,-3.33,1,0,0,0,0,caucasian,36,0,0,0,significant other,0.0,0.0,1.0,1.0,0.0,0.0
59810.0,8,-1.42,7,1,0,1,0,african-american,36,16,3,0,single,0.0,0.0,0.0,0.0,0.0,0.0
60356.0,2,-2.86,2,0,0,0,1,african-american,36,1,0,1,significant other,0.0,0.0,1.0,0.0,0.0,0.0
51654.0,5,-2.2,4,1,1,1,0,caucasian,36,10,0,1,single,0.0,0.0,0.0,1.0,0.0,0.0
27056.0,9,-1.67,6,1,1,1,0,african-american,36,1,0,1,single,0.0,0.0,0.0,0.0,0.0,0.0
52866.0,5,-2.01,4,0,0,0,0,african-american,36,2,0,0,significant other,0.0,0.0,1.0,0.0,0.0,0.0
3600.0,3,-2.83,2,0,0,0,0,african-american,36,5,0,0,separated,0.0,1.0,0.0,0.0,0.0,0.0
55155.0,2,-2.88,2,0,0,0,0,african-american,36,2,0,1,single,0.0,0.0,0.0,0.0,0.0,0.0
51979.0,2,-2.53,3,1,1,0,0,caucasian,36,1,0,0,separated,0.0,1.0,0.0,1.0,0.0,0.0
52317.0,7,-2.55,3,0,0,0,0,caucasian,36,9,0,0,single,0.0,0.0,0.0,1.0,0.0,0.0
60152.0,2,-2.55,3,0,0,0,0,caucasian,36,1,0,1,single,0.0,0.0,0.0,1.0,0.0,0.0
27261.0,6,-2.8,2,1,0,1,1,caucasian,36,7,0,0,single,0.0,0.0,0.0,1.0,0.0,0.0
59329.0,8,-2.77,2,1,0,1,0,caucasian,36,4,0,0,single,0.0,0.0,0.0,1.0,0.0,0.0
55351.0,7,-1.67,6,0,0,0,0,hispanic,36,11,0,0,single,0.0,0.0,0.0,0.0,1.0,0.0
51668.0,1,-3.04,1,0,0,0,0,hispanic,36,0,0,0,single,0.0,0.0,0.0,0.0,1.0,0.0
53720.0,2,-3.04,1,0,0,0,1,hispanic,36,0,0,1,other,1.0,0.0,0.0,0.0,1.0,0.0
59527.0,1,-3.13,1,0,0,0,0,african-american,36,0,0,0,single,0.0,0.0,0.0,0.0,0.0,0.0
53567.0,7,-1.43,7,1,0,1,0,african-american,36,9,0,0,significant other,0.0,0.0,1.0,0.0,0.0,0.0
61162.0,6,-1.47,7,1,0,1,1,caucasian,36,3,0,0,single,0.0,0.0,0.0,1.0,0.0,0.0
52738.0,1,-3.24,1,0,0,0,0,other,36,0,0,0,single,0.0,0.0,0.0,0.0,0.0,1.0
60766.0,4,-2.82,2,0,0,0,0,african-american,36,4,0,0,single,0.0,0.0,0.0,0.0,0.0,0.0
7104.0,10,-1.81,5,1,0,1,0,african-american,36,10,0,0,single,0.0,0.0,0.0,0.0,0.0,0.0
58959.0,2,-2.28,3,0,0,0,0,african-american,36,4,0,1,significant other,0.0,0.0,1.0,0.0,0.0,0.0
50854.0,1,-3.15,1,0,0,0,0,caucasian,36,0,0,0,single,0.0,0.0,0.0,1.0,0.0,0.0
1680.0,1,-2.91,2,0,0,0,1,african-american,36,1,0,1,significant other,0.0,0.0,1.0,0.0,0.0,0.0
52682.0,3,-3.09,1,1,0,0,0,african-american,36,2,0,0,single,0.0,0.0,0.0,0.0,0.0,0.0
62163.0,2,-2.57,2,1,0,1,0,caucasian,36,1,0,0,single,0.0,0.0,0.0,1.0,0.0,0.0
60575.0,1,-3.29,1,0,0,0,0,other,36,0,0,1,significant other,0.0,0.0,1.0,0.0,0.0,1.0
53021.0,9,-2.27,3,0,0,0,0,african-american,36,1,0,1,single,0.0,0.0,0.0,0.0,0.0,0.0
2598.0,8,-1.97,5,0,0,0,0,african-american,36,4,0,1,single,0.0,0.0,0.0,0.0,0.0,0.0
24842.0,1,-2.9,2,0,0,0,0,caucasian,36,12,0,0,single,0.0,0.0,0.0,1.0,0.0,0.0
61887.0,7,-0.78,9,1,1,1,0,caucasian,36,8,0,0,separated,0.0,1.0,0.0,1.0,0.0,0.0
56593.0,4,-3.07,1,1,0,1,0,caucasian,36,14,0,0,single,0.0,0.0,0.0,1.0,0.0,0.0
57816.0,10,-1.1,8,0,0,0,0,african-american,36,5,2,0,single,0.0,0.0,0.0,0.0,0.0,0.0
55805.0,1,-2.95,1,0,0,0,0,caucasian,36,2,0,0,single,0.0,0.0,0.0,1.0,0.0,0.0
68547.0,8,-2.89,3,1,0,1,0,african-american,36,5,0,1,single,0.0,0.0,0.0,0.0,0.0,0.0
60086.0,3,-3.14,1,0,0,0,1,hispanic,36,1,0,1,single,0.0,0.0,0.0,0.0,1.0,0.0
55086.0,3,-3.14,1,1,0,1,0,african-american,36,0,0,1,significant other,0.0,0.0,1.0,0.0,0.0,0.0
52842.0,2,-3.0,1,0,0,0,1,african-american,36,1,0,1,single,0.0,0.0,0.0,0.0,0.0,0.0
51384.0,2,-2.74,2,0,0,0,0,other,36,8,0,1,single,0.0,0.0,0.0,0.0,0.0,1.0
61105.0,2,-3.09,1,0,0,0,0,african-american,36,0,0,1,single,0.0,0.0,0.0,0.0,0.0,0.0
51104.0,1,-3.35,1,0,0,0,0,other,36,1,0,0,single,0.0,0.0,0.0,0.0,0.0,1.0
50865.0,1,-3.23,1,0,0,0,1,african-american,36,1,0,1,single,0.0,0.0,0.0,0.0,0.0,0.0
58926.0,3,-2.39,3,0,0,0,1,caucasian,36,2,0,0,single,0.0,0.0,0.0,1.0,0.0,0.0
60332.0,2,-2.97,1,0,0,0,1,caucasian,36,0,0,1,single,0.0,0.0,0.0,1.0,0.0,0.0
58925.0,1,-3.25,1,0,0,0,0,other,36,0,0,0,significant other,0.0,0.0,1.0,0.0,0.0,1.0
54148.0,3,-2.91,2,0,0,0,0,hispanic,36,1,0,0,single,0.0,0.0,0.0,0.0,1.0,0.0
32144.0,5,-2.35,3,1,0,1,0,african-american,36,4,0,1,single,0.0,0.0,0.0,0.0,0.0,0.0
42346.0,6,-2.04,4,1,1,1,0,caucasian,36,9,0,0,single,0.0,0.0,0.0,1.0,0.0,0.0
67179.0,2,-2.95,1,1,0,1,0,african-american,36,7,0,0,single,0.0,0.0,0.0,0.0,0.0,0.0
61125.0,2,-3.04,1,0,0,0,0,hispanic,36,1,0,1,significant other,0.0,0.0,1.0,0.0,1.0,0.0
60231.0,5,-3.1,1,0,0,0,0,african-american,36,15,0,0,significant other,0.0,0.0,1.0,0.0,0.0,0.0
50944.0,10,-1.69,6,1,0,1,1,african-american,36,4,0,0,single,0.0,0.0,0.0,0.0,0.0,0.0
57289.0,5,-3.11,1,0,0,0,0,caucasian,36,1,0,0,significant other,0.0,0.0,1.0,1.0,0.0,0.0
52484.0,1,-3.15,1,0,0,0,0,caucasian,36,0,0,0,single,0.0,0.0,0.0,1.0,0.0,0.0
58503.0,5,-2.34,3,1,0,1,0,african-american,36,16,0,0,single,0.0,0.0,0.0,0.0,0.0,0.0
58722.0,4,-2.32,3,1,1,1,0,other,36,3,0,1,significant other,0.0,0.0,1.0,0.0,0.0,1.0
60510.0,2,-3.21,1,0,0,0,0,caucasian,36,1,0,0,single,0.0,0.0,0.0,1.0,0.0,0.0
61101.0,1,-3.33,1,0,0,0,1,caucasian,36,0,0,1,single,0.0,0.0,0.0,1.0,0.0,0.0
58538.0,2,-2.81,2,1,1,1,0,african-american,36,3,0,1,single,0.0,0.0,0.0,0.0,0.0,0.0
58120.0,1,-3.11,1,0,0,0,0,caucasian,36,2,0,1,single,0.0,0.0,0.0,1.0,0.0,0.0
51343.0,1,-3.31,1,0,0,0,0,caucasian,36,0,0,1,single,0.0,0.0,0.0,1.0,0.0,0.0
56176.0,3,-3.13,1,0,0,0,1,caucasian,35,2,0,1,significant other,0.0,0.0,1.0,1.0,0.0,0.0
4389.0,4,-2.26,3,0,0,0,0,african-american,35,7,0,0,separated,0.0,1.0,0.0,0.0,0.0,0.0
56443.0,6,-2.53,3,0,0,0,0,african-american,35,9,0,0,single,0.0,0.0,0.0,0.0,0.0,0.0
54826.0,5,-1.95,5,0,0,0,0,african-american,35,2,0,0,single,0.0,0.0,0.0,0.0,0.0,0.0
60542.0,4,-2.45,3,0,0,0,0,african-american,35,0,0,0,single,0.0,0.0,0.0,0.0,0.0,0.0
60105.0,6,-2.45,3,1,0,1,0,african-american,35,12,1,1,single,0.0,0.0,0.0,0.0,0.0,0.0
56108.0,2,-3.15,1,0,0,0,0,african-american,35,1,0,0,single,0.0,0.0,0.0,0.0,0.0,0.0
1013.0,6,-1.37,7,0,0,0,0,african-american,35,4,0,1,other,1.0,0.0,0.0,0.0,0.0,0.0
58886.0,1,-3.2,1,0,0,0,0,african-american,35,2,0,0,single,0.0,0.0,0.0,0.0,0.0,0.0
40031.0,1,-3.17,1,1,1,1,0,african-american,35,1,0,0,single,0.0,0.0,0.0,0.0,0.0,0.0
58852.0,5,-2.09,4,1,1,1,0,caucasian,35,6,0,0,single,0.0,0.0,0.0,1.0,0.0,0.0
54127.0,8,-1.33,7,0,0,0,1,african-american,35,9,2,0,single,0.0,0.0,0.0,0.0,0.0,0.0
25209.0,10,-1.64,6,0,0,0,0,african-american,35,27,0,0,single,0.0,0.0,0.0,0.0,0.0,0.0
58084.0,4,-2.65,2,0,0,0,1,african-american,35,0,0,1,single,0.0,0.0,0.0,0.0,0.0,0.0
46711.0,4,-2.9,2,0,0,0,1,caucasian,35,3,1,0,significant other,0.0,0.0,1.0,1.0,0.0,0.0
53195.0,6,-2.28,3,1,1,1,1,african-american,35,3,0,1,single,0.0,0.0,0.0,0.0,0.0,0.0
52052.0,3,-2.94,2,0,0,0,0,african-american,35,5,0,0,significant other,0.0,0.0,1.0,0.0,0.0,0.0
54516.0,4,-2.14,4,0,0,0,0,african-american,35,1,0,1,single,0.0,0.0,0.0,0.0,0.0,0.0
59938.0,2,-2.93,2,1,0,1,0,caucasian,35,4,0,0,significant other,0.0,0.0,1.0,1.0,0.0,0.0
50828.0,7,-2.05,4,0,0,0,0,african-american,35,2,0,1,single,0.0,0.0,0.0,0.0,0.0,0.0
58161.0,5,-3.07,1,1,0,1,0,caucasian,35,0,0,0,single,0.0,0.0,0.0,1.0,0.0,0.0
60545.0,2,-3.27,1,0,0,0,1,hispanic,35,0,0,1,significant other,0.0,0.0,1.0,0.0,1.0,0.0
52379.0,10,-1.85,5,0,0,0,0,african-american,35,13,3,0,single,0.0,0.0,0.0,0.0,0.0,0.0
58126.0,3,-2.37,3,0,0,0,0,african-american,35,6,0,0,single,0.0,0.0,0.0,0.0,0.0,0.0
58086.0,2,-3.16,1,0,0,0,0,hispanic,35,0,0,1,single,0.0,0.0,0.0,0.0,1.0,0.0
57081.0,8,-1.49,7,1,0,1,0,african-american,35,13,0,0,single,0.0,0.0,0.0,0.0,0.0,0.0
57621.0,5,-2.95,2,0,0,0,0,african-american,35,4,0,1,single,0.0,0.0,0.0,0.0,0.0,0.0
57562.0,4,-3.21,1,0,0,0,0,caucasian,35,3,2,0,single,0.0,0.0,0.0,1.0,0.0,0.0
51826.0,9,-2.18,4,0,0,0,0,african-american,35,12,21,0,single,0.0,0.0,0.0,0.0,0.0,0.0
60007.0,2,-2.94,2,0,0,0,0,african-american,35,3,0,1,significant other,0.0,0.0,1.0,0.0,0.0,0.0
50658.0,6,-2.89,2,0,0,0,0,african-american,35,7,0,0,single,0.0,0.0,0.0,0.0,0.0,0.0
60417.0,9,-1.96,5,0,0,0,0,caucasian,35,2,0,0,single,0.0,0.0,0.0,1.0,0.0,0.0
56517.0,3,-2.58,2,0,0,0,0,african-american,35,2,0,0,single,0.0,0.0,0.0,0.0,0.0,0.0
54959.0,8,-2.59,2,1,0,0,0,african-american,35,0,0,0,single,0.0,0.0,0.0,0.0,0.0,0.0
60577.0,1,-3.08,1,0,0,0,0,african-american,35,1,0,1,single,0.0,0.0,0.0,0.0,0.0,0.0
62069.0,8,-1.52,6,1,0,1,0,african-american,35,0,0,1,significant other,0.0,0.0,1.0,0.0,0.0,0.0
60530.0,4,-2.54,3,0,0,0,0,african-american,35,0,0,1,single,0.0,0.0,0.0,0.0,0.0,0.0
59447.0,7,-2.68,2,0,0,0,1,caucasian,35,4,0,1,single,0.0,0.0,0.0,1.0,0.0,0.0
54646.0,7,-1.81,5,1,1,0,0,hispanic,35,5,0,0,single,0.0,0.0,0.0,0.0,1.0,0.0
60981.0,10,-1.94,5,1,0,1,0,african-american,35,1,0,1,single,0.0,0.0,0.0,0.0,0.0,0.0
40176.0,2,-3.2,1,0,0,0,1,african-american,35,12,0,1,single,0.0,0.0,0.0,0.0,0.0,0.0
59056.0,1,-3.28,1,1,0,1,0,caucasian,35,0,0,1,single,0.0,0.0,0.0,1.0,0.0,0.0
54229.0,7,-2.71,2,0,0,0,0,african-american,35,0,0,0,single,0.0,0.0,0.0,0.0,0.0,0.0
60946.0,1,-2.87,2,0,0,0,0,caucasian,35,2,0,0,significant other,0.0,0.0,1.0,1.0,0.0,0.0
53433.0,2,-2.95,1,0,0,0,1,african-american,35,1,0,1,single,0.0,0.0,0.0,0.0,0.0,0.0
62117.0,2,-3.09,1,0,0,0,1,hispanic,35,0,0,0,single,0.0,0.0,0.0,0.0,1.0,0.0
35842.0,2,-2.33,3,1,1,1,0,caucasian,35,2,0,1,single,0.0,0.0,0.0,1.0,0.0,0.0
16099.0,9,-1.14,8,1,0,0,0,african-american,35,8,1,0,single,0.0,0.0,0.0,0.0,0.0,0.0
17692.0,7,-1.45,7,0,0,0,0,hispanic,35,5,0,0,single,0.0,0.0,0.0,0.0,1.0,0.0
56551.0,3,-2.6,2,0,0,0,0,hispanic,35,0,0,1,single,0.0,0.0,0.0,0.0,1.0,0.0
32728.0,6,-1.4,7,1,0,1,0,african-american,35,5,0,0,single,0.0,0.0,0.0,0.0,0.0,0.0
53554.0,6,-1.85,5,1,1,0,0,african-american,35,1,0,1,significant other,0.0,0.0,1.0,0.0,0.0,0.0
59247.0,6,-1.81,5,0,0,0,0,african-american,35,9,0,0,single,0.0,0.0,0.0,0.0,0.0,0.0
27789.0,2,-3.16,1,0,0,0,0,caucasian,35,1,1,0,single,0.0,0.0,0.0,1.0,0.0,0.0
61037.0,1,-3.13,1,0,0,0,0,african-american,35,2,0,0,single,0.0,0.0,0.0,0.0,0.0,0.0
54080.0,8,-2.34,3,1,0,1,0,african-american,35,4,0,0,single,0.0,0.0,0.0,0.0,0.0,0.0
54227.0,3,-2.94,2,1,0,0,0,caucasian,35,3,0,1,single,0.0,0.0,0.0,1.0,0.0,0.0
60103.0,5,-1.75,5,0,0,0,0,african-american,35,1,0,1,single,0.0,0.0,0.0,0.0,0.0,0.0
53673.0,3,-2.16,4,0,0,0,0,african-american,35,0,0,0,single,0.0,0.0,0.0,0.0,0.0,0.0
60879.0,2,-3.05,1,0,0,0,0,hispanic,35,0,0,1,separated,0.0,1.0,0.0,0.0,1.0,0.0
56540.0,1,-3.26,1,0,0,0,0,african-american,35,0,0,0,significant other,0.0,0.0,1.0,0.0,0.0,0.0
52190.0,2,-2.95,1,0,0,0,1,hispanic,35,0,0,1,significant other,0.0,0.0,1.0,0.0,1.0,0.0
47287.0,5,-2.42,3,0,0,0,0,other,35,2,0,0,single,0.0,0.0,0.0,0.0,0.0,1.0
52331.0,8,-1.52,6,1,0,1,0,african-american,35,16,0,0,single,0.0,0.0,0.0,0.0,0.0,0.0
47622.0,4,-2.91,2,0,0,0,0,african-american,35,1,0,1,separated,0.0,1.0,0.0,0.0,0.0,0.0
56992.0,2,-3.09,1,1,0,1,1,african-american,35,7,0,0,single,0.0,0.0,0.0,0.0,0.0,0.0
44767.0,10,-1.47,7,1,1,1,0,african-american,35,22,0,0,single,0.0,0.0,0.0,0.0,0.0,0.0
51050.0,2,-3.06,1,0,0,0,0,hispanic,35,5,0,1,single,0.0,0.0,0.0,0.0,1.0,0.0
53367.0,6,-1.64,6,1,1,1,0,hispanic,35,5,0,1,single,0.0,0.0,0.0,0.0,1.0,0.0
59943.0,2,-3.17,1,0,0,0,1,african-american,35,0,0,1,single,0.0,0.0,0.0,0.0,0.0,0.0
59701.0,7,-2.37,3,1,1,1,1,african-american,35,5,1,0,significant other,0.0,0.0,1.0,0.0,0.0,0.0
61872.0,1,-3.36,1,0,0,0,1,african-american,35,1,0,0,single,0.0,0.0,0.0,0.0,0.0,0.0
51368.0,7,-2.02,4,0,0,0,0,hispanic,35,0,0,0,single,0.0,0.0,0.0,0.0,1.0,0.0
57296.0,2,-2.88,2,0,0,0,0,african-american,35,2,0,1,single,0.0,0.0,0.0,0.0,0.0,0.0
1561.0,9,-1.68,6,0,0,0,0,african-american,35,1,0,1,single,0.0,0.0,0.0,0.0,0.0,0.0
58035.0,1,-3.15,1,0,0,0,1,other,35,0,0,1,significant other,0.0,0.0,1.0,0.0,0.0,1.0
61819.0,5,-2.16,4,1,0,1,0,caucasian,35,3,0,1,single,0.0,0.0,0.0,1.0,0.0,0.0
61934.0,1,-3.21,1,0,0,0,0,other,35,0,0,0,separated,0.0,1.0,0.0,0.0,0.0,1.0
58539.0,2,-3.0,1,1,1,1,1,african-american,35,6,0,0,single,0.0,0.0,0.0,0.0,0.0,0.0
13383.0,7,-2.21,4,0,0,0,0,hispanic,35,7,0,0,single,0.0,0.0,0.0,0.0,1.0,0.0
59955.0,8,-1.92,5,0,0,0,0,african-american,35,5,1,0,single,0.0,0.0,0.0,0.0,0.0,0.0
59522.0,7,-2.55,3,1,0,1,1,african-american,35,12,0,0,single,0.0,0.0,0.0,0.0,0.0,0.0
47519.0,8,-1.74,5,0,0,0,1,hispanic,35,10,0,0,single,0.0,0.0,0.0,0.0,1.0,0.0
36350.0,9,-1.63,6,0,0,0,0,hispanic,35,12,1,0,significant other,0.0,0.0,1.0,0.0,1.0,0.0
54244.0,6,-1.54,6,1,0,1,0,african-american,35,18,0,0,single,0.0,0.0,0.0,0.0,0.0,0.0
61641.0,1,-3.28,1,0,0,0,0,caucasian,35,0,0,1,single,0.0,0.0,0.0,1.0,0.0,0.0
51279.0,4,-2.29,3,0,0,0,0,african-american,35,1,0,0,single,0.0,0.0,0.0,0.0,0.0,0.0
61247.0,3,-2.69,2,0,0,0,0,caucasian,35,2,0,0,significant other,0.0,0.0,1.0,1.0,0.0,0.0
57276.0,6,-2.73,2,1,0,1,0,african-american,35,1,0,0,single,0.0,0.0,0.0,0.0,0.0,0.0
56952.0,2,-2.58,2,1,0,1,0,african-american,35,3,2,1,significant other,0.0,0.0,1.0,0.0,0.0,0.0
56990.0,4,-1.92,5,0,0,0,0,african-american,35,4,0,0,single,0.0,0.0,0.0,0.0,0.0,0.0
53240.0,3,-2.77,2,0,0,0,0,caucasian,35,5,0,0,separated,0.0,1.0,0.0,1.0,0.0,0.0
51393.0,4,-2.03,4,1,0,1,0,caucasian,35,3,0,1,single,0.0,0.0,0.0,1.0,0.0,0.0
45761.0,2,-2.69,2,1,1,1,0,hispanic,35,0,0,0,single,0.0,0.0,0.0,0.0,1.0,0.0
51900.0,6,-2.78,2,1,1,1,1,african-american,35,7,0,0,single,0.0,0.0,0.0,0.0,0.0,0.0
58761.0,7,-2.53,3,0,0,0,0,hispanic,35,13,0,0,single,0.0,0.0,0.0,0.0,1.0,0.0
52024.0,4,-2.46,3,1,1,1,0,african-american,35,5,0,0,single,0.0,0.0,0.0,0.0,0.0,0.0
57200.0,3,-2.2,4,0,0,0,1,caucasian,35,4,0,0,single,0.0,0.0,0.0,1.0,0.0,0.0
60657.0,10,-1.24,8,0,0,0,0,african-american,35,2,0,0,single,0.0,0.0,0.0,0.0,0.0,0.0
59705.0,4,-2.35,3,0,0,0,0,african-american,35,0,0,0,single,0.0,0.0,0.0,0.0,0.0,0.0
58615.0,1,-3.31,1,0,0,0,0,african-american,35,0,0,1,single,0.0,0.0,0.0,0.0,0.0,0.0
57851.0,4,-2.36,3,1,0,1,0,caucasian,35,7,0,0,single,0.0,0.0,0.0,1.0,0.0,0.0
58419.0,7,-2.28,3,1,0,1,0,african-american,35,0,0,0,single,0.0,0.0,0.0,0.0,0.0,0.0
61514.0,2,-3.29,1,0,0,0,0,african-american,35,1,0,1,single,0.0,0.0,0.0,0.0,0.0,0.0
60919.0,8,-1.47,7,1,1,1,0,african-american,35,4,0,0,single,0.0,0.0,0.0,0.0,0.0,0.0
57838.0,2,-2.43,3,0,0,0,0,caucasian,35,1,0,0,significant other,0.0,0.0,1.0,1.0,0.0,0.0
54907.0,8,-2.48,3,1,1,1,0,african-american,35,10,0,1,single,0.0,0.0,0.0,0.0,0.0,0.0
48948.0,6,-2.18,4,0,0,0,0,african-american,35,8,0,1,single,0.0,0.0,0.0,0.0,0.0,0.0
56713.0,5,-2.42,3,0,0,0,1,african-american,35,4,0,0,significant other,0.0,0.0,1.0,0.0,0.0,0.0
51153.0,1,-3.06,1,0,0,0,0,african-american,35,0,0,0,significant other,0.0,0.0,1.0,0.0,0.0,0.0
57647.0,6,-1.23,8,0,0,0,0,african-american,35,29,0,0,single,0.0,0.0,0.0,0.0,0.0,0.0
26144.0,3,-2.45,3,0,0,0,0,african-american,35,7,0,0,single,0.0,0.0,0.0,0.0,0.0,0.0
57024.0,5,-2.69,2,0,0,0,1,african-american,35,2,0,0,single,0.0,0.0,0.0,0.0,0.0,0.0
60405.0,9,-1.92,5,1,0,1,0,african-american,35,13,1,0,single,0.0,0.0,0.0,0.0,0.0,0.0
8364.0,2,-2.91,2,0,0,0,0,african-american,35,5,0,0,single,0.0,0.0,0.0,0.0,0.0,0.0
57260.0,4,-2.7,2,1,1,1,0,african-american,35,7,0,0,significant other,0.0,0.0,1.0,0.0,0.0,0.0
56241.0,2,-3.13,1,0,0,0,0,caucasian,35,4,0,0,single,0.0,0.0,0.0,1.0,0.0,0.0
54643.0,5,-1.61,6,0,0,0,0,african-american,35,4,0,1,single,0.0,0.0,0.0,0.0,0.0,0.0
51978.0,8,-1.43,7,1,1,1,0,african-american,35,0,0,1,single,0.0,0.0,0.0,0.0,0.0,0.0
55104.0,1,-3.31,1,0,0,0,0,caucasian,35,1,1,0,single,0.0,0.0,0.0,1.0,0.0,0.0
56826.0,3,-2.91,2,0,0,0,0,hispanic,35,0,1,0,significant other,0.0,0.0,1.0,0.0,1.0,0.0
52166.0,3,-2.87,2,1,0,1,1,african-american,35,0,0,0,single,0.0,0.0,0.0,0.0,0.0,0.0
50946.0,8,-1.39,7,1,0,1,0,african-american,35,12,0,0,single,0.0,0.0,0.0,0.0,0.0,0.0
1834.0,2,-2.48,3,0,0,0,0,caucasian,35,4,0,1,single,0.0,0.0,0.0,1.0,0.0,0.0
19657.0,2,-2.07,4,0,0,0,0,caucasian,35,4,0,1,single,0.0,0.0,0.0,1.0,0.0,0.0
61825.0,2,-2.69,2,0,0,0,0,african-american,35,1,0,1,single,0.0,0.0,0.0,0.0,0.0,0.0
59107.0,3,-2.41,3,0,0,0,1,african-american,35,5,0,0,single,0.0,0.0,0.0,0.0,0.0,0.0
59497.0,1,-2.85,2,0,0,0,0,caucasian,35,2,0,1,single,0.0,0.0,0.0,1.0,0.0,0.0
50858.0,4,-2.62,2,0,0,0,1,caucasian,35,1,0,1,single,0.0,0.0,0.0,1.0,0.0,0.0
21533.0,10,-0.59,10,1,1,1,0,african-american,35,3,0,0,single,0.0,0.0,0.0,0.0,0.0,0.0
52191.0,3,-3.04,1,0,0,0,0,african-american,35,0,0,0,single,0.0,0.0,0.0,0.0,0.0,0.0
53986.0,2,-3.03,1,0,0,0,1,african-american,35,2,0,0,single,0.0,0.0,0.0,0.0,0.0,0.0
57182.0,2,-3.15,1,0,0,0,0,caucasian,35,1,0,0,significant other,0.0,0.0,1.0,1.0,0.0,0.0
57027.0,8,-2.07,4,0,0,0,0,african-american,35,1,0,0,single,0.0,0.0,0.0,0.0,0.0,0.0
25709.0,7,-2.01,4,1,0,1,0,african-american,35,8,0,1,single,0.0,0.0,0.0,0.0,0.0,0.0
59281.0,2,-2.65,2,0,0,0,0,caucasian,35,0,0,0,significant other,0.0,0.0,1.0,1.0,0.0,0.0
59653.0,1,-3.23,1,0,0,0,0,hispanic,35,2,0,0,significant other,0.0,0.0,1.0,0.0,1.0,0.0
12222.0,5,-1.7,6,0,0,0,0,african-american,35,4,0,1,single,0.0,0.0,0.0,0.0,0.0,0.0
59718.0,2,-2.95,1,0,0,0,0,african-american,35,1,0,0,single,0.0,0.0,0.0,0.0,0.0,0.0
29843.0,7,-2.23,4,0,0,0,0,african-american,35,2,0,1,single,0.0,0.0,0.0,0.0,0.0,0.0
27710.0,8,-1.92,5,1,1,1,0,african-american,35,6,0,0,single,0.0,0.0,0.0,0.0,0.0,0.0
50982.0,3,-2.13,4,1,0,0,0,caucasian,35,2,0,1,significant other,0.0,0.0,1.0,1.0,0.0,0.0
57992.0,5,-2.67,2,0,0,0,1,caucasian,35,1,0,1,single,0.0,0.0,0.0,1.0,0.0,0.0
54831.0,6,-2.05,4,0,0,0,0,other,35,0,0,0,single,0.0,0.0,0.0,0.0,0.0,1.0
16872.0,4,-2.87,2,0,0,0,1,caucasian,35,2,0,0,single,0.0,0.0,0.0,1.0,0.0,0.0
62325.0,2,-2.99,1,1,0,1,0,caucasian,35,2,0,0,single,0.0,0.0,0.0,1.0,0.0,0.0
49671.0,6,-2.91,2,0,0,0,1,african-american,35,2,0,0,single,0.0,0.0,0.0,0.0,0.0,0.0
51402.0,1,-2.56,2,1,0,1,0,other,35,3,0,1,significant other,0.0,0.0,1.0,0.0,0.0,1.0
55889.0,1,-3.13,1,0,0,0,0,hispanic,35,2,0,0,single,0.0,0.0,0.0,0.0,1.0,0.0
55102.0,5,-1.82,5,0,0,0,0,caucasian,34,1,0,1,significant other,0.0,0.0,1.0,1.0,0.0,0.0
45111.0,6,-2.82,2,0,0,0,0,african-american,34,5,1,0,separated,0.0,1.0,0.0,0.0,0.0,0.0
53043.0,9,-1.99,4,1,1,1,0,african-american,34,10,1,0,single,0.0,0.0,0.0,0.0,0.0,0.0
59108.0,1,-3.23,1,0,0,0,1,african-american,34,1,0,0,single,0.0,0.0,0.0,0.0,0.0,0.0
58965.0,1,-3.35,1,0,0,0,1,other,34,1,0,0,separated,0.0,1.0,0.0,0.0,0.0,1.0
53493.0,1,-2.97,1,0,0,0,0,hispanic,34,0,0,1,single,0.0,0.0,0.0,0.0,1.0,0.0
53887.0,1,-3.05,1,0,0,0,0,caucasian,34,0,0,1,significant other,0.0,0.0,1.0,1.0,0.0,0.0
51939.0,4,-2.51,3,1,0,1,0,african-american,34,5,0,0,single,0.0,0.0,0.0,0.0,0.0,0.0
51113.0,9,-1.55,6,1,0,1,0,african-american,34,21,6,0,single,0.0,0.0,0.0,0.0,0.0,0.0
57019.0,6,-2.94,2,0,0,0,1,caucasian,34,1,0,0,single,0.0,0.0,0.0,1.0,0.0,0.0
54262.0,6,-1.99,4,0,0,0,0,caucasian,34,1,0,0,single,0.0,0.0,0.0,1.0,0.0,0.0
52810.0,3,-2.06,4,0,0,0,0,african-american,34,0,0,0,significant other,0.0,0.0,1.0,0.0,0.0,0.0
22722.0,6,-2.67,2,1,0,1,0,hispanic,34,5,0,0,single,0.0,0.0,0.0,0.0,1.0,0.0
53908.0,2,-3.03,1,0,0,0,0,caucasian,34,0,1,0,single,0.0,0.0,0.0,1.0,0.0,0.0
56580.0,2,-3.07,1,0,0,0,1,caucasian,34,0,0,1,single,0.0,0.0,0.0,1.0,0.0,0.0
53436.0,1,-3.29,1,1,0,1,0,caucasian,34,0,0,0,single,0.0,0.0,0.0,1.0,0.0,0.0
51117.0,5,-1.84,5,0,0,0,0,caucasian,34,4,0,0,separated,0.0,1.0,0.0,1.0,0.0,0.0
60150.0,4,-2.83,2,0,0,0,0,caucasian,34,0,0,1,single,0.0,0.0,0.0,1.0,0.0,0.0
60177.0,1,-3.18,1,1,0,1,0,african-american,34,0,0,1,other,1.0,0.0,0.0,0.0,0.0,0.0
57809.0,4,-2.38,3,0,0,0,0,caucasian,34,0,0,0,single,0.0,0.0,0.0,1.0,0.0,0.0
52902.0,1,-3.19,1,1,0,1,0,african-american,34,1,0,1,significant other,0.0,0.0,1.0,0.0,0.0,0.0
57244.0,3,-2.71,2,1,0,1,0,african-american,34,5,0,1,significant other,0.0,0.0,1.0,0.0,0.0,0.0
53470.0,5,-1.68,6,0,0,0,0,caucasian,34,4,0,0,single,0.0,0.0,0.0,1.0,0.0,0.0
51718.0,4,-2.59,2,1,0,1,0,african-american,34,5,0,0,single,0.0,0.0,0.0,0.0,0.0,0.0
59225.0,7,-2.4,3,1,0,1,1,other,34,4,0,0,single,0.0,0.0,0.0,0.0,0.0,1.0
56473.0,5,-2.13,4,0,0,0,0,caucasian,34,13,0,0,single,0.0,0.0,0.0,1.0,0.0,0.0
26441.0,4,-2.47,3,0,0,0,0,caucasian,34,11,0,0,single,0.0,0.0,0.0,1.0,0.0,0.0
52741.0,6,-2.54,3,0,0,0,0,african-american,34,1,0,0,single,0.0,0.0,0.0,0.0,0.0,0.0
58962.0,5,-1.8,5,1,0,1,1,african-american,34,5,0,0,single,0.0,0.0,0.0,0.0,0.0,0.0
56296.0,7,-2.43,3,0,0,0,0,caucasian,34,1,0,0,single,0.0,0.0,0.0,1.0,0.0,0.0
54168.0,4,-2.85,2,0,0,0,1,african-american,34,6,0,0,single,0.0,0.0,0.0,0.0,0.0,0.0
57445.0,2,-2.88,2,0,0,0,0,african-american,34,1,0,0,single,0.0,0.0,0.0,0.0,0.0,0.0
61193.0,2,-2.88,2,0,0,0,0,african-american,34,4,0,1,single,0.0,0.0,0.0,0.0,0.0,0.0
27054.0,8,-2.1,4,0,0,0,0,african-american,34,19,7,1,single,0.0,0.0,0.0,0.0,0.0,0.0
53460.0,1,-2.59,2,0,0,0,0,african-american,34,0,0,0,single,0.0,0.0,0.0,0.0,0.0,0.0
51568.0,6,-1.61,6,0,0,0,0,african-american,34,4,0,1,single,0.0,0.0,0.0,0.0,0.0,0.0
52554.0,2,-3.21,1,1,0,1,1,caucasian,34,0,1,0,single,0.0,0.0,0.0,1.0,0.0,0.0
59989.0,1,-3.13,1,0,0,0,0,other,34,2,0,1,single,0.0,0.0,0.0,0.0,0.0,1.0
58325.0,1,-3.23,1,0,0,0,0,caucasian,34,3,0,0,single,0.0,0.0,0.0,1.0,0.0,0.0
61605.0,9,-2.78,2,1,0,1,0,african-american,34,16,0,0,single,0.0,0.0,0.0,0.0,0.0,0.0
52097.0,1,-2.89,2,0,0,0,0,african-american,34,0,0,0,single,0.0,0.0,0.0,0.0,0.0,0.0
7663.0,6,-1.69,6,0,0,0,0,african-american,34,5,0,1,single,0.0,0.0,0.0,0.0,0.0,0.0
55377.0,7,-1.64,6,1,0,0,0,african-american,34,12,0,0,single,0.0,0.0,0.0,0.0,0.0,0.0
54165.0,8,-1.0,8,1,1,1,0,african-american,34,11,4,0,single,0.0,0.0,0.0,0.0,0.0,0.0
55799.0,7,-1.71,6,0,0,0,0,african-american,34,3,0,0,other,1.0,0.0,0.0,0.0,0.0,0.0
31989.0,9,-1.07,8,0,0,0,1,african-american,34,14,0,0,single,0.0,0.0,0.0,0.0,0.0,0.0
54075.0,1,-2.83,2,0,0,0,0,african-american,34,1,0,0,single,0.0,0.0,0.0,0.0,0.0,0.0
52370.0,7,-1.2,8,1,0,1,0,african-american,34,0,0,1,single,0.0,0.0,0.0,0.0,0.0,0.0
52480.0,3,-2.68,2,1,1,0,1,african-american,34,0,0,1,single,0.0,0.0,0.0,0.0,0.0,0.0
61155.0,7,-1.6,6,0,0,0,0,caucasian,34,15,1,0,single,0.0,0.0,0.0,1.0,0.0,0.0
62039.0,1,-2.79,2,0,0,0,0,african-american,34,0,0,0,single,0.0,0.0,0.0,0.0,0.0,0.0
54341.0,1,-3.04,1,0,0,0,0,african-american,34,3,0,1,single,0.0,0.0,0.0,0.0,0.0,0.0
44324.0,7,-2.55,3,1,0,0,0,african-american,34,8,0,1,significant other,0.0,0.0,1.0,0.0,0.0,0.0
33964.0,7,-1.7,6,1,1,1,0,african-american,34,19,0,0,significant other,0.0,0.0,1.0,0.0,0.0,0.0
54046.0,2,-3.01,1,1,1,1,0,african-american,34,4,0,0,single,0.0,0.0,0.0,0.0,0.0,0.0
55065.0,3,-2.74,2,1,0,1,1,caucasian,34,0,0,0,single,0.0,0.0,0.0,1.0,0.0,0.0
53450.0,1,-3.25,1,1,1,1,0,african-american,34,0,0,1,significant other,0.0,0.0,1.0,0.0,0.0,0.0
58541.0,4,-2.98,1,0,0,0,0,african-american,34,2,0,0,single,0.0,0.0,0.0,0.0,0.0,0.0
58884.0,4,-2.8,2,0,0,0,1,caucasian,34,4,0,1,significant other,0.0,0.0,1.0,1.0,0.0,0.0
7342.0,10,-0.57,10,1,1,1,0,african-american,34,21,1,1,significant other,0.0,0.0,1.0,0.0,0.0,0.0
49263.0,3,-3.05,1,1,0,1,0,african-american,34,6,0,0,separated,0.0,1.0,0.0,0.0,0.0,0.0
58122.0,2,-2.74,2,0,0,0,0,other,34,0,0,0,single,0.0,0.0,0.0,0.0,0.0,1.0
61268.0,4,-2.83,2,0,0,0,0,caucasian,34,2,0,0,single,0.0,0.0,0.0,1.0,0.0,0.0
61604.0,1,-3.26,1,1,1,1,1,african-american,34,0,0,1,separated,0.0,1.0,0.0,0.0,0.0,0.0
57691.0,7,-2.29,3,1,1,1,1,african-american,34,1,0,0,single,0.0,0.0,0.0,0.0,0.0,0.0
56898.0,5,-2.77,2,0,0,0,0,caucasian,34,1,0,0,single,0.0,0.0,0.0,1.0,0.0,0.0
56954.0,9,-2.37,3,1,0,1,0,african-american,34,6,0,0,single,0.0,0.0,0.0,0.0,0.0,0.0
61281.0,2,-2.57,2,0,0,0,0,other,34,3,0,1,single,0.0,0.0,0.0,0.0,0.0,1.0
52895.0,7,-2.65,2,1,0,1,0,african-american,34,22,0,0,single,0.0,0.0,0.0,0.0,0.0,0.0
56149.0,5,-2.69,2,0,0,0,1,caucasian,34,3,0,1,single,0.0,0.0,0.0,1.0,0.0,0.0
59053.0,9,-1.16,8,1,1,1,0,african-american,34,0,0,0,significant other,0.0,0.0,1.0,0.0,0.0,0.0
35022.0,1,-2.74,2,0,0,0,0,african-american,34,5,0,0,single,0.0,0.0,0.0,0.0,0.0,0.0
56825.0,5,-2.05,4,0,0,0,0,caucasian,34,1,0,0,single,0.0,0.0,0.0,1.0,0.0,0.0
7970.0,9,-1.37,7,1,0,1,0,african-american,34,27,0,0,single,0.0,0.0,0.0,0.0,0.0,0.0
58586.0,7,-2.13,4,0,0,0,0,caucasian,34,8,0,0,single,0.0,0.0,0.0,1.0,0.0,0.0
54367.0,3,-2.85,2,0,0,0,1,african-american,34,6,0,0,single,0.0,0.0,0.0,0.0,0.0,0.0
28290.0,2,-2.17,4,1,1,1,0,caucasian,34,5,0,1,separated,0.0,1.0,0.0,1.0,0.0,0.0
55276.0,3,-3.01,1,0,0,0,1,hispanic,34,1,0,1,significant other,0.0,0.0,1.0,0.0,1.0,0.0
57135.0,3,-2.97,1,0,0,0,1,caucasian,34,0,0,0,single,0.0,0.0,0.0,1.0,0.0,0.0
32013.0,2,-2.62,2,0,0,0,0,hispanic,34,3,0,1,single,0.0,0.0,0.0,0.0,1.0,0.0
61075.0,1,-3.22,1,0,0,0,0,caucasian,34,5,0,0,single,0.0,0.0,0.0,1.0,0.0,0.0
60702.0,1,-3.11,1,0,0,0,1,other,34,0,0,1,significant other,0.0,0.0,1.0,0.0,0.0,1.0
52809.0,4,-2.35,3,1,0,1,0,caucasian,34,3,0,1,single,0.0,0.0,0.0,1.0,0.0,0.0
13550.0,8,-2.2,4,1,0,1,0,african-american,34,11,1,0,single,0.0,0.0,0.0,0.0,0.0,0.0
53987.0,3,-2.51,3,1,0,0,1,african-american,34,5,0,0,single,0.0,0.0,0.0,0.0,0.0,0.0
59052.0,1,-2.92,2,0,0,0,0,caucasian,34,0,0,1,single,0.0,0.0,0.0,1.0,0.0,0.0
61461.0,5,-2.5,3,0,0,0,0,caucasian,34,1,0,1,significant other,0.0,0.0,1.0,1.0,0.0,0.0
53864.0,2,-2.28,3,0,0,0,0,hispanic,34,0,0,0,separated,0.0,1.0,0.0,0.0,1.0,0.0
51930.0,6,-2.79,2,1,0,1,1,caucasian,34,1,0,0,single,0.0,0.0,0.0,1.0,0.0,0.0
56775.0,1,-3.29,1,1,0,1,0,hispanic,34,1,0,0,significant other,0.0,0.0,1.0,0.0,1.0,0.0
61443.0,2,-2.7,2,1,0,1,0,other,34,0,0,0,single,0.0,0.0,0.0,0.0,0.0,1.0
54134.0,7,-1.52,6,1,0,1,0,caucasian,34,2,0,0,single,0.0,0.0,0.0,1.0,0.0,0.0
45796.0,7,-2.37,3,0,0,0,0,african-american,34,27,1,1,single,0.0,0.0,0.0,0.0,0.0,0.0
19434.0,8,-2.41,3,1,1,1,0,caucasian,34,13,0,0,single,0.0,0.0,0.0,1.0,0.0,0.0
7906.0,9,-0.98,9,1,0,1,0,hispanic,34,14,0,0,single,0.0,0.0,0.0,0.0,1.0,0.0
61272.0,2,-2.83,2,0,0,0,0,caucasian,34,0,0,1,significant other,0.0,0.0,1.0,1.0,0.0,0.0
55328.0,1,-3.29,1,0,0,0,0,african-american,34,1,0,0,significant other,0.0,0.0,1.0,0.0,0.0,0.0
57941.0,1,-2.93,2,0,0,0,0,african-american,34,1,0,0,single,0.0,0.0,0.0,0.0,0.0,0.0
19319.0,6,-1.09,8,1,0,1,0,hispanic,34,17,0,0,single,0.0,0.0,0.0,0.0,1.0,0.0
59377.0,4,-2.09,4,0,0,0,0,african-american,34,5,0,1,single,0.0,0.0,0.0,0.0,0.0,0.0
36967.0,3,-2.8,2,1,0,0,0,hispanic,34,2,0,1,significant other,0.0,0.0,1.0,0.0,1.0,0.0
51796.0,2,-2.68,2,1,0,0,0,caucasian,34,5,0,0,significant other,0.0,0.0,1.0,1.0,0.0,0.0
59908.0,1,-3.15,1,1,0,1,0,hispanic,34,4,0,0,single,0.0,0.0,0.0,0.0,1.0,0.0
60703.0,1,-3.23,1,0,0,0,1,african-american,34,0,0,0,single,0.0,0.0,0.0,0.0,0.0,0.0
54996.0,4,-2.89,2,0,0,0,1,hispanic,34,5,0,0,single,0.0,0.0,0.0,0.0,1.0,0.0
52651.0,2,-2.76,2,1,0,1,0,other,34,1,0,1,single,0.0,0.0,0.0,0.0,0.0,1.0
60351.0,10,-0.64,9,0,0,0,0,african-american,34,0,0,0,single,0.0,0.0,0.0,0.0,0.0,0.0
57540.0,2,-2.92,2,0,0,0,0,hispanic,34,1,0,0,significant other,0.0,0.0,1.0,0.0,1.0,0.0
56485.0,6,-2.24,3,1,0,1,0,african-american,34,4,0,0,single,0.0,0.0,0.0,0.0,0.0,0.0
34280.0,10,-1.34,7,0,0,0,0,african-american,34,8,3,0,single,0.0,0.0,0.0,0.0,0.0,0.0
4584.0,5,-2.28,3,1,0,1,0,african-american,34,7,0,0,single,0.0,0.0,0.0,0.0,0.0,0.0
51888.0,7,-1.8,5,0,0,0,0,african-american,34,10,0,0,single,0.0,0.0,0.0,0.0,0.0,0.0
58091.0,2,-3.08,1,0,0,0,0,african-american,34,2,0,0,single,0.0,0.0,0.0,0.0,0.0,0.0
53991.0,2,-2.76,2,0,0,0,0,african-american,34,4,0,1,single,0.0,0.0,0.0,0.0,0.0,0.0
19639.0,6,-1.67,6,1,0,1,0,caucasian,34,16,0,0,single,0.0,0.0,0.0,1.0,0.0,0.0
17876.0,10,-1.65,6,1,0,1,0,african-american,34,19,3,0,single,0.0,0.0,0.0,0.0,0.0,0.0
60614.0,3,-2.92,2,1,0,0,0,african-american,34,2,0,0,significant other,0.0,0.0,1.0,0.0,0.0,0.0
4698.0,9,-1.99,4,0,0,0,0,african-american,34,22,0,0,single,0.0,0.0,0.0,0.0,0.0,0.0
48511.0,2,-3.19,1,1,0,1,0,caucasian,34,3,0,0,single,0.0,0.0,0.0,1.0,0.0,0.0
60540.0,4,-2.11,4,0,0,0,0,caucasian,34,5,0,1,single,0.0,0.0,0.0,1.0,0.0,0.0
57079.0,1,-3.09,1,0,0,0,0,hispanic,34,1,0,1,significant other,0.0,0.0,1.0,0.0,1.0,0.0
58228.0,2,-3.13,1,1,0,1,0,caucasian,34,0,0,1,significant other,0.0,0.0,1.0,1.0,0.0,0.0
54965.0,3,-2.63,2,1,1,0,0,caucasian,34,0,0,0,single,0.0,0.0,0.0,1.0,0.0,0.0
54286.0,7,-1.31,7,0,0,0,0,african-american,34,15,0,0,single,0.0,0.0,0.0,0.0,0.0,0.0
60968.0,1,-3.21,1,0,0,0,0,caucasian,34,1,0,1,separated,0.0,1.0,0.0,1.0,0.0,0.0
51933.0,1,-3.16,1,1,1,1,0,african-american,34,3,1,0,single,0.0,0.0,0.0,0.0,0.0,0.0
55651.0,1,-2.65,2,0,0,0,1,caucasian,34,1,0,1,single,0.0,0.0,0.0,1.0,0.0,0.0
61736.0,3,-2.58,2,0,0,0,0,african-american,34,2,0,1,single,0.0,0.0,0.0,0.0,0.0,0.0
51601.0,3,-3.07,1,1,1,1,0,african-american,34,0,0,0,single,0.0,0.0,0.0,0.0,0.0,0.0
56103.0,10,-1.88,5,1,0,1,0,african-american,34,9,0,0,single,0.0,0.0,0.0,0.0,0.0,0.0
52031.0,9,-1.42,7,0,0,0,0,african-american,34,3,0,1,single,0.0,0.0,0.0,0.0,0.0,0.0
51892.0,2,-3.07,1,1,1,0,1,other,34,0,0,0,single,0.0,0.0,0.0,0.0,0.0,1.0
59305.0,1,-2.97,1,0,0,0,0,african-american,34,0,0,0,single,0.0,0.0,0.0,0.0,0.0,0.0
51466.0,8,-0.77,9,1,1,1,0,african-american,34,6,0,0,single,0.0,0.0,0.0,0.0,0.0,0.0
51588.0,3,-2.93,2,0,0,0,1,caucasian,34,2,0,0,single,0.0,0.0,0.0,1.0,0.0,0.0
58533.0,1,-3.17,1,1,0,1,0,caucasian,34,0,0,1,single,0.0,0.0,0.0,1.0,0.0,0.0
16861.0,6,-2.62,2,1,0,1,0,african-american,34,12,0,0,significant other,0.0,0.0,1.0,0.0,0.0,0.0
52229.0,5,-1.9,5,0,0,0,0,caucasian,34,0,0,0,single,0.0,0.0,0.0,1.0,0.0,0.0
57578.0,6,-1.85,5,1,0,1,0,caucasian,34,5,1,0,single,0.0,0.0,0.0,1.0,0.0,0.0
51649.0,1,-2.95,1,0,0,0,0,caucasian,34,0,0,0,single,0.0,0.0,0.0,1.0,0.0,0.0
59905.0,7,-2.26,3,1,0,1,1,caucasian,34,0,0,1,single,0.0,0.0,0.0,1.0,0.0,0.0
53783.0,2,-3.03,1,0,0,0,0,caucasian,34,1,0,0,single,0.0,0.0,0.0,1.0,0.0,0.0
54121.0,6,-2.63,2,1,0,1,0,african-american,34,7,0,0,single,0.0,0.0,0.0,0.0,0.0,0.0
43553.0,10,-0.9,9,1,1,1,0,african-american,34,9,2,1,significant other,0.0,0.0,1.0,0.0,0.0,0.0
59991.0,5,-1.96,5,0,0,0,0,caucasian,34,3,1,1,single,0.0,0.0,0.0,1.0,0.0,0.0
56104.0,1,-2.73,2,0,0,0,0,african-american,34,3,0,0,single,0.0,0.0,0.0,0.0,0.0,0.0
59698.0,2,-3.04,1,0,0,0,0,other,34,0,0,1,significant other,0.0,0.0,1.0,0.0,0.0,1.0
55428.0,2,-2.87,2,0,0,0,0,african-american,34,1,0,1,single,0.0,0.0,0.0,0.0,0.0,0.0
43541.0,9,-1.39,7,0,0,0,1,african-american,34,1,0,1,single,0.0,0.0,0.0,0.0,0.0,0.0
60862.0,2,-2.98,1,1,0,0,0,african-american,34,2,0,1,single,0.0,0.0,0.0,0.0,0.0,0.0
5512.0,6,-1.96,7,0,0,0,0,african-american,34,1,0,1,single,0.0,0.0,0.0,0.0,0.0,0.0
12389.0,1,-3.17,1,0,0,0,0,african-american,34,3,0,0,significant other,0.0,0.0,1.0,0.0,0.0,0.0
61755.0,2,-2.93,2,0,0,0,0,african-american,34,1,0,1,single,0.0,0.0,0.0,0.0,0.0,0.0
11298.0,8,-1.4,7,0,0,0,0,african-american,34,9,1,0,single,0.0,0.0,0.0,0.0,0.0,0.0
52271.0,1,-3.23,1,0,0,0,1,african-american,34,1,0,1,significant other,0.0,0.0,1.0,0.0,0.0,0.0
61038.0,7,-1.96,5,0,0,0,0,african-american,34,12,0,0,single,0.0,0.0,0.0,0.0,0.0,0.0
53829.0,2,-3.04,1,0,0,0,0,caucasian,34,0,0,0,single,0.0,0.0,0.0,1.0,0.0,0.0
54750.0,1,-3.1,1,0,0,0,0,caucasian,34,0,0,1,significant other,0.0,0.0,1.0,1.0,0.0,0.0
51290.0,7,-2.59,2,0,0,0,0,african-american,34,5,3,1,single,0.0,0.0,0.0,0.0,0.0,0.0
51054.0,5,-2.41,3,0,0,0,0,african-american,34,1,0,0,single,0.0,0.0,0.0,0.0,0.0,0.0
5745.0,9,-1.56,6,1,0,1,0,african-american,34,16,0,0,single,0.0,0.0,0.0,0.0,0.0,0.0
51913.0,2,-3.02,1,0,0,0,1,african-american,34,1,0,1,separated,0.0,1.0,0.0,0.0,0.0,0.0
65204.0,2,-3.15,1,1,0,1,1,african-american,34,5,0,0,single,0.0,0.0,0.0,0.0,0.0,0.0
52491.0,7,-2.71,2,0,0,0,0,african-american,34,1,0,0,significant other,0.0,0.0,1.0,0.0,0.0,0.0
31208.0,2,-2.89,2,0,0,0,0,caucasian,34,2,0,1,single,0.0,0.0,0.0,1.0,0.0,0.0
56243.0,1,-3.04,1,0,0,0,0,hispanic,34,0,0,1,separated,0.0,1.0,0.0,0.0,1.0,0.0
56094.0,2,-3.03,1,0,0,0,0,other,34,0,0,0,single,0.0,0.0,0.0,0.0,0.0,1.0
61257.0,4,-2.13,4,0,0,0,0,african-american,33,3,0,0,single,0.0,0.0,0.0,0.0,0.0,0.0
62232.0,1,-3.21,1,0,0,0,0,caucasian,33,0,0,1,single,0.0,0.0,0.0,1.0,0.0,0.0
52579.0,2,-2.94,2,0,0,0,1,african-american,33,1,0,0,single,0.0,0.0,0.0,0.0,0.0,0.0
56230.0,5,-2.18,4,0,0,0,0,african-american,33,0,0,0,single,0.0,0.0,0.0,0.0,0.0,0.0
59282.0,1,-3.21,1,1,0,1,1,caucasian,33,0,0,1,single,0.0,0.0,0.0,1.0,0.0,0.0
52862.0,1,-2.99,1,1,0,1,0,caucasian,33,0,0,0,single,0.0,0.0,0.0,1.0,0.0,0.0
54926.0,1,-3.24,1,1,0,1,0,other,33,2,0,0,significant other,0.0,0.0,1.0,0.0,0.0,1.0
58972.0,8,-1.9,5,0,0,0,0,african-american,33,14,0,0,single,0.0,0.0,0.0,0.0,0.0,0.0
58254.0,4,-2.58,2,0,0,0,1,hispanic,33,2,0,1,single,0.0,0.0,0.0,0.0,1.0,0.0
57560.0,1,-3.08,1,0,0,0,1,african-american,33,1,0,0,significant other,0.0,0.0,1.0,0.0,0.0,0.0
53833.0,1,-3.19,1,0,0,0,0,caucasian,33,0,0,0,single,0.0,0.0,0.0,1.0,0.0,0.0
26135.0,8,-1.88,5,1,0,1,0,african-american,33,28,14,0,separated,0.0,1.0,0.0,0.0,0.0,0.0
59169.0,2,-3.18,1,0,0,0,1,other,33,0,0,0,single,0.0,0.0,0.0,0.0,0.0,1.0
57022.0,9,-1.67,6,0,0,0,1,african-american,33,0,0,1,single,0.0,0.0,0.0,0.0,0.0,0.0
19348.0,7,-0.93,9,1,1,1,0,african-american,33,7,0,0,single,0.0,0.0,0.0,0.0,0.0,0.0
58162.0,6,-2.53,3,1,0,1,1,caucasian,33,1,0,1,single,0.0,0.0,0.0,1.0,0.0,0.0
59045.0,5,-2.63,2,1,0,1,0,african-american,33,5,0,0,significant other,0.0,0.0,1.0,0.0,0.0,0.0
56336.0,3,-2.97,1,0,0,0,0,caucasian,33,2,0,0,single,0.0,0.0,0.0,1.0,0.0,0.0
59606.0,2,-3.14,1,0,0,0,0,caucasian,33,0,0,0,single,0.0,0.0,0.0,1.0,0.0,0.0
50917.0,7,-1.29,7,0,0,0,0,african-american,33,2,0,0,single,0.0,0.0,0.0,0.0,0.0,0.0
60535.0,8,-2.07,4,1,1,1,0,african-american,33,14,0,0,significant other,0.0,0.0,1.0,0.0,0.0,0.0
8739.0,6,-1.66,6,1,0,1,0,caucasian,33,5,0,0,single,0.0,0.0,0.0,1.0,0.0,0.0
52020.0,3,-2.91,2,0,0,0,1,caucasian,33,2,0,0,single,0.0,0.0,0.0,1.0,0.0,0.0
41698.0,8,-1.31,7,1,0,1,0,caucasian,33,3,0,0,single,0.0,0.0,0.0,1.0,0.0,0.0
59839.0,3,-2.79,2,0,0,0,1,african-american,33,0,0,0,single,0.0,0.0,0.0,0.0,0.0,0.0
57695.0,1,-3.28,1,0,0,0,1,caucasian,33,0,0,0,single,0.0,0.0,0.0,1.0,0.0,0.0
34031.0,2,-3.1,1,0,0,0,0,african-american,33,3,0,0,significant other,0.0,0.0,1.0,0.0,0.0,0.0
60528.0,8,-1.58,6,1,0,1,0,african-american,33,0,0,1,single,0.0,0.0,0.0,0.0,0.0,0.0
54406.0,1,-2.73,2,0,0,0,1,african-american,33,1,0,1,single,0.0,0.0,0.0,0.0,0.0,0.0
32776.0,3,-2.92,2,1,0,1,0,caucasian,33,2,0,1,single,0.0,0.0,0.0,1.0,0.0,0.0
59899.0,3,-3.04,1,0,0,0,0,caucasian,33,3,0,1,significant other,0.0,0.0,1.0,1.0,0.0,0.0
18271.0,10,-1.44,7,1,0,1,0,african-american,33,19,0,0,single,0.0,0.0,0.0,0.0,0.0,0.0
14321.0,4,-2.69,2,0,0,0,0,caucasian,33,10,0,1,single,0.0,0.0,0.0,1.0,0.0,0.0
51335.0,1,-3.23,1,1,0,1,0,caucasian,33,0,0,1,single,0.0,0.0,0.0,1.0,0.0,0.0
52174.0,6,-2.29,3,1,0,1,1,caucasian,33,0,0,1,single,0.0,0.0,0.0,1.0,0.0,0.0
62213.0,2,-2.11,4,1,0,1,0,african-american,33,4,0,0,single,0.0,0.0,0.0,0.0,0.0,0.0
55874.0,5,-2.64,2,0,0,0,1,african-american,33,1,0,0,single,0.0,0.0,0.0,0.0,0.0,0.0
53036.0,2,-2.96,1,1,0,1,0,african-american,33,3,0,1,single,0.0,0.0,0.0,0.0,0.0,0.0
55133.0,2,-2.99,1,0,0,0,0,hispanic,33,0,0,1,single,0.0,0.0,0.0,0.0,1.0,0.0
60693.0,2,-2.21,4,0,0,0,0,hispanic,33,1,0,1,significant other,0.0,0.0,1.0,0.0,1.0,0.0
57713.0,3,-2.63,2,1,0,1,0,caucasian,33,0,0,1,single,0.0,0.0,0.0,1.0,0.0,0.0
56081.0,9,-2.3,3,1,0,1,0,caucasian,33,0,0,0,single,0.0,0.0,0.0,1.0,0.0,0.0
54825.0,2,-2.79,2,0,0,0,0,caucasian,33,1,0,0,significant other,0.0,0.0,1.0,1.0,0.0,0.0
60969.0,9,-1.64,6,1,0,1,0,african-american,33,10,0,0,significant other,0.0,0.0,1.0,0.0,0.0,0.0
61763.0,3,-2.84,2,1,0,1,1,african-american,33,2,0,0,single,0.0,0.0,0.0,0.0,0.0,0.0
56349.0,2,-2.91,2,0,0,0,1,caucasian,33,1,0,1,significant other,0.0,0.0,1.0,1.0,0.0,0.0
54379.0,3,-2.89,2,1,0,0,0,other,33,5,0,0,single,0.0,0.0,0.0,0.0,0.0,1.0
8814.0,9,-1.97,5,1,0,1,0,caucasian,33,9,0,0,single,0.0,0.0,0.0,1.0,0.0,0.0
59820.0,3,-2.45,3,0,0,0,0,caucasian,33,0,0,0,significant other,0.0,0.0,1.0,1.0,0.0,0.0
57271.0,7,-2.59,2,0,0,0,0,other,33,3,0,0,single,0.0,0.0,0.0,0.0,0.0,1.0
27923.0,3,-2.32,3,0,0,0,0,caucasian,33,3,0,1,single,0.0,0.0,0.0,1.0,0.0,0.0
51717.0,6,-1.93,5,1,0,0,0,african-american,33,8,0,0,single,0.0,0.0,0.0,0.0,0.0,0.0
51444.0,3,-2.65,2,0,0,0,1,caucasian,33,1,0,1,single,0.0,0.0,0.0,1.0,0.0,0.0
24330.0,6,-2.85,2,0,0,0,0,african-american,33,4,0,0,single,0.0,0.0,0.0,0.0,0.0,0.0
53103.0,2,-2.56,2,0,0,0,0,caucasian,33,2,0,1,single,0.0,0.0,0.0,1.0,0.0,0.0
28532.0,5,-2.65,2,1,1,1,0,african-american,33,8,0,1,single,0.0,0.0,0.0,0.0,0.0,0.0
55827.0,5,-2.54,3,0,0,0,0,caucasian,33,3,0,0,single,0.0,0.0,0.0,1.0,0.0,0.0
59321.0,1,-3.12,1,0,0,0,0,caucasian,33,0,0,1,separated,0.0,1.0,0.0,1.0,0.0,0.0
59304.0,1,-3.04,1,0,0,0,0,hispanic,33,0,0,1,significant other,0.0,0.0,1.0,0.0,1.0,0.0
36015.0,4,-2.34,3,0,0,0,0,hispanic,33,1,0,0,single,0.0,0.0,0.0,0.0,1.0,0.0
54653.0,10,-1.34,7,1,0,1,0,african-american,33,8,2,0,single,0.0,0.0,0.0,0.0,0.0,0.0
26857.0,5,-2.75,2,1,0,1,1,caucasian,33,2,0,0,single,0.0,0.0,0.0,1.0,0.0,0.0
54623.0,9,-1.75,5,1,0,1,0,african-american,33,2,0,0,single,0.0,0.0,0.0,0.0,0.0,0.0
61629.0,1,-3.08,1,0,0,0,0,other,33,0,0,1,significant other,0.0,0.0,1.0,0.0,0.0,1.0
59641.0,1,-3.12,1,0,0,0,0,african-american,33,0,0,0,single,0.0,0.0,0.0,0.0,0.0,0.0
52861.0,2,-2.55,3,0,0,0,0,other,33,0,0,1,separated,0.0,1.0,0.0,0.0,0.0,1.0
58840.0,6,-2.83,2,0,0,0,1,caucasian,33,7,0,1,single,0.0,0.0,0.0,1.0,0.0,0.0
54552.0,1,-2.95,1,0,0,0,0,african-american,33,0,0,0,single,0.0,0.0,0.0,0.0,0.0,0.0
62205.0,3,-3.01,1,0,0,0,0,african-american,33,4,0,1,significant other,0.0,0.0,1.0,0.0,0.0,0.0
52900.0,1,-2.7,2,0,0,0,0,other,33,0,0,1,single,0.0,0.0,0.0,0.0,0.0,1.0
7109.0,7,-2.42,3,1,0,1,0,african-american,33,16,0,1,single,0.0,0.0,0.0,0.0,0.0,0.0
29332.0,9,-1.23,8,0,0,0,0,caucasian,33,14,1,0,single,0.0,0.0,0.0,1.0,0.0,0.0
60885.0,1,-2.82,2,1,0,1,0,african-american,33,1,0,1,single,0.0,0.0,0.0,0.0,0.0,0.0
57436.0,7,-0.72,9,1,1,1,0,other,33,9,1,1,single,0.0,0.0,0.0,0.0,0.0,1.0
58726.0,4,-2.2,4,0,0,0,0,african-american,33,2,0,1,single,0.0,0.0,0.0,0.0,0.0,0.0
52292.0,7,-1.47,7,0,0,0,0,african-american,33,0,0,1,single,0.0,0.0,0.0,0.0,0.0,0.0
1810.0,3,-2.36,3,0,0,0,0,caucasian,33,4,0,1,single,0.0,0.0,0.0,1.0,0.0,0.0
51605.0,3,-2.29,3,1,1,1,0,african-american,33,6,1,1,single,0.0,0.0,0.0,0.0,0.0,0.0
51098.0,6,-2.79,2,1,0,1,0,african-american,33,3,0,0,single,0.0,0.0,0.0,0.0,0.0,0.0
57880.0,4,-2.81,2,0,0,0,0,african-american,33,5,0,0,single,0.0,0.0,0.0,0.0,0.0,0.0
58297.0,1,-3.19,1,0,0,0,0,hispanic,33,1,0,1,significant other,0.0,0.0,1.0,0.0,1.0,0.0
56714.0,4,-2.39,3,1,0,1,0,african-american,33,1,0,0,single,0.0,0.0,0.0,0.0,0.0,0.0
57231.0,7,-1.92,5,0,0,0,1,caucasian,33,1,0,0,significant other,0.0,0.0,1.0,1.0,0.0,0.0
56151.0,3,-2.86,2,0,0,0,1,african-american,33,0,0,0,single,0.0,0.0,0.0,0.0,0.0,0.0
60962.0,1,-3.08,1,0,0,0,0,african-american,33,0,0,0,single,0.0,0.0,0.0,0.0,0.0,0.0
36713.0,9,-1.24,8,1,0,1,0,african-american,33,23,0,0,single,0.0,0.0,0.0,0.0,0.0,0.0
37617.0,6,-2.04,4,1,0,1,0,african-american,33,3,0,0,single,0.0,0.0,0.0,0.0,0.0,0.0
65916.0,2,-2.81,2,0,0,0,1,african-american,33,0,0,0,single,0.0,0.0,0.0,0.0,0.0,0.0
61286.0,1,-3.28,1,0,0,0,1,caucasian,33,0,0,1,separated,0.0,1.0,0.0,1.0,0.0,0.0
59274.0,6,-2.06,4,1,0,1,0,african-american,33,3,0,1,single,0.0,0.0,0.0,0.0,0.0,0.0
62118.0,1,-3.12,1,0,0,0,1,african-american,33,0,0,1,single,0.0,0.0,0.0,0.0,0.0,0.0
60665.0,3,-2.93,2,1,0,1,0,other,33,4,0,0,single,0.0,0.0,0.0,0.0,0.0,1.0
55374.0,4,-2.68,2,1,0,1,1,hispanic,33,2,0,0,single,0.0,0.0,0.0,0.0,1.0,0.0
53446.0,2,-2.84,2,0,0,0,0,caucasian,33,2,0,1,single,0.0,0.0,0.0,1.0,0.0,0.0
48648.0,6,-2.75,2,1,0,1,0,african-american,33,11,0,0,single,0.0,0.0,0.0,0.0,0.0,0.0
52429.0,6,-2.19,4,1,0,1,0,african-american,33,13,0,0,single,0.0,0.0,0.0,0.0,0.0,0.0
59734.0,8,-2.36,3,1,1,1,0,other,33,7,1,0,single,0.0,0.0,0.0,0.0,0.0,1.0
51546.0,6,-1.56,6,0,0,0,0,caucasian,33,3,0,0,single,0.0,0.0,0.0,1.0,0.0,0.0
60551.0,5,-2.63,2,0,0,0,0,caucasian,33,5,0,0,significant other,0.0,0.0,1.0,1.0,0.0,0.0
59085.0,2,-2.84,2,0,0,0,1,other,33,0,0,0,single,0.0,0.0,0.0,0.0,0.0,1.0
59089.0,2,-3.14,1,0,0,0,0,african-american,33,1,0,0,single,0.0,0.0,0.0,0.0,0.0,0.0
61086.0,4,-2.57,2,0,0,0,0,hispanic,33,1,0,1,single,0.0,0.0,0.0,0.0,1.0,0.0
54077.0,2,-2.86,2,0,0,0,0,caucasian,33,0,0,0,single,0.0,0.0,0.0,1.0,0.0,0.0
61814.0,2,-2.92,2,0,0,0,1,african-american,33,3,0,1,single,0.0,0.0,0.0,0.0,0.0,0.0
45569.0,6,-1.35,7,1,1,1,0,african-american,33,7,0,1,single,0.0,0.0,0.0,0.0,0.0,0.0
50544.0,9,-1.46,7,1,0,1,0,african-american,33,12,1,1,single,0.0,0.0,0.0,0.0,0.0,0.0
57903.0,4,-2.21,4,0,0,0,0,african-american,33,3,0,0,single,0.0,0.0,0.0,0.0,0.0,0.0
5052.0,7,-1.59,6,1,0,1,0,african-american,33,4,0,1,single,0.0,0.0,0.0,0.0,0.0,0.0
34331.0,9,-0.71,9,1,1,1,0,african-american,33,16,0,1,single,0.0,0.0,0.0,0.0,0.0,0.0
56135.0,1,-2.91,2,0,0,0,0,caucasian,33,0,0,0,single,0.0,0.0,0.0,1.0,0.0,0.0
52707.0,10,-1.55,6,0,0,0,0,african-american,33,0,0,0,single,0.0,0.0,0.0,0.0,0.0,0.0
53809.0,2,-2.85,2,0,0,0,0,hispanic,33,3,0,1,significant other,0.0,0.0,1.0,0.0,1.0,0.0
54507.0,2,-1.95,5,0,0,0,0,caucasian,33,1,0,0,significant other,0.0,0.0,1.0,1.0,0.0,0.0
56727.0,1,-2.76,2,0,0,0,0,african-american,33,2,0,1,significant other,0.0,0.0,1.0,0.0,0.0,0.0
36952.0,8,-1.61,6,1,1,1,0,african-american,33,4,0,0,single,0.0,0.0,0.0,0.0,0.0,0.0
56612.0,1,-2.71,2,0,0,0,0,other,33,0,0,0,significant other,0.0,0.0,1.0,0.0,0.0,1.0
60691.0,1,-3.24,1,0,0,0,1,caucasian,33,1,0,1,single,0.0,0.0,0.0,1.0,0.0,0.0
54089.0,6,-2.4,3,1,1,1,0,caucasian,33,0,0,0,single,0.0,0.0,0.0,1.0,0.0,0.0
59574.0,7,-2.15,4,1,0,1,1,other,33,5,0,0,single,0.0,0.0,0.0,0.0,0.0,1.0
57152.0,2,-2.91,2,0,0,0,0,hispanic,33,3,0,0,single,0.0,0.0,0.0,0.0,1.0,0.0
58053.0,2,-2.88,2,0,0,0,0,caucasian,33,2,2,1,single,0.0,0.0,0.0,1.0,0.0,0.0
56011.0,2,-3.09,1,0,0,0,1,caucasian,33,0,0,1,single,0.0,0.0,0.0,1.0,0.0,0.0
48566.0,2,-2.63,2,0,0,0,0,african-american,33,4,0,0,single,0.0,0.0,0.0,0.0,0.0,0.0
52854.0,3,-2.88,2,0,0,0,0,caucasian,33,1,0,1,single,0.0,0.0,0.0,1.0,0.0,0.0
54275.0,1,-2.98,1,0,0,0,0,other,33,0,0,0,significant other,0.0,0.0,1.0,0.0,0.0,1.0
61663.0,1,-3.2,1,0,0,0,0,african-american,33,0,0,1,single,0.0,0.0,0.0,0.0,0.0,0.0
52847.0,1,-3.11,1,0,0,0,0,caucasian,33,0,0,1,single,0.0,0.0,0.0,1.0,0.0,0.0
49107.0,8,-1.65,6,1,0,1,0,african-american,33,5,0,1,single,0.0,0.0,0.0,0.0,0.0,0.0
53294.0,3,-2.44,3,0,0,0,0,african-american,33,0,0,0,significant other,0.0,0.0,1.0,0.0,0.0,0.0
60493.0,2,-2.88,2,0,0,0,1,african-american,33,0,0,1,single,0.0,0.0,0.0,0.0,0.0,0.0
52892.0,1,-3.22,1,0,0,0,0,hispanic,33,0,0,1,single,0.0,0.0,0.0,0.0,1.0,0.0
61510.0,1,-2.92,2,0,0,0,0,caucasian,33,0,0,0,single,0.0,0.0,0.0,1.0,0.0,0.0
54937.0,3,-2.07,4,0,0,0,0,hispanic,33,2,0,1,single,0.0,0.0,0.0,0.0,1.0,0.0
55248.0,2,-3.02,1,0,0,0,1,hispanic,33,0,0,0,single,0.0,0.0,0.0,0.0,1.0,0.0
32337.0,9,-2.52,3,1,0,1,0,african-american,33,16,0,0,single,0.0,0.0,0.0,0.0,0.0,0.0
51222.0,6,-2.63,2,1,0,1,0,african-american,33,7,0,0,significant other,0.0,0.0,1.0,0.0,0.0,0.0
54895.0,6,-2.73,2,1,1,1,1,caucasian,33,3,0,0,single,0.0,0.0,0.0,1.0,0.0,0.0
52275.0,6,-2.7,2,0,0,0,0,african-american,33,6,0,0,single,0.0,0.0,0.0,0.0,0.0,0.0
10630.0,7,-1.9,5,0,0,0,1,african-american,33,5,0,0,single,0.0,0.0,0.0,0.0,0.0,0.0
59348.0,5,-2.67,2,1,0,1,1,caucasian,33,4,0,1,single,0.0,0.0,0.0,1.0,0.0,0.0
56843.0,3,-2.87,2,0,0,0,1,hispanic,33,2,0,0,single,0.0,0.0,0.0,0.0,1.0,0.0
62066.0,4,-2.71,2,0,0,0,1,caucasian,33,2,0,0,separated,0.0,1.0,0.0,1.0,0.0,0.0
54590.0,9,-1.16,8,0,0,0,0,caucasian,33,10,0,0,single,0.0,0.0,0.0,1.0,0.0,0.0
53909.0,4,-2.29,3,0,0,0,0,caucasian,33,9,0,0,single,0.0,0.0,0.0,1.0,0.0,0.0
11734.0,10,-0.97,9,1,0,1,0,african-american,33,18,0,0,single,0.0,0.0,0.0,0.0,0.0,0.0
62201.0,4,-3.05,1,0,0,0,1,african-american,33,3,0,1,single,0.0,0.0,0.0,0.0,0.0,0.0
58783.0,8,-1.34,7,1,0,1,0,african-american,33,11,5,0,single,0.0,0.0,0.0,0.0,0.0,0.0
57288.0,2,-2.65,2,1,0,1,0,african-american,33,1,0,0,single,0.0,0.0,0.0,0.0,0.0,0.0
61811.0,1,-3.24,1,0,0,0,0,other,33,0,0,1,single,0.0,0.0,0.0,0.0,0.0,1.0
59204.0,5,-2.11,4,0,0,0,0,african-american,33,1,0,0,other,1.0,0.0,0.0,0.0,0.0,0.0
59498.0,1,-2.67,2,0,0,0,0,caucasian,33,0,0,0,significant other,0.0,0.0,1.0,1.0,0.0,0.0
54729.0,2,-2.74,2,1,0,1,0,african-american,33,2,0,1,single,0.0,0.0,0.0,0.0,0.0,0.0
57349.0,1,-3.19,1,0,0,0,1,caucasian,33,0,0,1,single,0.0,0.0,0.0,1.0,0.0,0.0
51589.0,5,-2.1,4,0,0,0,0,african-american,33,6,0,1,single,0.0,0.0,0.0,0.0,0.0,0.0
46908.0,3,-3.13,3,0,0,0,0,african-american,33,2,0,1,single,0.0,0.0,0.0,0.0,0.0,0.0
58310.0,2,-3.11,1,0,0,0,1,african-american,33,2,0,0,single,0.0,0.0,0.0,0.0,0.0,0.0
51152.0,9,-1.64,6,1,0,1,0,african-american,33,16,4,0,significant other,0.0,0.0,1.0,0.0,0.0,0.0
53799.0,9,-0.89,9,1,0,1,0,african-american,33,9,2,1,single,0.0,0.0,0.0,0.0,0.0,0.0
59414.0,1,-3.08,1,0,0,0,0,other,33,3,0,0,significant other,0.0,0.0,1.0,0.0,0.0,1.0
52465.0,10,-1.4,7,1,0,1,0,african-american,33,12,4,0,single,0.0,0.0,0.0,0.0,0.0,0.0
51943.0,5,-1.62,6,1,0,1,0,african-american,33,0,0,0,single,0.0,0.0,0.0,0.0,0.0,0.0
24234.0,4,-2.27,3,0,0,0,1,african-american,33,3,0,1,single,0.0,0.0,0.0,0.0,0.0,0.0
4074.0,9,-0.67,8,1,0,1,0,african-american,33,18,3,0,single,0.0,0.0,0.0,0.0,0.0,0.0
52784.0,4,-2.3,3,0,0,0,0,caucasian,33,1,0,0,single,0.0,0.0,0.0,1.0,0.0,0.0
61158.0,1,-2.75,2,1,0,1,0,african-american,33,0,0,0,single,0.0,0.0,0.0,0.0,0.0,0.0
60876.0,4,-2.81,2,0,0,0,0,caucasian,33,2,0,0,single,0.0,0.0,0.0,1.0,0.0,0.0
53282.0,1,-3.13,1,1,0,1,0,african-american,33,1,0,1,single,0.0,0.0,0.0,0.0,0.0,0.0
59465.0,10,-1.65,6,0,0,0,0,african-american,33,1,0,0,single,0.0,0.0,0.0,0.0,0.0,0.0
52035.0,4,-2.69,2,1,0,1,1,african-american,33,3,0,1,single,0.0,0.0,0.0,0.0,0.0,0.0
59294.0,1,-2.99,1,0,0,0,0,hispanic,33,0,0,0,significant other,0.0,0.0,1.0,0.0,1.0,0.0
61317.0,4,-1.7,3,1,1,1,0,caucasian,33,3,0,1,single,0.0,0.0,0.0,1.0,0.0,0.0
56428.0,6,-1.8,5,0,0,0,0,caucasian,33,4,0,0,single,0.0,0.0,0.0,1.0,0.0,0.0
53939.0,2,-3.13,1,0,0,0,1,caucasian,33,2,0,0,significant other,0.0,0.0,1.0,1.0,0.0,0.0
61621.0,2,-3.17,1,1,0,1,0,african-american,33,0,0,0,single,0.0,0.0,0.0,0.0,0.0,0.0
12257.0,9,-0.82,9,1,0,1,0,african-american,33,12,0,0,single,0.0,0.0,0.0,0.0,0.0,0.0
50886.0,1,-2.85,2,1,1,1,0,other,33,0,0,0,significant other,0.0,0.0,1.0,0.0,0.0,1.0
20309.0,10,-0.02,10,1,1,1,0,african-american,33,17,0,0,significant other,0.0,0.0,1.0,0.0,0.0,0.0
60127.0,5,-2.53,3,0,0,0,0,african-american,33,8,0,0,single,0.0,0.0,0.0,0.0,0.0,0.0
51823.0,2,-3.05,1,0,0,0,1,african-american,33,1,0,0,significant other,0.0,0.0,1.0,0.0,0.0,0.0
4411.0,9,-0.83,9,1,0,1,1,african-american,33,7,0,0,single,0.0,0.0,0.0,0.0,0.0,0.0
46435.0,4,-2.01,4,1,0,0,0,caucasian,32,8,1,0,single,0.0,0.0,0.0,1.0,0.0,0.0
60986.0,2,-2.95,1,0,0,0,1,african-american,32,0,0,1,single,0.0,0.0,0.0,0.0,0.0,0.0
52666.0,2,-3.05,1,0,0,0,0,african-american,32,0,0,0,significant other,0.0,0.0,1.0,0.0,0.0,0.0
8215.0,9,-1.59,6,1,1,1,0,african-american,32,14,0,0,single,0.0,0.0,0.0,0.0,0.0,0.0
59729.0,2,-3.03,1,0,0,0,0,caucasian,32,2,0,0,single,0.0,0.0,0.0,1.0,0.0,0.0
52289.0,2,-2.39,3,1,0,1,0,caucasian,32,6,0,0,single,0.0,0.0,0.0,1.0,0.0,0.0
52811.0,5,-2.78,2,0,0,0,0,african-american,32,0,0,1,single,0.0,0.0,0.0,0.0,0.0,0.0
55888.0,1,-3.01,1,0,0,0,0,hispanic,32,1,0,0,significant other,0.0,0.0,1.0,0.0,1.0,0.0
65917.0,1,-2.88,2,0,0,0,0,other,32,0,0,0,single,0.0,0.0,0.0,0.0,0.0,1.0
59730.0,9,-1.06,8,0,0,0,0,african-american,32,14,1,0,single,0.0,0.0,0.0,0.0,0.0,0.0
59309.0,1,-3.27,1,0,0,0,1,african-american,32,5,0,0,single,0.0,0.0,0.0,0.0,0.0,0.0
15207.0,6,-2.65,2,1,0,1,0,african-american,32,9,0,1,single,0.0,0.0,0.0,0.0,0.0,0.0
35278.0,10,-0.9,9,0,0,0,0,african-american,32,4,3,0,single,0.0,0.0,0.0,0.0,0.0,0.0
57187.0,1,-3.06,1,0,0,0,0,other,32,0,0,1,single,0.0,0.0,0.0,0.0,0.0,1.0
52070.0,2,-2.6,2,1,0,0,0,african-american,32,7,3,0,significant other,0.0,0.0,1.0,0.0,0.0,0.0
59035.0,3,-2.56,2,0,0,0,0,caucasian,32,1,0,0,single,0.0,0.0,0.0,1.0,0.0,0.0
59633.0,2,-3.03,1,0,0,0,1,caucasian,32,1,0,0,single,0.0,0.0,0.0,1.0,0.0,0.0
59102.0,1,-3.02,1,0,0,0,0,african-american,32,0,0,1,significant other,0.0,0.0,1.0,0.0,0.0,0.0
12411.0,9,-1.4,7,0,0,0,0,african-american,32,9,4,0,single,0.0,0.0,0.0,0.0,0.0,0.0
56260.0,1,-3.17,1,1,0,1,0,hispanic,32,1,1,1,single,0.0,0.0,0.0,0.0,1.0,0.0
40286.0,9,-1.12,8,1,0,1,0,african-american,32,13,0,1,single,0.0,0.0,0.0,0.0,0.0,0.0
60570.0,1,-2.85,2,1,1,1,0,caucasian,32,1,0,0,single,0.0,0.0,0.0,1.0,0.0,0.0
8371.0,9,-0.59,10,1,1,1,0,african-american,32,22,1,0,single,0.0,0.0,0.0,0.0,0.0,0.0
60527.0,1,-3.23,1,1,0,1,0,caucasian,32,1,0,0,single,0.0,0.0,0.0,1.0,0.0,0.0
62287.0,1,-3.15,1,1,1,1,1,african-american,32,0,0,1,significant other,0.0,0.0,1.0,0.0,0.0,0.0
59171.0,9,-1.64,6,1,0,1,0,caucasian,32,15,3,0,single,0.0,0.0,0.0,1.0,0.0,0.0
60481.0,2,-2.45,3,0,0,0,0,african-american,32,1,0,0,single,0.0,0.0,0.0,0.0,0.0,0.0
54150.0,3,-2.86,2,0,0,0,0,caucasian,32,0,0,0,single,0.0,0.0,0.0,1.0,0.0,0.0
52422.0,5,-1.98,4,1,1,1,0,caucasian,32,5,0,0,single,0.0,0.0,0.0,1.0,0.0,0.0
53266.0,9,-1.88,5,1,0,1,0,african-american,32,11,0,1,single,0.0,0.0,0.0,0.0,0.0,0.0
54343.0,2,-3.11,1,0,0,0,0,caucasian,32,1,0,1,single,0.0,0.0,0.0,1.0,0.0,0.0
52640.0,1,-3.13,1,0,0,0,0,caucasian,32,0,0,0,significant other,0.0,0.0,1.0,1.0,0.0,0.0
39814.0,3,-2.67,2,0,0,0,1,african-american,32,2,0,0,single,0.0,0.0,0.0,0.0,0.0,0.0
13921.0,10,-0.41,10,1,0,1,0,caucasian,32,11,1,0,single,0.0,0.0,0.0,1.0,0.0,0.0
61665.0,2,-3.15,1,1,0,1,1,caucasian,32,1,0,1,separated,0.0,1.0,0.0,1.0,0.0,0.0
40741.0,6,-2.26,3,0,0,0,0,african-american,32,3,0,1,single,0.0,0.0,0.0,0.0,0.0,0.0
53832.0,7,-2.91,2,0,0,0,0,african-american,32,0,0,1,separated,0.0,1.0,0.0,0.0,0.0,0.0
41426.0,7,-0.96,9,0,0,0,0,african-american,32,1,0,1,single,0.0,0.0,0.0,0.0,0.0,0.0
61795.0,1,-3.27,1,0,0,0,1,hispanic,32,0,0,1,significant other,0.0,0.0,1.0,0.0,1.0,0.0
48502.0,5,-2.22,4,1,0,1,0,african-american,32,11,3,0,single,0.0,0.0,0.0,0.0,0.0,0.0
22711.0,1,-2.74,2,1,1,1,0,african-american,32,3,0,0,significant other,0.0,0.0,1.0,0.0,0.0,0.0
59066.0,2,-2.86,2,1,0,0,1,caucasian,32,5,0,0,single,0.0,0.0,0.0,1.0,0.0,0.0
3523.0,5,-2.12,4,1,0,1,0,african-american,32,6,0,1,single,0.0,0.0,0.0,0.0,0.0,0.0
59217.0,1,-3.14,1,1,0,1,0,hispanic,32,0,0,1,single,0.0,0.0,0.0,0.0,1.0,0.0
52976.0,10,-1.3,7,0,0,0,0,african-american,32,2,0,0,single,0.0,0.0,0.0,0.0,0.0,0.0
57345.0,9,-2.22,4,0,0,0,0,african-american,32,8,1,0,single,0.0,0.0,0.0,0.0,0.0,0.0
53630.0,6,-2.4,3,1,1,1,0,african-american,32,4,0,0,single,0.0,0.0,0.0,0.0,0.0,0.0
58277.0,7,-1.68,6,1,1,1,0,african-american,32,4,0,0,single,0.0,0.0,0.0,0.0,0.0,0.0
53309.0,2,-2.97,1,0,0,0,1,hispanic,32,1,0,0,single,0.0,0.0,0.0,0.0,1.0,0.0
52770.0,1,-3.17,1,0,0,0,0,hispanic,32,0,0,1,separated,0.0,1.0,0.0,0.0,1.0,0.0
59652.0,4,-2.81,3,0,0,0,0,african-american,32,9,0,0,significant other,0.0,0.0,1.0,0.0,0.0,0.0
16573.0,2,-2.65,2,0,0,0,0,african-american,32,2,0,1,single,0.0,0.0,0.0,0.0,0.0,0.0
61503.0,3,-2.85,2,0,0,0,0,hispanic,32,1,0,0,separated,0.0,1.0,0.0,0.0,1.0,0.0
57675.0,5,-2.82,2,1,0,1,0,hispanic,32,2,0,1,single,0.0,0.0,0.0,0.0,1.0,0.0
42171.0,8,-1.78,5,0,0,0,0,african-american,32,2,0,1,single,0.0,0.0,0.0,0.0,0.0,0.0
30731.0,9,-0.33,10,1,0,1,0,caucasian,32,8,0,0,single,0.0,0.0,0.0,1.0,0.0,0.0
54698.0,3,-2.2,4,0,0,0,0,other,32,0,0,1,single,0.0,0.0,0.0,0.0,0.0,1.0
61290.0,8,-1.13,8,0,0,0,0,caucasian,32,6,0,0,single,0.0,0.0,0.0,1.0,0.0,0.0
55097.0,8,-1.82,5,1,0,1,0,african-american,32,15,2,0,single,0.0,0.0,0.0,0.0,0.0,0.0
7532.0,8,-1.0,8,1,0,0,0,african-american,32,9,0,0,single,0.0,0.0,0.0,0.0,0.0,0.0
60695.0,1,-3.02,1,0,0,0,0,other,32,0,0,1,significant other,0.0,0.0,1.0,0.0,0.0,1.0
60455.0,2,-3.03,1,0,0,0,1,caucasian,32,4,1,0,single,0.0,0.0,0.0,1.0,0.0,0.0
52169.0,6,-1.49,7,1,1,1,0,african-american,32,4,0,0,single,0.0,0.0,0.0,0.0,0.0,0.0
51324.0,4,-2.0,4,0,0,0,0,african-american,32,5,0,1,single,0.0,0.0,0.0,0.0,0.0,0.0
59696.0,1,-3.13,1,0,0,0,1,african-american,32,1,0,1,significant other,0.0,0.0,1.0,0.0,0.0,0.0
57104.0,5,-3.05,1,0,0,0,0,caucasian,32,4,0,0,significant other,0.0,0.0,1.0,1.0,0.0,0.0
56193.0,7,-2.52,3,1,0,1,0,african-american,32,0,0,0,single,0.0,0.0,0.0,0.0,0.0,0.0
49851.0,9,-1.28,7,1,1,1,0,african-american,32,12,1,0,single,0.0,0.0,0.0,0.0,0.0,0.0
51815.0,4,-2.8,2,0,0,0,0,african-american,32,8,1,0,single,0.0,0.0,0.0,0.0,0.0,0.0
59050.0,1,-3.22,1,0,0,0,0,other,32,0,0,0,significant other,0.0,0.0,1.0,0.0,0.0,1.0
60142.0,8,-1.72,6,1,1,1,0,african-american,32,2,0,0,single,0.0,0.0,0.0,0.0,0.0,0.0
33232.0,7,-2.2,4,0,0,0,1,african-american,32,11,0,0,single,0.0,0.0,0.0,0.0,0.0,0.0
51647.0,2,-2.79,2,0,0,0,1,caucasian,32,0,0,0,separated,0.0,1.0,0.0,1.0,0.0,0.0
9980.0,5,-2.28,3,1,0,1,0,caucasian,32,5,0,0,significant other,0.0,0.0,1.0,1.0,0.0,0.0
52506.0,3,-2.09,4,0,0,0,0,african-american,32,1,0,1,separated,0.0,1.0,0.0,0.0,0.0,0.0
21599.0,10,-0.87,9,0,0,0,0,caucasian,32,11,0,0,single,0.0,0.0,0.0,1.0,0.0,0.0
59937.0,2,-2.86,2,1,0,1,0,african-american,32,5,1,1,significant other,0.0,0.0,1.0,0.0,0.0,0.0
38982.0,9,-2.51,3,1,0,1,0,caucasian,32,5,0,0,single,0.0,0.0,0.0,1.0,0.0,0.0
61154.0,1,-3.18,1,1,0,1,0,african-american,32,0,0,0,significant other,0.0,0.0,1.0,0.0,0.0,0.0
58219.0,1,-3.06,1,0,0,0,0,hispanic,32,1,0,0,significant other,0.0,0.0,1.0,0.0,1.0,0.0
56403.0,3,-2.81,2,0,0,0,0,african-american,32,0,0,0,single,0.0,0.0,0.0,0.0,0.0,0.0
6733.0,8,-1.16,8,0,0,0,0,african-american,32,2,0,0,single,0.0,0.0,0.0,0.0,0.0,0.0
56686.0,2,-2.79,2,1,0,1,1,african-american,32,3,0,0,separated,0.0,1.0,0.0,0.0,0.0,0.0
44418.0,7,-1.56,6,1,0,1,0,hispanic,32,2,1,1,single,0.0,0.0,0.0,0.0,1.0,0.0
52032.0,3,-2.84,2,1,0,1,0,other,32,0,0,1,single,0.0,0.0,0.0,0.0,0.0,1.0
52560.0,2,-2.93,2,0,0,0,1,african-american,32,3,0,0,single,0.0,0.0,0.0,0.0,0.0,0.0
60307.0,1,-2.96,1,0,0,0,0,caucasian,32,0,0,1,single,0.0,0.0,0.0,1.0,0.0,0.0
59512.0,2,-2.78,2,0,0,0,0,other,32,0,0,1,single,0.0,0.0,0.0,0.0,0.0,1.0
55636.0,5,-1.8,5,0,0,0,0,african-american,32,1,0,0,single,0.0,0.0,0.0,0.0,0.0,0.0
51501.0,7,-2.2,4,1,1,1,0,african-american,32,9,1,1,single,0.0,0.0,0.0,0.0,0.0,0.0
23847.0,6,-1.32,7,1,0,1,0,african-american,32,7,1,0,single,0.0,0.0,0.0,0.0,0.0,0.0
17227.0,3,-2.75,2,0,0,0,0,hispanic,32,3,0,0,single,0.0,0.0,0.0,0.0,1.0,0.0
33552.0,9,-0.73,9,1,1,1,0,african-american,32,7,0,0,single,0.0,0.0,0.0,0.0,0.0,0.0
51790.0,1,-2.87,2,0,0,0,0,african-american,32,0,0,0,significant other,0.0,0.0,1.0,0.0,0.0,0.0
54362.0,1,-3.17,1,0,0,0,1,other,32,0,0,1,separated,0.0,1.0,0.0,0.0,0.0,1.0
53912.0,7,-2.09,4,1,0,1,0,caucasian,32,9,0,1,single,0.0,0.0,0.0,1.0,0.0,0.0
61816.0,6,-2.22,4,0,0,0,1,african-american,32,3,0,1,single,0.0,0.0,0.0,0.0,0.0,0.0
52970.0,8,-2.44,3,1,0,1,0,african-american,32,1,0,0,single,0.0,0.0,0.0,0.0,0.0,0.0
38097.0,10,-1.04,8,1,0,1,0,african-american,32,26,2,0,separated,0.0,1.0,0.0,0.0,0.0,0.0
55167.0,1,-2.98,1,0,0,0,0,caucasian,32,2,0,0,significant other,0.0,0.0,1.0,1.0,0.0,0.0
60148.0,3,-2.42,3,0,0,0,0,caucasian,32,0,0,1,single,0.0,0.0,0.0,1.0,0.0,0.0
61277.0,2,-3.04,1,0,0,0,1,african-american,32,0,0,0,single,0.0,0.0,0.0,0.0,0.0,0.0
41077.0,2,-2.86,2,1,0,1,0,caucasian,32,2,0,1,separated,0.0,1.0,0.0,1.0,0.0,0.0
5665.0,10,0.15,10,1,1,1,0,african-american,32,19,0,0,single,0.0,0.0,0.0,0.0,0.0,0.0
58655.0,2,-2.89,2,0,0,0,1,other,32,0,0,1,significant other,0.0,0.0,1.0,0.0,0.0,1.0
23392.0,5,-2.58,2,0,0,0,0,african-american,32,4,0,0,significant other,0.0,0.0,1.0,0.0,0.0,0.0
57770.0,2,-2.81,2,0,0,0,0,african-american,32,1,0,0,single,0.0,0.0,0.0,0.0,0.0,0.0
51216.0,8,-1.5,6,1,0,0,0,african-american,32,12,0,0,single,0.0,0.0,0.0,0.0,0.0,0.0
61679.0,8,-1.72,6,1,1,1,0,african-american,32,7,4,0,single,0.0,0.0,0.0,0.0,0.0,0.0
36631.0,8,-1.55,6,1,0,1,0,african-american,32,6,0,0,single,0.0,0.0,0.0,0.0,0.0,0.0
60610.0,3,-2.74,2,0,0,0,1,african-american,32,0,0,0,single,0.0,0.0,0.0,0.0,0.0,0.0
55043.0,8,-1.41,7,1,0,1,0,african-american,32,17,11,0,single,0.0,0.0,0.0,0.0,0.0,0.0
40929.0,5,-1.98,4,1,0,1,0,caucasian,32,8,0,1,significant other,0.0,0.0,1.0,1.0,0.0,0.0
54727.0,6,-2.56,2,1,0,1,0,caucasian,32,3,0,0,single,0.0,0.0,0.0,1.0,0.0,0.0
51965.0,2,-2.74,2,0,0,0,0,african-american,32,3,0,0,single,0.0,0.0,0.0,0.0,0.0,0.0
61602.0,7,-2.72,2,0,0,0,0,african-american,32,1,0,0,single,0.0,0.0,0.0,0.0,0.0,0.0
52812.0,3,-2.75,2,0,0,0,0,other,32,4,0,0,single,0.0,0.0,0.0,0.0,0.0,1.0
52074.0,2,-2.48,3,0,0,0,0,hispanic,32,0,0,1,single,0.0,0.0,0.0,0.0,1.0,0.0
57622.0,3,-2.51,3,1,0,1,1,hispanic,32,1,0,0,single,0.0,0.0,0.0,0.0,1.0,0.0
56829.0,10,-1.48,7,1,0,1,0,african-american,32,13,0,0,single,0.0,0.0,0.0,0.0,0.0,0.0
18577.0,5,-2.6,2,0,0,0,0,caucasian,32,3,0,0,single,0.0,0.0,0.0,1.0,0.0,0.0
58881.0,1,-2.77,2,1,0,1,1,caucasian,32,0,0,0,single,0.0,0.0,0.0,1.0,0.0,0.0
56099.0,6,-2.36,3,0,0,0,1,caucasian,32,2,0,1,single,0.0,0.0,0.0,1.0,0.0,0.0
53713.0,4,-2.52,3,0,0,0,0,african-american,32,0,0,1,single,0.0,0.0,0.0,0.0,0.0,0.0
24690.0,4,-2.68,2,1,1,1,0,african-american,32,1,0,1,single,0.0,0.0,0.0,0.0,0.0,0.0
61818.0,1,-3.18,1,1,0,1,0,caucasian,32,1,0,1,single,0.0,0.0,0.0,1.0,0.0,0.0
59110.0,5,-2.12,4,0,0,0,0,african-american,32,2,0,1,single,0.0,0.0,0.0,0.0,0.0,0.0
61036.0,6,-1.48,7,0,0,0,0,african-american,32,6,0,0,single,0.0,0.0,0.0,0.0,0.0,0.0
59176.0,5,-2.13,4,0,0,0,0,caucasian,32,6,0,1,single,0.0,0.0,0.0,1.0,0.0,0.0
58094.0,10,-1.19,8,0,0,0,0,african-american,32,1,0,1,single,0.0,0.0,0.0,0.0,0.0,0.0
5110.0,6,-1.88,5,1,0,1,0,african-american,32,10,3,0,single,0.0,0.0,0.0,0.0,0.0,0.0
55211.0,4,-2.64,2,0,0,0,0,african-american,32,5,1,0,single,0.0,0.0,0.0,0.0,0.0,0.0
52280.0,7,-2.5,3,0,0,0,1,african-american,32,5,0,0,single,0.0,0.0,0.0,0.0,0.0,0.0
62417.0,2,-2.86,2,0,0,0,1,hispanic,32,1,0,1,significant other,0.0,0.0,1.0,0.0,1.0,0.0
8489.0,10,0.09,10,0,0,0,0,african-american,32,2,0,0,single,0.0,0.0,0.0,0.0,0.0,0.0
59813.0,5,-2.79,2,1,1,1,1,hispanic,32,8,1,1,single,0.0,0.0,0.0,0.0,1.0,0.0
56525.0,9,-1.48,7,0,0,0,0,african-american,32,0,0,1,single,0.0,0.0,0.0,0.0,0.0,0.0
50852.0,10,-1.33,7,0,0,0,0,hispanic,32,20,2,0,single,0.0,0.0,0.0,0.0,1.0,0.0
27420.0,4,-2.56,2,1,0,1,0,african-american,32,4,0,1,single,0.0,0.0,0.0,0.0,0.0,0.0
50633.0,9,-0.78,9,1,0,1,0,caucasian,32,15,1,0,separated,0.0,1.0,0.0,1.0,0.0,0.0
23151.0,3,-2.31,3,0,0,0,0,african-american,32,2,0,0,separated,0.0,1.0,0.0,0.0,0.0,0.0
59025.0,4,-2.56,2,1,0,1,0,african-american,32,4,0,0,significant other,0.0,0.0,1.0,0.0,0.0,0.0
52483.0,1,-3.11,1,0,0,0,1,caucasian,32,0,1,1,single,0.0,0.0,0.0,1.0,0.0,0.0
14531.0,9,-1.11,8,1,0,1,0,african-american,32,21,0,0,single,0.0,0.0,0.0,0.0,0.0,0.0
54549.0,10,-1.5,6,1,1,1,0,african-american,32,12,4,1,significant other,0.0,0.0,1.0,0.0,0.0,0.0
43080.0,7,-2.51,3,1,0,1,0,african-american,32,3,0,0,single,0.0,0.0,0.0,0.0,0.0,0.0
54078.0,2,-2.82,2,0,0,0,0,caucasian,32,2,0,0,single,0.0,0.0,0.0,1.0,0.0,0.0
51251.0,4,-2.5,3,0,0,0,0,african-american,32,1,0,0,single,0.0,0.0,0.0,0.0,0.0,0.0
58618.0,2,-2.73,2,0,0,0,0,african-american,32,1,0,0,single,0.0,0.0,0.0,0.0,0.0,0.0
51269.0,2,-2.9,2,0,0,0,0,caucasian,32,2,1,0,significant other,0.0,0.0,1.0,1.0,0.0,0.0
59115.0,4,-2.85,2,1,0,1,0,african-american,32,5,0,0,single,0.0,0.0,0.0,0.0,0.0,0.0
56759.0,7,-1.8,5,1,1,1,0,african-american,32,2,0,0,single,0.0,0.0,0.0,0.0,0.0,0.0
49153.0,7,-2.65,2,1,1,1,0,caucasian,32,5,1,0,single,0.0,0.0,0.0,1.0,0.0,0.0
23218.0,2,-1.7,6,0,0,0,0,african-american,32,1,0,1,significant other,0.0,0.0,1.0,0.0,0.0,0.0
56788.0,2,-3.03,1,0,0,0,1,african-american,32,0,0,0,single,0.0,0.0,0.0,0.0,0.0,0.0
59468.0,10,-1.12,8,1,0,1,0,caucasian,32,4,0,0,single,0.0,0.0,0.0,1.0,0.0,0.0
60130.0,2,-2.77,2,0,0,0,0,hispanic,32,0,0,1,single,0.0,0.0,0.0,0.0,1.0,0.0
55420.0,1,-3.03,1,0,0,0,0,other,32,1,0,0,single,0.0,0.0,0.0,0.0,0.0,1.0
60659.0,1,-2.87,2,1,1,1,0,caucasian,32,0,0,0,single,0.0,0.0,0.0,1.0,0.0,0.0
62215.0,1,-3.08,1,0,0,0,0,african-american,32,7,0,0,single,0.0,0.0,0.0,0.0,0.0,0.0
52750.0,1,-2.9,2,0,0,0,0,hispanic,32,1,0,0,single,0.0,0.0,0.0,0.0,1.0,0.0
57845.0,2,-3.13,1,0,0,0,1,african-american,32,2,0,0,single,0.0,0.0,0.0,0.0,0.0,0.0
54360.0,3,-2.42,3,1,0,1,0,african-american,32,8,0,0,single,0.0,0.0,0.0,0.0,0.0,0.0
51617.0,1,-3.02,1,0,0,0,0,african-american,32,0,0,0,single,0.0,0.0,0.0,0.0,0.0,0.0
60201.0,7,-2.02,4,0,0,0,0,african-american,32,0,0,0,single,0.0,0.0,0.0,0.0,0.0,0.0
50353.0,4,-1.93,5,1,0,1,1,african-american,32,6,0,0,significant other,0.0,0.0,1.0,0.0,0.0,0.0
57113.0,2,-3.13,1,0,0,0,1,hispanic,32,0,0,0,significant other,0.0,0.0,1.0,0.0,1.0,0.0
53698.0,7,-2.46,3,0,0,0,0,hispanic,32,7,0,0,single,0.0,0.0,0.0,0.0,1.0,0.0
53971.0,1,-2.75,2,0,0,0,0,caucasian,32,0,0,0,single,0.0,0.0,0.0,1.0,0.0,0.0
12228.0,7,-2.06,4,0,0,0,0,caucasian,32,6,2,1,single,0.0,0.0,0.0,1.0,0.0,0.0
57194.0,2,-2.99,1,0,0,0,0,caucasian,32,0,0,0,single,0.0,0.0,0.0,1.0,0.0,0.0
37450.0,8,-0.77,9,1,0,1,0,african-american,32,13,1,1,single,0.0,0.0,0.0,0.0,0.0,0.0
56969.0,5,-2.57,2,0,0,0,0,caucasian,32,0,0,0,single,0.0,0.0,0.0,1.0,0.0,0.0
19311.0,9,-2.23,4,1,0,1,0,african-american,32,19,3,0,single,0.0,0.0,0.0,0.0,0.0,0.0
2854.0,5,-2.54,3,0,0,0,0,african-american,32,4,0,0,single,0.0,0.0,0.0,0.0,0.0,0.0
59681.0,5,-2.43,3,1,0,1,0,caucasian,32,10,3,0,single,0.0,0.0,0.0,1.0,0.0,0.0
58796.0,5,-1.8,5,1,1,1,0,african-american,32,1,0,0,significant other,0.0,0.0,1.0,0.0,0.0,0.0
57044.0,4,-2.2,4,0,0,0,0,caucasian,32,2,0,0,single,0.0,0.0,0.0,1.0,0.0,0.0
16757.0,4,-2.19,4,0,0,0,0,caucasian,32,3,0,0,single,0.0,0.0,0.0,1.0,0.0,0.0
36505.0,10,-1.7,6,0,0,0,0,african-american,32,9,3,0,single,0.0,0.0,0.0,0.0,0.0,0.0
53994.0,3,-2.63,2,1,0,1,1,african-american,32,0,0,1,single,0.0,0.0,0.0,0.0,0.0,0.0
58060.0,7,-2.01,4,1,1,1,0,african-american,32,6,0,0,single,0.0,0.0,0.0,0.0,0.0,0.0
53726.0,1,-3.02,1,0,0,0,0,caucasian,32,0,0,1,single,0.0,0.0,0.0,1.0,0.0,0.0
61431.0,3,-2.14,4,1,0,1,0,african-american,32,4,0,0,significant other,0.0,0.0,1.0,0.0,0.0,0.0
62216.0,9,-1.72,6,0,0,0,0,african-american,32,0,0,0,significant other,0.0,0.0,1.0,0.0,0.0,0.0
44355.0,6,-2.15,4,1,1,1,0,african-american,32,6,0,0,single,0.0,0.0,0.0,0.0,0.0,0.0
60019.0,2,-2.93,2,1,0,1,0,african-american,31,6,0,0,single,0.0,0.0,0.0,0.0,0.0,0.0
60866.0,1,-3.13,1,0,0,0,1,african-american,31,0,0,1,single,0.0,0.0,0.0,0.0,0.0,0.0
50951.0,6,-1.54,6,0,0,0,0,african-american,31,6,2,0,single,0.0,0.0,0.0,0.0,0.0,0.0
4367.0,7,-2.1,4,1,0,1,0,african-american,31,8,0,1,single,0.0,0.0,0.0,0.0,0.0,0.0
59595.0,5,-1.37,7,0,0,0,0,caucasian,31,3,0,1,single,0.0,0.0,0.0,1.0,0.0,0.0
57040.0,1,-2.86,2,1,0,1,0,african-american,31,3,1,0,single,0.0,0.0,0.0,0.0,0.0,0.0
54490.0,8,-2.18,4,0,0,0,0,caucasian,31,10,0,1,single,0.0,0.0,0.0,1.0,0.0,0.0
20209.0,7,-1.45,7,1,0,1,0,african-american,31,11,0,1,significant other,0.0,0.0,1.0,0.0,0.0,0.0
54743.0,2,-3.04,1,0,0,0,0,african-american,31,1,0,1,single,0.0,0.0,0.0,0.0,0.0,0.0
51245.0,1,-2.98,1,0,0,0,0,caucasian,31,0,0,0,single,0.0,0.0,0.0,1.0,0.0,0.0
52013.0,2,-2.91,2,0,0,0,0,hispanic,31,0,0,1,single,0.0,0.0,0.0,0.0,1.0,0.0
57711.0,2,-2.68,2,0,0,0,0,african-american,31,0,0,1,single,0.0,0.0,0.0,0.0,0.0,0.0
54016.0,3,-1.86,5,0,0,0,0,hispanic,31,1,1,1,single,0.0,0.0,0.0,0.0,1.0,0.0
61174.0,3,-2.54,3,0,0,0,0,african-american,31,2,0,0,single,0.0,0.0,0.0,0.0,0.0,0.0
54324.0,4,-1.71,6,0,0,0,0,african-american,31,2,0,1,single,0.0,0.0,0.0,0.0,0.0,0.0
52800.0,9,-2.7,2,0,0,0,0,caucasian,31,8,0,1,single,0.0,0.0,0.0,1.0,0.0,0.0
41800.0,6,-2.56,2,0,0,0,0,hispanic,31,4,0,0,single,0.0,0.0,0.0,0.0,1.0,0.0
52197.0,7,-2.05,4,1,0,1,0,caucasian,31,0,0,0,single,0.0,0.0,0.0,1.0,0.0,0.0
57946.0,2,-2.71,2,0,0,0,1,african-american,31,2,0,0,single,0.0,0.0,0.0,0.0,0.0,0.0
27065.0,3,-2.37,3,0,0,0,0,hispanic,31,3,0,0,single,0.0,0.0,0.0,0.0,1.0,0.0
60321.0,7,-0.8,9,0,0,0,0,caucasian,31,3,0,1,single,0.0,0.0,0.0,1.0,0.0,0.0
61404.0,5,-2.68,2,0,0,0,0,caucasian,31,0,0,1,single,0.0,0.0,0.0,1.0,0.0,0.0
52749.0,9,-1.04,8,0,0,0,0,african-american,31,6,1,0,single,0.0,0.0,0.0,0.0,0.0,0.0
47893.0,9,-2.31,3,1,1,1,0,african-american,31,5,1,1,single,0.0,0.0,0.0,0.0,0.0,0.0
52859.0,9,-1.35,7,1,0,1,0,hispanic,31,8,3,1,single,0.0,0.0,0.0,0.0,1.0,0.0
55268.0,3,-2.62,2,0,0,0,1,caucasian,31,0,0,1,significant other,0.0,0.0,1.0,1.0,0.0,0.0
44233.0,9,-1.74,5,1,0,1,0,african-american,31,8,0,0,single,0.0,0.0,0.0,0.0,0.0,0.0
54432.0,2,-2.74,2,1,0,0,0,african-american,31,2,0,0,single,0.0,0.0,0.0,0.0,0.0,0.0
59202.0,6,-2.32,3,0,0,0,0,african-american,31,0,0,0,other,1.0,0.0,0.0,0.0,0.0,0.0
60594.0,7,-1.6,6,0,0,0,0,caucasian,31,0,0,0,single,0.0,0.0,0.0,1.0,0.0,0.0
54639.0,3,-2.66,2,1,0,1,0,caucasian,31,6,0,1,single,0.0,0.0,0.0,1.0,0.0,0.0
54687.0,7,-1.98,4,1,0,1,1,caucasian,31,3,0,0,single,0.0,0.0,0.0,1.0,0.0,0.0
56926.0,5,-2.59,2,0,0,0,0,caucasian,31,1,0,0,single,0.0,0.0,0.0,1.0,0.0,0.0
53863.0,5,-2.06,4,1,0,1,0,african-american,31,2,0,0,single,0.0,0.0,0.0,0.0,0.0,0.0
57537.0,7,-2.58,2,1,1,1,0,hispanic,31,19,1,0,single,0.0,0.0,0.0,0.0,1.0,0.0
54193.0,8,-2.62,2,1,0,1,1,african-american,31,9,0,0,single,0.0,0.0,0.0,0.0,0.0,0.0
58650.0,6,-2.17,4,0,0,0,1,african-american,31,0,0,1,single,0.0,0.0,0.0,0.0,0.0,0.0
60154.0,5,-2.78,2,1,0,1,1,african-american,31,7,0,0,single,0.0,0.0,0.0,0.0,0.0,0.0
52492.0,10,-1.48,7,0,0,0,0,african-american,31,15,0,0,single,0.0,0.0,0.0,0.0,0.0,0.0
59314.0,5,-2.53,3,0,0,0,1,african-american,31,3,0,0,single,0.0,0.0,0.0,0.0,0.0,0.0
38085.0,6,-2.24,3,1,0,0,0,other,31,3,0,0,single,0.0,0.0,0.0,0.0,0.0,1.0
43041.0,7,-1.94,5,1,0,1,1,caucasian,31,9,0,0,separated,0.0,1.0,0.0,1.0,0.0,0.0
56744.0,7,-2.24,3,0,0,0,0,caucasian,31,6,0,1,single,0.0,0.0,0.0,1.0,0.0,0.0
53962.0,5,-1.82,5,1,0,0,0,african-american,31,5,0,1,single,0.0,0.0,0.0,0.0,0.0,0.0
33171.0,8,-1.48,7,1,0,1,0,african-american,31,25,3,1,single,0.0,0.0,0.0,0.0,0.0,0.0
54495.0,1,-3.06,1,1,1,1,0,other,31,3,0,1,single,0.0,0.0,0.0,0.0,0.0,1.0
51457.0,10,-1.31,7,1,0,1,0,african-american,31,5,1,0,single,0.0,0.0,0.0,0.0,0.0,0.0
56636.0,9,-1.4,7,1,0,1,0,african-american,31,12,3,0,single,0.0,0.0,0.0,0.0,0.0,0.0
51438.0,3,-2.84,2,1,0,0,0,african-american,31,1,0,0,single,0.0,0.0,0.0,0.0,0.0,0.0
53439.0,3,-2.32,3,1,0,1,0,caucasian,31,3,0,1,single,0.0,0.0,0.0,1.0,0.0,0.0
56652.0,7,-2.11,4,0,0,0,0,african-american,31,5,0,0,single,0.0,0.0,0.0,0.0,0.0,0.0
53942.0,7,-2.63,2,0,0,0,0,hispanic,31,1,0,0,single,0.0,0.0,0.0,0.0,1.0,0.0
53296.0,3,-2.4,3,0,0,0,0,other,31,0,0,0,single,0.0,0.0,0.0,0.0,0.0,1.0
60151.0,2,-2.79,2,0,0,0,1,african-american,31,0,0,1,single,0.0,0.0,0.0,0.0,0.0,0.0
59285.0,1,-3.03,1,0,0,0,0,other,31,1,0,1,significant other,0.0,0.0,1.0,0.0,0.0,1.0
53422.0,8,-2.13,4,1,0,1,0,african-american,31,6,0,0,single,0.0,0.0,0.0,0.0,0.0,0.0
61287.0,3,-3.04,1,0,0,0,1,african-american,31,0,0,0,single,0.0,0.0,0.0,0.0,0.0,0.0
53696.0,3,-2.79,2,0,0,0,0,african-american,31,0,0,0,single,0.0,0.0,0.0,0.0,0.0,0.0
24479.0,6,-2.01,4,1,0,1,0,caucasian,31,9,3,0,single,0.0,0.0,0.0,1.0,0.0,0.0
55693.0,8,-1.58,6,1,1,1,0,african-american,31,9,0,0,single,0.0,0.0,0.0,0.0,0.0,0.0
61245.0,3,-2.97,1,1,0,1,1,hispanic,31,2,0,0,significant other,0.0,0.0,1.0,0.0,1.0,0.0
53727.0,7,-1.3,7,1,0,1,0,african-american,31,7,0,0,single,0.0,0.0,0.0,0.0,0.0,0.0
61823.0,3,-2.89,2,0,0,0,0,caucasian,31,7,0,1,single,0.0,0.0,0.0,1.0,0.0,0.0
60543.0,10,0.16,10,0,0,0,0,african-american,31,0,0,0,separated,0.0,1.0,0.0,0.0,0.0,0.0
54558.0,5,-2.74,2,1,0,1,1,african-american,31,0,0,0,single,0.0,0.0,0.0,0.0,0.0,0.0
59894.0,4,-2.16,4,0,0,0,0,african-american,31,0,0,1,single,0.0,0.0,0.0,0.0,0.0,0.0
53405.0,1,-3.06,1,0,0,0,0,caucasian,31,0,0,0,single,0.0,0.0,0.0,1.0,0.0,0.0
51395.0,6,-2.6,2,1,0,1,0,african-american,31,10,1,0,single,0.0,0.0,0.0,0.0,0.0,0.0
53917.0,9,-1.77,5,1,0,1,0,hispanic,31,7,1,1,single,0.0,0.0,0.0,0.0,1.0,0.0
53707.0,4,-2.74,2,0,0,0,0,african-american,31,6,0,0,single,0.0,0.0,0.0,0.0,0.0,0.0
41515.0,10,-1.53,6,1,1,1,0,african-american,31,6,3,0,significant other,0.0,0.0,1.0,0.0,0.0,0.0
58093.0,7,-1.2,8,0,0,0,0,african-american,31,1,0,1,single,0.0,0.0,0.0,0.0,0.0,0.0
51818.0,2,-2.68,2,0,0,0,0,african-american,31,0,0,1,significant other,0.0,0.0,1.0,0.0,0.0,0.0
51373.0,5,-2.48,3,1,0,1,0,african-american,31,10,4,0,single,0.0,0.0,0.0,0.0,0.0,0.0
57384.0,3,-2.1,4,1,0,1,0,african-american,31,4,0,0,single,0.0,0.0,0.0,0.0,0.0,0.0
54120.0,5,-2.07,4,0,0,0,0,caucasian,31,0,0,0,single,0.0,0.0,0.0,1.0,0.0,0.0
45763.0,10,-0.96,9,1,0,1,0,african-american,31,13,0,1,single,0.0,0.0,0.0,0.0,0.0,0.0
42487.0,6,-2.59,2,0,0,0,1,african-american,31,10,0,0,single,0.0,0.0,0.0,0.0,0.0,0.0
56519.0,2,-3.04,1,0,0,0,0,african-american,31,0,0,0,single,0.0,0.0,0.0,0.0,0.0,0.0
59196.0,8,-1.16,8,1,0,1,0,african-american,31,0,0,0,single,0.0,0.0,0.0,0.0,0.0,0.0
61601.0,1,-3.11,1,0,0,0,0,other,31,0,0,1,separated,0.0,1.0,0.0,0.0,0.0,1.0
60339.0,9,-2.08,4,0,0,0,0,african-american,31,0,0,1,single,0.0,0.0,0.0,0.0,0.0,0.0
56114.0,3,-2.5,3,1,0,1,1,caucasian,31,1,0,0,single,0.0,0.0,0.0,1.0,0.0,0.0
55824.0,4,-2.36,3,1,0,0,0,caucasian,31,2,0,1,single,0.0,0.0,0.0,1.0,0.0,0.0
50848.0,1,-2.84,2,0,0,0,0,caucasian,31,0,0,1,significant other,0.0,0.0,1.0,1.0,0.0,0.0
57338.0,8,-1.79,5,0,0,0,1,african-american,31,0,0,0,single,0.0,0.0,0.0,0.0,0.0,0.0
9674.0,7,-1.62,6,0,0,0,0,african-american,31,2,0,1,single,0.0,0.0,0.0,0.0,0.0,0.0
51371.0,5,-2.64,2,1,0,1,0,african-american,31,5,0,0,single,0.0,0.0,0.0,0.0,0.0,0.0
57808.0,2,-2.22,4,0,0,0,0,african-american,31,0,0,0,single,0.0,0.0,0.0,0.0,0.0,0.0
50912.0,5,-2.48,4,1,0,1,1,caucasian,31,1,0,1,single,0.0,0.0,0.0,1.0,0.0,0.0
52869.0,6,-2.09,4,1,0,0,0,other,31,5,0,0,single,0.0,0.0,0.0,0.0,0.0,1.0
30343.0,7,-2.25,3,1,0,1,0,african-american,31,9,0,1,single,0.0,0.0,0.0,0.0,0.0,0.0
51032.0,2,-2.95,1,1,0,1,1,african-american,31,1,0,1,single,0.0,0.0,0.0,0.0,0.0,0.0
27354.0,5,-1.45,7,1,0,0,0,african-american,31,15,1,0,single,0.0,0.0,0.0,0.0,0.0,0.0
52347.0,4,-2.74,2,0,0,0,0,african-american,31,0,0,1,single,0.0,0.0,0.0,0.0,0.0,0.0
1296.0,3,-2.65,2,1,0,1,0,african-american,31,4,0,1,significant other,0.0,0.0,1.0,0.0,0.0,0.0
58414.0,4,-2.71,2,0,0,0,0,african-american,31,7,0,1,single,0.0,0.0,0.0,0.0,0.0,0.0
53923.0,10,-2.01,4,1,0,0,0,african-american,31,0,0,1,single,0.0,0.0,0.0,0.0,0.0,0.0
51463.0,2,-2.69,2,1,0,1,1,african-american,31,3,0,1,single,0.0,0.0,0.0,0.0,0.0,0.0
6436.0,8,-1.14,8,0,0,0,1,african-american,31,14,0,0,single,0.0,0.0,0.0,0.0,0.0,0.0
60718.0,7,-1.4,7,1,1,1,0,caucasian,31,4,0,1,single,0.0,0.0,0.0,1.0,0.0,0.0
53801.0,7,-2.25,3,0,0,0,0,african-american,31,0,0,0,single,0.0,0.0,0.0,0.0,0.0,0.0
7022.0,10,-1.98,4,1,0,1,0,african-american,31,15,4,1,single,0.0,0.0,0.0,0.0,0.0,0.0
57188.0,10,-1.73,6,0,0,0,0,african-american,31,1,0,0,single,0.0,0.0,0.0,0.0,0.0,0.0
46183.0,8,-1.56,6,0,0,0,0,african-american,31,6,0,0,single,0.0,0.0,0.0,0.0,0.0,0.0
56144.0,10,-1.78,5,0,0,0,1,caucasian,31,14,2,0,single,0.0,0.0,0.0,1.0,0.0,0.0
2361.0,3,-2.41,3,1,0,1,0,hispanic,31,8,0,0,single,0.0,0.0,0.0,0.0,1.0,0.0
60561.0,5,-1.98,4,0,0,0,0,caucasian,31,3,0,1,single,0.0,0.0,0.0,1.0,0.0,0.0
52833.0,2,-2.88,2,0,0,0,1,hispanic,31,0,0,1,significant other,0.0,0.0,1.0,0.0,1.0,0.0
59532.0,2,-2.75,2,0,0,0,0,other,31,0,0,1,significant other,0.0,0.0,1.0,0.0,0.0,1.0
58612.0,2,-2.71,2,1,0,1,0,other,31,6,0,1,significant other,0.0,0.0,1.0,0.0,0.0,1.0
46280.0,6,-1.62,6,1,0,1,0,hispanic,31,5,0,0,single,0.0,0.0,0.0,0.0,1.0,0.0
58879.0,9,-1.83,5,0,0,0,1,caucasian,31,0,0,1,significant other,0.0,0.0,1.0,1.0,0.0,0.0
54649.0,6,-2.11,4,1,0,1,0,african-american,31,10,0,0,single,0.0,0.0,0.0,0.0,0.0,0.0
55927.0,9,-1.32,7,1,0,1,0,hispanic,31,8,0,0,single,0.0,0.0,0.0,0.0,1.0,0.0
55040.0,9,-1.65,6,1,0,1,0,african-american,31,10,5,0,single,0.0,0.0,0.0,0.0,0.0,0.0
52526.0,2,-2.83,2,0,0,0,0,african-american,31,2,0,0,single,0.0,0.0,0.0,0.0,0.0,0.0
32908.0,9,-0.97,9,1,0,1,0,african-american,31,19,0,0,single,0.0,0.0,0.0,0.0,0.0,0.0
56887.0,5,-2.7,2,0,0,0,0,african-american,31,0,0,0,single,0.0,0.0,0.0,0.0,0.0,0.0
51787.0,5,-2.5,3,0,0,0,1,african-american,31,1,0,1,single,0.0,0.0,0.0,0.0,0.0,0.0
50393.0,3,-2.54,3,1,0,1,0,caucasian,31,2,0,1,single,0.0,0.0,0.0,1.0,0.0,0.0
58734.0,1,-2.91,2,0,0,0,0,african-american,31,1,0,0,single,0.0,0.0,0.0,0.0,0.0,0.0
61273.0,6,-1.97,5,0,0,0,1,african-american,31,0,0,1,single,0.0,0.0,0.0,0.0,0.0,0.0
50925.0,6,-1.54,6,0,0,0,0,african-american,31,1,0,0,single,0.0,0.0,0.0,0.0,0.0,0.0
18100.0,10,-1.04,8,1,1,1,0,african-american,31,4,0,1,single,0.0,0.0,0.0,0.0,0.0,0.0
56733.0,5,-2.92,2,1,0,1,0,african-american,31,1,0,1,significant other,0.0,0.0,1.0,0.0,0.0,0.0
54268.0,4,-2.31,3,0,0,0,0,african-american,31,0,0,1,single,0.0,0.0,0.0,0.0,0.0,0.0
54429.0,2,-2.85,2,0,0,0,0,other,31,5,1,1,single,0.0,0.0,0.0,0.0,0.0,1.0
59735.0,4,-2.27,3,1,0,0,0,african-american,31,5,0,0,single,0.0,0.0,0.0,0.0,0.0,0.0
59717.0,2,-2.76,2,0,0,0,1,caucasian,31,0,0,1,separated,0.0,1.0,0.0,1.0,0.0,0.0
58169.0,9,-0.79,9,1,0,1,0,african-american,31,6,0,0,significant other,0.0,0.0,1.0,0.0,0.0,0.0
54607.0,3,-2.74,2,0,0,0,0,hispanic,31,2,0,0,single,0.0,0.0,0.0,0.0,1.0,0.0
59799.0,2,-2.96,1,0,0,0,0,african-american,31,4,0,0,single,0.0,0.0,0.0,0.0,0.0,0.0
51166.0,8,-2.11,4,1,1,1,0,caucasian,31,9,0,0,significant other,0.0,0.0,1.0,1.0,0.0,0.0
62336.0,1,-2.43,3,1,0,1,0,african-american,31,2,1,0,single,0.0,0.0,0.0,0.0,0.0,0.0
62286.0,4,-3.08,1,1,0,1,1,caucasian,31,2,0,0,single,0.0,0.0,0.0,1.0,0.0,0.0
53354.0,5,-1.94,5,0,0,0,0,african-american,31,3,1,0,single,0.0,0.0,0.0,0.0,0.0,0.0
52378.0,4,-1.9,5,0,0,0,0,caucasian,31,0,0,0,single,0.0,0.0,0.0,1.0,0.0,0.0
55075.0,8,-2.34,3,0,0,0,0,african-american,31,15,0,0,significant other,0.0,0.0,1.0,0.0,0.0,0.0
56997.0,10,-0.12,10,0,0,0,0,african-american,31,5,0,1,single,0.0,0.0,0.0,0.0,0.0,0.0
51132.0,4,-2.24,3,1,0,1,0,caucasian,31,3,0,1,significant other,0.0,0.0,1.0,1.0,0.0,0.0
51163.0,8,-1.02,8,1,0,1,0,caucasian,31,4,0,0,single,0.0,0.0,0.0,1.0,0.0,0.0
60262.0,2,-2.71,2,1,0,1,0,caucasian,31,1,0,1,single,0.0,0.0,0.0,1.0,0.0,0.0
53269.0,8,-1.8,5,1,0,1,0,african-american,31,12,3,1,significant other,0.0,0.0,1.0,0.0,0.0,0.0
61137.0,8,-2.11,4,0,0,0,1,african-american,31,10,2,0,single,0.0,0.0,0.0,0.0,0.0,0.0
20972.0,8,-1.17,8,1,1,1,0,african-american,31,9,0,1,single,0.0,0.0,0.0,0.0,0.0,0.0
58382.0,1,-2.95,1,0,0,0,0,caucasian,31,0,0,0,single,0.0,0.0,0.0,1.0,0.0,0.0
56444.0,1,-3.02,1,0,0,0,0,other,31,0,0,1,single,0.0,0.0,0.0,0.0,0.0,1.0
53665.0,7,-2.15,4,0,0,0,0,african-american,31,0,0,0,single,0.0,0.0,0.0,0.0,0.0,0.0
51176.0,10,-1.61,6,1,0,1,0,hispanic,31,16,0,0,single,0.0,0.0,0.0,0.0,1.0,0.0
59041.0,5,-2.22,4,1,1,1,0,caucasian,31,6,0,0,single,0.0,0.0,0.0,1.0,0.0,0.0
60709.0,4,-2.69,2,1,0,1,0,caucasian,31,3,1,1,single,0.0,0.0,0.0,1.0,0.0,0.0
56651.0,1,-2.82,2,0,0,0,0,other,31,5,1,0,single,0.0,0.0,0.0,0.0,0.0,1.0
55120.0,2,-2.96,1,0,0,0,1,caucasian,31,1,0,0,single,0.0,0.0,0.0,1.0,0.0,0.0
57243.0,10,-1.62,6,1,0,1,0,african-american,31,1,0,0,single,0.0,0.0,0.0,0.0,0.0,0.0
31075.0,4,-2.01,4,1,0,1,0,african-american,31,7,0,0,single,0.0,0.0,0.0,0.0,0.0,0.0
51592.0,2,-2.91,2,0,0,0,0,hispanic,31,0,0,0,single,0.0,0.0,0.0,0.0,1.0,0.0
57842.0,4,-2.48,3,0,0,0,0,caucasian,31,6,0,0,single,0.0,0.0,0.0,1.0,0.0,0.0
52674.0,6,-2.15,4,1,0,1,0,caucasian,31,5,0,0,single,0.0,0.0,0.0,1.0,0.0,0.0
55943.0,2,-3.02,2,0,0,0,0,other,31,0,0,1,significant other,0.0,0.0,1.0,0.0,0.0,1.0
55794.0,8,-2.52,3,1,0,1,0,african-american,31,3,0,1,single,0.0,0.0,0.0,0.0,0.0,0.0
60145.0,4,-2.69,2,0,0,0,0,african-american,31,1,0,1,single,0.0,0.0,0.0,0.0,0.0,0.0
53052.0,1,-3.04,1,0,0,0,0,hispanic,31,0,0,0,single,0.0,0.0,0.0,0.0,1.0,0.0
52494.0,1,-2.92,2,0,0,0,0,hispanic,31,0,0,1,single,0.0,0.0,0.0,0.0,1.0,0.0
55217.0,6,-1.8,5,0,0,0,0,hispanic,31,1,0,1,single,0.0,0.0,0.0,0.0,1.0,0.0
55790.0,6,-2.1,4,1,1,1,1,african-american,31,0,0,1,single,0.0,0.0,0.0,0.0,0.0,0.0
54714.0,1,-2.92,2,0,0,0,0,african-american,31,1,0,1,significant other,0.0,0.0,1.0,0.0,0.0,0.0
1994.0,6,-1.6,6,0,0,0,0,african-american,31,1,0,0,single,0.0,0.0,0.0,0.0,0.0,0.0
23719.0,7,-2.21,4,0,0,0,0,african-american,31,2,0,0,single,0.0,0.0,0.0,0.0,0.0,0.0
10772.0,5,-1.98,4,0,0,0,0,other,31,6,0,0,single,0.0,0.0,0.0,0.0,0.0,1.0
50883.0,5,-2.58,2,1,0,1,0,african-american,31,3,0,0,single,0.0,0.0,0.0,0.0,0.0,0.0
59295.0,8,-1.7,6,1,1,1,0,caucasian,31,4,2,0,significant other,0.0,0.0,1.0,1.0,0.0,0.0
8206.0,10,-1.95,5,1,0,1,0,african-american,31,6,0,1,significant other,0.0,0.0,1.0,0.0,0.0,0.0
61864.0,1,-3.07,1,0,0,0,1,caucasian,31,2,0,0,single,0.0,0.0,0.0,1.0,0.0,0.0
55934.0,2,-2.96,1,0,0,0,0,hispanic,31,1,0,1,significant other,0.0,0.0,1.0,0.0,1.0,0.0
60033.0,1,-2.86,2,0,0,0,0,caucasian,31,0,0,1,single,0.0,0.0,0.0,1.0,0.0,0.0
56773.0,2,-2.86,2,1,0,1,1,african-american,31,2,0,0,single,0.0,0.0,0.0,0.0,0.0,0.0
43996.0,3,-2.89,2,0,0,0,0,caucasian,31,2,0,1,single,0.0,0.0,0.0,1.0,0.0,0.0
56445.0,8,-1.2,8,1,0,1,0,hispanic,31,1,0,0,single,0.0,0.0,0.0,0.0,1.0,0.0
59487.0,8,-2.48,3,1,1,1,0,african-american,31,4,0,0,single,0.0,0.0,0.0,0.0,0.0,0.0
47971.0,3,-2.74,2,1,0,1,0,caucasian,31,1,0,0,single,0.0,0.0,0.0,1.0,0.0,0.0
57132.0,1,-3.06,1,0,0,0,0,african-american,31,1,0,1,single,0.0,0.0,0.0,0.0,0.0,0.0
51123.0,8,-2.26,3,0,0,0,0,african-american,31,5,1,1,single,0.0,0.0,0.0,0.0,0.0,0.0
59303.0,10,-0.85,9,1,1,1,0,hispanic,31,0,0,0,single,0.0,0.0,0.0,0.0,1.0,0.0
34412.0,8,-1.83,5,0,0,0,1,african-american,31,4,0,0,single,0.0,0.0,0.0,0.0,0.0,0.0
61574.0,3,-2.68,2,0,0,0,1,african-american,31,2,0,1,single,0.0,0.0,0.0,0.0,0.0,0.0
54433.0,2,-2.19,4,1,1,1,0,other,31,2,0,0,significant other,0.0,0.0,1.0,0.0,0.0,1.0
59221.0,9,-1.72,6,1,0,1,0,african-american,31,16,4,0,single,0.0,0.0,0.0,0.0,0.0,0.0
55047.0,10,-1.27,7,0,0,0,0,hispanic,31,0,0,0,single,0.0,0.0,0.0,0.0,1.0,0.0
2247.0,5,-1.8,5,0,0,0,0,caucasian,31,6,0,1,single,0.0,0.0,0.0,1.0,0.0,0.0
53101.0,5,-1.9,5,0,0,0,0,caucasian,31,2,0,0,single,0.0,0.0,0.0,1.0,0.0,0.0
60191.0,5,-2.67,2,0,0,0,0,hispanic,31,0,0,1,single,0.0,0.0,0.0,0.0,1.0,0.0
54211.0,6,-2.32,3,0,0,0,1,caucasian,31,2,0,1,separated,0.0,1.0,0.0,1.0,0.0,0.0
58104.0,8,-1.86,5,1,1,0,0,african-american,31,6,0,1,single,0.0,0.0,0.0,0.0,0.0,0.0
39518.0,6,-1.62,6,1,0,1,0,caucasian,31,2,1,1,significant other,0.0,0.0,1.0,1.0,0.0,0.0
54401.0,2,-2.65,2,0,0,0,0,other,31,1,0,0,single,0.0,0.0,0.0,0.0,0.0,1.0
52518.0,10,-1.45,7,1,1,1,0,caucasian,31,13,0,0,single,0.0,0.0,0.0,1.0,0.0,0.0
14837.0,8,-2.68,2,1,0,1,0,caucasian,31,9,0,1,single,0.0,0.0,0.0,1.0,0.0,0.0
58002.0,5,-2.08,4,1,0,1,1,caucasian,31,2,2,0,single,0.0,0.0,0.0,1.0,0.0,0.0
53393.0,2,-2.68,2,0,0,0,0,caucasian,31,1,0,0,single,0.0,0.0,0.0,1.0,0.0,0.0
56758.0,1,-3.0,1,1,0,0,0,caucasian,31,1,0,1,single,0.0,0.0,0.0,1.0,0.0,0.0
52219.0,5,-2.26,3,1,0,1,0,caucasian,31,3,0,0,single,0.0,0.0,0.0,1.0,0.0,0.0
58428.0,1,-3.1,1,0,0,0,1,african-american,31,0,0,0,significant other,0.0,0.0,1.0,0.0,0.0,0.0
53230.0,2,-2.94,2,0,0,0,1,caucasian,31,0,0,1,single,0.0,0.0,0.0,1.0,0.0,0.0
60903.0,2,-2.61,2,0,0,0,0,african-american,31,0,0,0,single,0.0,0.0,0.0,0.0,0.0,0.0
3857.0,10,-0.62,10,1,1,1,0,african-american,31,8,2,1,single,0.0,0.0,0.0,0.0,0.0,0.0
56192.0,1,-2.8,2,1,0,1,0,hispanic,31,0,0,1,significant other,0.0,0.0,1.0,0.0,1.0,0.0
52290.0,3,-2.33,3,0,0,0,0,other,31,0,0,1,single,0.0,0.0,0.0,0.0,0.0,1.0
53295.0,1,-2.98,1,0,0,0,0,hispanic,31,0,0,1,separated,0.0,1.0,0.0,0.0,1.0,0.0
56955.0,1,-2.85,2,0,0,0,0,african-american,31,1,0,0,single,0.0,0.0,0.0,0.0,0.0,0.0
60538.0,5,-2.57,2,1,0,1,0,caucasian,31,5,0,0,single,0.0,0.0,0.0,1.0,0.0,0.0
52623.0,7,-2.33,3,0,0,0,0,african-american,31,9,0,0,significant other,0.0,0.0,1.0,0.0,0.0,0.0
51274.0,2,-2.29,3,1,0,0,0,african-american,31,1,0,1,significant other,0.0,0.0,1.0,0.0,0.0,0.0
57164.0,2,-2.92,2,0,0,0,1,african-american,31,0,0,0,single,0.0,0.0,0.0,0.0,0.0,0.0
60032.0,5,-2.1,4,1,0,1,1,african-american,31,2,0,0,single,0.0,0.0,0.0,0.0,0.0,0.0
53691.0,3,-2.71,2,0,0,0,0,african-american,30,4,0,0,single,0.0,0.0,0.0,0.0,0.0,0.0
56996.0,4,-2.41,3,0,0,0,0,caucasian,30,2,0,0,single,0.0,0.0,0.0,1.0,0.0,0.0
54682.0,1,-2.96,1,1,0,1,0,african-american,30,0,0,1,significant other,0.0,0.0,1.0,0.0,0.0,0.0
59095.0,2,-2.7,2,0,0,0,0,caucasian,30,1,0,1,single,0.0,0.0,0.0,1.0,0.0,0.0
51807.0,10,-0.98,9,0,0,0,0,african-american,30,11,5,0,single,0.0,0.0,0.0,0.0,0.0,0.0
46884.0,4,-1.97,5,0,0,0,0,hispanic,30,7,0,1,single,0.0,0.0,0.0,0.0,1.0,0.0
52706.0,1,-2.94,2,0,0,0,0,african-american,30,1,0,0,single,0.0,0.0,0.0,0.0,0.0,0.0
53267.0,7,-1.94,5,1,1,1,0,african-american,30,4,0,1,single,0.0,0.0,0.0,0.0,0.0,0.0
56195.0,5,-2.48,3,1,0,1,0,african-american,30,2,0,0,single,0.0,0.0,0.0,0.0,0.0,0.0
62379.0,1,-3.0,1,0,0,0,0,african-american,30,0,0,1,significant other,0.0,0.0,1.0,0.0,0.0,0.0
58471.0,1,-3.0,1,0,0,0,0,african-american,30,0,0,0,significant other,0.0,0.0,1.0,0.0,0.0,0.0
12715.0,4,-1.61,6,1,1,1,0,hispanic,30,14,1,0,significant other,0.0,0.0,1.0,0.0,1.0,0.0
52668.0,6,-1.66,6,1,1,1,0,african-american,30,5,1,0,single,0.0,0.0,0.0,0.0,0.0,0.0
54164.0,9,-1.63,6,0,0,0,0,african-american,30,10,1,0,single,0.0,0.0,0.0,0.0,0.0,0.0
40426.0,2,-2.94,2,0,0,0,0,caucasian,30,4,0,0,single,0.0,0.0,0.0,1.0,0.0,0.0
47480.0,6,-1.99,4,1,0,1,0,african-american,30,10,0,0,single,0.0,0.0,0.0,0.0,0.0,0.0
53079.0,2,-2.33,3,0,0,0,0,african-american,30,1,0,1,single,0.0,0.0,0.0,0.0,0.0,0.0
53634.0,3,-2.8,2,1,0,0,0,african-american,30,1,0,0,significant other,0.0,0.0,1.0,0.0,0.0,0.0
52017.0,2,-2.45,3,0,0,0,0,caucasian,30,2,0,0,single,0.0,0.0,0.0,1.0,0.0,0.0
56345.0,6,-2.51,3,1,0,1,1,caucasian,30,0,0,0,single,0.0,0.0,0.0,1.0,0.0,0.0
52717.0,2,-2.77,2,0,0,0,0,african-american,30,4,0,0,single,0.0,0.0,0.0,0.0,0.0,0.0
36458.0,4,-1.97,5,0,0,0,0,hispanic,30,3,0,1,separated,0.0,1.0,0.0,0.0,1.0,0.0
60644.0,2,-2.92,2,0,0,0,0,african-american,30,1,1,1,other,1.0,0.0,0.0,0.0,0.0,0.0
52657.0,7,-1.19,8,0,0,0,0,african-american,30,1,0,0,single,0.0,0.0,0.0,0.0,0.0,0.0
51522.0,1,-2.94,2,1,0,1,0,african-american,30,0,0,1,single,0.0,0.0,0.0,0.0,0.0,0.0
50943.0,8,-2.33,3,1,0,1,0,other,30,5,0,1,single,0.0,0.0,0.0,0.0,0.0,1.0
3467.0,9,-1.42,7,1,0,1,0,african-american,30,14,1,0,single,0.0,0.0,0.0,0.0,0.0,0.0
62247.0,2,-2.54,3,0,0,0,1,african-american,30,0,0,0,single,0.0,0.0,0.0,0.0,0.0,0.0
23615.0,9,-0.94,9,1,0,1,0,african-american,30,8,0,0,single,0.0,0.0,0.0,0.0,0.0,0.0
59963.0,3,-2.87,2,0,0,0,0,african-american,30,7,1,0,single,0.0,0.0,0.0,0.0,0.0,0.0
61838.0,1,-3.1,1,0,0,0,0,african-american,30,0,0,1,single,0.0,0.0,0.0,0.0,0.0,0.0
61485.0,1,-2.98,1,1,0,1,0,caucasian,30,1,0,0,single,0.0,0.0,0.0,1.0,0.0,0.0
53022.0,2,-2.98,1,0,0,0,1,african-american,30,1,0,0,single,0.0,0.0,0.0,0.0,0.0,0.0
22566.0,8,-2.41,3,1,0,1,0,african-american,30,14,0,0,single,0.0,0.0,0.0,0.0,0.0,0.0
53333.0,2,-2.75,2,0,0,0,0,african-american,30,4,0,0,single,0.0,0.0,0.0,0.0,0.0,0.0
14639.0,8,-2.16,4,1,0,1,1,african-american,30,15,0,1,single,0.0,0.0,0.0,0.0,0.0,0.0
58352.0,2,-2.83,2,0,0,0,0,african-american,30,0,0,0,significant other,0.0,0.0,1.0,0.0,0.0,0.0
54880.0,2,-2.57,2,1,0,1,0,african-american,30,3,0,1,significant other,0.0,0.0,1.0,0.0,0.0,0.0
28633.0,9,-1.98,4,1,0,1,0,african-american,30,15,0,0,single,0.0,0.0,0.0,0.0,0.0,0.0
59117.0,3,-2.92,2,0,0,0,0,caucasian,30,0,0,1,single,0.0,0.0,0.0,1.0,0.0,0.0
54792.0,2,-2.82,2,0,0,0,1,caucasian,30,0,0,1,separated,0.0,1.0,0.0,1.0,0.0,0.0
60115.0,1,-2.98,1,0,0,0,0,hispanic,30,0,0,1,significant other,0.0,0.0,1.0,0.0,1.0,0.0
56456.0,2,-2.69,2,0,0,0,0,hispanic,30,1,0,0,significant other,0.0,0.0,1.0,0.0,1.0,0.0
61747.0,2,-2.9,2,0,0,0,0,african-american,30,3,0,0,single,0.0,0.0,0.0,0.0,0.0,0.0
50839.0,2,-2.9,2,0,0,0,1,african-american,30,0,0,0,single,0.0,0.0,0.0,0.0,0.0,0.0
52503.0,2,-2.7,2,0,0,0,0,other,30,0,0,0,significant other,0.0,0.0,1.0,0.0,0.0,1.0
55135.0,2,-2.59,2,0,0,0,0,african-american,30,2,0,0,single,0.0,0.0,0.0,0.0,0.0,0.0
54502.0,4,-2.29,3,0,0,0,0,caucasian,30,0,0,0,single,0.0,0.0,0.0,1.0,0.0,0.0
61689.0,1,-2.94,2,0,0,0,0,african-american,30,0,0,0,single,0.0,0.0,0.0,0.0,0.0,0.0
58670.0,1,-2.96,1,0,0,0,0,hispanic,30,0,0,1,significant other,0.0,0.0,1.0,0.0,1.0,0.0
59476.0,4,-2.86,2,1,0,1,0,african-american,30,0,0,0,single,0.0,0.0,0.0,0.0,0.0,0.0
53366.0,6,-2.09,4,1,1,0,0,african-american,30,8,2,0,single,0.0,0.0,0.0,0.0,0.0,0.0
54736.0,7,-2.06,4,0,0,0,1,african-american,30,2,0,0,single,0.0,0.0,0.0,0.0,0.0,0.0
57020.0,2,-2.64,2,0,0,0,0,hispanic,30,2,0,0,single,0.0,0.0,0.0,0.0,1.0,0.0
53338.0,7,-2.06,4,1,0,1,1,caucasian,30,3,0,0,single,0.0,0.0,0.0,1.0,0.0,0.0
53089.0,1,-2.92,2,0,0,0,0,african-american,30,1,0,1,single,0.0,0.0,0.0,0.0,0.0,0.0
59545.0,9,-1.46,7,1,0,1,1,african-american,30,15,0,0,single,0.0,0.0,0.0,0.0,0.0,0.0
59310.0,7,-2.26,3,1,0,1,1,african-american,30,11,0,0,single,0.0,0.0,0.0,0.0,0.0,0.0
50913.0,6,-2.21,4,1,0,1,0,african-american,30,6,0,0,separated,0.0,1.0,0.0,0.0,0.0,0.0
57089.0,2,-2.64,2,0,0,0,0,african-american,30,1,0,0,single,0.0,0.0,0.0,0.0,0.0,0.0
34284.0,3,-2.78,2,1,0,1,0,african-american,30,9,0,0,single,0.0,0.0,0.0,0.0,0.0,0.0
47196.0,8,-2.17,4,1,1,1,0,african-american,30,8,1,1,single,0.0,0.0,0.0,0.0,0.0,0.0
10984.0,3,-2.52,3,0,0,0,0,african-american,30,7,0,0,single,0.0,0.0,0.0,0.0,0.0,0.0
60141.0,10,-0.99,9,1,0,1,1,african-american,30,10,5,0,single,0.0,0.0,0.0,0.0,0.0,0.0
53927.0,9,-1.19,8,1,1,1,0,other,30,4,0,1,single,0.0,0.0,0.0,0.0,0.0,1.0
56348.0,2,-2.73,2,1,0,1,0,other,30,1,0,1,significant other,0.0,0.0,1.0,0.0,0.0,1.0
52167.0,6,-2.62,2,0,0,0,1,african-american,30,4,1,0,single,0.0,0.0,0.0,0.0,0.0,0.0
52855.0,4,-2.23,4,1,0,1,0,caucasian,30,4,3,0,single,0.0,0.0,0.0,1.0,0.0,0.0
52520.0,4,-2.26,3,1,0,1,0,african-american,30,1,0,0,single,0.0,0.0,0.0,0.0,0.0,0.0
59678.0,2,-2.72,2,1,1,1,0,african-american,30,0,0,0,single,0.0,0.0,0.0,0.0,0.0,0.0
60706.0,8,-1.52,6,0,0,0,0,african-american,30,1,0,1,single,0.0,0.0,0.0,0.0,0.0,0.0
60761.0,2,-2.88,2,0,0,0,0,caucasian,30,0,0,0,single,0.0,0.0,0.0,1.0,0.0,0.0
51462.0,2,-2.83,2,0,0,0,0,other,30,0,0,0,single,0.0,0.0,0.0,0.0,0.0,1.0
55489.0,4,-1.65,6,0,0,0,0,african-american,30,1,0,1,single,0.0,0.0,0.0,0.0,0.0,0.0
57631.0,10,-1.62,6,0,0,0,0,african-american,30,4,0,1,single,0.0,0.0,0.0,0.0,0.0,0.0
59474.0,1,-2.96,1,0,0,0,0,other,30,0,0,0,single,0.0,0.0,0.0,0.0,0.0,1.0
53906.0,4,-2.53,3,0,0,0,0,african-american,30,0,0,0,single,0.0,0.0,0.0,0.0,0.0,0.0
55115.0,4,-2.66,2,1,0,1,0,african-american,30,3,0,0,single,0.0,0.0,0.0,0.0,0.0,0.0
58473.0,2,-2.85,2,0,0,0,1,other,30,1,0,0,single,0.0,0.0,0.0,0.0,0.0,1.0
52763.0,5,-2.78,2,1,1,1,0,caucasian,30,10,0,0,single,0.0,0.0,0.0,1.0,0.0,0.0
52208.0,2,-2.64,2,1,0,1,0,african-american,30,3,0,0,single,0.0,0.0,0.0,0.0,0.0,0.0
59803.0,9,-2.26,3,1,0,1,1,african-american,30,1,0,0,single,0.0,0.0,0.0,0.0,0.0,0.0
5390.0,7,-2.46,3,1,0,1,0,african-american,30,6,1,1,single,0.0,0.0,0.0,0.0,0.0,0.0
52510.0,2,-2.64,2,0,0,0,1,hispanic,30,1,0,1,single,0.0,0.0,0.0,0.0,1.0,0.0
54097.0,4,-2.15,4,1,1,1,0,caucasian,30,3,0,0,single,0.0,0.0,0.0,1.0,0.0,0.0
62160.0,8,-2.1,4,1,1,1,0,african-american,30,2,0,0,single,0.0,0.0,0.0,0.0,0.0,0.0
53872.0,8,-1.55,6,1,1,1,0,caucasian,30,1,0,1,separated,0.0,1.0,0.0,1.0,0.0,0.0
56537.0,10,-1.11,8,0,0,0,0,african-american,30,18,3,1,single,0.0,0.0,0.0,0.0,0.0,0.0
60146.0,5,-2.93,2,1,0,1,1,african-american,30,0,0,1,single,0.0,0.0,0.0,0.0,0.0,0.0
13032.0,2,-2.48,3,0,0,0,0,african-american,30,1,0,1,single,0.0,0.0,0.0,0.0,0.0,0.0
61813.0,2,-2.77,2,0,0,0,0,african-american,30,4,0,1,single,0.0,0.0,0.0,0.0,0.0,0.0
35599.0,5,-2.52,3,0,0,0,0,african-american,30,3,0,0,single,0.0,0.0,0.0,0.0,0.0,0.0
5287.0,8,-2.39,3,1,0,1,1,african-american,30,8,0,0,single,0.0,0.0,0.0,0.0,0.0,0.0
61419.0,8,-2.58,2,1,0,1,0,caucasian,30,2,0,1,single,0.0,0.0,0.0,1.0,0.0,0.0
55567.0,4,-2.67,2,0,0,0,0,caucasian,30,4,0,0,single,0.0,0.0,0.0,1.0,0.0,0.0
50983.0,10,-1.37,7,1,1,1,1,african-american,30,14,5,0,single,0.0,0.0,0.0,0.0,0.0,0.0
57672.0,8,-2.11,4,1,0,1,0,african-american,30,7,0,0,single,0.0,0.0,0.0,0.0,0.0,0.0
54285.0,1,-2.78,2,0,0,0,0,caucasian,30,0,0,1,single,0.0,0.0,0.0,1.0,0.0,0.0
51805.0,4,-2.43,3,0,0,0,1,african-american,30,1,0,1,single,0.0,0.0,0.0,0.0,0.0,0.0
60013.0,4,-2.46,3,0,0,0,0,african-american,30,2,0,1,single,0.0,0.0,0.0,0.0,0.0,0.0
29601.0,3,-2.77,2,1,0,1,0,african-american,30,2,0,0,single,0.0,0.0,0.0,0.0,0.0,0.0
51547.0,1,-2.84,2,0,0,0,0,other,30,0,0,0,significant other,0.0,0.0,1.0,0.0,0.0,1.0
58417.0,3,-2.8,2,0,0,0,0,caucasian,30,0,0,0,single,0.0,0.0,0.0,1.0,0.0,0.0
60003.0,6,-1.48,7,1,0,1,0,african-american,30,14,0,0,single,0.0,0.0,0.0,0.0,0.0,0.0
51363.0,1,-2.88,2,0,0,0,0,caucasian,30,0,0,0,single,0.0,0.0,0.0,1.0,0.0,0.0
55116.0,1,-3.02,1,0,0,0,0,caucasian,30,1,0,1,single,0.0,0.0,0.0,1.0,0.0,0.0
52234.0,3,-2.69,2,1,0,0,0,other,30,6,0,1,significant other,0.0,0.0,1.0,0.0,0.0,1.0
51689.0,4,-2.29,3,1,1,1,0,african-american,30,5,0,0,single,0.0,0.0,0.0,0.0,0.0,0.0
53152.0,6,-2.57,2,1,0,1,0,african-american,30,10,1,0,single,0.0,0.0,0.0,0.0,0.0,0.0
60531.0,6,-1.87,5,1,0,1,0,caucasian,30,9,0,1,single,0.0,0.0,0.0,1.0,0.0,0.0
52002.0,2,-2.8,2,1,0,1,0,hispanic,30,1,0,0,single,0.0,0.0,0.0,0.0,1.0,0.0
58231.0,5,-2.59,2,0,0,0,1,african-american,30,4,0,0,single,0.0,0.0,0.0,0.0,0.0,0.0
57139.0,3,-2.74,2,0,0,0,1,caucasian,30,1,0,1,single,0.0,0.0,0.0,1.0,0.0,0.0
40315.0,9,-0.43,10,1,0,1,0,caucasian,30,9,0,0,single,0.0,0.0,0.0,1.0,0.0,0.0
51380.0,4,-1.89,5,0,0,0,0,caucasian,30,0,0,1,single,0.0,0.0,0.0,1.0,0.0,0.0
51127.0,2,-2.6,2,0,0,0,0,caucasian,30,1,0,1,single,0.0,0.0,0.0,1.0,0.0,0.0
52984.0,5,-2.77,2,0,0,0,1,caucasian,30,0,0,0,single,0.0,0.0,0.0,1.0,0.0,0.0
56857.0,4,-2.58,2,0,0,0,0,caucasian,30,0,0,0,single,0.0,0.0,0.0,1.0,0.0,0.0
54128.0,4,-2.66,2,1,0,1,1,caucasian,30,0,0,1,single,0.0,0.0,0.0,1.0,0.0,0.0
4973.0,9,-1.88,5,1,1,1,0,other,30,13,0,0,single,0.0,0.0,0.0,0.0,0.0,1.0
15606.0,8,-0.79,9,0,0,0,0,african-american,30,1,0,1,single,0.0,0.0,0.0,0.0,0.0,0.0
57505.0,9,-1.45,7,0,0,0,0,african-american,30,1,0,0,single,0.0,0.0,0.0,0.0,0.0,0.0
53370.0,4,-2.29,3,0,0,0,0,caucasian,30,3,0,1,single,0.0,0.0,0.0,1.0,0.0,0.0
56544.0,4,-1.57,6,1,0,1,0,african-american,30,5,0,0,single,0.0,0.0,0.0,0.0,0.0,0.0
53183.0,10,-1.41,7,1,0,1,0,african-american,30,7,0,0,single,0.0,0.0,0.0,0.0,0.0,0.0
51403.0,2,-2.56,2,0,0,0,0,african-american,30,2,0,1,single,0.0,0.0,0.0,0.0,0.0,0.0
51932.0,9,-1.4,7,0,0,0,0,african-american,30,0,0,1,single,0.0,0.0,0.0,0.0,0.0,0.0
57279.0,3,-2.73,2,0,0,0,0,hispanic,30,0,0,1,significant other,0.0,0.0,1.0,0.0,1.0,0.0
57710.0,1,-2.86,2,0,0,0,0,caucasian,30,0,0,1,single,0.0,0.0,0.0,1.0,0.0,0.0
25670.0,7,-1.1,8,0,0,0,0,caucasian,30,6,0,0,single,0.0,0.0,0.0,1.0,0.0,0.0
53280.0,8,-2.22,4,0,0,0,0,african-american,30,4,0,1,single,0.0,0.0,0.0,0.0,0.0,0.0
58493.0,7,-2.26,3,0,0,0,1,caucasian,30,7,0,1,single,0.0,0.0,0.0,1.0,0.0,0.0
61056.0,1,-2.88,2,0,0,0,0,caucasian,30,0,0,1,single,0.0,0.0,0.0,1.0,0.0,0.0
51124.0,8,-2.43,3,0,0,0,0,caucasian,30,1,0,0,single,0.0,0.0,0.0,1.0,0.0,0.0
58707.0,2,-2.94,2,0,0,0,1,african-american,30,0,0,1,single,0.0,0.0,0.0,0.0,0.0,0.0
51975.0,6,-2.22,4,1,1,1,0,african-american,30,1,0,0,single,0.0,0.0,0.0,0.0,0.0,0.0
57777.0,2,-2.9,2,0,0,0,1,african-american,30,0,0,1,single,0.0,0.0,0.0,0.0,0.0,0.0
53065.0,2,-2.76,2,0,0,0,0,caucasian,30,3,0,0,single,0.0,0.0,0.0,1.0,0.0,0.0
52093.0,9,-1.75,5,1,1,1,1,african-american,30,9,0,0,single,0.0,0.0,0.0,0.0,0.0,0.0
27796.0,7,-2.06,4,0,0,0,0,african-american,30,1,0,1,significant other,0.0,0.0,1.0,0.0,0.0,0.0
58391.0,1,-2.86,2,0,0,0,0,african-american,30,2,0,0,single,0.0,0.0,0.0,0.0,0.0,0.0
51793.0,1,-2.88,2,0,0,0,0,other,30,2,0,0,significant other,0.0,0.0,1.0,0.0,0.0,1.0
52333.0,7,-2.27,3,1,0,1,0,african-american,30,21,2,0,single,0.0,0.0,0.0,0.0,0.0,0.0
51681.0,7,-1.71,6,0,0,0,0,african-american,30,2,0,1,significant other,0.0,0.0,1.0,0.0,0.0,0.0
56134.0,7,-1.3,7,1,0,0,0,african-american,30,14,1,0,single,0.0,0.0,0.0,0.0,0.0,0.0
50967.0,5,-1.75,5,1,1,1,0,african-american,30,3,0,1,single,0.0,0.0,0.0,0.0,0.0,0.0
61817.0,3,-2.67,2,0,0,0,0,caucasian,30,3,0,1,single,0.0,0.0,0.0,1.0,0.0,0.0
59236.0,2,-2.47,3,1,0,1,0,caucasian,30,0,0,1,single,0.0,0.0,0.0,1.0,0.0,0.0
52500.0,3,-2.6,2,1,0,1,1,hispanic,30,0,0,1,separated,0.0,1.0,0.0,0.0,1.0,0.0
52489.0,2,-2.84,2,0,0,0,0,hispanic,30,0,0,0,single,0.0,0.0,0.0,0.0,1.0,0.0
59481.0,6,-1.94,5,1,0,1,0,other,30,0,0,1,single,0.0,0.0,0.0,0.0,0.0,1.0
52172.0,6,-1.84,5,1,0,1,0,african-american,30,2,0,0,single,0.0,0.0,0.0,0.0,0.0,0.0
53852.0,2,-2.82,2,1,0,1,0,hispanic,30,2,0,1,single,0.0,0.0,0.0,0.0,1.0,0.0
34614.0,5,-2.64,2,0,0,0,0,african-american,30,1,0,0,single,0.0,0.0,0.0,0.0,0.0,0.0
28533.0,7,-2.07,4,1,0,1,1,other,30,4,0,0,single,0.0,0.0,0.0,0.0,0.0,1.0
61777.0,1,-2.84,2,0,0,0,0,hispanic,30,0,0,0,significant other,0.0,0.0,1.0,0.0,1.0,0.0
52762.0,3,-2.48,3,0,0,0,1,african-american,30,4,0,0,single,0.0,0.0,0.0,0.0,0.0,0.0
58779.0,3,-2.54,3,0,0,0,1,african-american,30,0,0,1,significant other,0.0,0.0,1.0,0.0,0.0,0.0
60159.0,6,-1.96,5,0,0,0,1,caucasian,30,4,0,0,single,0.0,0.0,0.0,1.0,0.0,0.0
9305.0,10,-1.04,8,1,0,1,0,african-american,30,15,3,0,single,0.0,0.0,0.0,0.0,0.0,0.0
48248.0,7,-1.89,5,1,0,1,1,african-american,30,8,0,0,single,0.0,0.0,0.0,0.0,0.0,0.0
59189.0,1,-2.86,2,0,0,0,0,african-american,30,0,0,0,single,0.0,0.0,0.0,0.0,0.0,0.0
59656.0,1,-2.8,2,1,0,1,0,caucasian,30,0,0,1,separated,0.0,1.0,0.0,1.0,0.0,0.0
52915.0,3,-2.59,2,1,0,1,0,african-american,30,0,0,0,single,0.0,0.0,0.0,0.0,0.0,0.0
51161.0,7,-2.63,2,1,1,1,0,african-american,30,9,1,0,single,0.0,0.0,0.0,0.0,0.0,0.0
58013.0,1,-2.95,1,0,0,0,0,hispanic,30,0,0,1,single,0.0,0.0,0.0,0.0,1.0,0.0
21973.0,4,-2.1,4,0,0,0,1,african-american,30,3,0,0,single,0.0,0.0,0.0,0.0,0.0,0.0
54554.0,3,-2.62,2,1,0,1,0,caucasian,30,1,0,0,separated,0.0,1.0,0.0,1.0,0.0,0.0
54431.0,9,-1.57,6,1,1,1,0,african-american,30,5,1,0,single,0.0,0.0,0.0,0.0,0.0,0.0
54656.0,8,-1.46,7,1,1,1,0,hispanic,30,7,0,0,single,0.0,0.0,0.0,0.0,1.0,0.0
55742.0,6,-1.91,5,0,0,0,1,african-american,30,3,0,1,single,0.0,0.0,0.0,0.0,0.0,0.0
51666.0,10,-1.14,8,1,0,1,1,caucasian,30,5,0,0,single,0.0,0.0,0.0,1.0,0.0,0.0
57275.0,9,-2.25,3,1,0,1,0,african-american,30,12,0,0,single,0.0,0.0,0.0,0.0,0.0,0.0
52704.0,3,-2.53,3,0,0,0,0,caucasian,30,3,2,0,single,0.0,0.0,0.0,1.0,0.0,0.0
59739.0,5,-2.82,2,0,0,0,0,caucasian,30,1,0,0,single,0.0,0.0,0.0,1.0,0.0,0.0
57039.0,2,-2.94,2,0,0,0,1,caucasian,30,0,0,1,single,0.0,0.0,0.0,1.0,0.0,0.0
53466.0,2,-2.88,2,0,0,0,1,caucasian,30,1,1,0,single,0.0,0.0,0.0,1.0,0.0,0.0
50921.0,5,-2.51,3,1,0,1,0,african-american,30,6,0,0,single,0.0,0.0,0.0,0.0,0.0,0.0
58397.0,6,-1.95,5,0,0,0,0,african-american,30,0,0,0,single,0.0,0.0,0.0,0.0,0.0,0.0
60341.0,2,-2.79,2,0,0,0,1,african-american,30,3,0,0,single,0.0,0.0,0.0,0.0,0.0,0.0
3294.0,10,-1.18,8,1,0,1,0,african-american,30,18,2,0,single,0.0,0.0,0.0,0.0,0.0,0.0
54900.0,5,-2.21,4,1,0,1,0,other,30,5,0,0,single,0.0,0.0,0.0,0.0,0.0,1.0
36615.0,4,-1.85,5,1,1,1,0,african-american,30,10,0,1,single,0.0,0.0,0.0,0.0,0.0,0.0
62382.0,8,-2.04,4,0,0,0,0,other,30,2,0,0,single,0.0,0.0,0.0,0.0,0.0,1.0
59343.0,3,-2.76,2,1,0,1,0,caucasian,30,1,0,1,single,0.0,0.0,0.0,1.0,0.0,0.0
52336.0,1,-2.88,2,0,0,0,0,other,30,0,0,0,separated,0.0,1.0,0.0,0.0,0.0,1.0
4722.0,8,-2.29,3,1,0,1,0,african-american,30,8,0,0,single,0.0,0.0,0.0,0.0,0.0,0.0
60865.0,3,-2.6,2,0,0,0,1,african-american,30,0,0,1,single,0.0,0.0,0.0,0.0,0.0,0.0
51401.0,7,-2.36,3,0,0,0,0,hispanic,30,0,0,1,single,0.0,0.0,0.0,0.0,1.0,0.0
51295.0,7,-1.68,6,1,1,1,1,african-american,30,4,0,1,single,0.0,0.0,0.0,0.0,0.0,0.0
18283.0,8,-2.12,4,1,0,1,0,caucasian,30,4,0,0,single,0.0,0.0,0.0,1.0,0.0,0.0
58762.0,9,-1.37,7,0,0,0,0,hispanic,30,7,0,0,single,0.0,0.0,0.0,0.0,1.0,0.0
61640.0,1,-2.92,2,0,0,0,0,caucasian,30,0,0,0,significant other,0.0,0.0,1.0,1.0,0.0,0.0
58182.0,2,-2.74,2,0,0,0,0,african-american,30,1,0,0,significant other,0.0,0.0,1.0,0.0,0.0,0.0
57122.0,1,-2.94,2,0,0,0,0,african-american,30,1,0,0,significant other,0.0,0.0,1.0,0.0,0.0,0.0
53144.0,3,-2.9,2,0,0,0,1,caucasian,30,1,0,0,single,0.0,0.0,0.0,1.0,0.0,0.0
62374.0,1,-2.92,2,0,0,0,0,african-american,30,0,0,1,significant other,0.0,0.0,1.0,0.0,0.0,0.0
19164.0,10,-0.99,9,1,0,1,0,african-american,30,15,0,0,single,0.0,0.0,0.0,0.0,0.0,0.0
51465.0,9,-1.25,8,1,1,1,0,african-american,30,8,6,1,significant other,0.0,0.0,1.0,0.0,0.0,0.0
46149.0,7,-1.49,7,0,0,0,0,african-american,30,3,0,1,single,0.0,0.0,0.0,0.0,0.0,0.0
33731.0,9,-1.71,6,1,0,1,0,african-american,30,12,4,0,single,0.0,0.0,0.0,0.0,0.0,0.0
51248.0,2,-2.53,3,0,0,0,0,african-american,30,2,0,0,single,0.0,0.0,0.0,0.0,0.0,0.0
2766.0,5,-1.35,7,0,0,0,0,african-american,30,10,0,0,single,0.0,0.0,0.0,0.0,0.0,0.0
57570.0,2,-3.02,1,0,0,0,0,caucasian,30,0,0,1,single,0.0,0.0,0.0,1.0,0.0,0.0
60578.0,2,-2.78,2,0,0,0,1,african-american,30,2,0,0,single,0.0,0.0,0.0,0.0,0.0,0.0
54409.0,8,-2.53,3,0,0,0,0,african-american,30,11,4,0,single,0.0,0.0,0.0,0.0,0.0,0.0
53475.0,2,-2.73,2,1,0,1,0,caucasian,30,2,0,1,significant other,0.0,0.0,1.0,1.0,0.0,0.0
52731.0,6,-2.37,3,1,0,1,0,african-american,30,9,1,0,single,0.0,0.0,0.0,0.0,0.0,0.0
56859.0,3,-2.72,2,0,0,0,1,african-american,30,2,0,1,significant other,0.0,0.0,1.0,0.0,0.0,0.0
62533.0,4,-2.6,3,0,0,0,0,caucasian,30,3,0,0,single,0.0,0.0,0.0,1.0,0.0,0.0
52151.0,8,-1.8,5,0,0,0,1,caucasian,30,0,0,1,significant other,0.0,0.0,1.0,1.0,0.0,0.0
51213.0,2,-2.82,2,0,0,0,0,african-american,30,0,0,0,single,0.0,0.0,0.0,0.0,0.0,0.0
60436.0,1,-2.78,2,0,0,0,0,african-american,30,1,0,0,single,0.0,0.0,0.0,0.0,0.0,0.0
57130.0,2,-2.94,2,0,0,0,0,african-american,30,1,0,0,single,0.0,0.0,0.0,0.0,0.0,0.0
51369.0,4,-2.2,4,0,0,0,0,african-american,30,6,0,0,single,0.0,0.0,0.0,0.0,0.0,0.0
59552.0,2,-2.85,2,1,0,1,0,hispanic,30,1,0,0,single,0.0,0.0,0.0,0.0,1.0,0.0
11711.0,9,-1.33,7,1,1,1,0,other,30,6,0,0,single,0.0,0.0,0.0,0.0,0.0,1.0
55082.0,2,-2.49,3,0,0,0,0,caucasian,30,0,0,1,single,0.0,0.0,0.0,1.0,0.0,0.0
60656.0,2,-2.71,2,1,0,1,0,other,30,1,0,0,single,0.0,0.0,0.0,0.0,0.0,1.0
59760.0,1,-2.86,2,0,0,0,0,hispanic,30,1,0,1,single,0.0,0.0,0.0,0.0,1.0,0.0
56110.0,3,-2.73,2,0,0,0,0,african-american,30,5,0,1,single,0.0,0.0,0.0,0.0,0.0,0.0
9299.0,5,-2.49,3,1,1,1,0,hispanic,30,6,0,0,single,0.0,0.0,0.0,0.0,1.0,0.0
51963.0,4,-2.17,4,1,0,1,0,caucasian,30,2,1,1,single,0.0,0.0,0.0,1.0,0.0,0.0
46443.0,2,-2.92,2,1,0,0,0,african-american,30,3,1,0,single,0.0,0.0,0.0,0.0,0.0,0.0
35882.0,8,-1.09,8,1,0,1,0,caucasian,30,5,0,0,single,0.0,0.0,0.0,1.0,0.0,0.0
50976.0,4,-2.55,3,1,0,1,0,african-american,30,2,0,0,single,0.0,0.0,0.0,0.0,0.0,0.0
58764.0,8,-1.06,8,1,0,1,0,african-american,30,4,0,1,single,0.0,0.0,0.0,0.0,0.0,0.0
57474.0,1,-2.94,2,0,0,0,0,other,30,0,0,0,significant other,0.0,0.0,1.0,0.0,0.0,1.0
54421.0,10,-1.49,7,1,0,1,0,african-american,30,9,0,0,single,0.0,0.0,0.0,0.0,0.0,0.0
61104.0,9,-1.26,7,0,0,0,0,caucasian,30,2,0,1,significant other,0.0,0.0,1.0,1.0,0.0,0.0
13888.0,9,-1.06,8,1,0,0,0,african-american,30,5,0,1,single,0.0,0.0,0.0,0.0,0.0,0.0
58007.0,3,-2.86,2,0,0,0,1,caucasian,30,1,0,0,single,0.0,0.0,0.0,1.0,0.0,0.0
61194.0,3,-3.05,1,0,0,0,0,caucasian,30,0,0,0,single,0.0,0.0,0.0,1.0,0.0,0.0
45915.0,7,-1.83,5,0,0,0,0,african-american,30,1,0,0,single,0.0,0.0,0.0,0.0,0.0,0.0
59731.0,9,-0.75,9,1,0,1,0,african-american,30,7,1,0,single,0.0,0.0,0.0,0.0,0.0,0.0
53285.0,1,-3.0,1,0,0,0,0,other,30,3,2,1,significant other,0.0,0.0,1.0,0.0,0.0,1.0
53480.0,3,-2.69,2,1,0,1,0,hispanic,30,6,0,1,single,0.0,0.0,0.0,0.0,1.0,0.0
52375.0,10,-0.74,9,1,1,1,0,african-american,30,8,0,1,single,0.0,0.0,0.0,0.0,0.0,0.0
10634.0,10,-0.93,9,1,0,1,0,african-american,30,13,4,0,single,0.0,0.0,0.0,0.0,0.0,0.0
26082.0,9,-1.8,5,1,0,1,0,african-american,30,20,2,0,single,0.0,0.0,0.0,0.0,0.0,0.0
49888.0,3,-2.37,3,0,0,0,0,caucasian,30,1,1,0,single,0.0,0.0,0.0,1.0,0.0,0.0
53550.0,8,-2.19,4,1,0,1,0,african-american,30,11,0,0,single,0.0,0.0,0.0,0.0,0.0,0.0
61017.0,4,-2.09,4,1,0,1,0,african-american,30,9,1,1,single,0.0,0.0,0.0,0.0,0.0,0.0
57599.0,6,-2.37,3,1,1,1,1,african-american,30,3,0,0,single,0.0,0.0,0.0,0.0,0.0,0.0
61852.0,9,-1.74,5,1,0,1,0,caucasian,30,3,0,1,significant other,0.0,0.0,1.0,1.0,0.0,0.0
60344.0,2,-2.82,2,0,0,0,1,african-american,30,0,0,1,single,0.0,0.0,0.0,0.0,0.0,0.0
51704.0,6,-2.64,2,0,0,0,1,caucasian,30,1,0,1,single,0.0,0.0,0.0,1.0,0.0,0.0
42680.0,10,-1.42,7,1,0,1,0,african-american,30,19,1,0,single,0.0,0.0,0.0,0.0,0.0,0.0
60612.0,3,-2.64,2,0,0,0,0,caucasian,30,2,0,0,single,0.0,0.0,0.0,1.0,0.0,0.0
54703.0,1,-2.8,2,0,0,0,0,caucasian,30,0,0,1,significant other,0.0,0.0,1.0,1.0,0.0,0.0
60508.0,5,-2.72,2,0,0,0,1,caucasian,30,3,0,0,single,0.0,0.0,0.0,1.0,0.0,0.0
51499.0,5,-2.45,3,1,1,1,0,african-american,30,6,0,0,single,0.0,0.0,0.0,0.0,0.0,0.0
53233.0,6,-2.58,2,0,0,0,1,caucasian,30,0,0,1,single,0.0,0.0,0.0,1.0,0.0,0.0
53066.0,5,-2.26,3,0,0,0,0,african-american,30,0,0,0,single,0.0,0.0,0.0,0.0,0.0,0.0
56746.0,1,-2.88,2,0,0,0,0,other,30,1,0,0,significant other,0.0,0.0,1.0,0.0,0.0,1.0
52039.0,3,-2.65,2,1,0,0,0,african-american,29,7,0,0,single,0.0,0.0,0.0,0.0,0.0,0.0
58658.0,7,-1.98,4,1,0,1,1,caucasian,29,2,0,0,single,0.0,0.0,0.0,1.0,0.0,0.0
54532.0,6,-2.4,3,0,0,0,0,african-american,29,2,0,0,single,0.0,0.0,0.0,0.0,0.0,0.0
52522.0,2,-2.55,3,1,1,1,0,caucasian,29,0,0,0,single,0.0,0.0,0.0,1.0,0.0,0.0
59489.0,3,-2.68,2,0,0,0,0,caucasian,29,1,0,1,single,0.0,0.0,0.0,1.0,0.0,0.0
61627.0,1,-2.82,2,0,0,0,0,african-american,29,0,0,0,single,0.0,0.0,0.0,0.0,0.0,0.0
44921.0,7,-2.03,4,1,1,1,0,african-american,29,9,0,0,single,0.0,0.0,0.0,0.0,0.0,0.0
56426.0,5,-2.03,4,0,0,0,1,african-american,29,1,0,0,significant other,0.0,0.0,1.0,0.0,0.0,0.0
23661.0,9,-1.22,8,1,0,1,0,caucasian,29,6,0,0,single,0.0,0.0,0.0,1.0,0.0,0.0
52912.0,3,-2.47,3,1,0,1,0,caucasian,29,0,0,0,single,0.0,0.0,0.0,1.0,0.0,0.0
54672.0,10,-1.09,8,1,0,0,0,african-american,29,5,0,0,single,0.0,0.0,0.0,0.0,0.0,0.0
59198.0,4,-2.73,2,1,0,1,1,african-american,29,1,0,0,single,0.0,0.0,0.0,0.0,0.0,0.0
42656.0,9,-1.8,5,1,0,1,0,african-american,29,4,0,0,single,0.0,0.0,0.0,0.0,0.0,0.0
60713.0,1,-2.94,2,1,1,1,0,caucasian,29,0,0,1,single,0.0,0.0,0.0,1.0,0.0,0.0
43241.0,2,-2.21,4,1,0,1,0,african-american,29,12,0,0,single,0.0,0.0,0.0,0.0,0.0,0.0
56066.0,6,-1.01,8,1,0,1,0,african-american,29,6,3,0,single,0.0,0.0,0.0,0.0,0.0,0.0
15784.0,3,-2.11,4,0,0,0,0,african-american,29,7,0,0,single,0.0,0.0,0.0,0.0,0.0,0.0
6431.0,7,-1.81,5,1,0,1,0,african-american,29,5,0,0,single,0.0,0.0,0.0,0.0,0.0,0.0
53989.0,3,-2.54,3,0,0,0,1,other,29,0,0,0,single,0.0,0.0,0.0,0.0,0.0,1.0
60020.0,1,-2.94,2,0,0,0,0,caucasian,29,0,0,0,significant other,0.0,0.0,1.0,1.0,0.0,0.0
57862.0,8,-1.38,7,1,0,1,0,african-american,29,5,0,0,single,0.0,0.0,0.0,0.0,0.0,0.0
58370.0,7,-1.86,5,0,0,0,0,african-american,29,6,1,0,single,0.0,0.0,0.0,0.0,0.0,0.0
60016.0,1,-2.94,2,0,0,0,0,caucasian,29,0,0,1,single,0.0,0.0,0.0,1.0,0.0,0.0
56383.0,5,-2.17,4,0,0,0,1,african-american,29,3,0,0,single,0.0,0.0,0.0,0.0,0.0,0.0
53064.0,7,-2.45,3,1,0,0,1,african-american,29,5,0,0,single,0.0,0.0,0.0,0.0,0.0,0.0
52593.0,2,-2.31,3,1,0,1,0,african-american,29,0,0,1,single,0.0,0.0,0.0,0.0,0.0,0.0
59475.0,8,-1.21,8,1,1,1,0,african-american,29,3,1,1,single,0.0,0.0,0.0,0.0,0.0,0.0
56539.0,3,-2.58,2,0,0,0,0,african-american,29,2,0,0,single,0.0,0.0,0.0,0.0,0.0,0.0
61845.0,1,-3.02,1,0,0,0,0,african-american,29,0,0,1,single,0.0,0.0,0.0,0.0,0.0,0.0
58224.0,2,-2.64,2,0,0,0,0,african-american,29,0,0,0,single,0.0,0.0,0.0,0.0,0.0,0.0
42961.0,9,-1.57,6,1,1,1,0,african-american,29,8,0,1,single,0.0,0.0,0.0,0.0,0.0,0.0
15247.0,7,-1.89,5,1,0,1,1,african-american,29,9,0,0,single,0.0,0.0,0.0,0.0,0.0,0.0
7552.0,5,-1.89,5,0,0,0,1,caucasian,29,1,0,0,single,0.0,0.0,0.0,1.0,0.0,0.0
61784.0,1,-2.9,2,1,0,1,0,african-american,29,0,0,1,single,0.0,0.0,0.0,0.0,0.0,0.0
57414.0,4,-2.62,2,1,1,1,1,hispanic,29,0,0,0,single,0.0,0.0,0.0,0.0,1.0,0.0
61512.0,5,-2.1,4,0,0,0,1,african-american,29,0,0,0,single,0.0,0.0,0.0,0.0,0.0,0.0
53086.0,10,-0.58,10,0,0,0,0,caucasian,29,1,0,1,single,0.0,0.0,0.0,1.0,0.0,0.0
56196.0,5,-2.19,4,1,0,1,0,african-american,29,0,0,0,single,0.0,0.0,0.0,0.0,0.0,0.0
38924.0,8,-1.52,6,1,0,1,1,african-american,29,9,3,1,single,0.0,0.0,0.0,0.0,0.0,0.0
55063.0,4,-1.97,5,1,1,1,0,african-american,29,1,0,0,single,0.0,0.0,0.0,0.0,0.0,0.0
34944.0,9,-2.2,4,0,0,0,0,african-american,29,8,0,1,significant other,0.0,0.0,1.0,0.0,0.0,0.0
11116.0,10,-0.7,9,1,1,1,0,african-american,29,8,1,0,single,0.0,0.0,0.0,0.0,0.0,0.0
56001.0,3,-2.9,2,0,0,0,1,african-american,29,1,0,0,single,0.0,0.0,0.0,0.0,0.0,0.0
54196.0,8,-2.22,4,1,0,1,0,african-american,29,6,0,0,separated,0.0,1.0,0.0,0.0,0.0,0.0
59902.0,3,-2.36,3,0,0,0,0,african-american,29,0,0,0,separated,0.0,1.0,0.0,0.0,0.0,0.0
51561.0,8,-1.49,7,0,0,0,0,caucasian,29,4,0,0,single,0.0,0.0,0.0,1.0,0.0,0.0
59203.0,1,-2.76,2,0,0,0,0,hispanic,29,1,0,0,significant other,0.0,0.0,1.0,0.0,1.0,0.0
52958.0,4,-2.59,2,0,0,0,0,african-american,29,0,0,0,single,0.0,0.0,0.0,0.0,0.0,0.0
58346.0,6,-1.93,5,1,0,1,0,african-american,29,1,0,1,single,0.0,0.0,0.0,0.0,0.0,0.0
57281.0,1,-2.72,2,1,0,1,0,african-american,29,1,0,1,single,0.0,0.0,0.0,0.0,0.0,0.0
59957.0,1,-2.96,1,0,0,0,0,caucasian,29,0,0,1,single,0.0,0.0,0.0,1.0,0.0,0.0
15638.0,9,-1.09,8,1,0,1,0,african-american,29,17,1,0,single,0.0,0.0,0.0,0.0,0.0,0.0
56545.0,2,-2.36,3,0,0,0,0,caucasian,29,2,0,0,single,0.0,0.0,0.0,1.0,0.0,0.0
18644.0,10,-0.79,9,1,0,1,0,african-american,29,6,0,0,single,0.0,0.0,0.0,0.0,0.0,0.0
9358.0,7,-1.97,5,0,0,0,0,other,29,3,0,1,single,0.0,0.0,0.0,0.0,0.0,1.0
51774.0,2,-2.82,2,1,0,0,1,african-american,29,1,0,1,single,0.0,0.0,0.0,0.0,0.0,0.0
54754.0,2,-2.86,2,1,0,1,0,caucasian,29,1,0,0,single,0.0,0.0,0.0,1.0,0.0,0.0
53732.0,1,-2.86,2,0,0,0,0,caucasian,29,0,0,1,single,0.0,0.0,0.0,1.0,0.0,0.0
38682.0,9,-1.45,7,1,0,1,0,caucasian,29,8,0,1,single,0.0,0.0,0.0,1.0,0.0,0.0
51413.0,10,-0.73,9,1,0,1,0,african-american,29,7,0,1,single,0.0,0.0,0.0,0.0,0.0,0.0
62011.0,1,-3.02,1,0,0,0,0,hispanic,29,0,0,1,significant other,0.0,0.0,1.0,0.0,1.0,0.0
9544.0,10,-1.3,7,1,0,1,0,african-american,29,11,1,0,single,0.0,0.0,0.0,0.0,0.0,0.0
62012.0,1,-3.02,1,0,0,0,0,african-american,29,2,0,1,single,0.0,0.0,0.0,0.0,0.0,0.0
33757.0,7,-1.82,5,1,0,1,0,african-american,29,10,1,0,single,0.0,0.0,0.0,0.0,0.0,0.0
54634.0,2,-2.91,2,0,0,0,0,hispanic,29,1,1,1,single,0.0,0.0,0.0,0.0,1.0,0.0
57882.0,2,-2.76,2,0,0,0,1,african-american,29,0,0,1,single,0.0,0.0,0.0,0.0,0.0,0.0
51182.0,4,-2.71,2,0,0,0,0,hispanic,29,2,0,1,single,0.0,0.0,0.0,0.0,1.0,0.0
51026.0,9,-1.38,7,0,0,0,0,african-american,29,1,0,0,single,0.0,0.0,0.0,0.0,0.0,0.0
52247.0,2,-2.58,2,0,0,0,0,caucasian,29,0,0,1,single,0.0,0.0,0.0,1.0,0.0,0.0
53802.0,2,-2.74,2,0,0,0,1,caucasian,29,0,0,1,single,0.0,0.0,0.0,1.0,0.0,0.0
1636.0,7,-1.5,6,1,1,1,0,caucasian,29,7,0,1,single,0.0,0.0,0.0,1.0,0.0,0.0
57023.0,4,-1.99,4,0,0,0,0,hispanic,29,1,0,0,single,0.0,0.0,0.0,0.0,1.0,0.0
58948.0,6,-2.28,3,1,0,1,0,african-american,29,6,0,0,single,0.0,0.0,0.0,0.0,0.0,0.0
62285.0,4,-2.18,4,1,1,1,0,caucasian,29,0,0,1,other,1.0,0.0,0.0,1.0,0.0,0.0
57580.0,1,-2.84,2,0,0,0,0,caucasian,29,2,0,1,single,0.0,0.0,0.0,1.0,0.0,0.0
56549.0,3,-2.23,4,0,0,0,0,caucasian,29,1,0,0,single,0.0,0.0,0.0,1.0,0.0,0.0
54225.0,9,-1.53,6,0,0,0,0,african-american,29,7,0,0,single,0.0,0.0,0.0,0.0,0.0,0.0
58853.0,2,-2.53,3,0,0,0,0,caucasian,29,2,0,0,single,0.0,0.0,0.0,1.0,0.0,0.0
19329.0,8,-1.34,7,1,0,1,0,african-american,29,7,3,0,significant other,0.0,0.0,1.0,0.0,0.0,0.0
53855.0,1,-2.86,2,0,0,0,0,african-american,29,0,0,0,single,0.0,0.0,0.0,0.0,0.0,0.0
59273.0,4,-2.37,3,1,0,1,0,african-american,29,4,2,0,single,0.0,0.0,0.0,0.0,0.0,0.0
58964.0,4,-2.57,2,0,0,0,0,african-american,29,4,0,1,significant other,0.0,0.0,1.0,0.0,0.0,0.0
53810.0,2,-2.28,3,0,0,0,0,african-american,29,0,0,1,single,0.0,0.0,0.0,0.0,0.0,0.0
59400.0,3,-2.74,2,0,0,0,0,caucasian,29,1,0,1,single,0.0,0.0,0.0,1.0,0.0,0.0
59800.0,9,-2.33,3,0,0,0,0,hispanic,29,1,0,1,single,0.0,0.0,0.0,0.0,1.0,0.0
51120.0,2,-2.4,3,1,0,1,0,african-american,29,3,0,0,single,0.0,0.0,0.0,0.0,0.0,0.0
58871.0,2,-2.24,3,0,0,0,0,african-american,29,0,0,1,single,0.0,0.0,0.0,0.0,0.0,0.0
56337.0,4,-2.88,2,1,0,1,0,caucasian,29,3,0,0,single,0.0,0.0,0.0,1.0,0.0,0.0
29963.0,2,-2.53,3,0,0,0,0,caucasian,29,1,0,0,single,0.0,0.0,0.0,1.0,0.0,0.0
60989.0,3,-2.43,3,1,0,1,1,african-american,29,2,0,0,single,0.0,0.0,0.0,0.0,0.0,0.0
54894.0,6,-1.93,5,0,0,0,0,other,29,5,0,0,single,0.0,0.0,0.0,0.0,0.0,1.0
61118.0,3,-1.87,5,0,0,0,0,african-american,29,0,0,1,single,0.0,0.0,0.0,0.0,0.0,0.0
57727.0,2,-2.88,2,0,0,0,0,african-american,29,6,0,1,single,0.0,0.0,0.0,0.0,0.0,0.0
60240.0,2,-2.93,2,1,1,1,0,african-american,29,2,0,0,single,0.0,0.0,0.0,0.0,0.0,0.0
22489.0,10,-1.79,5,0,0,0,0,african-american,29,11,0,1,single,0.0,0.0,0.0,0.0,0.0,0.0
53996.0,1,-2.94,2,0,0,0,0,african-american,29,3,0,1,single,0.0,0.0,0.0,0.0,0.0,0.0
58124.0,2,-2.92,2,1,0,1,1,other,29,2,0,1,single,0.0,0.0,0.0,0.0,0.0,1.0
52243.0,7,-2.03,4,1,0,1,1,african-american,29,7,1,0,single,0.0,0.0,0.0,0.0,0.0,0.0
60119.0,4,-1.77,5,0,0,0,0,african-american,29,2,0,1,single,0.0,0.0,0.0,0.0,0.0,0.0
53178.0,1,-2.79,2,0,0,0,0,caucasian,29,0,0,0,single,0.0,0.0,0.0,1.0,0.0,0.0
53862.0,6,-2.31,3,1,0,1,0,african-american,29,6,0,0,single,0.0,0.0,0.0,0.0,0.0,0.0
60172.0,3,-2.92,2,0,0,0,0,caucasian,29,2,0,0,single,0.0,0.0,0.0,1.0,0.0,0.0
54764.0,8,-2.22,4,0,0,0,0,african-american,29,0,0,0,single,0.0,0.0,0.0,0.0,0.0,0.0
56632.0,3,-2.66,2,0,0,0,0,caucasian,29,1,0,0,single,0.0,0.0,0.0,1.0,0.0,0.0
56143.0,2,-2.62,2,0,0,0,0,hispanic,29,0,0,1,single,0.0,0.0,0.0,0.0,1.0,0.0
54212.0,4,-2.41,3,0,0,0,0,african-american,29,0,0,0,significant other,0.0,0.0,1.0,0.0,0.0,0.0
37324.0,10,-1.49,7,1,1,1,0,african-american,29,12,0,0,single,0.0,0.0,0.0,0.0,0.0,0.0
62077.0,6,-2.0,4,0,0,0,0,caucasian,29,1,0,1,significant other,0.0,0.0,1.0,1.0,0.0,0.0
58863.0,10,-1.02,8,1,0,1,0,african-american,29,16,1,0,single,0.0,0.0,0.0,0.0,0.0,0.0
53820.0,10,-1.28,7,0,0,0,0,african-american,29,16,1,0,single,0.0,0.0,0.0,0.0,0.0,0.0
56609.0,2,-2.9,2,1,1,1,1,hispanic,29,0,0,1,significant other,0.0,0.0,1.0,0.0,1.0,0.0
61087.0,2,-2.69,2,0,0,0,0,african-american,29,6,3,0,single,0.0,0.0,0.0,0.0,0.0,0.0
56194.0,2,-2.72,2,1,0,1,0,african-american,29,0,0,1,single,0.0,0.0,0.0,0.0,0.0,0.0
24318.0,8,-2.47,4,1,0,1,0,african-american,29,6,0,0,single,0.0,0.0,0.0,0.0,0.0,0.0
52498.0,1,-2.79,2,0,0,0,0,other,29,0,0,0,single,0.0,0.0,0.0,0.0,0.0,1.0
56322.0,7,-1.62,6,1,0,1,0,african-american,29,7,2,0,single,0.0,0.0,0.0,0.0,0.0,0.0
50975.0,6,-2.36,3,1,0,1,0,african-american,29,5,0,0,single,0.0,0.0,0.0,0.0,0.0,0.0
51687.0,4,-2.55,3,1,0,0,0,african-american,29,2,1,1,single,0.0,0.0,0.0,0.0,0.0,0.0
55110.0,1,-2.86,2,0,0,0,0,caucasian,29,1,0,0,single,0.0,0.0,0.0,1.0,0.0,0.0
50842.0,2,-2.69,2,1,0,1,0,caucasian,29,1,0,0,single,0.0,0.0,0.0,1.0,0.0,0.0
14288.0,10,-1.05,8,1,0,1,0,african-american,29,10,0,1,single,0.0,0.0,0.0,0.0,0.0,0.0
51210.0,9,-1.75,5,1,1,1,0,caucasian,29,10,5,0,single,0.0,0.0,0.0,1.0,0.0,0.0
52328.0,3,-2.07,4,1,0,1,0,african-american,29,3,0,1,single,0.0,0.0,0.0,0.0,0.0,0.0
21565.0,8,-1.8,5,0,0,0,0,african-american,29,5,0,0,single,0.0,0.0,0.0,0.0,0.0,0.0
56105.0,2,-2.65,2,0,0,0,1,african-american,29,1,0,1,single,0.0,0.0,0.0,0.0,0.0,0.0
11150.0,8,-2.25,3,1,1,1,0,african-american,29,7,0,1,single,0.0,0.0,0.0,0.0,0.0,0.0
61196.0,10,-1.81,5,1,1,1,0,african-american,29,3,1,0,single,0.0,0.0,0.0,0.0,0.0,0.0
58706.0,3,-2.84,2,0,0,0,1,caucasian,29,3,0,0,single,0.0,0.0,0.0,1.0,0.0,0.0
62071.0,10,-0.98,9,0,0,0,0,african-american,29,5,0,0,single,0.0,0.0,0.0,0.0,0.0,0.0
61218.0,10,-1.49,7,0,0,0,1,african-american,29,0,0,0,single,0.0,0.0,0.0,0.0,0.0,0.0
59795.0,1,-2.76,2,0,0,0,0,african-american,29,0,0,0,significant other,0.0,0.0,1.0,0.0,0.0,0.0
52829.0,4,-2.78,2,0,0,0,0,caucasian,29,1,0,0,separated,0.0,1.0,0.0,1.0,0.0,0.0
13747.0,7,-2.16,4,1,0,1,0,african-american,29,9,1,0,single,0.0,0.0,0.0,0.0,0.0,0.0
61764.0,4,-1.87,5,1,0,1,1,african-american,29,5,0,0,separated,0.0,1.0,0.0,0.0,0.0,0.0
54499.0,7,-1.87,5,1,0,1,0,caucasian,29,0,0,1,single,0.0,0.0,0.0,1.0,0.0,0.0
53371.0,2,-2.55,3,0,0,0,0,african-american,29,0,0,1,single,0.0,0.0,0.0,0.0,0.0,0.0
57744.0,7,-1.41,7,0,0,0,0,african-american,29,0,0,0,single,0.0,0.0,0.0,0.0,0.0,0.0
59126.0,6,-2.33,3,0,0,0,0,african-american,29,0,0,0,single,0.0,0.0,0.0,0.0,0.0,0.0
51432.0,3,-2.55,3,0,0,0,0,caucasian,29,2,0,0,single,0.0,0.0,0.0,1.0,0.0,0.0
51396.0,1,-2.83,2,0,0,0,0,african-american,29,0,0,0,single,0.0,0.0,0.0,0.0,0.0,0.0
53565.0,8,-1.37,7,1,0,1,0,caucasian,29,9,2,0,single,0.0,0.0,0.0,1.0,0.0,0.0
52069.0,5,-2.58,2,0,0,0,0,african-american,29,0,0,1,single,0.0,0.0,0.0,0.0,0.0,0.0
58674.0,8,-1.97,5,0,0,0,1,african-american,29,11,0,0,single,0.0,0.0,0.0,0.0,0.0,0.0
54595.0,8,-2.4,3,1,0,1,0,african-american,29,13,0,0,single,0.0,0.0,0.0,0.0,0.0,0.0
51938.0,9,-1.74,5,1,0,1,1,african-american,29,11,1,0,single,0.0,0.0,0.0,0.0,0.0,0.0
44871.0,9,-1.62,6,0,0,0,0,african-american,29,2,0,0,single,0.0,0.0,0.0,0.0,0.0,0.0
45766.0,8,-1.4,7,1,0,1,0,african-american,29,11,0,0,single,0.0,0.0,0.0,0.0,0.0,0.0
58885.0,2,-2.46,3,0,0,0,0,other,29,0,0,0,single,0.0,0.0,0.0,0.0,0.0,1.0
31059.0,6,-2.23,4,1,0,1,0,caucasian,29,12,0,1,single,0.0,0.0,0.0,1.0,0.0,0.0
58387.0,6,-1.9,5,0,0,0,0,african-american,29,2,0,0,single,0.0,0.0,0.0,0.0,0.0,0.0
59710.0,2,-2.9,2,0,0,0,1,african-american,29,0,0,0,single,0.0,0.0,0.0,0.0,0.0,0.0
53925.0,2,-2.55,3,0,0,0,0,caucasian,29,0,0,0,single,0.0,0.0,0.0,1.0,0.0,0.0
53898.0,6,-2.55,3,0,0,0,0,african-american,29,0,0,1,single,0.0,0.0,0.0,0.0,0.0,0.0
54320.0,3,-2.51,3,0,0,0,1,hispanic,29,0,0,0,significant other,0.0,0.0,1.0,0.0,1.0,0.0
51081.0,1,-2.67,2,0,0,0,0,african-american,29,1,0,1,single,0.0,0.0,0.0,0.0,0.0,0.0
55724.0,3,-2.98,1,0,0,0,0,caucasian,29,0,0,1,single,0.0,0.0,0.0,1.0,0.0,0.0
31249.0,5,-2.27,3,0,0,0,0,african-american,29,0,0,1,single,0.0,0.0,0.0,0.0,0.0,0.0
62333.0,4,-2.61,2,1,0,1,0,caucasian,29,6,0,0,single,0.0,0.0,0.0,1.0,0.0,0.0
51598.0,3,-2.12,4,1,1,1,0,african-american,29,2,1,1,significant other,0.0,0.0,1.0,0.0,0.0,0.0
56258.0,2,-2.77,2,0,0,0,0,african-american,29,0,0,1,single,0.0,0.0,0.0,0.0,0.0,0.0
59296.0,1,-2.74,2,0,0,0,0,african-american,29,0,0,1,single,0.0,0.0,0.0,0.0,0.0,0.0
51042.0,10,-0.31,10,0,0,0,1,african-american,29,2,0,0,single,0.0,0.0,0.0,0.0,0.0,0.0
6776.0,3,-2.13,4,1,0,1,0,african-american,29,11,0,0,single,0.0,0.0,0.0,0.0,0.0,0.0
59040.0,9,-1.57,6,0,0,0,0,african-american,29,0,0,0,significant other,0.0,0.0,1.0,0.0,0.0,0.0
55966.0,5,-2.06,4,1,0,0,0,caucasian,29,2,0,1,significant other,0.0,0.0,1.0,1.0,0.0,0.0
18604.0,4,-2.22,4,1,1,1,0,african-american,29,4,0,0,single,0.0,0.0,0.0,0.0,0.0,0.0
45573.0,5,-2.05,4,1,1,1,0,african-american,29,1,0,0,single,0.0,0.0,0.0,0.0,0.0,0.0
3574.0,5,-1.57,6,1,0,0,0,african-american,29,4,0,1,single,0.0,0.0,0.0,0.0,0.0,0.0
54505.0,8,-1.82,5,1,0,1,0,african-american,29,12,2,0,single,0.0,0.0,0.0,0.0,0.0,0.0
62408.0,3,-2.36,3,0,0,0,0,african-american,29,1,0,1,single,0.0,0.0,0.0,0.0,0.0,0.0
54223.0,2,-2.55,3,0,0,0,0,african-american,29,0,0,0,single,0.0,0.0,0.0,0.0,0.0,0.0
50968.0,6,-2.34,3,0,0,0,0,african-american,29,2,0,0,single,0.0,0.0,0.0,0.0,0.0,0.0
54096.0,9,-1.53,6,1,0,1,0,african-american,29,3,1,0,single,0.0,0.0,0.0,0.0,0.0,0.0
53999.0,4,-2.43,3,0,0,0,1,caucasian,29,0,0,0,significant other,0.0,0.0,1.0,1.0,0.0,0.0
56077.0,5,-2.51,3,0,0,0,0,african-american,29,2,0,1,single,0.0,0.0,0.0,0.0,0.0,0.0
54601.0,4,-2.78,2,0,0,0,0,african-american,29,2,0,1,single,0.0,0.0,0.0,0.0,0.0,0.0
52463.0,4,-2.31,3,0,0,0,1,hispanic,29,1,0,0,single,0.0,0.0,0.0,0.0,1.0,0.0
52352.0,4,-2.47,3,1,1,1,0,african-american,29,3,0,0,single,0.0,0.0,0.0,0.0,0.0,0.0
52281.0,1,-2.75,2,1,0,1,0,african-american,29,2,0,0,significant other,0.0,0.0,1.0,0.0,0.0,0.0
58244.0,2,-2.66,2,1,0,1,0,other,29,2,0,0,significant other,0.0,0.0,1.0,0.0,0.0,1.0
2715.0,9,-2.13,4,1,0,1,0,african-american,29,10,0,0,single,0.0,0.0,0.0,0.0,0.0,0.0
60165.0,4,-2.53,3,0,0,0,1,african-american,29,1,0,1,single,0.0,0.0,0.0,0.0,0.0,0.0
42708.0,6,-2.46,3,1,1,1,0,caucasian,29,4,0,1,single,0.0,0.0,0.0,1.0,0.0,0.0
54564.0,3,-2.66,2,0,0,0,0,hispanic,29,0,0,0,single,0.0,0.0,0.0,0.0,1.0,0.0
59031.0,5,-2.39,3,1,0,0,0,african-american,29,2,1,1,single,0.0,0.0,0.0,0.0,0.0,0.0
53736.0,4,-2.79,2,0,0,0,1,african-american,29,0,0,0,single,0.0,0.0,0.0,0.0,0.0,0.0
59461.0,8,-2.0,4,0,0,0,0,caucasian,29,8,1,1,single,0.0,0.0,0.0,1.0,0.0,0.0
23410.0,9,-1.15,8,1,0,1,0,caucasian,29,2,0,1,single,0.0,0.0,0.0,1.0,0.0,0.0
54947.0,4,-2.33,3,0,0,0,1,african-american,29,0,0,0,single,0.0,0.0,0.0,0.0,0.0,0.0
55223.0,3,-2.59,2,0,0,0,1,hispanic,29,0,0,1,single,0.0,0.0,0.0,0.0,1.0,0.0
3794.0,4,-2.35,3,1,0,0,0,african-american,29,7,0,0,single,0.0,0.0,0.0,0.0,0.0,0.0
52501.0,3,-2.33,3,0,0,0,0,caucasian,29,0,0,0,single,0.0,0.0,0.0,1.0,0.0,0.0
61660.0,7,-2.8,2,1,0,1,0,african-american,29,0,0,0,single,0.0,0.0,0.0,0.0,0.0,0.0
55008.0,3,-2.38,3,0,0,0,0,caucasian,29,0,0,1,single,0.0,0.0,0.0,1.0,0.0,0.0
37963.0,8,-1.03,8,0,0,0,0,african-american,29,1,0,0,single,0.0,0.0,0.0,0.0,0.0,0.0
50889.0,5,-1.98,4,1,0,1,0,hispanic,29,0,0,0,single,0.0,0.0,0.0,0.0,1.0,0.0
58415.0,2,-2.7,2,0,0,0,1,caucasian,29,0,0,1,single,0.0,0.0,0.0,1.0,0.0,0.0
59430.0,2,-2.7,2,1,0,1,0,african-american,29,0,0,0,significant other,0.0,0.0,1.0,0.0,0.0,0.0
50885.0,1,-2.82,2,0,0,0,0,other,29,0,0,0,single,0.0,0.0,0.0,0.0,0.0,1.0
57386.0,4,-2.37,3,1,0,1,0,african-american,29,2,0,0,single,0.0,0.0,0.0,0.0,0.0,0.0
55777.0,6,-2.35,3,0,0,0,0,caucasian,29,1,0,0,single,0.0,0.0,0.0,1.0,0.0,0.0
56334.0,8,-2.3,3,0,0,0,0,caucasian,29,0,0,0,significant other,0.0,0.0,1.0,1.0,0.0,0.0
53645.0,6,-2.43,3,0,0,0,1,caucasian,29,0,0,1,single,0.0,0.0,0.0,1.0,0.0,0.0
56531.0,6,-1.67,6,1,0,1,0,african-american,29,10,0,0,single,0.0,0.0,0.0,0.0,0.0,0.0
51981.0,5,-2.16,4,1,0,1,0,other,29,4,0,1,single,0.0,0.0,0.0,0.0,0.0,1.0
57704.0,4,-1.73,6,1,0,1,0,caucasian,29,1,0,0,single,0.0,0.0,0.0,1.0,0.0,0.0
58741.0,2,-2.58,2,0,0,0,0,other,29,1,0,0,significant other,0.0,0.0,1.0,0.0,0.0,1.0
17711.0,5,-2.64,2,1,1,1,0,caucasian,29,6,0,0,single,0.0,0.0,0.0,1.0,0.0,0.0
51962.0,10,-0.66,9,1,1,1,0,african-american,29,4,3,0,single,0.0,0.0,0.0,0.0,0.0,0.0
52664.0,7,-2.44,3,0,0,0,1,caucasian,29,0,0,1,significant other,0.0,0.0,1.0,1.0,0.0,0.0
54697.0,6,-2.56,2,0,0,0,0,other,29,3,0,0,single,0.0,0.0,0.0,0.0,0.0,1.0
54910.0,4,-2.36,3,0,0,0,0,african-american,29,1,0,1,single,0.0,0.0,0.0,0.0,0.0,0.0
58114.0,2,-2.77,2,0,0,0,0,hispanic,29,0,0,0,significant other,0.0,0.0,1.0,0.0,1.0,0.0
57998.0,2,-2.56,2,1,0,0,0,african-american,29,4,0,0,single,0.0,0.0,0.0,0.0,0.0,0.0
3438.0,10,-1.68,6,1,0,1,0,african-american,29,17,1,0,single,0.0,0.0,0.0,0.0,0.0,0.0
47826.0,3,-2.39,3,1,0,1,0,african-american,29,5,0,0,single,0.0,0.0,0.0,0.0,0.0,0.0
54492.0,2,-2.51,3,1,1,1,0,other,29,4,0,0,single,0.0,0.0,0.0,0.0,0.0,1.0
57493.0,9,-2.13,4,1,0,1,0,hispanic,29,7,0,0,single,0.0,0.0,0.0,0.0,1.0,0.0
60133.0,2,-2.82,2,0,0,0,1,african-american,29,0,0,0,separated,0.0,1.0,0.0,0.0,0.0,0.0
56613.0,1,-2.39,3,1,0,1,0,caucasian,29,2,0,0,significant other,0.0,0.0,1.0,1.0,0.0,0.0
53340.0,5,-2.46,3,0,0,0,0,african-american,29,0,0,0,single,0.0,0.0,0.0,0.0,0.0,0.0
59973.0,2,-2.66,2,0,0,0,0,african-american,29,0,0,1,significant other,0.0,0.0,1.0,0.0,0.0,0.0
53667.0,5,-1.75,5,0,0,0,0,african-american,29,2,1,0,single,0.0,0.0,0.0,0.0,0.0,0.0
52883.0,7,-2.34,3,0,0,0,1,caucasian,29,0,0,0,single,0.0,0.0,0.0,1.0,0.0,0.0
51253.0,2,-2.62,2,0,0,0,0,caucasian,29,0,0,1,single,0.0,0.0,0.0,1.0,0.0,0.0
61098.0,4,-2.09,4,1,0,1,0,caucasian,29,3,0,0,single,0.0,0.0,0.0,1.0,0.0,0.0
58412.0,2,-2.47,3,0,0,0,0,caucasian,29,5,0,0,single,0.0,0.0,0.0,1.0,0.0,0.0
35360.0,10,-0.78,9,0,0,0,0,african-american,29,8,0,0,single,0.0,0.0,0.0,0.0,0.0,0.0
7560.0,8,-0.96,9,1,1,0,0,african-american,29,4,0,0,single,0.0,0.0,0.0,0.0,0.0,0.0
4694.0,2,-2.72,2,0,0,0,0,other,29,0,0,0,significant other,0.0,0.0,1.0,0.0,0.0,1.0
33139.0,8,-2.23,4,0,0,0,0,african-american,29,5,0,0,single,0.0,0.0,0.0,0.0,0.0,0.0
56136.0,2,-2.64,2,0,0,0,1,african-american,28,1,0,0,single,0.0,0.0,0.0,0.0,0.0,0.0
16609.0,8,-1.68,6,1,0,0,0,other,28,9,0,0,single,0.0,0.0,0.0,0.0,0.0,1.0
58237.0,2,-2.48,3,0,0,0,0,african-american,28,0,0,0,single,0.0,0.0,0.0,0.0,0.0,0.0
22888.0,5,-2.08,7,1,0,1,0,african-american,28,5,0,1,single,0.0,0.0,0.0,0.0,0.0,0.0
42445.0,5,-1.91,5,0,0,0,0,african-american,28,4,0,0,single,0.0,0.0,0.0,0.0,0.0,0.0
12806.0,8,-1.1,8,1,1,1,0,hispanic,28,3,0,0,single,0.0,0.0,0.0,0.0,1.0,0.0
57840.0,2,-2.3,3,1,1,1,0,caucasian,28,2,0,0,single,0.0,0.0,0.0,1.0,0.0,0.0
59837.0,2,-2.94,2,0,0,0,1,african-american,28,0,0,1,separated,0.0,1.0,0.0,0.0,0.0,0.0
54315.0,4,-2.51,3,1,0,0,0,african-american,28,2,0,1,significant other,0.0,0.0,1.0,0.0,0.0,0.0
53868.0,5,-2.66,2,1,0,1,0,caucasian,28,3,0,1,significant other,0.0,0.0,1.0,1.0,0.0,0.0
37721.0,9,-0.83,9,0,0,0,0,african-american,28,6,4,1,single,0.0,0.0,0.0,0.0,0.0,0.0
52130.0,1,-2.74,2,0,0,0,0,caucasian,28,2,0,1,single,0.0,0.0,0.0,1.0,0.0,0.0
51870.0,2,-2.68,2,0,0,0,0,hispanic,28,1,0,0,single,0.0,0.0,0.0,0.0,1.0,0.0
57738.0,7,-2.15,4,1,0,1,0,caucasian,28,1,0,0,single,0.0,0.0,0.0,1.0,0.0,0.0
61278.0,4,-2.55,3,1,1,1,0,caucasian,28,1,0,0,single,0.0,0.0,0.0,1.0,0.0,0.0
56256.0,1,-2.75,2,0,0,0,0,african-american,28,0,0,1,single,0.0,0.0,0.0,0.0,0.0,0.0
56872.0,1,-2.7,2,0,0,0,0,caucasian,28,2,0,0,single,0.0,0.0,0.0,1.0,0.0,0.0
57655.0,5,-2.28,3,0,0,0,0,caucasian,28,1,0,0,single,0.0,0.0,0.0,1.0,0.0,0.0
56535.0,2,-2.51,3,0,0,0,0,african-american,28,1,0,1,single,0.0,0.0,0.0,0.0,0.0,0.0
56242.0,4,-2.1,4,0,0,0,0,african-american,28,5,0,0,single,0.0,0.0,0.0,0.0,0.0,0.0
56717.0,2,-2.72,2,0,0,0,0,african-american,28,3,0,0,single,0.0,0.0,0.0,0.0,0.0,0.0
17175.0,6,-1.53,6,1,1,1,0,african-american,28,6,0,1,separated,0.0,1.0,0.0,0.0,0.0,0.0
53334.0,6,-2.12,4,1,0,1,0,african-american,28,2,0,0,single,0.0,0.0,0.0,0.0,0.0,0.0
7329.0,6,-2.65,2,1,0,1,1,caucasian,28,3,0,0,single,0.0,0.0,0.0,1.0,0.0,0.0
59811.0,4,-2.26,3,0,0,0,1,caucasian,28,0,0,1,single,0.0,0.0,0.0,1.0,0.0,0.0
53279.0,2,-2.56,2,0,0,0,0,caucasian,28,1,0,1,single,0.0,0.0,0.0,1.0,0.0,0.0
57054.0,2,-2.63,2,1,0,1,0,african-american,28,1,0,0,single,0.0,0.0,0.0,0.0,0.0,0.0
61487.0,1,-2.79,2,0,0,0,0,african-american,28,6,0,0,separated,0.0,1.0,0.0,0.0,0.0,0.0
52806.0,3,-2.23,4,0,0,0,1,african-american,28,0,0,0,single,0.0,0.0,0.0,0.0,0.0,0.0
58657.0,10,-1.97,5,0,0,0,0,african-american,28,11,3,0,single,0.0,0.0,0.0,0.0,0.0,0.0
60897.0,1,-2.54,3,0,0,0,0,african-american,28,0,0,0,single,0.0,0.0,0.0,0.0,0.0,0.0
60171.0,4,-2.25,3,0,0,0,0,caucasian,28,6,0,0,single,0.0,0.0,0.0,1.0,0.0,0.0
50924.0,2,-2.52,3,0,0,0,0,hispanic,28,0,0,1,single,0.0,0.0,0.0,0.0,1.0,0.0
52380.0,2,-2.66,2,0,0,0,1,african-american,28,1,0,0,single,0.0,0.0,0.0,0.0,0.0,0.0
56309.0,7,-1.11,8,0,0,0,0,african-american,28,3,0,0,single,0.0,0.0,0.0,0.0,0.0,0.0
52957.0,4,-1.95,5,0,0,0,0,african-american,28,0,0,0,single,0.0,0.0,0.0,0.0,0.0,0.0
60397.0,3,-2.74,2,0,0,0,0,african-american,28,1,0,0,single,0.0,0.0,0.0,0.0,0.0,0.0
61634.0,3,-2.53,3,1,1,1,0,other,28,1,0,0,single,0.0,0.0,0.0,0.0,0.0,1.0
9982.0,7,-2.29,3,1,0,1,0,african-american,28,12,1,1,single,0.0,0.0,0.0,0.0,0.0,0.0
54780.0,2,-2.74,2,0,0,0,1,other,28,1,1,0,significant other,0.0,0.0,1.0,0.0,0.0,1.0
53970.0,7,-2.21,4,1,0,1,1,african-american,28,10,0,1,significant other,0.0,0.0,1.0,0.0,0.0,0.0
53843.0,5,-2.19,4,0,0,0,1,hispanic,28,2,0,1,separated,0.0,1.0,0.0,0.0,1.0,0.0
58363.0,5,-2.3,3,1,0,1,0,african-american,28,10,0,0,significant other,0.0,0.0,1.0,0.0,0.0,0.0
61616.0,1,-2.86,2,1,1,1,0,african-american,28,1,0,0,single,0.0,0.0,0.0,0.0,0.0,0.0
54964.0,3,-2.72,2,0,0,0,0,caucasian,28,3,0,0,significant other,0.0,0.0,1.0,1.0,0.0,0.0
58256.0,3,-2.51,3,0,0,0,1,african-american,28,0,0,1,single,0.0,0.0,0.0,0.0,0.0,0.0
51254.0,2,-2.38,3,1,0,1,0,caucasian,28,1,0,0,single,0.0,0.0,0.0,1.0,0.0,0.0
14432.0,8,-2.28,3,1,0,1,0,african-american,28,20,0,0,single,0.0,0.0,0.0,0.0,0.0,0.0
57192.0,4,-2.52,3,0,0,0,0,caucasian,28,4,0,0,single,0.0,0.0,0.0,1.0,0.0,0.0
28048.0,7,-2.36,3,0,0,0,1,african-american,28,4,0,0,single,0.0,0.0,0.0,0.0,0.0,0.0
58429.0,2,-2.72,2,0,0,0,1,caucasian,28,0,0,1,single,0.0,0.0,0.0,1.0,0.0,0.0
51574.0,3,-2.49,3,1,1,1,0,caucasian,28,2,0,0,single,0.0,0.0,0.0,1.0,0.0,0.0
51683.0,7,-1.47,7,1,0,1,0,caucasian,28,3,0,0,single,0.0,0.0,0.0,1.0,0.0,0.0
61984.0,3,-2.88,2,0,0,0,0,caucasian,28,0,0,1,single,0.0,0.0,0.0,1.0,0.0,0.0
44229.0,5,-1.89,5,0,0,0,0,african-american,28,12,1,0,significant other,0.0,0.0,1.0,0.0,0.0,0.0
54883.0,1,-2.84,2,0,0,0,0,caucasian,28,1,0,0,single,0.0,0.0,0.0,1.0,0.0,0.0
51174.0,2,-2.62,2,0,0,0,1,african-american,28,0,0,1,single,0.0,0.0,0.0,0.0,0.0,0.0
59886.0,8,-2.03,4,1,0,1,0,african-american,28,9,0,0,single,0.0,0.0,0.0,0.0,0.0,0.0
52273.0,3,-2.52,3,1,0,1,0,caucasian,28,3,0,1,single,0.0,0.0,0.0,1.0,0.0,0.0
33606.0,6,-1.53,6,1,0,0,0,african-american,28,8,1,0,single,0.0,0.0,0.0,0.0,0.0,0.0
1499.0,6,-1.73,6,1,0,1,0,african-american,28,8,0,0,single,0.0,0.0,0.0,0.0,0.0,0.0
6768.0,8,-1.57,6,0,0,0,0,caucasian,28,9,2,1,single,0.0,0.0,0.0,1.0,0.0,0.0
11169.0,10,-1.33,7,1,1,1,0,african-american,28,18,0,0,single,0.0,0.0,0.0,0.0,0.0,0.0
58663.0,1,-2.83,2,0,0,0,0,other,28,2,0,1,single,0.0,0.0,0.0,0.0,0.0,1.0
54130.0,1,-2.7,2,1,0,1,0,hispanic,28,0,0,1,significant other,0.0,0.0,1.0,0.0,1.0,0.0
51783.0,7,-2.36,3,1,0,0,1,caucasian,28,1,0,0,significant other,0.0,0.0,1.0,1.0,0.0,0.0
12856.0,6,-1.79,5,1,1,1,0,african-american,28,12,0,1,single,0.0,0.0,0.0,0.0,0.0,0.0
54596.0,2,-2.44,3,1,0,1,0,african-american,28,0,0,1,single,0.0,0.0,0.0,0.0,0.0,0.0
25296.0,7,-1.55,6,1,0,1,0,african-american,28,10,1,0,single,0.0,0.0,0.0,0.0,0.0,0.0
53462.0,4,-1.88,5,1,0,1,0,african-american,28,1,0,0,single,0.0,0.0,0.0,0.0,0.0,0.0
40921.0,5,-2.52,3,1,0,1,0,african-american,28,7,0,0,single,0.0,0.0,0.0,0.0,0.0,0.0
14425.0,6,-1.94,5,1,0,1,1,caucasian,28,7,0,0,single,0.0,0.0,0.0,1.0,0.0,0.0
53483.0,8,-2.29,3,1,0,1,1,african-american,28,0,0,1,single,0.0,0.0,0.0,0.0,0.0,0.0
57144.0,10,-0.5,10,0,0,0,0,african-american,28,5,0,0,single,0.0,0.0,0.0,0.0,0.0,0.0
54269.0,2,-2.7,2,0,0,0,1,caucasian,28,0,0,1,single,0.0,0.0,0.0,1.0,0.0,0.0
61291.0,3,-2.45,3,1,1,1,0,african-american,28,0,0,0,single,0.0,0.0,0.0,0.0,0.0,0.0
49366.0,8,-1.44,7,1,0,1,0,african-american,28,8,0,0,single,0.0,0.0,0.0,0.0,0.0,0.0
58659.0,5,-2.48,3,1,0,1,0,hispanic,28,3,0,0,single,0.0,0.0,0.0,0.0,1.0,0.0
9795.0,8,-1.4,7,1,1,1,0,african-american,28,8,0,0,single,0.0,0.0,0.0,0.0,0.0,0.0
61546.0,2,-2.66,2,0,0,0,0,african-american,28,1,0,0,single,0.0,0.0,0.0,0.0,0.0,0.0
59531.0,1,-2.75,2,0,0,0,0,caucasian,28,0,0,1,significant other,0.0,0.0,1.0,1.0,0.0,0.0
44965.0,9,-1.55,6,0,0,0,1,caucasian,28,7,0,0,significant other,0.0,0.0,1.0,1.0,0.0,0.0
56486.0,7,-2.07,4,0,0,0,0,caucasian,28,0,0,0,single,0.0,0.0,0.0,1.0,0.0,0.0
52291.0,5,-1.45,7,0,0,0,0,african-american,28,2,0,0,single,0.0,0.0,0.0,0.0,0.0,0.0
1923.0,10,-1.51,6,0,0,0,0,african-american,28,7,1,0,single,0.0,0.0,0.0,0.0,0.0,0.0
57582.0,2,-2.59,2,1,0,1,0,african-american,28,4,0,0,significant other,0.0,0.0,1.0,0.0,0.0,0.0
33217.0,9,-2.53,3,0,0,0,0,caucasian,28,14,0,0,single,0.0,0.0,0.0,1.0,0.0,0.0
55164.0,2,-2.1,4,1,0,1,0,hispanic,28,0,0,1,single,0.0,0.0,0.0,0.0,1.0,0.0
53151.0,2,-2.78,2,0,0,0,1,african-american,28,0,0,1,single,0.0,0.0,0.0,0.0,0.0,0.0
27433.0,6,-1.79,5,0,0,0,0,african-american,28,5,1,1,single,0.0,0.0,0.0,0.0,0.0,0.0
43536.0,9,-1.56,6,1,0,0,0,african-american,28,5,0,0,single,0.0,0.0,0.0,0.0,0.0,0.0
40810.0,9,-1.35,7,0,0,0,0,african-american,28,3,0,1,single,0.0,0.0,0.0,0.0,0.0,0.0
53911.0,2,-2.74,2,0,0,0,0,african-american,28,3,0,1,single,0.0,0.0,0.0,0.0,0.0,0.0
16964.0,6,-1.91,5,1,1,1,0,african-american,28,11,0,0,single,0.0,0.0,0.0,0.0,0.0,0.0
63579.0,3,-2.33,4,0,0,0,1,caucasian,28,0,0,1,separated,0.0,1.0,0.0,1.0,0.0,0.0
3506.0,10,-1.36,7,1,0,1,0,african-american,28,7,0,0,single,0.0,0.0,0.0,0.0,0.0,0.0
59470.0,5,-2.2,4,0,0,0,0,hispanic,28,1,0,0,single,0.0,0.0,0.0,0.0,1.0,0.0
59323.0,2,-2.63,2,0,0,0,1,caucasian,28,0,0,0,single,0.0,0.0,0.0,1.0,0.0,0.0
59055.0,2,-2.71,2,0,0,0,1,other,28,0,0,0,single,0.0,0.0,0.0,0.0,0.0,1.0
52713.0,10,-0.57,10,0,0,0,0,caucasian,28,1,0,0,single,0.0,0.0,0.0,1.0,0.0,0.0
53551.0,3,-2.5,3,0,0,0,0,african-american,28,1,0,1,significant other,0.0,0.0,1.0,0.0,0.0,0.0
8105.0,8,-1.62,6,1,0,1,0,african-american,28,11,2,0,single,0.0,0.0,0.0,0.0,0.0,0.0
58817.0,5,-2.14,4,0,0,0,1,african-american,28,3,0,0,single,0.0,0.0,0.0,0.0,0.0,0.0
53716.0,7,-2.32,3,0,0,0,0,caucasian,28,0,0,0,single,0.0,0.0,0.0,1.0,0.0,0.0
56401.0,3,-2.72,2,1,1,1,0,african-american,28,7,0,1,single,0.0,0.0,0.0,0.0,0.0,0.0
50857.0,9,-1.38,7,0,0,0,1,african-american,28,1,0,0,single,0.0,0.0,0.0,0.0,0.0,0.0
53907.0,2,-2.73,2,0,0,0,0,caucasian,28,0,0,0,single,0.0,0.0,0.0,1.0,0.0,0.0
55118.0,6,-2.32,3,0,0,0,1,caucasian,28,0,0,0,single,0.0,0.0,0.0,1.0,0.0,0.0
12229.0,10,-0.35,10,1,1,0,0,african-american,28,21,2,0,single,0.0,0.0,0.0,0.0,0.0,0.0
6505.0,9,-1.16,8,1,1,1,0,african-american,28,6,1,0,single,0.0,0.0,0.0,0.0,0.0,0.0
56677.0,1,-2.82,2,0,0,0,0,african-american,28,1,0,0,single,0.0,0.0,0.0,0.0,0.0,0.0
48304.0,3,-2.7,2,0,0,0,0,african-american,28,10,0,0,single,0.0,0.0,0.0,0.0,0.0,0.0
58846.0,4,-2.42,3,0,0,0,1,african-american,28,4,1,0,single,0.0,0.0,0.0,0.0,0.0,0.0
60029.0,2,-2.59,2,1,0,1,0,african-american,28,0,0,1,significant other,0.0,0.0,1.0,0.0,0.0,0.0
53004.0,7,-2.31,3,0,0,0,0,african-american,28,1,0,1,single,0.0,0.0,0.0,0.0,0.0,0.0
51503.0,2,-2.54,3,1,1,1,0,caucasian,28,0,0,1,single,0.0,0.0,0.0,1.0,0.0,0.0
42341.0,7,-1.88,5,1,0,1,0,african-american,28,9,0,0,single,0.0,0.0,0.0,0.0,0.0,0.0
47021.0,7,-1.19,8,1,1,1,0,african-american,28,14,0,0,single,0.0,0.0,0.0,0.0,0.0,0.0
56765.0,4,-2.17,4,0,0,0,0,hispanic,28,0,0,0,single,0.0,0.0,0.0,0.0,1.0,0.0
57745.0,4,-1.39,7,1,0,1,1,african-american,28,1,1,1,single,0.0,0.0,0.0,0.0,0.0,0.0
53488.0,5,-1.93,5,0,0,0,1,african-american,28,1,0,0,single,0.0,0.0,0.0,0.0,0.0,0.0
58582.0,5,-2.06,4,0,0,0,0,african-american,28,2,0,1,single,0.0,0.0,0.0,0.0,0.0,0.0
54117.0,4,-2.82,2,0,0,0,0,hispanic,28,0,0,0,single,0.0,0.0,0.0,0.0,1.0,0.0
53166.0,5,-2.06,3,1,0,1,1,african-american,28,6,0,1,single,0.0,0.0,0.0,0.0,0.0,0.0
57343.0,4,-1.95,5,1,0,1,0,african-american,28,2,1,0,single,0.0,0.0,0.0,0.0,0.0,0.0
59483.0,3,-2.4,3,0,0,0,1,african-american,28,3,0,0,single,0.0,0.0,0.0,0.0,0.0,0.0
15371.0,5,-2.09,4,1,0,1,0,african-american,28,2,0,1,single,0.0,0.0,0.0,0.0,0.0,0.0
37543.0,8,-1.55,6,0,0,0,0,hispanic,28,2,0,0,single,0.0,0.0,0.0,0.0,1.0,0.0
28378.0,3,-2.79,2,0,0,0,0,caucasian,28,3,0,0,single,0.0,0.0,0.0,1.0,0.0,0.0
62212.0,3,-2.34,3,1,0,1,0,hispanic,28,3,1,0,single,0.0,0.0,0.0,0.0,1.0,0.0
57863.0,3,-2.14,4,0,0,0,0,caucasian,28,1,0,1,single,0.0,0.0,0.0,1.0,0.0,0.0
60354.0,3,-2.79,2,1,0,1,0,african-american,28,3,0,1,single,0.0,0.0,0.0,0.0,0.0,0.0
47819.0,7,-1.69,6,0,0,0,0,caucasian,28,5,0,1,single,0.0,0.0,0.0,1.0,0.0,0.0
4349.0,5,-1.86,5,0,0,0,0,hispanic,28,3,0,1,single,0.0,0.0,0.0,0.0,1.0,0.0
55106.0,4,-1.75,5,1,0,0,0,african-american,28,1,0,0,significant other,0.0,0.0,1.0,0.0,0.0,0.0
51976.0,4,-2.33,3,0,0,0,0,caucasian,28,2,1,1,significant other,0.0,0.0,1.0,1.0,0.0,0.0
55448.0,5,-2.12,4,1,0,1,0,caucasian,28,5,0,0,single,0.0,0.0,0.0,1.0,0.0,0.0
38886.0,7,-1.49,7,0,0,0,0,african-american,28,1,0,0,single,0.0,0.0,0.0,0.0,0.0,0.0
57240.0,8,-2.19,4,0,0,0,1,african-american,28,5,0,0,single,0.0,0.0,0.0,0.0,0.0,0.0
39564.0,10,-1.39,7,1,0,1,0,african-american,28,12,10,0,single,0.0,0.0,0.0,0.0,0.0,0.0
52545.0,8,-1.51,6,1,0,1,0,hispanic,28,8,0,1,single,0.0,0.0,0.0,0.0,1.0,0.0
54222.0,3,-2.67,2,0,0,0,0,caucasian,28,0,0,0,single,0.0,0.0,0.0,1.0,0.0,0.0
58123.0,6,-1.58,6,0,0,0,0,caucasian,28,2,0,0,single,0.0,0.0,0.0,1.0,0.0,0.0
50252.0,2,-2.54,3,0,0,0,0,other,28,3,0,0,single,0.0,0.0,0.0,0.0,0.0,1.0
53642.0,3,-2.5,3,1,0,1,1,african-american,28,1,0,0,single,0.0,0.0,0.0,0.0,0.0,0.0
61150.0,2,-2.47,3,0,0,0,0,african-american,28,0,0,0,single,0.0,0.0,0.0,0.0,0.0,0.0
52751.0,8,-1.35,7,0,0,0,0,hispanic,28,3,0,0,single,0.0,0.0,0.0,0.0,1.0,0.0
43712.0,8,-0.83,9,1,1,1,0,african-american,28,16,9,0,single,0.0,0.0,0.0,0.0,0.0,0.0
58129.0,3,-2.58,2,0,0,0,1,caucasian,28,2,0,0,significant other,0.0,0.0,1.0,1.0,0.0,0.0
31761.0,4,-2.47,3,0,0,0,1,caucasian,28,3,1,1,single,0.0,0.0,0.0,1.0,0.0,0.0
62008.0,2,-2.67,2,1,0,1,0,african-american,28,4,0,1,significant other,0.0,0.0,1.0,0.0,0.0,0.0
51242.0,2,-2.42,3,1,0,0,0,african-american,28,2,0,0,single,0.0,0.0,0.0,0.0,0.0,0.0
54515.0,4,-2.58,2,0,0,0,0,african-american,28,2,0,1,single,0.0,0.0,0.0,0.0,0.0,0.0
53290.0,5,-2.7,2,1,0,1,0,african-american,28,5,0,0,single,0.0,0.0,0.0,0.0,0.0,0.0
50956.0,10,-0.62,10,0,0,0,0,african-american,28,5,2,0,significant other,0.0,0.0,1.0,0.0,0.0,0.0
7881.0,7,-2.11,4,0,0,0,0,african-american,28,7,0,1,single,0.0,0.0,0.0,0.0,0.0,0.0
13459.0,9,-0.95,9,1,1,1,1,african-american,28,9,0,1,single,0.0,0.0,0.0,0.0,0.0,0.0
54912.0,4,-2.69,2,0,0,0,0,caucasian,28,1,0,0,single,0.0,0.0,0.0,1.0,0.0,0.0
53441.0,4,-2.38,3,1,1,1,0,caucasian,28,0,0,1,single,0.0,0.0,0.0,1.0,0.0,0.0
54273.0,3,-2.15,4,0,0,0,0,other,28,2,0,0,significant other,0.0,0.0,1.0,0.0,0.0,1.0
2920.0,4,-1.69,6,0,0,0,0,african-american,28,1,0,0,single,0.0,0.0,0.0,0.0,0.0,0.0
43011.0,5,-1.9,5,1,1,1,0,african-american,28,5,1,0,single,0.0,0.0,0.0,0.0,0.0,0.0
44649.0,10,-0.93,9,1,0,1,1,caucasian,28,6,0,1,single,0.0,0.0,0.0,1.0,0.0,0.0
53461.0,4,-1.95,5,0,0,0,0,caucasian,28,0,0,1,single,0.0,0.0,0.0,1.0,0.0,0.0
36003.0,5,-1.99,4,0,0,0,0,caucasian,28,5,0,0,single,0.0,0.0,0.0,1.0,0.0,0.0
55715.0,3,-2.48,3,0,0,0,1,hispanic,28,2,0,0,single,0.0,0.0,0.0,0.0,1.0,0.0
51170.0,5,-2.39,3,0,0,0,1,caucasian,28,0,0,0,single,0.0,0.0,0.0,1.0,0.0,0.0
52257.0,6,-2.33,3,1,0,1,0,african-american,28,3,0,1,single,0.0,0.0,0.0,0.0,0.0,0.0
55770.0,3,-2.36,3,0,0,0,0,african-american,28,0,0,1,single,0.0,0.0,0.0,0.0,0.0,0.0
52260.0,5,-2.3,3,1,0,1,0,african-american,28,5,0,0,significant other,0.0,0.0,1.0,0.0,0.0,0.0
29728.0,7,-1.43,7,0,0,0,0,hispanic,28,11,0,1,single,0.0,0.0,0.0,0.0,1.0,0.0
58436.0,6,-2.16,4,0,0,0,0,african-american,28,1,0,0,single,0.0,0.0,0.0,0.0,0.0,0.0
8888.0,5,-1.91,5,0,0,0,0,african-american,28,1,0,1,single,0.0,0.0,0.0,0.0,0.0,0.0
56263.0,5,-2.72,2,0,0,0,1,caucasian,28,1,0,1,single,0.0,0.0,0.0,1.0,0.0,0.0
53625.0,3,-2.45,3,1,0,0,0,african-american,28,2,0,0,significant other,0.0,0.0,1.0,0.0,0.0,0.0
59651.0,8,-1.33,7,1,0,1,0,african-american,28,7,1,0,single,0.0,0.0,0.0,0.0,0.0,0.0
60886.0,6,-2.34,3,1,0,1,0,caucasian,28,4,3,1,single,0.0,0.0,0.0,1.0,0.0,0.0
58003.0,9,-1.73,6,1,0,1,1,caucasian,28,7,0,0,single,0.0,0.0,0.0,1.0,0.0,0.0
9376.0,5,-1.6,6,1,0,1,0,african-american,28,2,0,0,single,0.0,0.0,0.0,0.0,0.0,0.0
58034.0,8,-1.6,6,0,0,0,0,african-american,28,5,0,1,single,0.0,0.0,0.0,0.0,0.0,0.0
51757.0,2,-2.38,3,0,0,0,0,african-american,28,0,0,1,single,0.0,0.0,0.0,0.0,0.0,0.0
56301.0,2,-2.5,3,0,0,0,0,african-american,28,0,0,0,separated,0.0,1.0,0.0,0.0,0.0,0.0
41449.0,7,-1.93,5,1,0,1,0,african-american,28,10,0,1,single,0.0,0.0,0.0,0.0,0.0,0.0
54024.0,2,-2.62,2,0,0,0,0,hispanic,28,0,0,0,single,0.0,0.0,0.0,0.0,1.0,0.0
59986.0,3,-2.34,3,1,1,1,0,african-american,28,1,0,1,single,0.0,0.0,0.0,0.0,0.0,0.0
52673.0,3,-2.6,2,1,1,1,0,hispanic,28,2,0,0,single,0.0,0.0,0.0,0.0,1.0,0.0
61213.0,4,-2.14,4,0,0,0,1,caucasian,28,1,0,1,single,0.0,0.0,0.0,1.0,0.0,0.0
57532.0,2,-2.76,2,0,0,0,1,african-american,28,0,0,1,single,0.0,0.0,0.0,0.0,0.0,0.0
62127.0,1,-2.8,2,1,0,1,0,caucasian,28,1,0,0,single,0.0,0.0,0.0,1.0,0.0,0.0
21513.0,8,-2.34,3,1,0,1,0,african-american,28,6,0,1,significant other,0.0,0.0,1.0,0.0,0.0,0.0
53301.0,7,-0.86,9,0,0,0,0,african-american,28,4,0,0,single,0.0,0.0,0.0,0.0,0.0,0.0
53899.0,2,-2.3,3,1,0,1,0,caucasian,28,0,0,0,single,0.0,0.0,0.0,1.0,0.0,0.0
51063.0,7,-1.07,8,1,0,1,0,african-american,28,5,3,0,single,0.0,0.0,0.0,0.0,0.0,0.0
48223.0,3,-2.16,4,1,0,1,0,african-american,28,9,0,0,significant other,0.0,0.0,1.0,0.0,0.0,0.0
58733.0,7,-1.39,7,1,0,1,0,african-american,28,0,0,1,single,0.0,0.0,0.0,0.0,0.0,0.0
53023.0,4,-2.41,3,1,0,1,0,caucasian,28,6,0,1,significant other,0.0,0.0,1.0,1.0,0.0,0.0
53027.0,6,-2.59,2,0,0,0,0,african-american,28,5,0,1,single,0.0,0.0,0.0,0.0,0.0,0.0
61672.0,5,-2.44,3,0,0,0,0,caucasian,28,1,0,0,single,0.0,0.0,0.0,1.0,0.0,0.0
58252.0,3,-2.62,2,0,0,0,0,hispanic,28,1,0,0,significant other,0.0,0.0,1.0,0.0,1.0,0.0
4855.0,8,-1.32,7,1,0,0,0,african-american,28,4,0,0,single,0.0,0.0,0.0,0.0,0.0,0.0
34179.0,7,-1.95,5,1,1,1,0,caucasian,28,5,0,1,single,0.0,0.0,0.0,1.0,0.0,0.0
57046.0,6,-2.06,4,1,0,1,0,african-american,28,3,0,0,single,0.0,0.0,0.0,0.0,0.0,0.0
51942.0,3,-2.53,3,1,0,1,0,african-american,28,0,0,1,single,0.0,0.0,0.0,0.0,0.0,0.0
60306.0,4,-2.58,2,1,0,1,0,african-american,28,1,0,0,single,0.0,0.0,0.0,0.0,0.0,0.0
53661.0,2,-2.58,2,0,0,0,1,hispanic,28,0,0,0,single,0.0,0.0,0.0,0.0,1.0,0.0
53193.0,4,-2.31,3,1,0,1,0,african-american,28,0,0,1,single,0.0,0.0,0.0,0.0,0.0,0.0
54198.0,2,-2.58,2,0,0,0,0,caucasian,28,0,0,0,single,0.0,0.0,0.0,1.0,0.0,0.0
56320.0,8,-2.04,4,0,0,0,0,african-american,28,5,0,0,single,0.0,0.0,0.0,0.0,0.0,0.0
62327.0,4,-2.0,4,1,0,1,1,african-american,28,3,0,0,single,0.0,0.0,0.0,0.0,0.0,0.0
59562.0,8,-0.65,9,1,0,1,0,african-american,28,25,0,0,single,0.0,0.0,0.0,0.0,0.0,0.0
53926.0,1,-2.62,2,0,0,0,0,other,28,0,0,1,separated,0.0,1.0,0.0,0.0,0.0,1.0
58074.0,4,-2.3,3,0,0,0,0,caucasian,28,9,1,1,single,0.0,0.0,0.0,1.0,0.0,0.0
51756.0,6,-1.79,5,1,0,0,0,caucasian,28,11,0,0,single,0.0,0.0,0.0,1.0,0.0,0.0
53438.0,3,-2.66,2,0,0,0,0,caucasian,28,0,0,0,single,0.0,0.0,0.0,1.0,0.0,0.0
51653.0,7,-1.69,6,1,0,1,0,african-american,28,4,0,0,single,0.0,0.0,0.0,0.0,0.0,0.0
53037.0,3,-2.54,3,1,1,1,1,african-american,28,0,0,0,separated,0.0,1.0,0.0,0.0,0.0,0.0
57075.0,9,-1.67,6,1,0,1,0,african-american,28,6,0,0,single,0.0,0.0,0.0,0.0,0.0,0.0
34642.0,6,-1.86,5,1,1,1,0,african-american,28,4,0,0,single,0.0,0.0,0.0,0.0,0.0,0.0
56910.0,2,-2.31,3,1,0,1,0,african-american,28,2,0,0,single,0.0,0.0,0.0,0.0,0.0,0.0
53008.0,2,-2.35,3,1,0,1,0,caucasian,28,1,0,1,single,0.0,0.0,0.0,1.0,0.0,0.0
23464.0,4,-2.1,4,0,0,0,0,african-american,28,2,0,0,single,0.0,0.0,0.0,0.0,0.0,0.0
53729.0,2,-2.62,2,0,0,0,1,african-american,28,2,0,1,single,0.0,0.0,0.0,0.0,0.0,0.0
60793.0,3,-2.42,3,0,0,0,1,african-american,28,0,0,0,single,0.0,0.0,0.0,0.0,0.0,0.0
59116.0,2,-2.48,3,1,1,1,0,african-american,28,4,0,1,single,0.0,0.0,0.0,0.0,0.0,0.0
57148.0,7,-1.11,8,0,0,0,0,caucasian,28,2,0,0,single,0.0,0.0,0.0,1.0,0.0,0.0
51741.0,7,-2.45,3,0,0,0,0,hispanic,28,1,0,1,single,0.0,0.0,0.0,0.0,1.0,0.0
52255.0,8,-1.43,7,0,0,0,1,african-american,28,5,0,1,single,0.0,0.0,0.0,0.0,0.0,0.0
41373.0,3,-2.12,4,1,1,1,0,african-american,28,4,0,1,significant other,0.0,0.0,1.0,0.0,0.0,0.0
27232.0,10,0.11,10,1,1,1,0,african-american,28,6,0,0,single,0.0,0.0,0.0,0.0,0.0,0.0
56483.0,5,-2.02,4,0,0,0,0,african-american,28,9,0,1,single,0.0,0.0,0.0,0.0,0.0,0.0
52117.0,8,-2.53,3,0,0,0,1,caucasian,28,3,0,0,single,0.0,0.0,0.0,1.0,0.0,0.0
63177.0,4,-1.37,3,0,0,0,0,african-american,28,4,1,0,single,0.0,0.0,0.0,0.0,0.0,0.0
56716.0,4,-2.26,3,1,0,1,1,caucasian,28,0,0,0,single,0.0,0.0,0.0,1.0,0.0,0.0
57280.0,6,-1.42,7,1,0,1,0,caucasian,28,0,0,0,single,0.0,0.0,0.0,1.0,0.0,0.0
62425.0,6,-1.07,8,1,0,1,0,caucasian,28,8,0,0,single,0.0,0.0,0.0,1.0,0.0,0.0
58498.0,8,-1.53,6,0,0,0,1,african-american,28,0,0,0,single,0.0,0.0,0.0,0.0,0.0,0.0
57860.0,3,-2.08,4,1,1,1,0,caucasian,28,2,0,1,significant other,0.0,0.0,1.0,1.0,0.0,0.0
39483.0,2,-2.59,2,0,0,0,0,caucasian,28,1,0,1,single,0.0,0.0,0.0,1.0,0.0,0.0
11314.0,9,-0.54,10,1,0,1,0,caucasian,28,7,0,0,single,0.0,0.0,0.0,1.0,0.0,0.0
53278.0,2,-2.45,3,0,0,0,0,caucasian,27,0,0,1,single,0.0,0.0,0.0,1.0,0.0,0.0
58575.0,3,-2.25,3,0,0,0,0,african-american,27,3,0,1,single,0.0,0.0,0.0,0.0,0.0,0.0
60411.0,2,-2.44,3,0,0,0,0,african-american,27,0,0,0,single,0.0,0.0,0.0,0.0,0.0,0.0
60090.0,9,-1.44,7,0,0,0,0,caucasian,27,1,0,0,single,0.0,0.0,0.0,1.0,0.0,0.0
58232.0,4,-1.99,4,1,0,1,0,african-american,27,0,0,0,single,0.0,0.0,0.0,0.0,0.0,0.0
54509.0,5,-2.38,3,0,0,0,1,african-american,27,3,0,0,single,0.0,0.0,0.0,0.0,0.0,0.0
51062.0,3,-2.18,4,0,0,0,0,caucasian,27,0,0,0,single,0.0,0.0,0.0,1.0,0.0,0.0
57861.0,1,-2.78,2,0,0,0,0,african-american,27,1,0,0,single,0.0,0.0,0.0,0.0,0.0,0.0
58225.0,4,-2.32,3,1,0,0,0,caucasian,27,6,4,0,single,0.0,0.0,0.0,1.0,0.0,0.0
58406.0,3,-2.5,3,0,0,0,1,caucasian,27,2,0,0,single,0.0,0.0,0.0,1.0,0.0,0.0
61385.0,2,-2.86,2,0,0,0,1,caucasian,27,0,0,0,single,0.0,0.0,0.0,1.0,0.0,0.0
61432.0,3,-2.48,3,0,0,0,0,african-american,27,2,0,0,single,0.0,0.0,0.0,0.0,0.0,0.0
59978.0,2,-2.78,2,1,0,1,0,african-american,27,2,0,0,single,0.0,0.0,0.0,0.0,0.0,0.0
55795.0,5,-2.23,4,0,0,0,1,african-american,27,2,0,1,single,0.0,0.0,0.0,0.0,0.0,0.0
61941.0,3,-2.56,2,0,0,0,1,african-american,27,1,1,0,single,0.0,0.0,0.0,0.0,0.0,0.0
61741.0,6,-2.13,4,1,0,1,1,african-american,27,12,0,1,single,0.0,0.0,0.0,0.0,0.0,0.0
58208.0,1,-2.78,2,0,0,0,0,other,27,0,0,1,significant other,0.0,0.0,1.0,0.0,0.0,1.0
48922.0,8,-1.32,7,1,1,1,0,african-american,27,10,1,0,single,0.0,0.0,0.0,0.0,0.0,0.0
57971.0,2,-2.59,2,0,0,0,0,caucasian,27,1,0,1,single,0.0,0.0,0.0,1.0,0.0,0.0
2607.0,7,-2.68,2,0,0,0,0,caucasian,27,4,0,0,single,0.0,0.0,0.0,1.0,0.0,0.0
47035.0,5,-2.48,3,1,0,1,0,african-american,27,6,0,0,single,0.0,0.0,0.0,0.0,0.0,0.0
50962.0,5,-2.17,4,0,0,0,0,caucasian,27,0,0,1,single,0.0,0.0,0.0,1.0,0.0,0.0
59638.0,2,-2.16,4,0,0,0,0,african-american,27,0,0,0,single,0.0,0.0,0.0,0.0,0.0,0.0
5689.0,4,-1.78,5,1,0,1,0,african-american,27,2,1,0,single,0.0,0.0,0.0,0.0,0.0,0.0
50919.0,5,-2.37,3,1,0,1,0,african-american,27,2,0,1,single,0.0,0.0,0.0,0.0,0.0,0.0
52272.0,5,-2.32,3,1,0,1,0,african-american,27,5,1,1,single,0.0,0.0,0.0,0.0,0.0,0.0
59251.0,4,-2.12,4,0,0,0,0,caucasian,27,0,0,0,single,0.0,0.0,0.0,1.0,0.0,0.0
2223.0,4,-1.98,4,0,0,0,0,african-american,27,4,0,0,single,0.0,0.0,0.0,0.0,0.0,0.0
60450.0,2,-2.38,3,1,1,1,0,african-american,27,0,0,1,significant other,0.0,0.0,1.0,0.0,0.0,0.0
49873.0,4,-2.5,3,1,0,1,0,african-american,27,7,0,0,single,0.0,0.0,0.0,0.0,0.0,0.0
53890.0,5,-2.38,3,0,0,0,0,african-american,27,1,0,1,single,0.0,0.0,0.0,0.0,0.0,0.0
58686.0,2,-2.46,3,0,0,0,0,african-american,27,1,0,0,single,0.0,0.0,0.0,0.0,0.0,0.0
53734.0,1,-2.69,2,0,0,0,0,african-american,27,0,0,1,single,0.0,0.0,0.0,0.0,0.0,0.0
53730.0,6,-1.48,7,1,1,1,0,caucasian,27,0,0,0,single,0.0,0.0,0.0,1.0,0.0,0.0
51671.0,1,-2.65,2,0,0,0,0,other,27,0,0,0,single,0.0,0.0,0.0,0.0,0.0,1.0
60882.0,8,-1.71,6,0,0,0,0,hispanic,27,0,0,1,single,0.0,0.0,0.0,0.0,1.0,0.0
51920.0,3,-2.5,3,0,0,0,0,hispanic,27,1,0,0,single,0.0,0.0,0.0,0.0,1.0,0.0
57472.0,2,-2.54,3,1,0,1,0,hispanic,27,0,0,0,other,1.0,0.0,0.0,0.0,1.0,0.0
57492.0,3,-2.34,3,0,0,0,1,african-american,27,1,0,0,other,1.0,0.0,0.0,0.0,0.0,0.0
22345.0,2,-2.74,2,1,0,1,0,african-american,27,4,0,0,single,0.0,0.0,0.0,0.0,0.0,0.0
49377.0,2,-2.68,2,0,0,0,0,african-american,27,2,0,1,single,0.0,0.0,0.0,0.0,0.0,0.0
22759.0,7,-1.84,5,1,1,1,0,african-american,27,8,1,1,single,0.0,0.0,0.0,0.0,0.0,0.0
51173.0,7,-2.15,4,1,0,1,0,hispanic,27,1,0,0,single,0.0,0.0,0.0,0.0,1.0,0.0
23407.0,10,-0.19,10,1,0,1,0,african-american,27,7,0,0,single,0.0,0.0,0.0,0.0,0.0,0.0
52423.0,5,-2.31,3,0,0,0,0,caucasian,27,8,0,0,single,0.0,0.0,0.0,1.0,0.0,0.0
53226.0,2,-2.45,3,1,0,1,0,other,27,0,0,0,significant other,0.0,0.0,1.0,0.0,0.0,1.0
55928.0,8,-1.4,7,1,0,1,1,caucasian,27,4,0,1,single,0.0,0.0,0.0,1.0,0.0,0.0
50841.0,4,-2.33,3,0,0,0,1,african-american,27,0,0,1,single,0.0,0.0,0.0,0.0,0.0,0.0
53167.0,7,-2.18,4,1,1,1,0,african-american,27,17,2,0,single,0.0,0.0,0.0,0.0,0.0,0.0
51078.0,3,-2.41,3,1,1,1,1,african-american,27,0,0,0,single,0.0,0.0,0.0,0.0,0.0,0.0
6944.0,9,-0.54,10,0,0,0,0,african-american,27,11,3,0,single,0.0,0.0,0.0,0.0,0.0,0.0
51225.0,6,-2.18,4,1,1,1,1,african-american,27,2,0,0,single,0.0,0.0,0.0,0.0,0.0,0.0
55089.0,2,-2.51,3,0,0,0,0,hispanic,27,1,0,0,single,0.0,0.0,0.0,0.0,1.0,0.0
53995.0,5,-1.88,5,0,0,0,0,african-american,27,0,0,0,single,0.0,0.0,0.0,0.0,0.0,0.0
57536.0,5,-2.16,4,1,0,1,1,african-american,27,3,0,1,single,0.0,0.0,0.0,0.0,0.0,0.0
60182.0,3,-2.24,3,1,0,1,0,caucasian,27,0,0,1,single,0.0,0.0,0.0,1.0,0.0,0.0
57667.0,1,-2.66,2,0,0,0,0,african-american,27,0,0,1,single,0.0,0.0,0.0,0.0,0.0,0.0
42702.0,9,-1.02,8,1,0,1,0,african-american,27,9,1,0,single,0.0,0.0,0.0,0.0,0.0,0.0
61285.0,6,-2.57,2,1,0,1,1,african-american,27,4,0,0,single,0.0,0.0,0.0,0.0,0.0,0.0
61812.0,2,-2.76,2,0,0,0,0,hispanic,27,1,0,1,single,0.0,0.0,0.0,0.0,1.0,0.0
54032.0,2,-2.57,2,0,0,0,0,hispanic,27,1,0,0,single,0.0,0.0,0.0,0.0,1.0,0.0
52244.0,3,-2.3,3,0,0,0,1,caucasian,27,0,0,1,single,0.0,0.0,0.0,1.0,0.0,0.0
782.0,10,-0.91,9,0,0,0,1,caucasian,27,6,0,0,single,0.0,0.0,0.0,1.0,0.0,0.0
50338.0,3,-2.45,3,1,0,1,0,caucasian,27,1,0,1,single,0.0,0.0,0.0,1.0,0.0,0.0
29185.0,2,-1.74,5,0,0,0,0,african-american,27,1,0,0,significant other,0.0,0.0,1.0,0.0,0.0,0.0
20342.0,3,-2.13,4,1,0,1,0,african-american,27,5,0,0,single,0.0,0.0,0.0,0.0,0.0,0.0
51155.0,2,-2.44,3,0,0,0,0,african-american,27,0,0,1,significant other,0.0,0.0,1.0,0.0,0.0,0.0
16568.0,7,-2.28,3,1,1,1,0,african-american,27,13,0,0,single,0.0,0.0,0.0,0.0,0.0,0.0
54330.0,1,-2.69,2,0,0,0,0,african-american,27,0,0,1,single,0.0,0.0,0.0,0.0,0.0,0.0
58854.0,9,-2.1,4,1,0,1,0,african-american,27,5,0,0,single,0.0,0.0,0.0,0.0,0.0,0.0
59486.0,4,-2.5,3,1,1,1,0,caucasian,27,2,1,1,single,0.0,0.0,0.0,1.0,0.0,0.0
12708.0,10,-0.92,9,1,1,1,0,african-american,27,8,0,0,single,0.0,0.0,0.0,0.0,0.0,0.0
34493.0,5,-2.1,4,1,0,1,0,hispanic,27,8,2,0,single,0.0,0.0,0.0,0.0,1.0,0.0
51231.0,6,-2.5,3,0,0,0,0,caucasian,27,1,0,1,significant other,0.0,0.0,1.0,1.0,0.0,0.0
61283.0,3,-2.31,3,0,0,0,0,african-american,27,0,0,1,single,0.0,0.0,0.0,0.0,0.0,0.0
54029.0,7,-2.05,4,0,0,0,0,african-american,27,1,0,0,single,0.0,0.0,0.0,0.0,0.0,0.0
56726.0,9,-1.34,7,0,0,0,0,caucasian,27,5,0,1,single,0.0,0.0,0.0,1.0,0.0,0.0
25116.0,10,-0.84,9,1,0,1,0,african-american,27,5,0,1,single,0.0,0.0,0.0,0.0,0.0,0.0
38240.0,7,-1.64,6,0,0,0,0,african-american,27,2,0,0,single,0.0,0.0,0.0,0.0,0.0,0.0
60658.0,3,-2.54,3,0,0,0,1,african-american,27,0,0,1,single,0.0,0.0,0.0,0.0,0.0,0.0
56332.0,2,-2.42,3,1,0,1,0,african-american,27,0,0,1,single,0.0,0.0,0.0,0.0,0.0,0.0
61113.0,8,-1.97,5,1,0,1,0,caucasian,27,0,0,0,single,0.0,0.0,0.0,1.0,0.0,0.0
59246.0,1,-2.72,2,0,0,0,0,african-american,27,1,0,1,single,0.0,0.0,0.0,0.0,0.0,0.0
59953.0,9,-1.29,7,1,0,1,0,african-american,27,3,0,0,single,0.0,0.0,0.0,0.0,0.0,0.0
59686.0,2,-2.46,3,0,0,0,0,caucasian,27,2,0,0,single,0.0,0.0,0.0,1.0,0.0,0.0
57185.0,5,-2.07,4,1,0,1,0,african-american,27,2,0,1,single,0.0,0.0,0.0,0.0,0.0,0.0
34856.0,7,-2.22,4,1,0,1,0,caucasian,27,4,0,0,single,0.0,0.0,0.0,1.0,0.0,0.0
51936.0,2,-2.03,4,0,0,0,0,african-american,27,0,0,0,single,0.0,0.0,0.0,0.0,0.0,0.0
54846.0,3,-2.73,2,1,0,1,0,african-american,27,5,0,1,single,0.0,0.0,0.0,0.0,0.0,0.0
61099.0,3,-2.27,3,0,0,0,0,caucasian,27,3,0,1,significant other,0.0,0.0,1.0,1.0,0.0,0.0
51786.0,8,-0.99,9,0,0,0,0,african-american,27,1,0,0,single,0.0,0.0,0.0,0.0,0.0,0.0
24573.0,7,-1.16,8,1,0,1,0,african-american,27,6,1,0,single,0.0,0.0,0.0,0.0,0.0,0.0
52479.0,5,-2.45,3,1,0,1,1,caucasian,27,2,0,0,single,0.0,0.0,0.0,1.0,0.0,0.0
53339.0,2,-2.48,3,0,0,0,0,african-american,27,0,0,1,single,0.0,0.0,0.0,0.0,0.0,0.0
55076.0,8,-1.21,8,1,0,1,0,african-american,27,10,0,0,single,0.0,0.0,0.0,0.0,0.0,0.0
57077.0,1,-2.78,2,0,0,0,0,african-american,27,0,0,1,single,0.0,0.0,0.0,0.0,0.0,0.0
55818.0,3,-2.73,2,0,0,0,1,caucasian,27,0,0,0,single,0.0,0.0,0.0,1.0,0.0,0.0
50978.0,6,-1.76,5,1,0,1,0,african-american,27,2,0,1,single,0.0,0.0,0.0,0.0,0.0,0.0
11494.0,6,-2.2,4,0,0,0,0,african-american,27,7,0,0,single,0.0,0.0,0.0,0.0,0.0,0.0
50969.0,2,-2.56,2,0,0,0,0,african-american,27,0,0,1,single,0.0,0.0,0.0,0.0,0.0,0.0
58993.0,1,-2.66,2,0,0,0,0,caucasian,27,0,0,0,single,0.0,0.0,0.0,1.0,0.0,0.0
25699.0,8,-1.9,5,1,0,1,0,african-american,27,6,1,0,single,0.0,0.0,0.0,0.0,0.0,0.0
43501.0,9,-1.63,6,1,0,1,0,african-american,27,10,0,0,single,0.0,0.0,0.0,0.0,0.0,0.0
53796.0,6,-1.5,6,1,0,1,0,caucasian,27,5,0,0,single,0.0,0.0,0.0,1.0,0.0,0.0
54594.0,2,-2.54,3,0,0,0,0,caucasian,27,0,0,1,single,0.0,0.0,0.0,1.0,0.0,0.0
30696.0,8,-0.98,9,1,0,1,0,african-american,27,6,0,0,single,0.0,0.0,0.0,0.0,0.0,0.0
47684.0,6,-2.12,4,1,0,1,1,african-american,27,1,0,1,single,0.0,0.0,0.0,0.0,0.0,0.0
58738.0,7,-2.12,4,0,0,0,0,other,27,3,0,1,single,0.0,0.0,0.0,0.0,0.0,1.0
11743.0,6,-1.73,6,1,0,0,0,hispanic,27,6,0,0,single,0.0,0.0,0.0,0.0,1.0,0.0
20838.0,5,-2.12,4,0,0,0,0,african-american,27,2,0,0,single,0.0,0.0,0.0,0.0,0.0,0.0
51801.0,10,-0.55,10,0,0,0,0,african-american,27,6,4,1,single,0.0,0.0,0.0,0.0,0.0,0.0
56614.0,2,-2.57,2,0,0,0,0,caucasian,27,0,0,1,single,0.0,0.0,0.0,1.0,0.0,0.0
59184.0,6,-1.51,6,1,0,1,0,african-american,27,0,0,0,significant other,0.0,0.0,1.0,0.0,0.0,0.0
56572.0,5,-2.56,2,0,0,0,0,african-american,27,1,0,1,single,0.0,0.0,0.0,0.0,0.0,0.0
51897.0,10,-1.85,5,1,1,1,0,african-american,27,9,1,0,single,0.0,0.0,0.0,0.0,0.0,0.0
55786.0,6,-2.23,4,0,0,0,1,african-american,27,2,0,0,single,0.0,0.0,0.0,0.0,0.0,0.0
53006.0,3,-2.34,3,1,0,1,0,african-american,27,1,0,0,single,0.0,0.0,0.0,0.0,0.0,0.0
58087.0,4,-1.7,6,1,0,1,0,caucasian,27,4,4,1,single,0.0,0.0,0.0,1.0,0.0,0.0
53960.0,9,-1.03,8,1,0,1,0,african-american,27,2,0,0,single,0.0,0.0,0.0,0.0,0.0,0.0
60022.0,5,-2.52,3,0,0,0,1,caucasian,27,0,0,1,single,0.0,0.0,0.0,1.0,0.0,0.0
56071.0,9,-1.04,8,1,0,1,0,african-american,27,2,1,0,single,0.0,0.0,0.0,0.0,0.0,0.0
54197.0,10,-0.65,9,1,0,1,0,african-american,27,11,0,0,single,0.0,0.0,0.0,0.0,0.0,0.0
56417.0,7,-1.15,8,1,0,1,0,african-american,27,1,0,0,single,0.0,0.0,0.0,0.0,0.0,0.0
57479.0,2,-2.54,3,1,1,1,0,other,27,2,0,1,single,0.0,0.0,0.0,0.0,0.0,1.0
51688.0,7,-2.17,4,1,0,1,0,caucasian,27,1,0,1,single,0.0,0.0,0.0,1.0,0.0,0.0
43166.0,5,-1.82,5,1,0,1,0,african-american,27,7,0,0,single,0.0,0.0,0.0,0.0,0.0,0.0
27533.0,7,-2.35,3,0,0,0,0,african-american,27,3,0,1,single,0.0,0.0,0.0,0.0,0.0,0.0
60700.0,4,-2.39,3,0,0,0,0,african-american,27,1,1,0,single,0.0,0.0,0.0,0.0,0.0,0.0
57626.0,4,-2.31,3,1,0,1,0,caucasian,27,2,0,0,single,0.0,0.0,0.0,1.0,0.0,0.0
25222.0,7,-1.12,8,1,1,1,0,african-american,27,8,0,0,single,0.0,0.0,0.0,0.0,0.0,0.0
51523.0,3,-2.44,3,0,0,0,1,hispanic,27,0,0,1,single,0.0,0.0,0.0,0.0,1.0,0.0
54300.0,4,-2.27,3,0,0,0,0,african-american,27,3,0,0,single,0.0,0.0,0.0,0.0,0.0,0.0
61803.0,3,-2.74,2,0,0,0,0,caucasian,27,1,0,0,single,0.0,0.0,0.0,1.0,0.0,0.0
38763.0,8,-1.95,5,1,0,1,0,african-american,27,12,0,0,single,0.0,0.0,0.0,0.0,0.0,0.0
61883.0,2,-2.74,2,1,0,1,1,hispanic,27,0,0,1,single,0.0,0.0,0.0,0.0,1.0,0.0
52709.0,9,-1.36,7,1,1,1,0,african-american,27,4,0,0,single,0.0,0.0,0.0,0.0,0.0,0.0
53745.0,2,-2.52,3,0,0,0,1,african-american,27,0,0,1,single,0.0,0.0,0.0,0.0,0.0,0.0
7301.0,10,0.03,10,1,0,1,0,african-american,27,14,2,0,significant other,0.0,0.0,1.0,0.0,0.0,0.0
43281.0,5,-1.55,6,1,1,1,0,african-american,27,2,0,1,single,0.0,0.0,0.0,0.0,0.0,0.0
59284.0,9,-1.23,8,1,0,1,0,caucasian,27,0,0,0,single,0.0,0.0,0.0,1.0,0.0,0.0
62087.0,5,-2.46,3,0,0,0,0,african-american,27,1,0,1,single,0.0,0.0,0.0,0.0,0.0,0.0
14080.0,6,-1.82,5,1,0,1,0,caucasian,27,6,0,0,single,0.0,0.0,0.0,1.0,0.0,0.0
60024.0,4,-2.18,4,0,0,0,0,other,27,1,0,0,single,0.0,0.0,0.0,0.0,0.0,1.0
54508.0,5,-1.08,8,0,0,0,0,african-american,27,1,2,1,single,0.0,0.0,0.0,0.0,0.0,0.0
53963.0,2,-2.36,3,0,0,0,0,caucasian,27,0,0,0,single,0.0,0.0,0.0,1.0,0.0,0.0
53648.0,6,-2.15,4,1,0,0,1,african-american,27,8,0,0,single,0.0,0.0,0.0,0.0,0.0,0.0
48516.0,7,-1.5,6,1,0,1,0,african-american,27,6,0,0,single,0.0,0.0,0.0,0.0,0.0,0.0
29205.0,9,-1.87,5,1,1,1,0,african-american,27,3,0,0,single,0.0,0.0,0.0,0.0,0.0,0.0
54414.0,4,-2.26,3,0,0,0,1,caucasian,27,1,0,0,single,0.0,0.0,0.0,1.0,0.0,0.0
51252.0,7,-0.82,9,1,0,1,0,african-american,27,7,0,1,single,0.0,0.0,0.0,0.0,0.0,0.0
30172.0,6,-1.84,5,1,0,1,0,african-american,27,4,0,1,single,0.0,0.0,0.0,0.0,0.0,0.0
26591.0,8,-1.17,8,1,1,1,0,african-american,27,9,0,0,single,0.0,0.0,0.0,0.0,0.0,0.0
58497.0,4,-2.63,2,1,0,1,0,caucasian,27,0,0,1,other,1.0,0.0,0.0,1.0,0.0,0.0
25207.0,9,-0.92,9,0,0,0,0,caucasian,27,4,0,0,single,0.0,0.0,0.0,1.0,0.0,0.0
2753.0,4,-2.32,3,0,0,0,0,caucasian,27,5,0,0,single,0.0,0.0,0.0,1.0,0.0,0.0
57084.0,4,-2.37,3,0,0,0,0,african-american,27,2,0,0,single,0.0,0.0,0.0,0.0,0.0,0.0
62107.0,7,-2.32,3,1,0,1,1,caucasian,27,1,0,0,single,0.0,0.0,0.0,1.0,0.0,0.0
42734.0,2,-2.19,4,0,0,0,0,african-american,27,1,0,1,single,0.0,0.0,0.0,0.0,0.0,0.0
59550.0,2,-2.82,2,1,0,1,1,caucasian,27,0,0,1,single,0.0,0.0,0.0,1.0,0.0,0.0
58855.0,5,-2.38,3,1,0,1,1,african-american,27,3,0,0,single,0.0,0.0,0.0,0.0,0.0,0.0
8687.0,10,-0.88,9,1,1,1,0,african-american,27,27,6,1,single,0.0,0.0,0.0,0.0,0.0,0.0
58931.0,8,-1.46,7,1,1,1,0,african-american,27,0,0,0,single,0.0,0.0,0.0,0.0,0.0,0.0
59992.0,3,-2.32,3,1,0,1,0,african-american,27,3,0,1,significant other,0.0,0.0,1.0,0.0,0.0,0.0
61620.0,2,-2.19,4,0,0,0,0,african-american,27,3,0,1,single,0.0,0.0,0.0,0.0,0.0,0.0
54781.0,6,-2.17,4,0,0,0,0,african-american,27,2,0,0,single,0.0,0.0,0.0,0.0,0.0,0.0
51715.0,5,-1.57,6,0,0,0,0,african-american,27,0,0,0,single,0.0,0.0,0.0,0.0,0.0,0.0
54621.0,5,-2.19,4,0,0,0,1,african-american,27,1,1,0,single,0.0,0.0,0.0,0.0,0.0,0.0
51136.0,8,-1.28,7,1,0,0,0,african-american,27,8,0,1,single,0.0,0.0,0.0,0.0,0.0,0.0
60299.0,2,-2.78,2,0,0,0,1,caucasian,27,0,0,0,single,0.0,0.0,0.0,1.0,0.0,0.0
57772.0,3,-2.79,2,0,0,0,0,african-american,27,2,0,0,single,0.0,0.0,0.0,0.0,0.0,0.0
51420.0,2,-2.68,2,0,0,0,1,other,27,0,0,1,single,0.0,0.0,0.0,0.0,0.0,1.0
10655.0,9,-1.41,7,1,0,1,0,african-american,27,5,0,0,single,0.0,0.0,0.0,0.0,0.0,0.0
58994.0,1,-2.65,2,0,0,0,0,other,27,0,0,1,significant other,0.0,0.0,1.0,0.0,0.0,1.0
28302.0,10,-0.86,9,0,0,0,1,african-american,27,1,0,1,single,0.0,0.0,0.0,0.0,0.0,0.0
45346.0,5,-2.25,3,1,0,0,0,african-american,27,2,0,0,single,0.0,0.0,0.0,0.0,0.0,0.0
21372.0,10,-0.59,10,1,0,1,0,african-american,27,13,1,0,single,0.0,0.0,0.0,0.0,0.0,0.0
59106.0,6,-2.48,3,1,0,1,0,caucasian,27,2,0,0,single,0.0,0.0,0.0,1.0,0.0,0.0
62183.0,2,-2.48,3,0,0,0,0,hispanic,27,1,0,1,single,0.0,0.0,0.0,0.0,1.0,0.0
57886.0,2,-2.45,3,0,0,0,0,caucasian,27,0,0,1,single,0.0,0.0,0.0,1.0,0.0,0.0
62274.0,3,-2.48,3,1,0,1,1,caucasian,27,6,0,0,single,0.0,0.0,0.0,1.0,0.0,0.0
62014.0,2,-2.56,2,1,0,1,0,african-american,27,1,0,0,single,0.0,0.0,0.0,0.0,0.0,0.0
66275.0,4,-1.48,9,1,0,1,0,african-american,27,5,0,1,single,0.0,0.0,0.0,0.0,0.0,0.0
57064.0,1,-2.69,2,0,0,0,0,african-american,27,0,0,1,single,0.0,0.0,0.0,0.0,0.0,0.0
26139.0,7,-2.14,4,1,0,1,1,caucasian,27,3,0,0,single,0.0,0.0,0.0,1.0,0.0,0.0
42622.0,10,0.18,10,0,0,0,0,caucasian,27,1,0,0,single,0.0,0.0,0.0,1.0,0.0,0.0
56402.0,3,-2.61,2,0,0,0,0,hispanic,27,2,0,0,single,0.0,0.0,0.0,0.0,1.0,0.0
61115.0,4,-2.11,4,1,0,1,0,other,27,6,0,0,single,0.0,0.0,0.0,0.0,0.0,1.0
60100.0,4,-2.52,3,0,0,0,0,caucasian,27,5,0,1,single,0.0,0.0,0.0,1.0,0.0,0.0
61184.0,6,-1.32,7,0,0,0,0,african-american,27,0,0,0,single,0.0,0.0,0.0,0.0,0.0,0.0
60788.0,5,-1.98,4,0,0,0,0,african-american,27,0,0,0,single,0.0,0.0,0.0,0.0,0.0,0.0
34724.0,8,-2.18,4,1,1,1,0,african-american,27,12,0,0,single,0.0,0.0,0.0,0.0,0.0,0.0
54199.0,8,-0.45,10,1,0,1,0,african-american,27,4,2,1,single,0.0,0.0,0.0,0.0,0.0,0.0
7790.0,6,-2.38,3,0,0,0,0,african-american,27,2,0,0,single,0.0,0.0,0.0,0.0,0.0,0.0
52418.0,9,-1.07,8,1,0,1,1,african-american,27,10,1,0,single,0.0,0.0,0.0,0.0,0.0,0.0
52934.0,2,-2.32,3,1,0,0,0,african-american,27,1,0,0,single,0.0,0.0,0.0,0.0,0.0,0.0
53401.0,3,-2.2,4,0,0,0,0,african-american,27,2,0,0,single,0.0,0.0,0.0,0.0,0.0,0.0
47524.0,5,-2.16,4,0,0,0,0,african-american,27,5,0,1,single,0.0,0.0,0.0,0.0,0.0,0.0
57627.0,2,-2.69,2,0,0,0,0,african-american,27,0,0,1,single,0.0,0.0,0.0,0.0,0.0,0.0
52893.0,8,-1.76,5,0,0,0,0,african-american,27,4,0,0,single,0.0,0.0,0.0,0.0,0.0,0.0
56132.0,2,-2.53,3,0,0,0,0,african-american,27,0,0,1,single,0.0,0.0,0.0,0.0,0.0,0.0
54699.0,7,-2.36,3,0,0,0,0,african-american,27,10,0,0,single,0.0,0.0,0.0,0.0,0.0,0.0
56140.0,2,-2.49,3,0,0,0,0,caucasian,27,0,0,0,single,0.0,0.0,0.0,1.0,0.0,0.0
48838.0,5,-2.04,4,1,0,1,1,african-american,27,1,0,0,significant other,0.0,0.0,1.0,0.0,0.0,0.0
56068.0,3,-2.4,3,1,0,1,0,african-american,27,2,0,1,single,0.0,0.0,0.0,0.0,0.0,0.0
54428.0,2,-2.64,2,0,0,0,1,african-american,27,0,0,1,single,0.0,0.0,0.0,0.0,0.0,0.0
56743.0,8,-1.54,6,0,0,0,0,african-american,27,11,1,0,significant other,0.0,0.0,1.0,0.0,0.0,0.0
54530.0,3,-2.55,3,1,1,1,0,african-american,27,8,0,0,single,0.0,0.0,0.0,0.0,0.0,0.0
57914.0,4,-2.44,3,1,0,1,1,african-american,27,3,0,0,single,0.0,0.0,0.0,0.0,0.0,0.0
55730.0,6,-1.88,5,0,0,0,0,caucasian,27,0,0,0,single,0.0,0.0,0.0,1.0,0.0,0.0
58563.0,4,-2.31,3,0,0,0,0,caucasian,27,0,0,0,single,0.0,0.0,0.0,1.0,0.0,0.0
61639.0,1,-2.78,2,0,0,0,0,hispanic,27,1,0,1,single,0.0,0.0,0.0,0.0,1.0,0.0
51853.0,10,-1.9,5,1,0,1,0,caucasian,27,0,0,0,single,0.0,0.0,0.0,1.0,0.0,0.0
55142.0,3,-2.15,4,0,0,0,0,caucasian,27,1,0,1,single,0.0,0.0,0.0,1.0,0.0,0.0
52850.0,2,-2.52,3,0,0,0,0,african-american,27,0,1,0,significant other,0.0,0.0,1.0,0.0,0.0,0.0
52844.0,5,-2.06,4,0,0,0,0,caucasian,27,2,0,0,single,0.0,0.0,0.0,1.0,0.0,0.0
58891.0,1,-2.74,2,0,0,0,0,caucasian,27,1,0,0,single,0.0,0.0,0.0,1.0,0.0,0.0
10497.0,6,-2.32,3,1,0,1,0,caucasian,27,2,0,0,single,0.0,0.0,0.0,1.0,0.0,0.0
58067.0,9,-1.93,5,1,1,1,0,african-american,27,5,1,0,single,0.0,0.0,0.0,0.0,0.0,0.0
57026.0,7,-1.46,7,1,0,1,0,african-american,27,2,0,0,single,0.0,0.0,0.0,0.0,0.0,0.0
55094.0,3,-2.4,3,0,0,0,1,african-american,27,0,0,0,single,0.0,0.0,0.0,0.0,0.0,0.0
50860.0,9,-2.09,4,1,0,0,0,african-american,27,2,1,1,single,0.0,0.0,0.0,0.0,0.0,0.0
54365.0,5,-2.48,3,0,0,0,0,other,27,0,0,1,significant other,0.0,0.0,1.0,0.0,0.0,1.0
51505.0,3,-2.35,3,1,0,0,1,hispanic,27,0,0,0,single,0.0,0.0,0.0,0.0,1.0,0.0
47433.0,8,-0.64,9,1,1,1,0,african-american,27,13,0,1,single,0.0,0.0,0.0,0.0,0.0,0.0
52431.0,7,-2.03,4,1,0,1,0,african-american,27,8,1,0,single,0.0,0.0,0.0,0.0,0.0,0.0
53776.0,9,-1.73,6,1,0,1,0,african-american,27,18,3,0,single,0.0,0.0,0.0,0.0,0.0,0.0
51693.0,5,-1.97,5,0,0,0,0,african-american,27,6,0,0,significant other,0.0,0.0,1.0,0.0,0.0,0.0
44612.0,4,-2.19,4,1,0,1,0,african-american,27,6,0,1,single,0.0,0.0,0.0,0.0,0.0,0.0
52373.0,4,-2.47,3,0,0,0,0,hispanic,27,2,0,1,single,0.0,0.0,0.0,0.0,1.0,0.0
31536.0,10,-1.83,5,1,0,1,0,african-american,27,2,0,0,single,0.0,0.0,0.0,0.0,0.0,0.0
59426.0,8,-1.68,6,1,1,1,1,caucasian,27,0,0,1,significant other,0.0,0.0,1.0,1.0,0.0,0.0
54464.0,3,-2.48,3,1,1,0,1,african-american,27,0,0,1,single,0.0,0.0,0.0,0.0,0.0,0.0
54076.0,5,-1.63,6,0,0,0,0,caucasian,27,0,0,0,single,0.0,0.0,0.0,1.0,0.0,0.0
61524.0,4,-2.36,3,0,0,0,0,caucasian,27,2,0,1,single,0.0,0.0,0.0,1.0,0.0,0.0
11206.0,5,-1.97,5,1,1,1,0,caucasian,27,13,3,0,single,0.0,0.0,0.0,1.0,0.0,0.0
7197.0,6,-1.96,5,1,0,1,0,caucasian,27,1,0,1,single,0.0,0.0,0.0,1.0,0.0,0.0
58976.0,2,-2.23,4,0,0,0,1,caucasian,27,2,0,1,single,0.0,0.0,0.0,1.0,0.0,0.0
56588.0,2,-2.6,2,1,0,1,1,african-american,27,1,0,0,single,0.0,0.0,0.0,0.0,0.0,0.0
60790.0,2,-2.62,2,0,0,0,0,african-american,27,1,0,0,single,0.0,0.0,0.0,0.0,0.0,0.0
62002.0,3,-2.75,2,0,0,0,0,african-american,27,3,0,0,significant other,0.0,0.0,1.0,0.0,0.0,0.0
52209.0,9,-1.19,8,1,0,1,0,african-american,27,7,0,0,single,0.0,0.0,0.0,0.0,0.0,0.0
51227.0,3,-2.51,3,0,0,0,1,caucasian,27,3,0,0,single,0.0,0.0,0.0,1.0,0.0,0.0
52562.0,2,-2.31,3,1,0,0,0,african-american,27,1,0,0,single,0.0,0.0,0.0,0.0,0.0,0.0
56993.0,2,-2.4,3,0,0,0,0,hispanic,27,0,0,1,single,0.0,0.0,0.0,0.0,1.0,0.0
39488.0,7,-1.34,7,1,0,1,0,african-american,27,2,0,0,single,0.0,0.0,0.0,0.0,0.0,0.0
59215.0,5,-1.7,6,1,1,1,0,african-american,27,4,0,0,single,0.0,0.0,0.0,0.0,0.0,0.0
8538.0,6,-1.67,6,0,0,0,0,african-american,27,4,0,1,single,0.0,0.0,0.0,0.0,0.0,0.0
53884.0,4,-2.31,3,0,0,0,0,caucasian,27,0,0,0,single,0.0,0.0,0.0,1.0,0.0,0.0
57455.0,2,-2.72,2,0,0,0,1,african-american,27,1,0,1,single,0.0,0.0,0.0,0.0,0.0,0.0
58140.0,6,-2.46,3,0,0,0,0,caucasian,27,5,0,0,single,0.0,0.0,0.0,1.0,0.0,0.0
8187.0,9,-1.22,8,0,0,0,0,african-american,27,10,0,0,single,0.0,0.0,0.0,0.0,0.0,0.0
59456.0,5,-2.29,3,0,0,0,1,caucasian,27,0,0,0,single,0.0,0.0,0.0,1.0,0.0,0.0
51461.0,2,-2.59,2,1,0,1,0,african-american,26,0,0,1,single,0.0,0.0,0.0,0.0,0.0,0.0
53663.0,3,-2.31,3,0,0,0,0,caucasian,26,0,0,0,single,0.0,0.0,0.0,1.0,0.0,0.0
9691.0,7,-1.27,7,1,0,1,0,african-american,26,5,1,0,single,0.0,0.0,0.0,0.0,0.0,0.0
55016.0,6,-1.52,6,0,0,0,0,african-american,26,8,1,0,single,0.0,0.0,0.0,0.0,0.0,0.0
53677.0,7,-2.35,3,1,0,1,0,caucasian,26,0,0,0,single,0.0,0.0,0.0,1.0,0.0,0.0
51831.0,2,-2.35,3,0,0,0,0,caucasian,26,0,0,1,single,0.0,0.0,0.0,1.0,0.0,0.0
4721.0,6,-1.54,6,0,0,0,0,african-american,26,1,0,0,single,0.0,0.0,0.0,0.0,0.0,0.0
57460.0,7,-1.19,8,1,0,1,0,african-american,26,5,0,0,single,0.0,0.0,0.0,0.0,0.0,0.0
28536.0,6,-1.88,5,1,1,1,1,african-american,26,6,0,0,single,0.0,0.0,0.0,0.0,0.0,0.0
54899.0,2,-2.46,3,0,0,0,0,caucasian,26,0,0,1,single,0.0,0.0,0.0,1.0,0.0,0.0
51275.0,6,-1.68,6,0,0,0,1,caucasian,26,0,0,0,single,0.0,0.0,0.0,1.0,0.0,0.0
55712.0,2,-2.72,2,0,0,0,1,caucasian,26,0,0,1,single,0.0,0.0,0.0,1.0,0.0,0.0
52474.0,10,-1.53,6,1,0,1,0,african-american,26,9,3,0,single,0.0,0.0,0.0,0.0,0.0,0.0
2609.0,4,-2.18,4,0,0,0,0,hispanic,26,7,1,1,single,0.0,0.0,0.0,0.0,1.0,0.0
55117.0,2,-2.64,2,0,0,0,0,hispanic,26,0,1,0,single,0.0,0.0,0.0,0.0,1.0,0.0
53227.0,4,-2.26,3,0,0,0,0,caucasian,26,1,0,0,single,0.0,0.0,0.0,1.0,0.0,0.0
52308.0,6,-2.1,4,0,0,0,1,caucasian,26,1,0,0,single,0.0,0.0,0.0,1.0,0.0,0.0
60492.0,3,-2.44,3,0,0,0,1,african-american,26,4,1,0,single,0.0,0.0,0.0,0.0,0.0,0.0
57063.0,5,-2.03,4,0,0,0,1,african-american,26,1,0,0,single,0.0,0.0,0.0,0.0,0.0,0.0
53492.0,2,-2.51,3,0,0,0,0,caucasian,26,2,0,0,single,0.0,0.0,0.0,1.0,0.0,0.0
53300.0,3,-2.32,3,0,0,0,0,hispanic,26,0,0,0,single,0.0,0.0,0.0,0.0,1.0,0.0
60710.0,6,-2.67,2,0,0,0,0,caucasian,26,0,0,1,significant other,0.0,0.0,1.0,1.0,0.0,0.0
51139.0,8,-2.15,4,1,0,1,0,caucasian,26,7,0,0,single,0.0,0.0,0.0,1.0,0.0,0.0
57670.0,2,-2.58,2,0,0,0,0,caucasian,26,0,0,1,single,0.0,0.0,0.0,1.0,0.0,0.0
7549.0,10,-0.5,10,1,0,1,0,african-american,26,10,1,0,single,0.0,0.0,0.0,0.0,0.0,0.0
3580.0,10,-1.44,7,1,1,1,0,caucasian,26,8,3,0,single,0.0,0.0,0.0,1.0,0.0,0.0
58066.0,4,-2.31,3,0,0,0,0,african-american,26,1,0,0,single,0.0,0.0,0.0,0.0,0.0,0.0
60283.0,5,-1.75,5,0,0,0,1,african-american,26,3,1,1,single,0.0,0.0,0.0,0.0,0.0,0.0
47770.0,10,-0.4,10,1,0,1,0,african-american,26,13,0,1,separated,0.0,1.0,0.0,0.0,0.0,0.0
53930.0,4,-2.23,4,1,0,0,0,caucasian,26,3,1,1,single,0.0,0.0,0.0,1.0,0.0,0.0
51652.0,4,-2.17,4,1,1,1,0,african-american,26,9,0,1,single,0.0,0.0,0.0,0.0,0.0,0.0
53108.0,8,-1.61,6,0,0,0,0,african-american,26,7,0,1,single,0.0,0.0,0.0,0.0,0.0,0.0
57255.0,7,-1.92,5,1,0,1,1,african-american,26,4,0,0,single,0.0,0.0,0.0,0.0,0.0,0.0
55229.0,4,-2.26,3,1,0,0,1,caucasian,26,1,0,1,significant other,0.0,0.0,1.0,1.0,0.0,0.0
56574.0,4,-2.14,4,0,0,0,0,caucasian,26,8,0,0,single,0.0,0.0,0.0,1.0,0.0,0.0
61754.0,8,-1.44,7,1,1,1,0,african-american,26,9,0,0,single,0.0,0.0,0.0,0.0,0.0,0.0
53299.0,7,-1.93,5,1,1,1,0,caucasian,26,9,0,1,single,0.0,0.0,0.0,1.0,0.0,0.0
1172.0,9,-1.45,7,1,0,1,0,african-american,26,1,0,0,single,0.0,0.0,0.0,0.0,0.0,0.0
52472.0,3,-2.35,3,0,0,0,0,african-american,26,0,0,1,single,0.0,0.0,0.0,0.0,0.0,0.0
44850.0,8,-1.53,6,0,0,0,0,african-american,26,6,0,1,single,0.0,0.0,0.0,0.0,0.0,0.0
56516.0,2,-2.28,3,1,0,0,0,caucasian,26,0,0,0,significant other,0.0,0.0,1.0,1.0,0.0,0.0
60815.0,7,-2.09,4,1,0,1,0,caucasian,26,4,0,1,single,0.0,0.0,0.0,1.0,0.0,0.0
62214.0,2,-2.47,3,0,0,0,0,caucasian,26,0,0,0,separated,0.0,1.0,0.0,1.0,0.0,0.0
52867.0,3,-2.23,4,1,0,1,0,caucasian,26,1,0,0,significant other,0.0,0.0,1.0,1.0,0.0,0.0
48197.0,3,-2.59,2,0,0,0,0,hispanic,26,5,0,0,single,0.0,0.0,0.0,0.0,1.0,0.0
54693.0,3,-2.31,3,0,0,0,0,african-american,26,2,1,0,single,0.0,0.0,0.0,0.0,0.0,0.0
60345.0,3,-2.42,3,0,0,0,1,caucasian,26,3,0,1,single,0.0,0.0,0.0,1.0,0.0,0.0
51782.0,4,-2.39,3,1,1,1,0,african-american,26,0,0,1,single,0.0,0.0,0.0,0.0,0.0,0.0
56912.0,7,-1.96,5,1,0,1,0,african-american,26,8,0,0,single,0.0,0.0,0.0,0.0,0.0,0.0
59490.0,2,-2.72,2,0,0,0,1,african-american,26,0,0,1,single,0.0,0.0,0.0,0.0,0.0,0.0
54169.0,8,-2.3,3,1,0,1,0,african-american,26,6,2,0,single,0.0,0.0,0.0,0.0,0.0,0.0
47687.0,7,-1.65,6,0,0,0,0,african-american,26,5,0,1,single,0.0,0.0,0.0,0.0,0.0,0.0
60888.0,5,-2.04,4,0,0,0,0,caucasian,26,0,0,1,single,0.0,0.0,0.0,1.0,0.0,0.0
51526.0,3,-2.23,4,0,0,0,0,caucasian,26,1,0,1,single,0.0,0.0,0.0,1.0,0.0,0.0
14870.0,10,-0.75,9,0,0,0,0,caucasian,26,3,0,1,single,0.0,0.0,0.0,1.0,0.0,0.0
52735.0,2,-2.35,3,0,0,0,0,african-american,26,0,0,0,single,0.0,0.0,0.0,0.0,0.0,0.0
53369.0,4,-2.32,3,0,0,0,0,african-american,26,5,0,0,single,0.0,0.0,0.0,0.0,0.0,0.0
51931.0,8,-2.18,4,0,0,0,0,african-american,26,0,0,0,single,0.0,0.0,0.0,0.0,0.0,0.0
31916.0,9,-1.67,6,1,1,1,0,african-american,26,10,2,0,single,0.0,0.0,0.0,0.0,0.0,0.0
60743.0,6,-2.46,3,0,0,0,1,caucasian,26,0,0,1,single,0.0,0.0,0.0,1.0,0.0,0.0
51937.0,8,-2.2,4,0,0,0,1,african-american,26,0,0,1,single,0.0,0.0,0.0,0.0,0.0,0.0
34087.0,9,-1.56,6,0,0,0,0,african-american,26,15,0,0,single,0.0,0.0,0.0,0.0,0.0,0.0
55686.0,4,-2.11,4,1,1,0,0,caucasian,26,4,0,1,single,0.0,0.0,0.0,1.0,0.0,0.0
53860.0,10,-1.73,6,1,0,1,0,african-american,26,1,1,0,single,0.0,0.0,0.0,0.0,0.0,0.0
20922.0,8,-0.83,9,1,1,1,0,african-american,26,4,1,1,single,0.0,0.0,0.0,0.0,0.0,0.0
54264.0,2,-2.55,3,0,0,0,0,other,26,0,0,1,single,0.0,0.0,0.0,0.0,0.0,1.0
60581.0,5,-2.0,4,0,0,0,1,african-american,26,1,0,0,single,0.0,0.0,0.0,0.0,0.0,0.0
56522.0,2,-2.56,2,0,0,0,1,african-american,26,0,0,1,single,0.0,0.0,0.0,0.0,0.0,0.0
56827.0,7,-1.63,6,1,0,1,0,african-american,26,4,0,0,single,0.0,0.0,0.0,0.0,0.0,0.0
60683.0,8,-1.93,5,1,0,1,0,african-american,26,4,0,0,single,0.0,0.0,0.0,0.0,0.0,0.0
60546.0,1,-2.64,2,0,0,0,0,african-american,26,1,0,1,single,0.0,0.0,0.0,0.0,0.0,0.0
30613.0,3,-2.19,4,1,0,1,0,african-american,26,2,0,0,single,0.0,0.0,0.0,0.0,0.0,0.0
54270.0,2,-2.31,3,1,0,0,0,hispanic,26,0,0,1,single,0.0,0.0,0.0,0.0,1.0,0.0
1356.0,6,-2.0,4,0,0,0,1,other,26,1,0,1,single,0.0,0.0,0.0,0.0,0.0,1.0
52734.0,2,-2.47,3,0,0,0,0,caucasian,26,0,0,1,single,0.0,0.0,0.0,1.0,0.0,0.0
51066.0,4,-1.31,7,0,0,0,0,caucasian,26,2,0,0,single,0.0,0.0,0.0,1.0,0.0,0.0
60871.0,6,-1.46,7,0,0,0,0,african-american,26,3,1,1,single,0.0,0.0,0.0,0.0,0.0,0.0
51517.0,8,-2.25,3,1,0,1,1,caucasian,26,1,0,0,single,0.0,0.0,0.0,1.0,0.0,0.0
3818.0,8,-1.59,6,0,0,0,0,african-american,26,4,1,1,single,0.0,0.0,0.0,0.0,0.0,0.0
61276.0,4,-2.24,3,0,0,0,1,african-american,26,0,0,1,single,0.0,0.0,0.0,0.0,0.0,0.0
52265.0,5,-2.13,4,1,0,0,0,african-american,26,0,0,1,single,0.0,0.0,0.0,0.0,0.0,0.0
17967.0,10,-0.53,10,1,1,1,0,african-american,26,24,4,1,single,0.0,0.0,0.0,0.0,0.0,0.0
8639.0,7,-0.65,9,1,1,1,0,african-american,26,3,0,0,single,0.0,0.0,0.0,0.0,0.0,0.0
21705.0,10,-0.8,9,1,1,1,0,african-american,26,3,1,0,single,0.0,0.0,0.0,0.0,0.0,0.0
54882.0,5,-2.38,3,0,0,0,1,african-american,26,3,0,0,single,0.0,0.0,0.0,0.0,0.0,0.0
51292.0,7,-1.35,7,0,0,0,0,african-american,26,2,0,1,single,0.0,0.0,0.0,0.0,0.0,0.0
61013.0,4,-2.25,3,0,0,0,0,caucasian,26,11,0,0,single,0.0,0.0,0.0,1.0,0.0,0.0
3251.0,9,-0.83,9,1,0,1,0,african-american,26,6,0,0,single,0.0,0.0,0.0,0.0,0.0,0.0
53081.0,6,-2.22,4,1,1,1,0,caucasian,26,7,0,0,significant other,0.0,0.0,1.0,1.0,0.0,0.0
54325.0,3,-2.11,4,1,0,1,0,african-american,26,2,0,0,separated,0.0,1.0,0.0,0.0,0.0,0.0
58828.0,4,-2.32,3,1,1,1,1,african-american,26,1,0,0,single,0.0,0.0,0.0,0.0,0.0,0.0
59679.0,2,-2.42,3,1,0,0,0,african-american,26,2,0,0,single,0.0,0.0,0.0,0.0,0.0,0.0
57689.0,4,-2.5,3,0,0,0,0,caucasian,26,1,0,1,single,0.0,0.0,0.0,1.0,0.0,0.0
57082.0,2,-2.67,2,0,0,0,1,african-american,26,1,0,1,single,0.0,0.0,0.0,0.0,0.0,0.0
56080.0,2,-2.59,2,0,0,0,1,african-american,26,0,0,1,single,0.0,0.0,0.0,0.0,0.0,0.0
51028.0,4,-1.96,5,1,0,1,0,other,26,1,0,0,single,0.0,0.0,0.0,0.0,0.0,1.0
33556.0,8,-2.09,4,1,0,1,0,caucasian,26,2,0,0,single,0.0,0.0,0.0,1.0,0.0,0.0
52037.0,7,-1.72,6,0,0,0,1,african-american,26,1,0,0,single,0.0,0.0,0.0,0.0,0.0,0.0
57996.0,5,-2.09,4,1,0,0,0,african-american,26,1,0,0,single,0.0,0.0,0.0,0.0,0.0,0.0
42731.0,5,-2.05,4,0,0,0,1,caucasian,26,2,0,1,single,0.0,0.0,0.0,1.0,0.0,0.0
52508.0,5,-2.13,4,0,0,0,1,caucasian,26,0,0,0,single,0.0,0.0,0.0,1.0,0.0,0.0
19187.0,8,-1.81,5,1,0,0,0,african-american,26,13,0,1,single,0.0,0.0,0.0,0.0,0.0,0.0
61720.0,2,-2.36,3,0,0,0,0,caucasian,26,0,0,1,single,0.0,0.0,0.0,1.0,0.0,0.0
29822.0,6,-1.42,7,0,0,0,0,african-american,26,5,1,0,single,0.0,0.0,0.0,0.0,0.0,0.0
58416.0,2,-2.56,2,0,0,0,1,african-american,26,0,0,1,significant other,0.0,0.0,1.0,0.0,0.0,0.0
53398.0,3,-2.33,3,0,0,0,0,african-american,26,0,0,0,single,0.0,0.0,0.0,0.0,0.0,0.0
48433.0,7,-1.52,6,1,1,1,0,african-american,26,5,0,0,single,0.0,0.0,0.0,0.0,0.0,0.0
51415.0,1,-2.53,3,1,0,1,0,hispanic,26,0,0,1,single,0.0,0.0,0.0,0.0,1.0,0.0
48272.0,9,-1.69,6,0,0,0,0,african-american,26,2,0,1,single,0.0,0.0,0.0,0.0,0.0,0.0
61438.0,7,-2.22,4,1,0,1,0,african-american,26,11,2,0,single,0.0,0.0,0.0,0.0,0.0,0.0
54960.0,6,-1.9,5,0,0,0,0,caucasian,26,7,0,1,single,0.0,0.0,0.0,1.0,0.0,0.0
59032.0,2,-2.28,3,0,0,0,0,african-american,26,0,0,0,single,0.0,0.0,0.0,0.0,0.0,0.0
52672.0,6,-1.76,5,1,0,1,0,african-american,26,1,0,1,single,0.0,0.0,0.0,0.0,0.0,0.0
52685.0,4,-2.26,3,1,0,1,0,african-american,26,0,0,0,single,0.0,0.0,0.0,0.0,0.0,0.0
8812.0,10,-0.73,9,1,0,1,0,african-american,26,9,2,1,significant other,0.0,0.0,1.0,0.0,0.0,0.0
54026.0,2,-2.47,3,0,0,0,0,caucasian,26,1,0,1,single,0.0,0.0,0.0,1.0,0.0,0.0
44584.0,4,-1.99,4,0,0,0,0,caucasian,26,5,0,1,single,0.0,0.0,0.0,1.0,0.0,0.0
7034.0,3,-2.12,4,0,0,0,0,african-american,26,2,0,1,single,0.0,0.0,0.0,0.0,0.0,0.0
54332.0,5,-2.12,4,1,0,0,1,african-american,26,3,0,0,significant other,0.0,0.0,1.0,0.0,0.0,0.0
56913.0,5,-2.32,3,0,0,0,0,hispanic,26,1,0,0,single,0.0,0.0,0.0,0.0,1.0,0.0
52839.0,5,-2.28,3,1,0,1,0,caucasian,26,3,0,0,single,0.0,0.0,0.0,1.0,0.0,0.0
54334.0,3,-2.36,3,0,0,0,0,african-american,26,2,0,1,single,0.0,0.0,0.0,0.0,0.0,0.0
8012.0,8,-1.37,7,1,0,1,0,african-american,26,10,0,0,single,0.0,0.0,0.0,0.0,0.0,0.0
61230.0,2,-2.36,3,1,1,1,0,caucasian,26,1,0,0,single,0.0,0.0,0.0,1.0,0.0,0.0
51422.0,9,-1.4,7,1,0,0,0,african-american,26,4,0,0,single,0.0,0.0,0.0,0.0,0.0,0.0
52886.0,2,-2.49,3,1,0,1,0,hispanic,26,1,0,1,single,0.0,0.0,0.0,0.0,1.0,0.0
52521.0,5,-2.36,3,0,0,0,0,african-american,26,0,0,1,single,0.0,0.0,0.0,0.0,0.0,0.0
58150.0,6,-2.32,3,1,0,1,0,african-american,26,1,0,1,single,0.0,0.0,0.0,0.0,0.0,0.0
62228.0,3,-2.44,3,0,0,0,1,hispanic,26,0,0,1,other,1.0,0.0,0.0,0.0,1.0,0.0
7483.0,7,-2.12,4,0,0,0,0,african-american,26,1,0,0,single,0.0,0.0,0.0,0.0,0.0,0.0
11454.0,9,-1.06,8,0,0,0,1,african-american,26,2,0,0,single,0.0,0.0,0.0,0.0,0.0,0.0
61189.0,4,-2.64,2,0,0,0,0,caucasian,26,0,0,0,single,0.0,0.0,0.0,1.0,0.0,0.0
18698.0,8,-1.26,7,1,0,1,0,african-american,26,8,2,0,single,0.0,0.0,0.0,0.0,0.0,0.0
57398.0,9,-1.42,7,0,0,0,1,african-american,26,0,0,1,single,0.0,0.0,0.0,0.0,0.0,0.0
60525.0,2,-2.48,3,0,0,0,0,caucasian,26,2,0,0,single,0.0,0.0,0.0,1.0,0.0,0.0
61537.0,5,-2.44,3,0,0,0,0,caucasian,26,7,0,0,single,0.0,0.0,0.0,1.0,0.0,0.0
51868.0,10,0.04,10,0,0,0,1,african-american,26,0,0,1,single,0.0,0.0,0.0,0.0,0.0,0.0
50864.0,2,-2.33,3,0,0,0,0,caucasian,26,0,0,1,single,0.0,0.0,0.0,1.0,0.0,0.0
51232.0,5,-2.2,4,0,0,0,0,african-american,26,1,0,1,single,0.0,0.0,0.0,0.0,0.0,0.0
57512.0,4,-2.23,4,0,0,0,0,african-american,26,0,0,1,single,0.0,0.0,0.0,0.0,0.0,0.0
8021.0,5,-2.04,4,0,0,0,0,caucasian,26,2,0,0,single,0.0,0.0,0.0,1.0,0.0,0.0
59511.0,5,-2.38,3,0,0,0,0,caucasian,26,0,0,1,single,0.0,0.0,0.0,1.0,0.0,0.0
55964.0,4,-2.14,4,0,0,0,0,african-american,26,2,0,0,single,0.0,0.0,0.0,0.0,0.0,0.0
56720.0,1,-2.71,2,0,0,0,0,hispanic,26,1,0,1,single,0.0,0.0,0.0,0.0,1.0,0.0
26020.0,8,-1.75,5,1,0,1,0,african-american,26,8,0,0,single,0.0,0.0,0.0,0.0,0.0,0.0
51682.0,6,-1.22,8,1,0,0,0,caucasian,26,2,1,0,single,0.0,0.0,0.0,1.0,0.0,0.0
52128.0,2,-2.37,3,0,0,0,0,african-american,26,1,0,0,single,0.0,0.0,0.0,0.0,0.0,0.0
50014.0,4,-2.55,3,0,0,0,0,caucasian,26,1,0,1,single,0.0,0.0,0.0,1.0,0.0,0.0
16248.0,3,-2.27,3,1,0,1,0,caucasian,26,2,1,0,single,0.0,0.0,0.0,1.0,0.0,0.0
59536.0,4,-2.24,3,0,0,0,0,caucasian,26,0,0,1,single,0.0,0.0,0.0,1.0,0.0,0.0
34467.0,5,-2.22,4,1,0,1,0,african-american,26,6,0,1,single,0.0,0.0,0.0,0.0,0.0,0.0
10282.0,7,-1.55,6,1,0,1,0,caucasian,26,1,0,0,single,0.0,0.0,0.0,1.0,0.0,0.0
9377.0,7,-1.34,7,1,1,1,0,african-american,26,5,3,0,single,0.0,0.0,0.0,0.0,0.0,0.0
54797.0,2,-2.61,2,1,0,1,0,caucasian,26,3,0,1,single,0.0,0.0,0.0,1.0,0.0,0.0
54620.0,5,-2.07,4,1,0,1,0,hispanic,26,1,1,0,single,0.0,0.0,0.0,0.0,1.0,0.0
6136.0,7,-1.47,7,0,0,0,0,african-american,26,7,0,0,single,0.0,0.0,0.0,0.0,0.0,0.0
52210.0,7,-1.85,5,0,0,0,0,other,26,0,0,0,single,0.0,0.0,0.0,0.0,0.0,1.0
57241.0,3,-2.16,4,1,0,1,0,african-american,26,0,0,1,single,0.0,0.0,0.0,0.0,0.0,0.0
51911.0,9,-1.42,7,1,0,1,0,caucasian,26,7,0,1,single,0.0,0.0,0.0,1.0,0.0,0.0
38528.0,9,-0.79,9,1,0,1,0,caucasian,26,9,1,0,single,0.0,0.0,0.0,1.0,0.0,0.0
8041.0,9,-1.24,8,1,0,1,0,african-american,26,14,4,0,single,0.0,0.0,0.0,0.0,0.0,0.0
56327.0,6,-2.18,4,1,0,1,1,caucasian,26,3,0,0,single,0.0,0.0,0.0,1.0,0.0,0.0
59267.0,7,-1.67,6,0,0,0,0,african-american,26,7,0,0,single,0.0,0.0,0.0,0.0,0.0,0.0
60985.0,2,-2.64,2,0,0,0,0,african-american,26,0,0,1,single,0.0,0.0,0.0,0.0,0.0,0.0
54100.0,4,-2.19,4,0,0,0,0,caucasian,26,0,0,1,significant other,0.0,0.0,1.0,1.0,0.0,0.0
54195.0,9,-0.8,9,1,0,1,0,african-american,26,3,3,1,single,0.0,0.0,0.0,0.0,0.0,0.0
55085.0,2,-2.33,3,0,0,0,0,african-american,26,0,0,0,significant other,0.0,0.0,1.0,0.0,0.0,0.0
57893.0,1,-2.63,2,0,0,0,0,hispanic,26,0,0,1,single,0.0,0.0,0.0,0.0,1.0,0.0
53692.0,6,-2.08,4,0,0,0,0,african-american,26,2,0,0,single,0.0,0.0,0.0,0.0,0.0,0.0
45938.0,4,-1.53,6,0,0,0,0,african-american,26,4,0,1,single,0.0,0.0,0.0,0.0,0.0,0.0
59604.0,2,-2.4,3,0,0,0,0,caucasian,26,0,0,0,single,0.0,0.0,0.0,1.0,0.0,0.0
52397.0,7,-1.59,7,0,0,0,0,african-american,26,6,2,0,single,0.0,0.0,0.0,0.0,0.0,0.0
4619.0,6,-2.12,4,1,1,1,1,african-american,26,9,0,1,single,0.0,0.0,0.0,0.0,0.0,0.0
59404.0,3,-2.44,3,0,0,0,1,caucasian,26,0,0,0,single,0.0,0.0,0.0,1.0,0.0,0.0
60198.0,2,-2.48,3,1,0,1,0,caucasian,26,1,0,0,single,0.0,0.0,0.0,1.0,0.0,0.0
52849.0,4,-2.17,4,1,0,1,1,african-american,26,2,0,1,single,0.0,0.0,0.0,0.0,0.0,0.0
53223.0,7,-2.01,4,1,0,1,0,caucasian,26,3,0,0,single,0.0,0.0,0.0,1.0,0.0,0.0
53792.0,5,-2.44,6,0,0,0,0,caucasian,26,5,0,1,significant other,0.0,0.0,1.0,1.0,0.0,0.0
62006.0,4,-2.32,3,0,0,0,0,caucasian,26,0,0,0,single,0.0,0.0,0.0,1.0,0.0,0.0
52701.0,5,-2.29,3,0,0,0,0,hispanic,26,1,0,1,single,0.0,0.0,0.0,0.0,1.0,0.0
54774.0,5,-1.99,4,1,1,1,0,caucasian,26,2,0,0,single,0.0,0.0,0.0,1.0,0.0,0.0
54311.0,4,-2.17,4,0,0,0,0,caucasian,26,0,0,0,single,0.0,0.0,0.0,1.0,0.0,0.0
19078.0,6,-1.27,7,0,0,0,0,african-american,26,1,0,0,single,0.0,0.0,0.0,0.0,0.0,0.0
57069.0,6,-1.88,5,0,0,0,1,caucasian,26,1,0,1,significant other,0.0,0.0,1.0,1.0,0.0,0.0
58239.0,1,-2.67,2,1,0,1,0,other,26,0,0,0,single,0.0,0.0,0.0,0.0,0.0,1.0
61986.0,4,-2.59,2,0,0,0,0,other,26,0,0,1,single,0.0,0.0,0.0,0.0,0.0,1.0
27487.0,10,-1.39,7,1,1,1,0,african-american,26,24,1,0,single,0.0,0.0,0.0,0.0,0.0,0.0
3037.0,10,-0.92,9,1,0,0,0,african-american,26,3,0,1,single,0.0,0.0,0.0,0.0,0.0,0.0
57619.0,5,-1.97,5,0,0,0,0,african-american,26,2,0,1,single,0.0,0.0,0.0,0.0,0.0,0.0
61156.0,1,-2.6,2,0,0,0,0,hispanic,26,2,1,1,single,0.0,0.0,0.0,0.0,1.0,0.0
4164.0,7,-2.28,3,1,0,1,0,caucasian,26,4,0,0,single,0.0,0.0,0.0,1.0,0.0,0.0
18532.0,10,-1.37,7,1,0,1,0,african-american,26,18,2,0,single,0.0,0.0,0.0,0.0,0.0,0.0
58326.0,2,-2.45,3,1,0,1,0,caucasian,26,2,0,0,single,0.0,0.0,0.0,1.0,0.0,0.0
33422.0,7,-1.45,7,1,1,1,0,african-american,26,9,0,0,single,0.0,0.0,0.0,0.0,0.0,0.0
19384.0,7,-1.82,5,1,0,1,1,african-american,26,5,0,0,single,0.0,0.0,0.0,0.0,0.0,0.0
41847.0,9,-0.85,9,1,0,1,0,hispanic,26,5,0,0,single,0.0,0.0,0.0,0.0,1.0,0.0
59888.0,4,-2.23,4,0,0,0,1,african-american,26,0,0,0,single,0.0,0.0,0.0,0.0,0.0,0.0
60595.0,3,-2.61,2,1,0,1,0,african-american,26,4,0,0,single,0.0,0.0,0.0,0.0,0.0,0.0
7845.0,10,-0.71,9,1,0,1,0,african-american,26,7,0,0,single,0.0,0.0,0.0,0.0,0.0,0.0
2300.0,4,-2.06,4,0,0,0,0,african-american,26,2,0,0,single,0.0,0.0,0.0,0.0,0.0,0.0
42676.0,7,-1.61,6,1,1,1,0,african-american,26,6,0,0,single,0.0,0.0,0.0,0.0,0.0,0.0
53502.0,2,-2.41,3,0,0,0,0,african-american,26,2,0,0,single,0.0,0.0,0.0,0.0,0.0,0.0
56659.0,2,-2.39,3,0,0,0,0,african-american,26,0,0,1,single,0.0,0.0,0.0,0.0,0.0,0.0
56812.0,2,-2.31,3,0,0,0,0,other,26,3,0,0,significant other,0.0,0.0,1.0,0.0,0.0,1.0
56795.0,4,-2.17,4,0,0,0,0,african-american,26,0,0,0,single,0.0,0.0,0.0,0.0,0.0,0.0
42846.0,9,-1.66,6,1,0,1,0,african-american,26,8,0,0,single,0.0,0.0,0.0,0.0,0.0,0.0
52029.0,5,-1.62,6,0,0,0,0,caucasian,26,2,0,0,single,0.0,0.0,0.0,1.0,0.0,0.0
61378.0,5,-2.58,2,0,0,0,0,african-american,26,0,2,0,single,0.0,0.0,0.0,0.0,0.0,0.0
7805.0,10,-1.08,8,1,0,1,0,african-american,26,7,0,0,single,0.0,0.0,0.0,0.0,0.0,0.0
54274.0,8,-1.12,8,1,0,1,0,african-american,26,2,0,0,single,0.0,0.0,0.0,0.0,0.0,0.0
57762.0,3,-2.61,2,0,0,0,1,african-american,26,1,0,0,single,0.0,0.0,0.0,0.0,0.0,0.0
54336.0,5,-2.29,3,0,0,0,0,caucasian,26,2,0,0,single,0.0,0.0,0.0,1.0,0.0,0.0
52743.0,6,-1.65,6,0,0,0,0,hispanic,26,4,0,0,significant other,0.0,0.0,1.0,0.0,1.0,0.0
57012.0,2,-2.54,3,0,0,0,0,caucasian,26,3,0,1,single,0.0,0.0,0.0,1.0,0.0,0.0
53154.0,6,-1.33,7,1,0,1,0,african-american,26,1,0,0,single,0.0,0.0,0.0,0.0,0.0,0.0
53134.0,9,-1.15,8,0,0,0,0,african-american,26,1,0,0,single,0.0,0.0,0.0,0.0,0.0,0.0
57443.0,4,-2.26,3,1,0,1,0,african-american,26,0,0,0,single,0.0,0.0,0.0,0.0,0.0,0.0
57943.0,10,-0.45,10,1,0,1,0,african-american,26,6,1,1,single,0.0,0.0,0.0,0.0,0.0,0.0
52755.0,3,-2.35,3,1,0,1,0,african-american,26,1,0,1,single,0.0,0.0,0.0,0.0,0.0,0.0
53465.0,2,-2.37,3,0,0,0,0,hispanic,26,0,0,0,single,0.0,0.0,0.0,0.0,1.0,0.0
5705.0,7,-1.57,6,1,0,1,0,african-american,26,5,0,0,single,0.0,0.0,0.0,0.0,0.0,0.0
53106.0,8,-1.53,8,0,0,0,0,caucasian,26,6,2,1,single,0.0,0.0,0.0,1.0,0.0,0.0
51551.0,6,-2.1,4,1,0,0,0,african-american,26,3,1,0,single,0.0,0.0,0.0,0.0,0.0,0.0
18290.0,2,-2.4,3,1,1,1,0,african-american,26,2,0,0,single,0.0,0.0,0.0,0.0,0.0,0.0
47062.0,6,-2.08,4,1,0,1,0,african-american,26,3,0,0,single,0.0,0.0,0.0,0.0,0.0,0.0
55751.0,4,-2.23,4,0,0,0,0,caucasian,26,2,0,0,single,0.0,0.0,0.0,1.0,0.0,0.0
53882.0,4,-2.29,3,0,0,0,0,african-american,26,3,0,0,single,0.0,0.0,0.0,0.0,0.0,0.0
56341.0,10,-0.43,10,1,0,1,0,african-american,26,1,0,0,single,0.0,0.0,0.0,0.0,0.0,0.0
42066.0,7,-1.47,7,1,0,1,0,african-american,26,4,0,0,single,0.0,0.0,0.0,0.0,0.0,0.0
45429.0,4,-1.84,5,0,0,0,0,african-american,26,5,0,0,single,0.0,0.0,0.0,0.0,0.0,0.0
57233.0,6,-2.19,4,1,0,1,1,african-american,26,1,0,0,single,0.0,0.0,0.0,0.0,0.0,0.0
15576.0,10,-0.59,10,1,0,1,0,african-american,26,3,0,0,single,0.0,0.0,0.0,0.0,0.0,0.0
57087.0,1,-2.67,2,0,0,0,0,african-american,26,1,0,1,single,0.0,0.0,0.0,0.0,0.0,0.0
48079.0,10,-2.0,4,1,0,1,0,african-american,26,6,0,1,single,0.0,0.0,0.0,0.0,0.0,0.0
51954.0,6,-2.2,4,1,0,1,1,caucasian,26,2,0,0,single,0.0,0.0,0.0,1.0,0.0,0.0
51089.0,5,-1.76,5,1,0,1,0,african-american,26,1,0,0,single,0.0,0.0,0.0,0.0,0.0,0.0
54302.0,3,-2.3,3,1,0,1,0,african-american,26,0,0,0,single,0.0,0.0,0.0,0.0,0.0,0.0
51084.0,2,-2.52,3,0,0,0,0,african-american,26,0,0,0,single,0.0,0.0,0.0,0.0,0.0,0.0
56620.0,5,-1.73,6,1,1,1,0,african-american,26,2,0,0,single,0.0,0.0,0.0,0.0,0.0,0.0
60195.0,4,-1.78,5,0,0,0,1,african-american,26,1,0,1,single,0.0,0.0,0.0,0.0,0.0,0.0
38968.0,5,-2.02,4,0,0,0,0,african-american,26,6,1,1,single,0.0,0.0,0.0,0.0,0.0,0.0
56189.0,9,-1.44,7,1,0,1,0,african-american,26,6,0,0,significant other,0.0,0.0,1.0,0.0,0.0,0.0
54627.0,2,-2.41,3,0,0,0,0,african-american,26,0,0,1,single,0.0,0.0,0.0,0.0,0.0,0.0
53342.0,7,-2.12,4,1,0,0,0,african-american,26,3,0,0,single,0.0,0.0,0.0,0.0,0.0,0.0
52320.0,3,-2.45,3,1,0,1,1,caucasian,26,4,0,0,single,0.0,0.0,0.0,1.0,0.0,0.0
55617.0,4,-2.16,4,0,0,0,0,african-american,26,2,0,1,single,0.0,0.0,0.0,0.0,0.0,0.0
56745.0,9,-0.45,10,0,0,0,0,african-american,26,0,0,0,single,0.0,0.0,0.0,0.0,0.0,0.0
22577.0,6,-1.63,6,0,0,0,0,african-american,26,6,0,0,single,0.0,0.0,0.0,0.0,0.0,0.0
65542.0,4,-2.4,3,0,0,0,1,hispanic,26,1,0,1,single,0.0,0.0,0.0,0.0,1.0,0.0
51665.0,2,-2.32,3,0,0,0,0,hispanic,26,1,0,0,single,0.0,0.0,0.0,0.0,1.0,0.0
34398.0,8,-2.06,4,1,0,1,0,african-american,26,13,2,0,single,0.0,0.0,0.0,0.0,0.0,0.0
54489.0,5,-2.11,4,0,0,0,0,african-american,26,5,1,1,single,0.0,0.0,0.0,0.0,0.0,0.0
53173.0,6,-1.73,6,0,0,0,0,african-american,26,7,0,0,single,0.0,0.0,0.0,0.0,0.0,0.0
60173.0,7,-1.78,5,1,0,1,0,hispanic,26,9,1,0,single,0.0,0.0,0.0,0.0,1.0,0.0
56784.0,4,-2.48,3,1,0,1,0,african-american,26,2,0,0,single,0.0,0.0,0.0,0.0,0.0,0.0
56767.0,6,-2.21,4,0,0,0,0,hispanic,26,0,0,0,significant other,0.0,0.0,1.0,0.0,1.0,0.0
53964.0,2,-2.32,3,0,0,0,0,african-american,26,2,0,1,single,0.0,0.0,0.0,0.0,0.0,0.0
51686.0,3,-2.09,4,0,0,0,0,african-american,26,2,0,0,single,0.0,0.0,0.0,0.0,0.0,0.0
54677.0,5,-2.18,4,1,0,1,0,other,26,0,0,0,single,0.0,0.0,0.0,0.0,0.0,1.0
54526.0,9,-1.4,7,0,0,0,1,caucasian,26,1,0,0,single,0.0,0.0,0.0,1.0,0.0,0.0
57528.0,4,-2.39,3,1,1,1,0,caucasian,26,4,0,0,significant other,0.0,0.0,1.0,1.0,0.0,0.0
52467.0,6,-1.89,5,1,0,1,0,african-american,26,3,1,1,single,0.0,0.0,0.0,0.0,0.0,0.0
27573.0,8,-1.24,8,0,0,0,0,african-american,26,6,0,1,single,0.0,0.0,0.0,0.0,0.0,0.0
54122.0,6,-1.55,6,1,0,1,0,caucasian,26,0,0,1,single,0.0,0.0,0.0,1.0,0.0,0.0
53040.0,3,-2.09,4,1,0,0,0,african-american,26,1,0,1,single,0.0,0.0,0.0,0.0,0.0,0.0
51504.0,3,-2.37,3,0,0,0,0,caucasian,26,1,0,0,single,0.0,0.0,0.0,1.0,0.0,0.0
53395.0,8,-0.76,9,1,0,1,0,african-american,26,5,0,0,single,0.0,0.0,0.0,0.0,0.0,0.0
51679.0,3,-1.93,5,1,1,1,0,other,26,2,0,0,single,0.0,0.0,0.0,0.0,0.0,1.0
4750.0,4,-1.49,7,0,0,0,0,other,26,1,0,1,single,0.0,0.0,0.0,0.0,0.0,1.0
55810.0,5,-1.87,5,0,0,0,0,caucasian,26,1,0,0,single,0.0,0.0,0.0,1.0,0.0,0.0
54027.0,10,-1.14,8,1,0,1,0,african-american,26,2,0,0,single,0.0,0.0,0.0,0.0,0.0,0.0
60206.0,8,-0.96,9,0,0,0,1,african-american,26,1,0,0,single,0.0,0.0,0.0,0.0,0.0,0.0
61504.0,6,-2.16,4,1,0,1,0,african-american,26,10,0,1,single,0.0,0.0,0.0,0.0,0.0,0.0
45420.0,5,-2.13,4,1,1,1,0,african-american,25,4,0,0,single,0.0,0.0,0.0,0.0,0.0,0.0
51642.0,7,-2.1,4,0,0,0,1,caucasian,25,5,0,0,single,0.0,0.0,0.0,1.0,0.0,0.0
61182.0,5,-1.82,5,1,0,1,0,caucasian,25,2,0,0,single,0.0,0.0,0.0,1.0,0.0,0.0
19580.0,8,-1.42,7,1,0,1,0,african-american,25,11,0,1,single,0.0,0.0,0.0,0.0,0.0,0.0
54975.0,4,-2.17,4,0,0,0,1,caucasian,25,0,0,1,single,0.0,0.0,0.0,1.0,0.0,0.0
52027.0,2,-2.52,3,1,0,1,0,african-american,25,1,0,0,single,0.0,0.0,0.0,0.0,0.0,0.0
56255.0,3,-2.21,4,0,0,0,0,african-american,25,1,0,0,single,0.0,0.0,0.0,0.0,0.0,0.0
34115.0,9,-0.18,10,1,0,1,1,african-american,25,7,0,0,single,0.0,0.0,0.0,0.0,0.0,0.0
51061.0,10,-1.23,8,1,0,1,0,caucasian,25,7,0,0,single,0.0,0.0,0.0,1.0,0.0,0.0
52437.0,4,-2.05,4,0,0,0,0,caucasian,25,2,0,0,single,0.0,0.0,0.0,1.0,0.0,0.0
61900.0,2,-2.47,3,1,0,1,0,african-american,25,2,0,1,single,0.0,0.0,0.0,0.0,0.0,0.0
27249.0,9,-1.42,7,1,0,1,0,african-american,25,11,0,1,single,0.0,0.0,0.0,0.0,0.0,0.0
1186.0,5,-2.17,4,1,0,1,0,african-american,25,4,1,0,single,0.0,0.0,0.0,0.0,0.0,0.0
21308.0,6,-2.25,3,0,0,0,0,caucasian,25,4,0,0,single,0.0,0.0,0.0,1.0,0.0,0.0
56658.0,7,-1.86,5,0,0,0,1,african-american,25,0,0,0,single,0.0,0.0,0.0,0.0,0.0,0.0
56290.0,6,-1.89,5,1,0,1,1,hispanic,25,4,0,0,single,0.0,0.0,0.0,0.0,1.0,0.0
59373.0,3,-2.19,4,0,0,0,0,african-american,25,0,0,0,single,0.0,0.0,0.0,0.0,0.0,0.0
57334.0,2,-2.21,4,0,0,0,0,african-american,25,0,0,1,single,0.0,0.0,0.0,0.0,0.0,0.0
34002.0,9,-1.17,8,1,0,1,0,african-american,25,9,0,0,single,0.0,0.0,0.0,0.0,0.0,0.0
59293.0,4,-2.01,4,0,0,0,0,african-american,25,0,0,0,single,0.0,0.0,0.0,0.0,0.0,0.0
56005.0,4,-2.13,4,1,0,1,1,caucasian,25,1,0,1,single,0.0,0.0,0.0,1.0,0.0,0.0
61732.0,3,-2.19,4,0,0,0,0,african-american,25,0,0,0,single,0.0,0.0,0.0,0.0,0.0,0.0
56130.0,3,-2.21,4,0,0,0,1,african-american,25,1,0,0,single,0.0,0.0,0.0,0.0,0.0,0.0
33404.0,5,-2.32,3,0,0,0,0,caucasian,25,2,0,0,single,0.0,0.0,0.0,1.0,0.0,0.0
57056.0,3,-2.09,4,1,0,1,0,african-american,25,0,0,1,single,0.0,0.0,0.0,0.0,0.0,0.0
54602.0,4,-2.34,3,1,0,1,0,african-american,25,0,0,0,single,0.0,0.0,0.0,0.0,0.0,0.0
56182.0,9,-1.39,7,1,0,1,0,caucasian,25,3,0,1,single,0.0,0.0,0.0,1.0,0.0,0.0
59492.0,7,-2.31,3,0,0,0,1,african-american,25,5,0,0,single,0.0,0.0,0.0,0.0,0.0,0.0
51119.0,6,-2.25,4,0,0,0,1,hispanic,25,14,3,0,single,0.0,0.0,0.0,0.0,1.0,0.0
46634.0,8,-2.32,3,1,0,1,0,african-american,25,4,0,0,single,0.0,0.0,0.0,0.0,0.0,0.0
53924.0,8,-1.35,7,1,1,0,0,caucasian,25,5,4,1,single,0.0,0.0,0.0,1.0,0.0,0.0
53125.0,6,-1.77,5,0,0,0,0,african-american,25,1,0,1,single,0.0,0.0,0.0,0.0,0.0,0.0
53920.0,3,-2.17,4,0,0,0,0,caucasian,25,0,0,1,single,0.0,0.0,0.0,1.0,0.0,0.0
57270.0,2,-2.49,3,0,0,0,1,african-american,25,0,0,1,single,0.0,0.0,0.0,0.0,0.0,0.0
60623.0,4,-2.55,3,1,0,1,0,caucasian,25,2,0,0,single,0.0,0.0,0.0,1.0,0.0,0.0
62329.0,10,-0.77,9,1,1,1,0,caucasian,25,9,0,1,single,0.0,0.0,0.0,1.0,0.0,0.0
55119.0,3,-2.32,3,0,0,0,1,african-american,25,0,0,1,single,0.0,0.0,0.0,0.0,0.0,0.0
58267.0,5,-1.48,7,1,0,1,0,caucasian,25,2,0,1,single,0.0,0.0,0.0,1.0,0.0,0.0
53380.0,2,-2.4,3,0,0,0,0,caucasian,25,0,0,0,single,0.0,0.0,0.0,1.0,0.0,0.0
59491.0,3,-1.98,4,0,0,0,0,caucasian,25,0,0,0,single,0.0,0.0,0.0,1.0,0.0,0.0
54468.0,9,-1.06,8,1,1,1,0,other,25,0,0,0,single,0.0,0.0,0.0,0.0,0.0,1.0
51611.0,6,-1.56,6,0,0,0,0,african-american,25,1,0,0,single,0.0,0.0,0.0,0.0,0.0,0.0
62426.0,9,-1.52,6,0,0,0,0,caucasian,25,0,0,1,single,0.0,0.0,0.0,1.0,0.0,0.0
60128.0,9,-1.92,5,0,0,0,1,african-american,25,1,0,1,single,0.0,0.0,0.0,0.0,0.0,0.0
50897.0,3,-2.15,4,0,0,0,0,african-american,25,1,0,0,single,0.0,0.0,0.0,0.0,0.0,0.0
60445.0,3,-2.31,3,0,0,0,1,caucasian,25,0,0,1,single,0.0,0.0,0.0,1.0,0.0,0.0
62197.0,2,-2.39,3,1,1,1,0,african-american,25,0,0,0,single,0.0,0.0,0.0,0.0,0.0,0.0
55126.0,2,-2.4,3,0,0,0,0,caucasian,25,0,0,1,single,0.0,0.0,0.0,1.0,0.0,0.0
58584.0,7,-1.47,7,0,0,0,0,african-american,25,5,0,0,single,0.0,0.0,0.0,0.0,0.0,0.0
59736.0,3,-2.37,3,0,0,0,1,caucasian,25,0,0,1,single,0.0,0.0,0.0,1.0,0.0,0.0
11417.0,10,-0.84,9,0,0,0,0,african-american,25,3,0,0,single,0.0,0.0,0.0,0.0,0.0,0.0
56630.0,3,-2.42,3,0,0,0,0,caucasian,25,1,0,0,single,0.0,0.0,0.0,1.0,0.0,0.0
55574.0,9,-0.77,9,1,1,1,0,african-american,25,9,3,0,single,0.0,0.0,0.0,0.0,0.0,0.0
53028.0,3,-2.08,4,0,0,0,0,african-american,25,0,0,0,single,0.0,0.0,0.0,0.0,0.0,0.0
8157.0,9,-0.94,9,1,0,1,0,african-american,25,7,0,0,single,0.0,0.0,0.0,0.0,0.0,0.0
51521.0,7,-1.78,5,0,0,0,0,caucasian,25,0,0,1,single,0.0,0.0,0.0,1.0,0.0,0.0
54105.0,5,-2.16,4,0,0,0,0,african-american,25,0,0,0,single,0.0,0.0,0.0,0.0,0.0,0.0
58675.0,4,-2.2,4,0,0,0,0,hispanic,25,4,0,0,single,0.0,0.0,0.0,0.0,1.0,0.0
6225.0,6,-1.93,5,1,0,0,0,african-american,25,6,0,0,single,0.0,0.0,0.0,0.0,0.0,0.0
3579.0,10,-0.9,9,0,0,0,1,african-american,25,5,0,1,single,0.0,0.0,0.0,0.0,0.0,0.0
30211.0,8,-1.26,7,0,0,0,0,hispanic,25,5,4,0,single,0.0,0.0,0.0,0.0,1.0,0.0
50923.0,4,-1.8,5,1,1,1,0,african-american,25,1,0,0,single,0.0,0.0,0.0,0.0,0.0,0.0
57682.0,3,-1.97,5,0,0,0,0,caucasian,25,1,0,0,single,0.0,0.0,0.0,1.0,0.0,0.0
13274.0,8,-1.12,8,1,0,1,0,african-american,25,1,0,0,single,0.0,0.0,0.0,0.0,0.0,0.0
10413.0,4,-2.31,3,0,0,0,0,african-american,25,1,0,1,single,0.0,0.0,0.0,0.0,0.0,0.0
56526.0,7,-1.95,5,0,0,0,0,african-american,25,6,1,1,single,0.0,0.0,0.0,0.0,0.0,0.0
56799.0,7,-1.97,5,1,1,1,0,caucasian,25,6,0,1,single,0.0,0.0,0.0,1.0,0.0,0.0
7564.0,4,-2.32,3,1,0,1,0,caucasian,25,13,5,0,single,0.0,0.0,0.0,1.0,0.0,0.0
869.0,2,-2.37,3,0,0,0,0,other,25,2,0,0,single,0.0,0.0,0.0,0.0,0.0,1.0
59586.0,2,-2.25,3,0,0,0,0,hispanic,25,1,0,0,single,0.0,0.0,0.0,0.0,1.0,0.0
56247.0,9,-1.27,7,0,0,0,0,caucasian,25,4,0,0,single,0.0,0.0,0.0,1.0,0.0,0.0
61884.0,2,-2.55,3,0,0,0,0,african-american,25,1,0,0,single,0.0,0.0,0.0,0.0,0.0,0.0
52053.0,5,-1.95,5,1,1,1,0,african-american,25,2,0,0,single,0.0,0.0,0.0,0.0,0.0,0.0
59051.0,4,-2.33,3,0,0,0,1,caucasian,25,0,0,1,single,0.0,0.0,0.0,1.0,0.0,0.0
54119.0,5,-2.14,4,0,0,0,0,caucasian,25,0,0,0,single,0.0,0.0,0.0,1.0,0.0,0.0
58869.0,10,-0.72,9,1,0,1,0,african-american,25,3,1,1,single,0.0,0.0,0.0,0.0,0.0,0.0
60721.0,10,-1.21,8,0,0,0,1,african-american,25,3,0,1,single,0.0,0.0,0.0,0.0,0.0,0.0
62090.0,4,-2.16,4,0,0,0,1,african-american,25,2,0,1,significant other,0.0,0.0,1.0,0.0,0.0,0.0
54310.0,2,-2.29,3,1,1,1,0,african-american,25,1,0,1,single,0.0,0.0,0.0,0.0,0.0,0.0
5748.0,2,-2.3,3,1,0,1,0,other,25,2,0,1,single,0.0,0.0,0.0,0.0,0.0,1.0
51918.0,5,-2.28,3,0,0,0,0,african-american,25,0,0,0,single,0.0,0.0,0.0,0.0,0.0,0.0
53099.0,6,-1.55,6,0,0,0,0,caucasian,25,2,0,1,single,0.0,0.0,0.0,1.0,0.0,0.0
52896.0,7,-1.7,6,0,0,0,0,african-american,25,3,1,0,single,0.0,0.0,0.0,0.0,0.0,0.0
20792.0,9,-1.39,7,1,0,1,0,caucasian,25,5,0,0,single,0.0,0.0,0.0,1.0,0.0,0.0
59809.0,9,-1.43,7,1,1,1,1,caucasian,25,2,0,0,single,0.0,0.0,0.0,1.0,0.0,0.0
53750.0,4,-2.32,3,0,0,0,1,hispanic,25,0,0,0,single,0.0,0.0,0.0,0.0,1.0,0.0
57465.0,10,-1.37,7,1,0,1,0,african-american,25,14,8,0,single,0.0,0.0,0.0,0.0,0.0,0.0
53218.0,3,-2.42,3,0,0,0,0,other,25,1,0,0,single,0.0,0.0,0.0,0.0,0.0,1.0
32442.0,9,-1.46,7,0,0,0,0,african-american,25,4,1,1,single,0.0,0.0,0.0,0.0,0.0,0.0
59804.0,6,-1.77,5,0,0,0,1,african-american,25,2,0,0,single,0.0,0.0,0.0,0.0,0.0,0.0
59194.0,4,-2.08,4,0,0,0,0,african-american,25,2,0,0,single,0.0,0.0,0.0,0.0,0.0,0.0
43099.0,6,-1.78,5,1,0,1,0,african-american,25,3,0,1,single,0.0,0.0,0.0,0.0,0.0,0.0
52569.0,4,-1.96,5,1,0,1,0,african-american,25,1,0,0,single,0.0,0.0,0.0,0.0,0.0,0.0
56985.0,3,-2.03,4,0,0,0,1,african-american,25,1,0,0,single,0.0,0.0,0.0,0.0,0.0,0.0
51966.0,6,-2.29,3,0,0,0,0,african-american,25,3,2,1,single,0.0,0.0,0.0,0.0,0.0,0.0
38460.0,4,-1.57,6,0,0,0,0,caucasian,25,1,1,0,single,0.0,0.0,0.0,1.0,0.0,0.0
60941.0,4,-2.01,4,0,0,0,0,african-american,25,0,0,1,single,0.0,0.0,0.0,0.0,0.0,0.0
7683.0,6,-1.31,7,1,0,0,0,caucasian,25,2,0,0,single,0.0,0.0,0.0,1.0,0.0,0.0
25072.0,5,-1.44,7,0,0,0,0,african-american,25,5,0,0,single,0.0,0.0,0.0,0.0,0.0,0.0
29099.0,9,-0.81,9,1,0,1,0,african-american,25,21,14,0,single,0.0,0.0,0.0,0.0,0.0,0.0
54704.0,2,-2.24,3,0,0,0,0,caucasian,25,0,0,0,single,0.0,0.0,0.0,1.0,0.0,0.0
54849.0,3,-2.36,3,1,0,1,0,caucasian,25,1,0,1,single,0.0,0.0,0.0,1.0,0.0,0.0
62356.0,2,-2.51,3,0,0,0,0,african-american,25,1,0,0,single,0.0,0.0,0.0,0.0,0.0,0.0
8156.0,8,-2.03,4,1,0,1,0,african-american,25,3,2,1,single,0.0,0.0,0.0,0.0,0.0,0.0
21491.0,10,-1.91,5,1,1,1,0,caucasian,25,5,0,0,single,0.0,0.0,0.0,1.0,0.0,0.0
53724.0,2,-2.4,3,0,0,0,0,african-american,25,1,0,0,single,0.0,0.0,0.0,0.0,0.0,0.0
46588.0,8,-1.8,5,1,0,1,0,african-american,25,8,4,1,single,0.0,0.0,0.0,0.0,0.0,0.0
2305.0,9,-0.91,9,0,0,0,0,african-american,25,5,0,1,single,0.0,0.0,0.0,0.0,0.0,0.0
59500.0,3,-2.11,4,1,0,1,0,african-american,25,3,0,0,single,0.0,0.0,0.0,0.0,0.0,0.0
60807.0,6,-1.91,5,1,0,1,0,african-american,25,8,0,0,other,1.0,0.0,0.0,0.0,0.0,0.0
53478.0,3,-2.34,3,0,0,0,0,african-american,25,1,0,1,single,0.0,0.0,0.0,0.0,0.0,0.0
46713.0,6,-1.91,5,1,0,1,0,african-american,25,4,0,0,single,0.0,0.0,0.0,0.0,0.0,0.0
50891.0,5,-2.24,3,0,0,0,0,african-american,25,2,0,0,single,0.0,0.0,0.0,0.0,0.0,0.0
59478.0,7,-1.77,5,0,0,0,0,hispanic,25,0,0,0,single,0.0,0.0,0.0,0.0,1.0,0.0
51353.0,7,-1.52,6,1,0,1,1,african-american,25,6,0,0,single,0.0,0.0,0.0,0.0,0.0,0.0
5754.0,9,-1.08,8,0,0,0,0,african-american,25,2,1,0,single,0.0,0.0,0.0,0.0,0.0,0.0
58702.0,7,-2.17,4,1,0,1,1,african-american,25,4,0,0,single,0.0,0.0,0.0,0.0,0.0,0.0
50996.0,5,-2.33,3,0,0,0,0,other,25,1,0,0,single,0.0,0.0,0.0,0.0,0.0,1.0
57028.0,3,-2.12,4,0,0,0,0,african-american,25,0,0,0,single,0.0,0.0,0.0,0.0,0.0,0.0
55143.0,9,-1.35,7,1,0,0,0,african-american,25,2,1,0,single,0.0,0.0,0.0,0.0,0.0,0.0
52946.0,3,-2.24,3,0,0,0,0,hispanic,25,1,0,0,significant other,0.0,0.0,1.0,0.0,1.0,0.0
7574.0,8,-0.79,9,0,0,0,0,african-american,25,7,1,0,single,0.0,0.0,0.0,0.0,0.0,0.0
54701.0,2,-2.6,2,0,0,0,1,african-american,25,0,1,1,significant other,0.0,0.0,1.0,0.0,0.0,0.0
57945.0,3,-1.59,6,0,0,0,0,hispanic,25,0,0,0,single,0.0,0.0,0.0,0.0,1.0,0.0
56381.0,4,-1.69,6,1,1,1,0,other,25,1,0,1,single,0.0,0.0,0.0,0.0,0.0,1.0
60795.0,2,-2.49,3,0,0,0,1,other,25,0,0,0,single,0.0,0.0,0.0,0.0,0.0,1.0
51680.0,5,-2.25,3,0,0,0,0,caucasian,25,2,0,0,single,0.0,0.0,0.0,1.0,0.0,0.0
56876.0,7,-2.13,4,1,1,1,0,african-american,25,6,0,0,single,0.0,0.0,0.0,0.0,0.0,0.0
51893.0,6,-1.87,5,1,0,1,0,african-american,25,1,0,0,single,0.0,0.0,0.0,0.0,0.0,0.0
52905.0,5,-2.25,3,1,1,1,0,hispanic,25,2,0,0,significant other,0.0,0.0,1.0,0.0,1.0,0.0
57339.0,2,-2.28,3,1,0,1,0,african-american,25,1,0,1,single,0.0,0.0,0.0,0.0,0.0,0.0
60533.0,4,-2.35,3,0,0,0,1,caucasian,25,0,0,0,single,0.0,0.0,0.0,1.0,0.0,0.0
30176.0,8,-1.75,5,1,0,1,0,other,25,3,0,0,single,0.0,0.0,0.0,0.0,0.0,1.0
7481.0,9,-1.14,8,1,1,1,0,caucasian,25,5,1,1,separated,0.0,1.0,0.0,1.0,0.0,0.0
58386.0,7,-1.96,5,1,0,1,0,african-american,25,6,2,1,single,0.0,0.0,0.0,0.0,0.0,0.0
52654.0,5,-1.93,5,0,0,0,0,african-american,25,0,0,0,single,0.0,0.0,0.0,0.0,0.0,0.0
51180.0,8,-1.42,7,1,0,1,1,african-american,25,2,0,0,single,0.0,0.0,0.0,0.0,0.0,0.0
57413.0,8,-1.64,6,0,0,0,0,african-american,25,0,0,0,single,0.0,0.0,0.0,0.0,0.0,0.0
52054.0,5,-1.64,6,0,0,0,0,caucasian,25,2,0,0,single,0.0,0.0,0.0,1.0,0.0,0.0
12180.0,9,-0.74,9,1,0,1,0,caucasian,25,9,1,0,single,0.0,0.0,0.0,1.0,0.0,0.0
57015.0,2,-2.4,3,0,0,0,0,african-american,25,1,0,0,single,0.0,0.0,0.0,0.0,0.0,0.0
51381.0,9,-1.73,6,1,1,0,0,other,25,7,0,0,single,0.0,0.0,0.0,0.0,0.0,1.0
52254.0,3,-1.97,5,0,0,0,0,african-american,25,0,0,1,single,0.0,0.0,0.0,0.0,0.0,0.0
51809.0,2,-2.29,3,0,0,0,0,caucasian,25,0,0,1,significant other,0.0,0.0,1.0,1.0,0.0,0.0
58152.0,3,-2.56,2,0,0,0,0,caucasian,25,1,0,0,single,0.0,0.0,0.0,1.0,0.0,0.0
61808.0,5,-2.25,3,1,0,1,0,african-american,25,0,0,1,single,0.0,0.0,0.0,0.0,0.0,0.0
59448.0,2,-2.49,3,0,0,0,0,african-american,25,1,0,0,single,0.0,0.0,0.0,0.0,0.0,0.0
52103.0,7,-1.81,5,0,0,0,0,african-american,25,0,0,0,single,0.0,0.0,0.0,0.0,0.0,0.0
54141.0,6,-2.35,3,0,0,0,1,african-american,25,1,0,1,single,0.0,0.0,0.0,0.0,0.0,0.0
54308.0,3,-2.2,4,1,0,1,0,african-american,25,0,0,1,single,0.0,0.0,0.0,0.0,0.0,0.0
30618.0,4,-1.98,4,0,0,0,0,african-american,25,2,0,0,single,0.0,0.0,0.0,0.0,0.0,0.0
59935.0,3,-2.09,4,1,0,1,0,african-american,25,0,0,1,single,0.0,0.0,0.0,0.0,0.0,0.0
54276.0,3,-1.97,5,0,0,0,0,african-american,25,0,0,1,single,0.0,0.0,0.0,0.0,0.0,0.0
61482.0,8,-1.31,7,1,0,1,0,african-american,25,7,0,0,single,0.0,0.0,0.0,0.0,0.0,0.0
61097.0,1,-2.57,2,1,0,1,0,african-american,25,0,0,1,single,0.0,0.0,0.0,0.0,0.0,0.0
66131.0,7,-2.5,3,1,1,1,1,african-american,25,4,0,1,single,0.0,0.0,0.0,0.0,0.0,0.0
57186.0,8,-1.57,6,1,1,1,0,african-american,25,5,0,1,significant other,0.0,0.0,1.0,0.0,0.0,0.0
52950.0,4,-2.13,4,1,0,1,1,caucasian,25,0,0,0,single,0.0,0.0,0.0,1.0,0.0,0.0
15644.0,10,-0.35,10,1,0,0,0,african-american,25,7,0,0,single,0.0,0.0,0.0,0.0,0.0,0.0
27121.0,3,-1.76,5,1,1,1,0,hispanic,25,2,0,1,single,0.0,0.0,0.0,0.0,1.0,0.0
54759.0,2,-2.24,3,0,0,0,0,african-american,25,0,2,1,single,0.0,0.0,0.0,0.0,0.0,0.0
50045.0,7,-1.41,7,1,0,1,1,african-american,25,5,0,1,single,0.0,0.0,0.0,0.0,0.0,0.0
39729.0,10,-0.4,10,1,1,1,0,african-american,25,8,0,1,single,0.0,0.0,0.0,0.0,0.0,0.0
59967.0,5,-2.25,3,0,0,0,0,caucasian,25,1,0,0,single,0.0,0.0,0.0,1.0,0.0,0.0
51056.0,4,-2.01,4,0,0,0,0,caucasian,25,4,0,0,single,0.0,0.0,0.0,1.0,0.0,0.0
36630.0,8,-1.48,7,1,0,1,0,african-american,25,5,0,0,single,0.0,0.0,0.0,0.0,0.0,0.0
57574.0,8,-1.84,5,1,0,1,0,caucasian,25,6,0,0,single,0.0,0.0,0.0,1.0,0.0,0.0
31396.0,8,-1.14,8,1,0,1,1,african-american,25,2,0,0,single,0.0,0.0,0.0,0.0,0.0,0.0
45869.0,10,-0.94,9,0,0,0,0,african-american,25,8,5,0,single,0.0,0.0,0.0,0.0,0.0,0.0
61721.0,5,-2.41,3,0,0,0,0,caucasian,25,1,0,0,single,0.0,0.0,0.0,1.0,0.0,0.0
2160.0,9,-0.63,9,1,0,1,0,african-american,25,5,1,0,single,0.0,0.0,0.0,0.0,0.0,0.0
62270.0,2,-2.41,3,0,0,0,0,african-american,25,0,0,0,single,0.0,0.0,0.0,0.0,0.0,0.0
59864.0,4,-2.34,3,0,0,0,0,other,25,0,0,0,single,0.0,0.0,0.0,0.0,0.0,1.0
10247.0,9,-1.7,6,1,0,1,0,african-american,25,10,1,0,single,0.0,0.0,0.0,0.0,0.0,0.0
52496.0,4,-2.3,3,1,0,1,0,african-american,25,2,0,0,significant other,0.0,0.0,1.0,0.0,0.0,0.0
39783.0,3,-2.08,4,0,0,0,0,caucasian,25,1,0,1,single,0.0,0.0,0.0,1.0,0.0,0.0
59924.0,2,-2.25,3,0,0,0,0,caucasian,25,0,0,1,single,0.0,0.0,0.0,1.0,0.0,0.0
52250.0,5,-1.68,6,0,0,0,0,african-american,25,2,0,0,single,0.0,0.0,0.0,0.0,0.0,0.0
16722.0,9,-1.35,7,1,0,1,0,african-american,25,10,0,0,single,0.0,0.0,0.0,0.0,0.0,0.0
51985.0,6,-1.44,7,1,0,1,0,african-american,25,0,0,1,single,0.0,0.0,0.0,0.0,0.0,0.0
57783.0,5,-1.54,6,0,0,0,1,african-american,25,1,0,0,single,0.0,0.0,0.0,0.0,0.0,0.0
56139.0,5,-2.2,4,0,0,0,1,african-american,25,0,0,1,significant other,0.0,0.0,1.0,0.0,0.0,0.0
8772.0,10,-0.53,10,1,1,1,0,african-american,25,7,1,0,single,0.0,0.0,0.0,0.0,0.0,0.0
52102.0,7,-2.28,3,1,0,1,0,african-american,25,2,1,0,single,0.0,0.0,0.0,0.0,0.0,0.0
9014.0,8,-1.58,6,0,0,0,0,african-american,25,5,0,0,single,0.0,0.0,0.0,0.0,0.0,0.0
58561.0,5,-1.56,6,0,0,0,0,african-american,25,1,0,0,single,0.0,0.0,0.0,0.0,0.0,0.0
56387.0,2,-2.36,3,0,0,0,0,other,25,0,0,0,significant other,0.0,0.0,1.0,0.0,0.0,1.0
33391.0,6,-1.98,4,0,0,0,0,african-american,25,2,0,0,single,0.0,0.0,0.0,0.0,0.0,0.0
51977.0,5,-2.13,4,0,0,0,1,african-american,25,4,0,0,significant other,0.0,0.0,1.0,0.0,0.0,0.0
39888.0,7,-1.2,8,1,0,1,0,hispanic,25,6,0,1,single,0.0,0.0,0.0,0.0,1.0,0.0
58279.0,4,-1.74,5,0,0,0,0,african-american,25,1,0,0,single,0.0,0.0,0.0,0.0,0.0,0.0
50212.0,7,-2.15,4,0,0,0,0,african-american,25,9,1,0,single,0.0,0.0,0.0,0.0,0.0,0.0
42327.0,8,-1.18,8,1,0,0,0,african-american,25,1,1,1,single,0.0,0.0,0.0,0.0,0.0,0.0
59869.0,5,-2.47,3,1,0,1,1,caucasian,25,2,0,0,single,0.0,0.0,0.0,1.0,0.0,0.0
58441.0,5,-2.3,3,0,0,0,1,caucasian,25,0,0,0,single,0.0,0.0,0.0,1.0,0.0,0.0
26662.0,7,-1.45,7,1,0,1,0,african-american,25,7,0,0,single,0.0,0.0,0.0,0.0,0.0,0.0
8293.0,6,-2.04,4,0,0,0,0,african-american,25,7,0,0,single,0.0,0.0,0.0,0.0,0.0,0.0
52077.0,2,-2.37,3,1,1,1,0,hispanic,25,0,0,0,single,0.0,0.0,0.0,0.0,1.0,0.0
52356.0,7,-2.29,3,1,0,1,0,caucasian,25,3,0,0,single,0.0,0.0,0.0,1.0,0.0,0.0
14073.0,9,-0.69,9,1,0,1,0,african-american,25,5,3,0,significant other,0.0,0.0,1.0,0.0,0.0,0.0
53127.0,10,-1.24,8,1,0,1,0,african-american,25,5,1,0,single,0.0,0.0,0.0,0.0,0.0,0.0
56232.0,6,-2.01,4,1,0,1,0,african-american,25,3,0,0,single,0.0,0.0,0.0,0.0,0.0,0.0
52597.0,10,-1.05,8,0,0,0,0,african-american,25,8,2,0,separated,0.0,1.0,0.0,0.0,0.0,0.0
56138.0,10,-1.29,7,1,0,1,0,african-american,25,4,2,0,single,0.0,0.0,0.0,0.0,0.0,0.0
49551.0,10,-1.2,8,0,0,0,1,caucasian,25,2,0,0,single,0.0,0.0,0.0,1.0,0.0,0.0
52527.0,5,-1.9,5,1,1,1,1,african-american,25,0,0,0,single,0.0,0.0,0.0,0.0,0.0,0.0
51792.0,5,-1.94,5,1,0,1,0,african-american,25,7,2,1,single,0.0,0.0,0.0,0.0,0.0,0.0
57884.0,3,-2.51,3,0,0,0,0,hispanic,25,1,1,0,single,0.0,0.0,0.0,0.0,1.0,0.0
60010.0,2,-2.21,4,1,0,1,0,caucasian,25,0,0,1,single,0.0,0.0,0.0,1.0,0.0,0.0
40919.0,6,-1.47,7,0,0,0,0,african-american,25,6,4,1,single,0.0,0.0,0.0,0.0,0.0,0.0
50906.0,3,-2.01,4,0,0,0,0,african-american,25,1,0,0,single,0.0,0.0,0.0,0.0,0.0,0.0
68358.0,9,-2.04,5,1,0,1,0,african-american,25,3,0,1,single,0.0,0.0,0.0,0.0,0.0,0.0
57877.0,5,-2.28,3,0,0,0,0,caucasian,25,0,0,0,single,0.0,0.0,0.0,1.0,0.0,0.0
55136.0,6,-1.88,5,0,0,0,0,african-american,25,0,0,1,single,0.0,0.0,0.0,0.0,0.0,0.0
53172.0,2,-2.17,4,1,1,1,0,other,25,0,0,0,single,0.0,0.0,0.0,0.0,0.0,1.0
61646.0,8,-1.54,6,0,0,0,0,african-american,25,2,0,0,single,0.0,0.0,0.0,0.0,0.0,0.0
61103.0,4,-1.79,5,1,0,1,1,african-american,25,0,0,1,single,0.0,0.0,0.0,0.0,0.0,0.0
36720.0,4,-1.95,5,1,0,1,0,african-american,25,2,0,1,single,0.0,0.0,0.0,0.0,0.0,0.0
25291.0,7,-2.1,4,0,0,0,0,african-american,25,9,1,0,single,0.0,0.0,0.0,0.0,0.0,0.0
59882.0,1,-2.56,2,0,0,0,0,other,25,0,0,1,single,0.0,0.0,0.0,0.0,0.0,1.0
61580.0,3,-2.4,3,0,0,0,0,caucasian,25,3,0,0,single,0.0,0.0,0.0,1.0,0.0,0.0
35758.0,6,-2.28,3,0,0,0,0,caucasian,25,1,0,0,single,0.0,0.0,0.0,1.0,0.0,0.0
54316.0,3,-1.72,6,0,0,0,0,african-american,25,1,0,0,single,0.0,0.0,0.0,0.0,0.0,0.0
6719.0,5,-1.17,8,0,0,0,0,african-american,25,4,0,1,single,0.0,0.0,0.0,0.0,0.0,0.0
58065.0,6,-2.1,4,0,0,0,0,caucasian,25,0,0,0,single,0.0,0.0,0.0,1.0,0.0,0.0
59906.0,4,-1.83,5,0,0,0,1,caucasian,25,2,0,0,single,0.0,0.0,0.0,1.0,0.0,0.0
52975.0,9,-1.35,7,1,1,1,0,african-american,25,15,4,0,single,0.0,0.0,0.0,0.0,0.0,0.0
15195.0,9,-0.85,9,0,0,0,0,caucasian,25,9,3,0,single,0.0,0.0,0.0,1.0,0.0,0.0
54925.0,7,-2.17,4,0,0,0,1,caucasian,25,6,0,0,single,0.0,0.0,0.0,1.0,0.0,0.0
51712.0,5,-2.06,4,1,0,1,1,caucasian,25,1,0,1,single,0.0,0.0,0.0,1.0,0.0,0.0
44153.0,6,-1.96,5,1,1,0,0,african-american,25,2,0,1,single,0.0,0.0,0.0,0.0,0.0,0.0
55640.0,3,-2.09,4,1,0,1,0,african-american,25,1,0,0,single,0.0,0.0,0.0,0.0,0.0,0.0
54928.0,9,-1.0,8,1,1,1,0,african-american,25,11,1,0,single,0.0,0.0,0.0,0.0,0.0,0.0
51110.0,4,-2.2,4,1,0,1,1,caucasian,25,2,0,1,single,0.0,0.0,0.0,1.0,0.0,0.0
51958.0,8,-2.0,4,0,0,0,0,caucasian,25,2,0,1,single,0.0,0.0,0.0,1.0,0.0,0.0
55962.0,3,-2.08,4,1,0,1,0,hispanic,25,1,0,0,single,0.0,0.0,0.0,0.0,1.0,0.0
29986.0,10,-0.25,10,1,1,1,0,african-american,25,14,8,0,single,0.0,0.0,0.0,0.0,0.0,0.0
60998.0,2,-2.49,3,0,0,0,0,caucasian,25,0,0,1,single,0.0,0.0,0.0,1.0,0.0,0.0
55027.0,3,-2.32,3,0,0,0,0,african-american,25,3,0,0,single,0.0,0.0,0.0,0.0,0.0,0.0
60009.0,5,-2.31,3,1,0,1,0,caucasian,25,0,0,1,single,0.0,0.0,0.0,1.0,0.0,0.0
41486.0,4,-1.87,5,1,0,1,0,caucasian,25,5,0,0,single,0.0,0.0,0.0,1.0,0.0,0.0
54924.0,2,-2.13,4,0,0,0,0,hispanic,25,0,0,1,separated,0.0,1.0,0.0,0.0,1.0,0.0
51105.0,6,-1.56,6,0,0,0,0,african-american,25,1,0,0,single,0.0,0.0,0.0,0.0,0.0,0.0
60018.0,8,-1.26,7,1,0,1,0,african-american,25,8,2,0,single,0.0,0.0,0.0,0.0,0.0,0.0
52499.0,3,-2.29,3,0,0,0,1,african-american,25,1,0,0,single,0.0,0.0,0.0,0.0,0.0,0.0
54923.0,10,-0.68,9,1,0,1,0,caucasian,25,4,0,0,single,0.0,0.0,0.0,1.0,0.0,0.0
56791.0,6,-1.76,5,0,0,0,0,caucasian,25,2,0,0,single,0.0,0.0,0.0,1.0,0.0,0.0
41454.0,6,-1.55,6,0,0,0,0,other,25,2,0,1,single,0.0,0.0,0.0,0.0,0.0,1.0
54337.0,3,-2.25,3,0,0,0,1,hispanic,25,0,0,1,single,0.0,0.0,0.0,0.0,1.0,0.0
10580.0,5,-1.91,5,1,0,1,0,african-american,25,3,0,0,single,0.0,0.0,0.0,0.0,0.0,0.0
51221.0,2,-2.36,3,0,0,0,0,other,25,1,0,0,single,0.0,0.0,0.0,0.0,0.0,1.0
56340.0,4,-2.09,4,0,0,0,1,caucasian,25,0,0,1,significant other,0.0,0.0,1.0,1.0,0.0,0.0
59460.0,2,-2.14,4,0,0,0,0,african-american,25,0,0,1,single,0.0,0.0,0.0,0.0,0.0,0.0
19347.0,10,-1.44,7,0,0,0,0,caucasian,25,4,2,1,single,0.0,0.0,0.0,1.0,0.0,0.0
55882.0,2,-2.37,3,1,0,1,0,caucasian,25,1,0,1,single,0.0,0.0,0.0,1.0,0.0,0.0
52277.0,9,-0.87,9,1,0,1,0,hispanic,25,10,5,0,single,0.0,0.0,0.0,0.0,1.0,0.0
59802.0,2,-2.37,3,0,0,0,0,african-american,25,1,0,1,single,0.0,0.0,0.0,0.0,0.0,0.0
61543.0,9,-1.14,8,1,1,1,0,african-american,25,4,1,0,single,0.0,0.0,0.0,0.0,0.0,0.0
61243.0,2,-2.24,3,0,0,0,0,african-american,25,0,0,1,single,0.0,0.0,0.0,0.0,0.0,0.0
52309.0,4,-2.24,3,1,0,1,0,caucasian,25,2,0,1,single,0.0,0.0,0.0,1.0,0.0,0.0
52237.0,5,-2.0,4,1,0,1,0,african-american,25,5,0,0,single,0.0,0.0,0.0,0.0,0.0,0.0
48897.0,9,-0.89,9,0,0,0,0,caucasian,25,1,0,0,single,0.0,0.0,0.0,1.0,0.0,0.0
53220.0,4,-1.92,5,1,0,1,0,african-american,25,0,0,0,single,0.0,0.0,0.0,0.0,0.0,0.0
39363.0,7,-1.88,5,0,0,0,0,african-american,25,5,0,0,single,0.0,0.0,0.0,0.0,0.0,0.0
52636.0,2,-2.4,3,0,0,0,0,african-american,25,0,0,0,single,0.0,0.0,0.0,0.0,0.0,0.0
52033.0,9,-1.12,8,1,1,1,0,african-american,25,0,0,0,significant other,0.0,0.0,1.0,0.0,0.0,0.0
61484.0,2,-2.17,4,0,0,0,0,caucasian,25,0,0,0,significant other,0.0,0.0,1.0,1.0,0.0,0.0
53119.0,3,-2.08,4,0,0,0,0,caucasian,25,0,0,0,single,0.0,0.0,0.0,1.0,0.0,0.0
53482.0,4,-2.01,4,0,0,0,1,african-american,25,1,0,0,single,0.0,0.0,0.0,0.0,0.0,0.0
53788.0,6,-2.07,4,0,0,0,1,caucasian,25,0,0,0,single,0.0,0.0,0.0,1.0,0.0,0.0
59891.0,5,-1.86,5,1,0,1,0,african-american,25,0,0,1,single,0.0,0.0,0.0,0.0,0.0,0.0
8374.0,9,-1.08,8,1,0,1,0,african-american,25,4,0,0,single,0.0,0.0,0.0,0.0,0.0,0.0
56450.0,8,-0.96,9,1,1,1,0,african-american,25,3,2,0,significant other,0.0,0.0,1.0,0.0,0.0,0.0
11339.0,9,-1.12,8,1,0,1,0,african-american,25,11,2,0,single,0.0,0.0,0.0,0.0,0.0,0.0
51797.0,8,-1.6,6,1,0,1,0,african-american,25,0,0,0,single,0.0,0.0,0.0,0.0,0.0,0.0
52043.0,6,-2.16,4,1,1,1,0,hispanic,25,3,0,0,single,0.0,0.0,0.0,0.0,1.0,0.0
54189.0,9,-1.81,5,1,0,1,1,african-american,25,5,0,0,single,0.0,0.0,0.0,0.0,0.0,0.0
57361.0,2,-2.13,4,0,0,0,0,african-american,25,0,0,0,single,0.0,0.0,0.0,0.0,0.0,0.0
60178.0,4,-2.2,4,0,0,0,0,african-american,25,1,0,0,single,0.0,0.0,0.0,0.0,0.0,0.0
53316.0,7,-2.0,4,1,0,1,0,caucasian,25,5,2,1,single,0.0,0.0,0.0,1.0,0.0,0.0
53029.0,3,-2.12,4,1,1,0,0,african-american,25,0,0,1,single,0.0,0.0,0.0,0.0,0.0,0.0
6761.0,9,-1.65,6,1,0,1,0,african-american,25,7,1,1,single,0.0,0.0,0.0,0.0,0.0,0.0
40847.0,4,-2.28,3,0,0,0,0,caucasian,25,6,1,0,single,0.0,0.0,0.0,1.0,0.0,0.0
34054.0,5,-2.18,4,0,0,0,0,caucasian,25,2,1,0,single,0.0,0.0,0.0,1.0,0.0,0.0
59976.0,3,-2.4,3,0,0,0,1,caucasian,25,0,0,1,single,0.0,0.0,0.0,1.0,0.0,0.0
56199.0,4,-2.04,4,1,0,1,0,african-american,25,1,0,0,single,0.0,0.0,0.0,0.0,0.0,0.0
60200.0,3,-2.13,4,0,0,0,0,caucasian,24,0,0,0,single,0.0,0.0,0.0,1.0,0.0,0.0
25778.0,7,-1.75,5,0,0,0,0,african-american,24,2,0,0,single,0.0,0.0,0.0,0.0,0.0,0.0
51214.0,4,-1.86,5,0,0,0,0,caucasian,24,0,0,0,single,0.0,0.0,0.0,1.0,0.0,0.0
58318.0,6,-2.05,4,1,0,1,0,caucasian,24,1,0,0,single,0.0,0.0,0.0,1.0,0.0,0.0
58210.0,2,-2.33,3,1,0,0,0,caucasian,24,1,0,1,single,0.0,0.0,0.0,1.0,0.0,0.0
53895.0,5,-2.0,4,0,0,0,1,african-american,24,0,0,0,significant other,0.0,0.0,1.0,0.0,0.0,0.0
16779.0,6,-1.35,7,0,0,0,1,african-american,24,6,0,1,single,0.0,0.0,0.0,0.0,0.0,0.0
58071.0,2,-2.13,4,1,0,1,0,african-american,24,0,0,0,single,0.0,0.0,0.0,0.0,0.0,0.0
57902.0,4,-2.29,3,0,0,0,1,caucasian,24,2,0,0,single,0.0,0.0,0.0,1.0,0.0,0.0
53078.0,3,-2.28,3,1,0,1,0,african-american,24,1,0,0,single,0.0,0.0,0.0,0.0,0.0,0.0
53804.0,2,-2.28,3,0,0,0,0,caucasian,24,0,0,0,single,0.0,0.0,0.0,1.0,0.0,0.0
57485.0,4,-1.64,6,1,0,1,0,caucasian,24,3,2,0,single,0.0,0.0,0.0,1.0,0.0,0.0
52045.0,5,-1.96,5,1,1,1,0,african-american,24,0,0,1,single,0.0,0.0,0.0,0.0,0.0,0.0
51615.0,8,-1.6,6,0,0,0,0,african-american,24,0,0,0,single,0.0,0.0,0.0,0.0,0.0,0.0
62121.0,3,-2.4,3,1,0,1,1,african-american,24,4,0,0,single,0.0,0.0,0.0,0.0,0.0,0.0
57899.0,7,-1.96,5,0,0,0,1,african-american,24,0,0,0,single,0.0,0.0,0.0,0.0,0.0,0.0
57294.0,2,-2.49,3,1,0,1,0,caucasian,24,1,0,1,significant other,0.0,0.0,1.0,1.0,0.0,0.0
59359.0,4,-1.27,3,1,0,1,0,african-american,24,4,1,0,single,0.0,0.0,0.0,0.0,0.0,0.0
55854.0,3,-2.09,4,0,0,0,0,african-american,24,0,0,0,single,0.0,0.0,0.0,0.0,0.0,0.0
55978.0,3,-2.41,3,0,0,0,1,african-american,24,0,0,0,single,0.0,0.0,0.0,0.0,0.0,0.0
57723.0,7,-1.76,5,1,1,1,1,caucasian,24,1,0,1,single,0.0,0.0,0.0,1.0,0.0,0.0
13268.0,3,-2.14,4,0,0,0,0,caucasian,24,2,0,1,single,0.0,0.0,0.0,1.0,0.0,0.0
20581.0,9,-1.74,5,0,0,0,0,african-american,24,10,3,1,single,0.0,0.0,0.0,0.0,0.0,0.0
54102.0,4,-1.96,5,0,0,0,0,african-american,24,0,0,1,single,0.0,0.0,0.0,0.0,0.0,0.0
61033.0,2,-2.36,3,0,0,0,0,caucasian,24,0,0,0,single,0.0,0.0,0.0,1.0,0.0,0.0
54255.0,8,-2.04,4,0,0,0,0,hispanic,24,8,0,0,single,0.0,0.0,0.0,0.0,1.0,0.0
51029.0,3,-1.96,5,1,0,1,0,african-american,24,1,0,0,significant other,0.0,0.0,1.0,0.0,0.0,0.0
62190.0,3,-2.42,3,0,0,0,0,african-american,24,0,1,0,single,0.0,0.0,0.0,0.0,0.0,0.0
51130.0,3,-1.76,5,0,0,0,0,african-american,24,0,1,0,single,0.0,0.0,0.0,0.0,0.0,0.0
54312.0,10,-1.27,7,0,0,0,0,hispanic,24,0,0,0,single,0.0,0.0,0.0,0.0,1.0,0.0
54114.0,7,-2.06,4,0,0,0,1,african-american,24,0,0,0,single,0.0,0.0,0.0,0.0,0.0,0.0
44428.0,10,-0.88,9,1,0,1,0,african-american,24,2,1,1,single,0.0,0.0,0.0,0.0,0.0,0.0
58857.0,3,-2.05,4,1,0,1,0,african-american,24,3,0,0,single,0.0,0.0,0.0,0.0,0.0,0.0
59634.0,1,-2.56,2,0,0,0,0,caucasian,24,0,0,1,significant other,0.0,0.0,1.0,1.0,0.0,0.0
57388.0,6,-1.84,5,1,0,1,0,african-american,24,3,1,0,single,0.0,0.0,0.0,0.0,0.0,0.0
49929.0,6,-1.72,6,0,0,0,0,african-american,24,1,0,1,significant other,0.0,0.0,1.0,0.0,0.0,0.0
60138.0,2,-2.24,3,1,0,1,0,caucasian,24,0,0,0,single,0.0,0.0,0.0,1.0,0.0,0.0
61992.0,7,-2.09,4,1,0,1,0,african-american,24,2,0,0,single,0.0,0.0,0.0,0.0,0.0,0.0
53775.0,3,-1.96,5,0,0,0,0,other,24,0,0,0,single,0.0,0.0,0.0,0.0,0.0,1.0
52873.0,3,-2.32,3,0,0,0,1,hispanic,24,1,0,1,single,0.0,0.0,0.0,0.0,1.0,0.0
53697.0,4,-2.2,4,1,0,1,0,caucasian,24,3,2,0,single,0.0,0.0,0.0,1.0,0.0,0.0
55200.0,5,-2.21,4,1,0,1,0,caucasian,24,3,0,0,single,0.0,0.0,0.0,1.0,0.0,0.0
50888.0,2,-2.32,3,0,0,0,0,african-american,24,0,0,0,single,0.0,0.0,0.0,0.0,0.0,0.0
51772.0,5,-1.96,5,1,0,0,0,african-american,24,1,0,0,single,0.0,0.0,0.0,0.0,0.0,0.0
48595.0,10,-0.96,9,1,0,1,1,african-american,24,3,0,0,single,0.0,0.0,0.0,0.0,0.0,0.0
60030.0,3,-2.2,4,0,0,0,0,african-american,24,0,0,0,single,0.0,0.0,0.0,0.0,0.0,0.0
42967.0,7,-1.16,8,1,0,1,1,african-american,24,2,0,1,single,0.0,0.0,0.0,0.0,0.0,0.0
61724.0,4,-1.93,5,0,0,0,0,caucasian,24,3,3,1,significant other,0.0,0.0,1.0,1.0,0.0,0.0
59624.0,2,-2.41,3,0,0,0,0,african-american,24,0,0,0,single,0.0,0.0,0.0,0.0,0.0,0.0
51848.0,4,-2.1,4,0,0,0,0,african-american,24,1,0,1,single,0.0,0.0,0.0,0.0,0.0,0.0
13400.0,4,-2.08,4,1,0,1,0,african-american,24,4,0,0,single,0.0,0.0,0.0,0.0,0.0,0.0
60608.0,2,-2.24,3,0,0,0,0,african-american,24,0,0,1,single,0.0,0.0,0.0,0.0,0.0,0.0
60336.0,7,-1.49,7,0,0,0,0,african-american,24,1,0,0,single,0.0,0.0,0.0,0.0,0.0,0.0
61545.0,3,-2.12,4,0,0,0,0,other,24,0,0,1,single,0.0,0.0,0.0,0.0,0.0,1.0
60391.0,2,-2.24,3,1,1,1,0,african-american,24,1,0,0,single,0.0,0.0,0.0,0.0,0.0,0.0
41419.0,9,-0.47,10,1,1,1,0,african-american,24,8,2,0,single,0.0,0.0,0.0,0.0,0.0,0.0
8641.0,9,-1.45,7,0,0,0,0,african-american,24,7,2,1,single,0.0,0.0,0.0,0.0,0.0,0.0
19512.0,8,-1.46,7,1,0,1,0,african-american,24,7,2,1,single,0.0,0.0,0.0,0.0,0.0,0.0
57507.0,6,-1.8,5,0,0,0,0,caucasian,24,2,0,0,single,0.0,0.0,0.0,1.0,0.0,0.0
55454.0,9,-1.04,8,1,0,1,1,african-american,24,11,1,1,single,0.0,0.0,0.0,0.0,0.0,0.0
40689.0,10,-0.98,9,1,1,1,0,african-american,24,10,6,0,single,0.0,0.0,0.0,0.0,0.0,0.0
58961.0,5,-1.77,5,1,1,1,0,african-american,24,0,0,1,single,0.0,0.0,0.0,0.0,0.0,0.0
51099.0,3,-2.19,4,1,1,1,0,african-american,24,2,0,1,single,0.0,0.0,0.0,0.0,0.0,0.0
57471.0,7,-1.68,6,0,0,0,0,african-american,24,3,0,0,significant other,0.0,0.0,1.0,0.0,0.0,0.0
57539.0,2,-2.04,4,1,1,1,0,african-american,24,1,0,1,significant other,0.0,0.0,1.0,0.0,0.0,0.0
59356.0,6,-2.05,4,0,0,0,0,caucasian,24,1,0,0,single,0.0,0.0,0.0,1.0,0.0,0.0
52620.0,8,-1.76,5,1,0,1,0,caucasian,24,1,0,0,single,0.0,0.0,0.0,1.0,0.0,0.0
9274.0,10,-0.83,9,1,0,1,0,hispanic,24,6,1,0,single,0.0,0.0,0.0,0.0,1.0,0.0
53456.0,4,-1.96,5,1,0,1,0,caucasian,24,0,0,1,single,0.0,0.0,0.0,1.0,0.0,0.0
59384.0,4,-2.32,3,0,0,0,0,african-american,24,2,0,0,significant other,0.0,0.0,1.0,0.0,0.0,0.0
50862.0,2,-2.28,3,0,0,0,0,caucasian,24,0,0,0,single,0.0,0.0,0.0,1.0,0.0,0.0
33818.0,10,-1.2,8,1,1,1,0,caucasian,24,9,1,1,single,0.0,0.0,0.0,1.0,0.0,0.0
27194.0,10,-0.43,10,1,1,1,0,other,24,9,1,0,single,0.0,0.0,0.0,0.0,0.0,1.0
56960.0,4,-2.13,4,0,0,0,1,hispanic,24,0,0,1,significant other,0.0,0.0,1.0,0.0,1.0,0.0
62376.0,4,-2.07,4,1,0,1,0,african-american,24,2,0,1,single,0.0,0.0,0.0,0.0,0.0,0.0
57985.0,10,-0.86,9,1,1,1,0,african-american,24,4,0,0,single,0.0,0.0,0.0,0.0,0.0,0.0
60118.0,2,-2.13,4,0,0,0,0,african-american,24,1,1,0,single,0.0,0.0,0.0,0.0,0.0,0.0
55924.0,8,-1.43,7,1,0,1,1,caucasian,24,7,1,1,single,0.0,0.0,0.0,1.0,0.0,0.0
55815.0,4,-2.02,4,0,0,0,0,african-american,24,1,0,0,single,0.0,0.0,0.0,0.0,0.0,0.0
17505.0,10,-0.68,9,1,1,1,0,african-american,24,15,6,0,single,0.0,0.0,0.0,0.0,0.0,0.0
61942.0,4,-2.2,4,0,0,0,1,other,24,0,0,0,single,0.0,0.0,0.0,0.0,0.0,1.0
57473.0,5,-1.93,5,0,0,0,1,caucasian,24,0,1,0,single,0.0,0.0,0.0,1.0,0.0,0.0
59738.0,4,-1.89,5,0,0,0,0,caucasian,24,0,0,0,single,0.0,0.0,0.0,1.0,0.0,0.0
54927.0,5,-1.96,5,0,0,0,1,caucasian,24,0,0,1,single,0.0,0.0,0.0,1.0,0.0,0.0
53404.0,9,-1.51,6,1,0,1,0,african-american,24,0,0,1,single,0.0,0.0,0.0,0.0,0.0,0.0
23508.0,8,-1.64,6,1,0,1,0,african-american,24,3,1,0,single,0.0,0.0,0.0,0.0,0.0,0.0
51412.0,4,-2.04,4,0,0,0,0,hispanic,24,1,0,0,single,0.0,0.0,0.0,0.0,1.0,0.0
56362.0,5,-2.06,4,1,1,1,1,african-american,24,1,0,1,single,0.0,0.0,0.0,0.0,0.0,0.0
60817.0,3,-1.97,5,0,0,0,0,hispanic,24,0,0,1,single,0.0,0.0,0.0,0.0,1.0,0.0
59828.0,4,-2.21,4,0,0,0,0,caucasian,24,1,1,0,single,0.0,0.0,0.0,1.0,0.0,0.0
59677.0,5,-2.06,4,0,0,0,1,caucasian,24,0,0,0,single,0.0,0.0,0.0,1.0,0.0,0.0
56738.0,5,-2.04,4,1,0,1,1,african-american,24,2,0,0,single,0.0,0.0,0.0,0.0,0.0,0.0
56409.0,4,-1.66,6,1,0,1,0,caucasian,24,1,0,1,significant other,0.0,0.0,1.0,1.0,0.0,0.0
53922.0,4,-2.04,4,0,0,0,1,african-american,24,2,0,0,single,0.0,0.0,0.0,0.0,0.0,0.0
54579.0,2,-2.4,3,0,0,0,0,caucasian,24,0,0,1,single,0.0,0.0,0.0,1.0,0.0,0.0
62196.0,6,-2.03,4,0,0,0,0,other,24,0,0,0,single,0.0,0.0,0.0,0.0,0.0,1.0
51729.0,4,-2.03,4,1,0,1,0,african-american,24,1,0,0,single,0.0,0.0,0.0,0.0,0.0,0.0
53719.0,9,-0.83,9,1,0,0,0,caucasian,24,8,0,0,single,0.0,0.0,0.0,1.0,0.0,0.0
54628.0,5,-2.1,4,0,0,0,0,caucasian,24,3,2,0,single,0.0,0.0,0.0,1.0,0.0,0.0
60813.0,3,-2.29,3,0,0,0,1,caucasian,24,0,0,1,single,0.0,0.0,0.0,1.0,0.0,0.0
42501.0,3,-1.9,5,0,0,0,0,african-american,24,1,0,1,single,0.0,0.0,0.0,0.0,0.0,0.0
51409.0,10,-1.63,6,0,0,0,0,african-american,24,0,0,0,single,0.0,0.0,0.0,0.0,0.0,0.0
57973.0,8,-1.83,5,0,0,0,1,caucasian,24,0,0,0,single,0.0,0.0,0.0,1.0,0.0,0.0
48274.0,9,-0.83,9,1,0,1,0,african-american,24,1,0,1,single,0.0,0.0,0.0,0.0,0.0,0.0
39898.0,6,-1.82,5,0,0,0,0,other,24,5,0,0,single,0.0,0.0,0.0,0.0,0.0,1.0
62062.0,4,-2.24,3,1,1,1,1,african-american,24,0,0,0,single,0.0,0.0,0.0,0.0,0.0,0.0
55064.0,3,-2.17,4,1,0,1,0,african-american,24,0,0,0,single,0.0,0.0,0.0,0.0,0.0,0.0
59683.0,3,-2.13,4,1,1,1,0,caucasian,24,1,0,0,significant other,0.0,0.0,1.0,1.0,0.0,0.0
61993.0,2,-2.33,3,0,0,0,0,african-american,24,0,0,1,single,0.0,0.0,0.0,0.0,0.0,0.0
60479.0,2,-2.45,3,0,0,0,1,african-american,24,0,0,1,single,0.0,0.0,0.0,0.0,0.0,0.0
51128.0,7,-1.98,4,0,0,0,0,caucasian,24,0,0,1,single,0.0,0.0,0.0,1.0,0.0,0.0
42166.0,3,-2.1,4,1,0,1,0,other,24,3,0,0,single,0.0,0.0,0.0,0.0,0.0,1.0
52679.0,5,-2.03,4,0,0,0,0,caucasian,24,0,0,0,significant other,0.0,0.0,1.0,1.0,0.0,0.0
51189.0,6,-1.9,5,1,0,1,0,african-american,24,2,0,1,single,0.0,0.0,0.0,0.0,0.0,0.0
59626.0,6,-1.3,7,1,0,1,0,african-american,24,1,2,0,single,0.0,0.0,0.0,0.0,0.0,0.0
54430.0,3,-2.0,4,1,0,1,0,african-american,24,2,1,0,single,0.0,0.0,0.0,0.0,0.0,0.0
12087.0,10,-1.23,8,1,1,1,0,hispanic,24,11,0,0,single,0.0,0.0,0.0,0.0,1.0,0.0
60362.0,3,-2.37,3,0,0,0,0,caucasian,24,1,0,0,single,0.0,0.0,0.0,1.0,0.0,0.0
18294.0,6,-1.69,6,1,0,1,0,african-american,24,6,0,0,single,0.0,0.0,0.0,0.0,0.0,0.0
57989.0,6,-1.93,5,1,1,1,1,african-american,24,1,0,0,single,0.0,0.0,0.0,0.0,0.0,0.0
57906.0,5,-1.89,5,0,0,0,0,african-american,24,0,0,1,single,0.0,0.0,0.0,0.0,0.0,0.0
47650.0,6,-1.67,6,1,0,1,0,african-american,24,3,0,0,single,0.0,0.0,0.0,0.0,0.0,0.0
62357.0,5,-2.21,4,1,0,1,0,african-american,24,5,1,0,single,0.0,0.0,0.0,0.0,0.0,0.0
62194.0,2,-2.36,3,0,0,0,0,hispanic,24,0,0,1,single,0.0,0.0,0.0,0.0,1.0,0.0
54493.0,9,-0.69,7,1,1,1,0,african-american,24,9,2,1,single,0.0,0.0,0.0,0.0,0.0,0.0
53312.0,3,-2.12,4,0,0,0,0,hispanic,24,2,0,0,single,0.0,0.0,0.0,0.0,1.0,0.0
57193.0,2,-2.13,4,0,0,0,0,caucasian,24,2,0,0,single,0.0,0.0,0.0,1.0,0.0,0.0
50308.0,5,-1.7,6,1,0,1,0,african-american,24,4,3,0,single,0.0,0.0,0.0,0.0,0.0,0.0
52656.0,10,-0.98,9,1,0,1,0,african-american,24,0,0,0,single,0.0,0.0,0.0,0.0,0.0,0.0
54101.0,3,-2.12,4,0,0,0,0,african-american,24,0,0,1,single,0.0,0.0,0.0,0.0,0.0,0.0
60855.0,5,-1.98,4,1,0,1,0,caucasian,24,3,0,0,single,0.0,0.0,0.0,1.0,0.0,0.0
58795.0,10,-0.87,9,1,1,1,0,african-american,24,3,3,0,single,0.0,0.0,0.0,0.0,0.0,0.0
50974.0,4,-1.84,5,1,0,0,0,african-american,24,0,0,0,significant other,0.0,0.0,1.0,0.0,0.0,0.0
51102.0,3,-2.0,4,0,0,0,0,african-american,24,1,0,0,single,0.0,0.0,0.0,0.0,0.0,0.0
61070.0,2,-2.49,3,0,0,0,1,african-american,24,0,0,1,single,0.0,0.0,0.0,0.0,0.0,0.0
43265.0,4,-1.9,5,0,0,0,0,african-american,24,1,0,0,single,0.0,0.0,0.0,0.0,0.0,0.0
52286.0,7,-1.78,5,0,0,0,0,african-american,24,1,0,1,single,0.0,0.0,0.0,0.0,0.0,0.0
21361.0,10,-0.72,9,0,0,0,0,african-american,24,12,3,1,single,0.0,0.0,0.0,0.0,0.0,0.0
50964.0,6,-1.65,6,0,0,0,1,caucasian,24,1,0,0,single,0.0,0.0,0.0,1.0,0.0,0.0
57732.0,2,-2.24,3,0,0,0,0,african-american,24,1,0,0,significant other,0.0,0.0,1.0,0.0,0.0,0.0
14331.0,6,-1.52,6,1,0,1,0,caucasian,24,8,3,0,single,0.0,0.0,0.0,1.0,0.0,0.0
62252.0,9,-1.03,8,0,0,0,0,caucasian,24,1,0,0,single,0.0,0.0,0.0,1.0,0.0,0.0
53914.0,7,-2.1,4,0,0,0,0,african-american,24,0,0,1,single,0.0,0.0,0.0,0.0,0.0,0.0
54829.0,9,-0.89,9,1,1,1,0,african-american,24,8,3,0,single,0.0,0.0,0.0,0.0,0.0,0.0
53259.0,6,-2.06,4,0,0,0,0,other,24,5,0,1,single,0.0,0.0,0.0,0.0,0.0,1.0
21126.0,9,-1.44,7,1,0,1,0,african-american,24,5,0,0,single,0.0,0.0,0.0,0.0,0.0,0.0
57362.0,4,-2.04,4,1,0,1,0,african-american,24,2,0,0,single,0.0,0.0,0.0,0.0,0.0,0.0
51488.0,2,-2.28,3,0,0,0,0,caucasian,24,0,0,0,single,0.0,0.0,0.0,1.0,0.0,0.0
52865.0,7,-1.78,5,1,0,0,1,african-american,24,0,0,1,single,0.0,0.0,0.0,0.0,0.0,0.0
56277.0,10,-1.77,5,0,0,0,0,hispanic,24,1,0,0,single,0.0,0.0,0.0,0.0,1.0,0.0
62262.0,6,-1.9,5,1,0,1,0,african-american,24,2,0,0,single,0.0,0.0,0.0,0.0,0.0,0.0
59579.0,9,-0.96,9,1,0,1,0,african-american,24,0,2,0,single,0.0,0.0,0.0,0.0,0.0,0.0
59140.0,5,-2.02,4,0,0,0,1,caucasian,24,0,0,1,single,0.0,0.0,0.0,1.0,0.0,0.0
43482.0,7,-1.92,5,1,1,1,1,african-american,24,2,0,1,single,0.0,0.0,0.0,0.0,0.0,0.0
51698.0,3,-2.2,4,1,0,0,1,african-american,24,1,0,0,single,0.0,0.0,0.0,0.0,0.0,0.0
59671.0,4,-2.09,4,0,0,0,1,african-american,24,0,0,0,single,0.0,0.0,0.0,0.0,0.0,0.0
58942.0,8,-1.76,5,1,0,1,0,caucasian,24,3,2,0,single,0.0,0.0,0.0,1.0,0.0,0.0
59072.0,3,-2.26,3,1,0,1,0,african-american,24,0,3,0,single,0.0,0.0,0.0,0.0,0.0,0.0
56520.0,3,-2.0,4,1,0,1,0,african-american,24,1,0,0,single,0.0,0.0,0.0,0.0,0.0,0.0
55575.0,2,-2.2,4,0,0,0,0,hispanic,24,1,0,0,single,0.0,0.0,0.0,0.0,1.0,0.0
12528.0,9,-1.77,5,1,0,1,0,african-american,24,9,1,1,single,0.0,0.0,0.0,0.0,0.0,0.0
61868.0,9,-0.93,9,0,0,0,0,african-american,24,0,0,0,single,0.0,0.0,0.0,0.0,0.0,0.0
58611.0,5,-1.7,6,1,0,1,1,african-american,24,0,0,1,single,0.0,0.0,0.0,0.0,0.0,0.0
51925.0,2,-2.13,4,0,0,0,0,african-american,24,1,0,1,single,0.0,0.0,0.0,0.0,0.0,0.0
53722.0,8,-1.29,7,0,0,0,0,african-american,24,0,0,0,single,0.0,0.0,0.0,0.0,0.0,0.0
57792.0,4,-1.96,5,0,0,0,1,caucasian,24,0,0,0,single,0.0,0.0,0.0,1.0,0.0,0.0
52700.0,3,-1.84,5,0,0,0,0,caucasian,24,2,0,1,single,0.0,0.0,0.0,1.0,0.0,0.0
62311.0,2,-2.24,3,0,0,0,0,caucasian,24,2,0,1,single,0.0,0.0,0.0,1.0,0.0,0.0
60091.0,7,-1.98,4,0,0,0,1,caucasian,24,7,2,1,single,0.0,0.0,0.0,1.0,0.0,0.0
12045.0,9,-1.37,7,0,0,0,0,caucasian,24,6,2,0,single,0.0,0.0,0.0,1.0,0.0,0.0
56575.0,5,-2.08,4,0,0,0,1,caucasian,24,1,0,0,single,0.0,0.0,0.0,1.0,0.0,0.0
61687.0,6,-2.21,4,0,0,0,0,african-american,24,5,0,0,significant other,0.0,0.0,1.0,0.0,0.0,0.0
53231.0,3,-2.0,4,0,0,0,0,african-american,24,0,0,0,single,0.0,0.0,0.0,0.0,0.0,0.0
54351.0,8,-0.96,9,1,0,1,0,african-american,24,7,1,1,single,0.0,0.0,0.0,0.0,0.0,0.0
56579.0,3,-2.24,3,0,0,0,1,african-american,24,0,0,0,single,0.0,0.0,0.0,0.0,0.0,0.0
64409.0,5,-1.63,4,1,0,1,0,african-american,24,0,0,0,single,0.0,0.0,0.0,0.0,0.0,0.0
60051.0,2,-2.29,3,0,0,0,0,caucasian,24,0,0,0,single,0.0,0.0,0.0,1.0,0.0,0.0
54438.0,5,-1.64,6,0,0,0,0,caucasian,24,3,3,1,single,0.0,0.0,0.0,1.0,0.0,0.0
12698.0,9,-1.43,7,0,0,0,1,african-american,24,7,0,0,single,0.0,0.0,0.0,0.0,0.0,0.0
58856.0,3,-2.12,4,0,0,0,0,african-american,24,0,0,0,single,0.0,0.0,0.0,0.0,0.0,0.0
51323.0,8,-1.23,8,1,1,1,0,african-american,24,0,0,1,single,0.0,0.0,0.0,0.0,0.0,0.0
60222.0,2,-2.16,4,0,0,0,0,hispanic,24,1,0,1,single,0.0,0.0,0.0,0.0,1.0,0.0
30377.0,8,-1.3,7,1,0,1,0,caucasian,24,3,0,1,single,0.0,0.0,0.0,1.0,0.0,0.0
58238.0,6,-1.89,5,0,0,0,1,african-american,24,0,0,1,single,0.0,0.0,0.0,0.0,0.0,0.0
51935.0,9,-1.88,5,0,0,0,1,african-american,24,1,0,0,single,0.0,0.0,0.0,0.0,0.0,0.0
54911.0,6,-1.98,4,0,0,0,1,caucasian,24,0,0,1,single,0.0,0.0,0.0,1.0,0.0,0.0
44969.0,10,-1.13,8,1,0,1,1,caucasian,24,9,0,1,single,0.0,0.0,0.0,1.0,0.0,0.0
50895.0,6,-1.42,7,0,0,0,0,african-american,24,2,3,1,single,0.0,0.0,0.0,0.0,0.0,0.0
36468.0,7,-1.4,7,0,0,0,0,african-american,24,3,0,1,single,0.0,0.0,0.0,0.0,0.0,0.0
13771.0,4,-1.5,6,1,1,1,0,other,24,1,0,0,single,0.0,0.0,0.0,0.0,0.0,1.0
53326.0,6,-1.84,5,1,0,1,0,hispanic,24,0,0,0,significant other,0.0,0.0,1.0,0.0,1.0,0.0
43195.0,10,-1.75,5,0,0,0,0,caucasian,24,6,2,0,single,0.0,0.0,0.0,1.0,0.0,0.0
57442.0,6,-1.98,4,0,0,0,0,african-american,24,1,0,1,single,0.0,0.0,0.0,0.0,0.0,0.0
52523.0,3,-1.88,5,1,0,1,0,caucasian,24,2,0,0,single,0.0,0.0,0.0,1.0,0.0,0.0
24652.0,9,-1.74,5,1,0,1,0,african-american,24,11,0,0,single,0.0,0.0,0.0,0.0,0.0,0.0
61581.0,2,-2.25,3,0,0,0,0,african-american,24,1,0,0,single,0.0,0.0,0.0,0.0,0.0,0.0
51075.0,2,-2.32,3,0,0,0,0,other,24,0,0,1,single,0.0,0.0,0.0,0.0,0.0,1.0
52025.0,5,-1.88,5,1,0,1,0,african-american,24,2,2,0,significant other,0.0,0.0,1.0,0.0,0.0,0.0
53454.0,2,-2.36,3,0,0,0,0,caucasian,24,0,0,0,single,0.0,0.0,0.0,1.0,0.0,0.0
47194.0,7,-1.26,7,1,0,1,0,african-american,24,8,0,0,single,0.0,0.0,0.0,0.0,0.0,0.0
62284.0,5,-1.75,5,1,1,1,0,caucasian,24,0,0,0,single,0.0,0.0,0.0,1.0,0.0,0.0
18689.0,4,-1.37,7,0,0,0,0,african-american,24,2,0,1,single,0.0,0.0,0.0,0.0,0.0,0.0
52927.0,4,-2.12,4,0,0,0,1,african-american,24,2,0,0,single,0.0,0.0,0.0,0.0,0.0,0.0
56704.0,5,-1.06,5,1,0,1,1,caucasian,24,3,1,1,single,0.0,0.0,0.0,1.0,0.0,0.0
54284.0,5,-1.84,5,0,0,0,1,other,24,0,0,0,significant other,0.0,0.0,1.0,0.0,0.0,1.0
35407.0,8,-1.57,6,1,1,0,0,hispanic,24,2,0,0,single,0.0,0.0,0.0,0.0,1.0,0.0
56988.0,5,-1.96,5,0,0,0,0,african-american,24,0,0,0,single,0.0,0.0,0.0,0.0,0.0,0.0
47225.0,7,-2.11,4,0,0,0,0,african-american,24,4,1,0,single,0.0,0.0,0.0,0.0,0.0,0.0
48820.0,8,-1.51,6,1,0,1,0,african-american,24,1,0,1,single,0.0,0.0,0.0,0.0,0.0,0.0
51733.0,5,-2.34,3,1,0,1,0,caucasian,24,2,0,0,single,0.0,0.0,0.0,1.0,0.0,0.0
57947.0,2,-2.36,3,0,0,0,0,african-american,24,1,0,0,single,0.0,0.0,0.0,0.0,0.0,0.0
24763.0,8,-1.32,7,1,0,1,0,african-american,24,3,1,0,single,0.0,0.0,0.0,0.0,0.0,0.0
55830.0,5,-1.45,7,1,0,0,0,other,24,4,0,0,significant other,0.0,0.0,1.0,0.0,0.0,1.0
54294.0,5,-1.96,5,0,0,0,1,caucasian,24,0,0,0,single,0.0,0.0,0.0,1.0,0.0,0.0
30936.0,6,-2.04,4,1,0,1,0,african-american,24,5,0,0,single,0.0,0.0,0.0,0.0,0.0,0.0
49240.0,5,-1.88,5,0,0,0,1,african-american,24,1,0,0,single,0.0,0.0,0.0,0.0,0.0,0.0
38881.0,8,-1.74,5,1,0,1,0,african-american,24,4,0,1,single,0.0,0.0,0.0,0.0,0.0,0.0
19282.0,6,-1.9,5,1,0,1,0,hispanic,24,4,1,0,single,0.0,0.0,0.0,0.0,1.0,0.0
53445.0,5,-2.02,4,0,0,0,0,hispanic,24,0,0,0,single,0.0,0.0,0.0,0.0,1.0,0.0
37453.0,7,-1.44,7,1,1,1,0,african-american,24,2,0,1,single,0.0,0.0,0.0,0.0,0.0,0.0
51194.0,3,-2.08,4,0,0,0,0,other,24,0,0,1,single,0.0,0.0,0.0,0.0,0.0,1.0
31727.0,9,-1.07,8,1,0,1,0,african-american,24,6,1,0,single,0.0,0.0,0.0,0.0,0.0,0.0
58022.0,6,-1.98,4,1,0,1,0,caucasian,24,5,0,0,single,0.0,0.0,0.0,1.0,0.0,0.0
54494.0,10,-0.79,9,1,0,1,0,other,24,2,10,0,single,0.0,0.0,0.0,0.0,0.0,1.0
51898.0,4,-1.78,5,1,0,1,0,caucasian,24,8,0,0,single,0.0,0.0,0.0,1.0,0.0,0.0
56084.0,5,-2.16,4,0,0,0,0,caucasian,24,3,0,0,single,0.0,0.0,0.0,1.0,0.0,0.0
60393.0,2,-2.21,4,0,0,0,0,other,24,0,0,0,significant other,0.0,0.0,1.0,0.0,0.0,1.0
40605.0,6,-1.82,5,0,0,0,1,african-american,24,2,0,1,single,0.0,0.0,0.0,0.0,0.0,0.0
17083.0,9,-0.4,10,1,0,1,0,caucasian,24,8,2,0,single,0.0,0.0,0.0,1.0,0.0,0.0
52133.0,5,-1.96,5,0,0,0,1,african-american,24,0,0,1,single,0.0,0.0,0.0,0.0,0.0,0.0
51735.0,9,-0.79,9,1,1,1,0,african-american,24,12,5,1,single,0.0,0.0,0.0,0.0,0.0,0.0
58418.0,2,-2.24,3,0,0,0,0,hispanic,24,0,0,0,single,0.0,0.0,0.0,0.0,1.0,0.0
58998.0,5,-2.0,4,0,0,0,1,african-american,24,1,0,0,single,0.0,0.0,0.0,0.0,0.0,0.0
53886.0,2,-2.32,3,0,0,0,0,caucasian,24,0,0,0,single,0.0,0.0,0.0,1.0,0.0,0.0
46682.0,4,-1.66,6,0,0,0,0,caucasian,24,1,0,0,single,0.0,0.0,0.0,1.0,0.0,0.0
56262.0,2,-2.2,4,1,0,1,0,hispanic,24,1,0,0,single,0.0,0.0,0.0,0.0,1.0,0.0
50893.0,3,-2.18,4,0,0,0,1,caucasian,24,1,0,0,single,0.0,0.0,0.0,1.0,0.0,0.0
53457.0,10,-1.46,7,0,0,0,0,caucasian,24,0,0,0,separated,0.0,1.0,0.0,1.0,0.0,0.0
52012.0,4,-1.8,5,1,0,1,0,hispanic,24,1,0,0,single,0.0,0.0,0.0,0.0,1.0,0.0
53320.0,6,-1.92,5,0,0,0,1,caucasian,24,0,0,1,single,0.0,0.0,0.0,1.0,0.0,0.0
52997.0,6,-1.96,5,0,0,0,0,african-american,24,0,0,0,single,0.0,0.0,0.0,0.0,0.0,0.0
22959.0,3,-2.14,4,1,0,1,0,african-american,24,5,0,0,single,0.0,0.0,0.0,0.0,0.0,0.0
58258.0,4,-2.08,4,0,0,0,1,african-american,24,0,0,0,single,0.0,0.0,0.0,0.0,0.0,0.0
57656.0,4,-2.24,3,0,0,0,0,caucasian,24,1,0,0,single,0.0,0.0,0.0,1.0,0.0,0.0
51941.0,7,-1.74,5,0,0,0,1,caucasian,24,2,0,0,single,0.0,0.0,0.0,1.0,0.0,0.0
58403.0,10,-1.6,6,0,0,0,1,caucasian,24,0,0,1,single,0.0,0.0,0.0,1.0,0.0,0.0
37668.0,5,-1.37,7,1,0,1,0,african-american,24,1,0,0,single,0.0,0.0,0.0,0.0,0.0,0.0
57509.0,2,-2.28,3,0,0,0,0,caucasian,24,1,0,1,single,0.0,0.0,0.0,1.0,0.0,0.0
61815.0,8,-1.97,5,1,0,1,0,caucasian,24,3,0,1,single,0.0,0.0,0.0,1.0,0.0,0.0
15663.0,6,-1.74,6,1,0,1,0,hispanic,24,3,0,0,single,0.0,0.0,0.0,0.0,1.0,0.0
62161.0,8,-0.88,9,1,0,1,0,african-american,24,5,5,0,single,0.0,0.0,0.0,0.0,0.0,0.0
51447.0,5,-2.02,4,0,0,0,1,caucasian,24,1,0,0,separated,0.0,1.0,0.0,1.0,0.0,0.0
61264.0,2,-2.13,4,0,0,0,0,african-american,24,0,1,0,single,0.0,0.0,0.0,0.0,0.0,0.0
54233.0,4,-1.8,5,0,0,0,0,african-american,24,0,0,0,single,0.0,0.0,0.0,0.0,0.0,0.0
24047.0,5,-1.69,6,1,1,1,0,caucasian,24,5,1,0,single,0.0,0.0,0.0,1.0,0.0,0.0
51822.0,8,-1.45,7,0,0,0,0,hispanic,24,0,0,1,single,0.0,0.0,0.0,0.0,1.0,0.0
52389.0,8,-1.45,7,0,0,0,0,hispanic,24,1,0,0,single,0.0,0.0,0.0,0.0,1.0,0.0
56688.0,7,-1.93,5,0,0,0,1,african-american,24,0,0,0,single,0.0,0.0,0.0,0.0,0.0,0.0
26419.0,7,-1.58,6,1,0,1,0,african-american,24,7,0,0,single,0.0,0.0,0.0,0.0,0.0,0.0
21268.0,7,-1.86,5,0,0,0,0,caucasian,24,1,0,0,single,0.0,0.0,0.0,1.0,0.0,0.0
62018.0,3,-2.03,4,0,0,0,0,african-american,24,0,0,1,single,0.0,0.0,0.0,0.0,0.0,0.0
54506.0,5,-1.82,5,1,0,1,0,african-american,24,2,0,1,single,0.0,0.0,0.0,0.0,0.0,0.0
60384.0,4,-2.04,4,0,0,0,1,caucasian,24,1,0,0,single,0.0,0.0,0.0,1.0,0.0,0.0
16814.0,8,-1.6,6,1,0,1,0,caucasian,24,3,0,0,single,0.0,0.0,0.0,1.0,0.0,0.0
61334.0,2,-2.48,3,1,0,1,0,caucasian,24,0,0,0,single,0.0,0.0,0.0,1.0,0.0,0.0
52848.0,8,-1.98,4,0,0,0,0,caucasian,24,4,0,1,single,0.0,0.0,0.0,1.0,0.0,0.0
53885.0,5,-2.2,4,1,0,1,0,caucasian,24,1,1,0,single,0.0,0.0,0.0,1.0,0.0,0.0
51246.0,3,-1.6,6,0,0,0,0,african-american,24,1,0,0,single,0.0,0.0,0.0,0.0,0.0,0.0
15910.0,7,-1.23,8,1,1,1,0,hispanic,24,3,0,1,single,0.0,0.0,0.0,0.0,1.0,0.0
58249.0,9,-1.32,7,0,0,0,0,caucasian,24,0,0,0,single,0.0,0.0,0.0,1.0,0.0,0.0
52591.0,4,-2.04,4,1,0,1,0,other,24,0,0,1,single,0.0,0.0,0.0,0.0,0.0,1.0
59741.0,3,-2.32,3,0,0,0,1,other,24,0,0,0,single,0.0,0.0,0.0,0.0,0.0,1.0
61332.0,4,-2.12,4,1,0,1,0,african-american,24,3,0,0,single,0.0,0.0,0.0,0.0,0.0,0.0
21732.0,8,-1.41,7,1,0,0,0,african-american,24,3,0,0,single,0.0,0.0,0.0,0.0,0.0,0.0
60863.0,4,-1.55,6,1,1,1,0,african-american,24,1,0,1,single,0.0,0.0,0.0,0.0,0.0,0.0
16300.0,10,-0.58,10,1,0,1,0,african-american,24,3,1,0,single,0.0,0.0,0.0,0.0,0.0,0.0
50945.0,7,-1.34,7,0,0,0,0,african-american,24,1,1,0,single,0.0,0.0,0.0,0.0,0.0,0.0
56886.0,8,-1.76,5,1,0,1,0,african-american,24,4,1,0,single,0.0,0.0,0.0,0.0,0.0,0.0
53010.0,7,-1.28,7,0,0,0,0,african-american,24,0,0,1,single,0.0,0.0,0.0,0.0,0.0,0.0
56631.0,3,-2.14,4,1,0,1,0,african-american,24,2,0,0,single,0.0,0.0,0.0,0.0,0.0,0.0
59344.0,6,-1.93,5,1,0,1,0,african-american,24,1,0,0,single,0.0,0.0,0.0,0.0,0.0,0.0
45426.0,7,-0.77,9,0,0,0,0,african-american,24,1,0,0,single,0.0,0.0,0.0,0.0,0.0,0.0
61598.0,4,-1.98,4,0,0,0,0,caucasian,24,1,0,1,single,0.0,0.0,0.0,1.0,0.0,0.0
58085.0,5,-1.42,7,0,0,0,0,african-american,24,0,0,0,single,0.0,0.0,0.0,0.0,0.0,0.0
59480.0,3,-2.24,3,0,0,0,0,other,24,1,0,0,single,0.0,0.0,0.0,0.0,0.0,1.0
53335.0,9,-0.77,9,1,1,1,0,african-american,24,2,1,0,single,0.0,0.0,0.0,0.0,0.0,0.0
54501.0,6,-1.96,5,0,0,0,0,caucasian,24,2,2,0,single,0.0,0.0,0.0,1.0,0.0,0.0
32226.0,9,-0.86,9,1,0,1,0,african-american,24,1,2,1,single,0.0,0.0,0.0,0.0,0.0,0.0
56268.0,3,-2.0,4,1,0,1,0,african-american,24,0,0,0,single,0.0,0.0,0.0,0.0,0.0,0.0
51554.0,8,-0.48,10,0,0,0,1,african-american,24,3,0,0,single,0.0,0.0,0.0,0.0,0.0,0.0
60352.0,6,-2.07,4,1,0,1,1,african-american,24,2,0,0,single,0.0,0.0,0.0,0.0,0.0,0.0
53258.0,7,-1.8,5,1,0,1,0,caucasian,24,2,0,0,single,0.0,0.0,0.0,1.0,0.0,0.0
51249.0,5,-2.18,4,1,0,1,0,caucasian,24,0,0,1,single,0.0,0.0,0.0,1.0,0.0,0.0
53655.0,9,-1.54,6,1,0,1,0,african-american,24,7,0,0,single,0.0,0.0,0.0,0.0,0.0,0.0
59922.0,5,-2.12,4,1,1,1,0,caucasian,24,3,3,1,single,0.0,0.0,0.0,1.0,0.0,0.0
57665.0,7,-1.4,7,1,0,1,0,african-american,24,0,0,0,single,0.0,0.0,0.0,0.0,0.0,0.0
57773.0,4,-2.21,4,0,0,0,0,african-american,24,1,0,1,single,0.0,0.0,0.0,0.0,0.0,0.0
54467.0,5,-1.46,7,1,0,1,0,african-american,24,1,0,1,single,0.0,0.0,0.0,0.0,0.0,0.0
60467.0,4,-2.42,3,0,0,0,0,african-american,24,0,0,0,single,0.0,0.0,0.0,0.0,0.0,0.0
60893.0,3,-2.12,4,0,0,0,0,african-american,24,0,0,1,single,0.0,0.0,0.0,0.0,0.0,0.0
59881.0,6,-2.32,3,1,1,1,1,hispanic,24,2,0,0,single,0.0,0.0,0.0,0.0,1.0,0.0
54731.0,8,-1.67,6,1,0,1,0,african-american,24,2,0,1,single,0.0,0.0,0.0,0.0,0.0,0.0
61940.0,3,-2.04,4,0,0,0,0,african-american,24,0,0,0,single,0.0,0.0,0.0,0.0,0.0,0.0
54638.0,4,-2.0,4,0,0,0,1,african-american,24,1,0,0,single,0.0,0.0,0.0,0.0,0.0,0.0
51429.0,2,-2.1,4,1,1,1,0,african-american,24,1,2,1,single,0.0,0.0,0.0,0.0,0.0,0.0
61518.0,3,-2.2,4,0,0,0,1,african-american,24,0,0,0,single,0.0,0.0,0.0,0.0,0.0,0.0
45823.0,9,-0.63,9,1,0,1,0,african-american,24,4,0,0,single,0.0,0.0,0.0,0.0,0.0,0.0
54345.0,4,-2.0,4,0,0,0,1,caucasian,24,1,4,1,single,0.0,0.0,0.0,1.0,0.0,0.0
59945.0,6,-2.22,4,1,1,1,0,other,24,4,0,0,single,0.0,0.0,0.0,0.0,0.0,1.0
53638.0,3,-2.1,4,0,0,0,0,caucasian,24,1,2,0,single,0.0,0.0,0.0,1.0,0.0,0.0
53304.0,3,-1.98,4,0,0,0,0,other,24,0,0,0,single,0.0,0.0,0.0,0.0,0.0,1.0
56635.0,4,-2.04,4,0,0,0,1,african-american,23,1,0,1,single,0.0,0.0,0.0,0.0,0.0,0.0
37973.0,8,-1.0,8,1,1,1,0,african-american,23,3,2,0,single,0.0,0.0,0.0,0.0,0.0,0.0
23292.0,5,-1.56,6,0,0,0,0,caucasian,23,3,0,0,single,0.0,0.0,0.0,1.0,0.0,0.0
32788.0,7,-1.91,5,0,0,0,1,african-american,23,6,0,1,single,0.0,0.0,0.0,0.0,0.0,0.0
58402.0,5,-1.6,6,0,0,0,0,african-american,23,1,0,0,single,0.0,0.0,0.0,0.0,0.0,0.0
57298.0,3,-2.04,4,0,0,0,0,other,23,0,0,1,single,0.0,0.0,0.0,0.0,0.0,1.0
52718.0,2,-2.22,4,0,0,0,0,african-american,23,0,0,0,single,0.0,0.0,0.0,0.0,0.0,0.0
51850.0,5,-1.99,4,1,0,1,0,african-american,23,0,0,0,single,0.0,0.0,0.0,0.0,0.0,0.0
53784.0,10,-0.27,9,1,1,1,0,caucasian,23,5,3,1,single,0.0,0.0,0.0,1.0,0.0,0.0
56335.0,6,-1.92,5,0,0,0,1,caucasian,23,0,0,0,single,0.0,0.0,0.0,1.0,0.0,0.0
54956.0,9,-1.2,8,0,0,0,0,african-american,23,0,0,1,single,0.0,0.0,0.0,0.0,0.0,0.0
61553.0,5,-1.94,5,1,0,1,0,caucasian,23,0,0,0,single,0.0,0.0,0.0,1.0,0.0,0.0
56925.0,4,-2.32,3,0,0,0,0,caucasian,23,0,3,1,single,0.0,0.0,0.0,1.0,0.0,0.0
57776.0,2,-2.2,4,0,0,0,0,caucasian,23,0,0,0,single,0.0,0.0,0.0,1.0,0.0,0.0
18516.0,10,-0.43,10,0,0,0,0,african-american,23,4,4,0,single,0.0,0.0,0.0,0.0,0.0,0.0
56729.0,6,-1.9,5,1,0,1,0,african-american,23,2,0,0,single,0.0,0.0,0.0,0.0,0.0,0.0
53900.0,4,-2.02,4,0,0,0,1,african-american,23,0,0,1,single,0.0,0.0,0.0,0.0,0.0,0.0
58544.0,5,-1.54,6,0,0,0,0,african-american,23,0,0,0,single,0.0,0.0,0.0,0.0,0.0,0.0
23645.0,9,-0.7,9,1,0,1,0,african-american,23,5,0,0,single,0.0,0.0,0.0,0.0,0.0,0.0
44458.0,9,-1.61,6,1,0,1,0,african-american,23,8,2,0,single,0.0,0.0,0.0,0.0,0.0,0.0
19184.0,5,-1.37,7,1,0,1,1,caucasian,23,5,4,0,single,0.0,0.0,0.0,1.0,0.0,0.0
24649.0,6,-1.12,8,1,1,1,0,other,23,7,2,0,single,0.0,0.0,0.0,0.0,0.0,1.0
30818.0,9,-1.4,7,1,0,1,0,african-american,23,2,0,0,single,0.0,0.0,0.0,0.0,0.0,0.0
52777.0,2,-2.26,3,1,0,1,0,african-american,23,3,0,1,single,0.0,0.0,0.0,0.0,0.0,0.0
49884.0,7,-1.19,8,1,1,1,0,hispanic,23,3,0,1,single,0.0,0.0,0.0,0.0,1.0,0.0
52175.0,10,-0.77,9,1,1,1,1,african-american,23,2,0,0,single,0.0,0.0,0.0,0.0,0.0,0.0
29546.0,10,-0.82,9,1,0,1,0,caucasian,23,11,10,0,separated,0.0,1.0,0.0,1.0,0.0,0.0
35141.0,8,-1.26,7,1,0,0,1,african-american,23,3,0,0,single,0.0,0.0,0.0,0.0,0.0,0.0
59975.0,2,-2.16,4,0,0,0,0,caucasian,23,0,0,1,single,0.0,0.0,0.0,1.0,0.0,0.0
45590.0,4,-1.54,6,0,0,0,0,other,23,2,0,1,single,0.0,0.0,0.0,0.0,0.0,1.0
61619.0,2,-2.48,3,0,0,0,1,african-american,23,0,0,1,significant other,0.0,0.0,1.0,0.0,0.0,0.0
62300.0,8,-1.94,5,1,0,1,0,african-american,23,4,2,0,single,0.0,0.0,0.0,0.0,0.0,0.0
54228.0,7,-1.72,6,1,1,1,0,african-american,23,2,0,0,single,0.0,0.0,0.0,0.0,0.0,0.0
56461.0,5,-1.5,6,0,0,0,0,african-american,23,3,0,1,significant other,0.0,0.0,1.0,0.0,0.0,0.0
57979.0,2,-2.28,3,1,0,0,0,caucasian,23,0,0,0,single,0.0,0.0,0.0,1.0,0.0,0.0
46497.0,8,-1.9,5,0,0,0,0,african-american,23,1,0,0,single,0.0,0.0,0.0,0.0,0.0,0.0
51707.0,6,-2.0,4,1,0,1,0,hispanic,23,1,1,0,single,0.0,0.0,0.0,0.0,1.0,0.0
29581.0,7,-1.36,7,1,0,1,0,hispanic,23,6,0,1,single,0.0,0.0,0.0,0.0,1.0,0.0
31994.0,7,-0.81,9,0,0,0,0,other,23,2,0,1,single,0.0,0.0,0.0,0.0,0.0,1.0
54192.0,5,-1.96,5,1,0,1,1,african-american,23,0,0,0,single,0.0,0.0,0.0,0.0,0.0,0.0
56133.0,6,-1.45,7,0,0,0,0,caucasian,23,0,0,1,single,0.0,0.0,0.0,1.0,0.0,0.0
51902.0,4,-1.91,5,1,0,0,0,other,23,2,0,0,single,0.0,0.0,0.0,0.0,0.0,1.0
59127.0,2,-2.08,4,0,0,0,0,african-american,23,1,0,1,single,0.0,0.0,0.0,0.0,0.0,0.0
18326.0,6,-1.59,6,1,1,0,0,african-american,23,6,5,0,single,0.0,0.0,0.0,0.0,0.0,0.0
51811.0,7,-1.68,6,0,0,0,0,african-american,23,2,0,1,single,0.0,0.0,0.0,0.0,0.0,0.0
53639.0,3,-2.1,4,1,0,0,1,hispanic,23,1,0,1,single,0.0,0.0,0.0,0.0,1.0,0.0
59275.0,9,-0.75,9,1,0,1,0,african-american,23,3,1,0,single,0.0,0.0,0.0,0.0,0.0,0.0
65018.0,4,-1.63,4,1,0,1,0,caucasian,23,3,1,0,single,0.0,0.0,0.0,1.0,0.0,0.0
54116.0,3,-2.26,3,0,0,0,0,african-american,23,0,0,0,single,0.0,0.0,0.0,0.0,0.0,0.0
22510.0,10,-1.59,6,1,0,1,0,african-american,23,8,0,0,single,0.0,0.0,0.0,0.0,0.0,0.0
60864.0,6,-1.88,5,0,0,0,0,african-american,23,1,1,0,single,0.0,0.0,0.0,0.0,0.0,0.0
56903.0,4,-2.18,4,1,0,1,0,african-american,23,2,3,0,single,0.0,0.0,0.0,0.0,0.0,0.0
60390.0,2,-2.16,4,0,0,0,0,caucasian,23,0,0,0,single,0.0,0.0,0.0,1.0,0.0,0.0
54479.0,4,-1.59,6,0,0,0,0,african-american,23,0,0,1,single,0.0,0.0,0.0,0.0,0.0,0.0
54352.0,3,-2.18,4,0,0,0,0,hispanic,23,1,0,1,single,0.0,0.0,0.0,0.0,1.0,0.0
20491.0,7,-1.72,6,1,0,0,0,caucasian,23,10,1,0,single,0.0,0.0,0.0,1.0,0.0,0.0
51716.0,4,-2.1,4,1,1,0,1,african-american,23,0,0,1,single,0.0,0.0,0.0,0.0,0.0,0.0
61214.0,5,-1.96,5,1,0,1,0,african-american,23,3,0,0,single,0.0,0.0,0.0,0.0,0.0,0.0
55360.0,6,-1.9,5,1,0,1,1,hispanic,23,0,0,0,single,0.0,0.0,0.0,0.0,1.0,0.0
34873.0,7,-1.86,5,0,0,0,0,african-american,23,3,0,0,single,0.0,0.0,0.0,0.0,0.0,0.0
51319.0,2,-2.18,4,1,1,0,0,african-american,23,1,2,0,single,0.0,0.0,0.0,0.0,0.0,0.0
60636.0,7,-2.02,4,0,0,0,1,african-american,23,0,0,0,single,0.0,0.0,0.0,0.0,0.0,0.0
55976.0,5,-1.94,5,0,0,0,0,caucasian,23,1,0,0,single,0.0,0.0,0.0,1.0,0.0,0.0
52742.0,5,-1.94,5,0,0,0,0,african-american,23,1,1,0,single,0.0,0.0,0.0,0.0,0.0,0.0
53711.0,5,-1.23,8,0,0,0,0,african-american,23,0,0,0,single,0.0,0.0,0.0,0.0,0.0,0.0
51433.0,3,-2.14,4,1,0,0,0,other,23,0,0,1,single,0.0,0.0,0.0,0.0,0.0,1.0
52769.0,6,-2.02,4,0,0,0,1,caucasian,23,2,0,1,single,0.0,0.0,0.0,1.0,0.0,0.0
53083.0,5,-1.3,7,0,0,0,0,african-american,23,0,0,0,single,0.0,0.0,0.0,0.0,0.0,0.0
57741.0,8,-1.72,6,0,0,0,0,caucasian,23,0,0,0,single,0.0,0.0,0.0,1.0,0.0,0.0
20833.0,7,-1.88,5,0,0,0,0,african-american,23,2,1,0,single,0.0,0.0,0.0,0.0,0.0,0.0
52980.0,7,-1.74,5,1,0,1,0,african-american,23,0,0,0,single,0.0,0.0,0.0,0.0,0.0,0.0
27494.0,10,-1.56,6,1,0,1,0,african-american,23,6,4,0,single,0.0,0.0,0.0,0.0,0.0,0.0
59190.0,7,-1.86,5,0,0,0,0,african-american,23,0,0,0,single,0.0,0.0,0.0,0.0,0.0,0.0
59179.0,3,-2.24,3,0,0,0,1,caucasian,23,0,0,0,single,0.0,0.0,0.0,1.0,0.0,0.0
39444.0,9,-0.8,9,1,0,1,0,african-american,23,2,0,1,single,0.0,0.0,0.0,0.0,0.0,0.0
32468.0,9,-1.92,5,1,0,1,1,caucasian,23,4,0,1,single,0.0,0.0,0.0,1.0,0.0,0.0
55149.0,2,-2.18,4,0,0,0,0,african-american,23,2,1,0,single,0.0,0.0,0.0,0.0,0.0,0.0
56514.0,4,-1.8,5,0,0,0,0,caucasian,23,0,0,0,single,0.0,0.0,0.0,1.0,0.0,0.0
59261.0,7,-1.96,5,0,0,0,1,african-american,23,0,0,1,significant other,0.0,0.0,1.0,0.0,0.0,0.0
54868.0,3,-2.26,3,0,0,0,1,african-american,23,1,0,0,single,0.0,0.0,0.0,0.0,0.0,0.0
53283.0,3,-2.3,3,0,0,0,1,caucasian,23,0,0,1,significant other,0.0,0.0,1.0,1.0,0.0,0.0
45351.0,6,-1.76,5,0,0,0,1,caucasian,23,0,0,1,single,0.0,0.0,0.0,1.0,0.0,0.0
52259.0,7,-1.46,7,1,0,1,0,african-american,23,2,0,1,single,0.0,0.0,0.0,0.0,0.0,0.0
30040.0,8,-1.3,7,0,0,0,0,other,23,2,0,1,single,0.0,0.0,0.0,0.0,0.0,1.0
57828.0,3,-2.22,4,1,0,1,0,african-american,23,1,0,1,single,0.0,0.0,0.0,0.0,0.0,0.0
35899.0,6,-1.5,7,1,1,1,0,african-american,23,6,0,0,single,0.0,0.0,0.0,0.0,0.0,0.0
41024.0,9,-1.64,6,1,1,1,0,caucasian,23,6,0,0,single,0.0,0.0,0.0,1.0,0.0,0.0
32316.0,7,-0.98,9,0,0,0,0,african-american,23,4,0,0,single,0.0,0.0,0.0,0.0,0.0,0.0
56774.0,4,-2.14,4,0,0,0,0,other,23,0,0,0,single,0.0,0.0,0.0,0.0,0.0,1.0
52427.0,3,-2.14,4,1,0,1,0,caucasian,23,1,0,0,single,0.0,0.0,0.0,1.0,0.0,0.0
57480.0,4,-1.53,6,0,0,0,1,hispanic,23,2,1,1,significant other,0.0,0.0,1.0,0.0,1.0,0.0
51057.0,3,-2.04,4,0,0,0,0,african-american,23,0,0,0,single,0.0,0.0,0.0,0.0,0.0,0.0
57824.0,6,-2.06,4,1,0,1,0,african-american,23,3,0,1,single,0.0,0.0,0.0,0.0,0.0,0.0
61222.0,2,-2.32,3,0,0,0,1,caucasian,23,1,2,1,single,0.0,0.0,0.0,1.0,0.0,0.0
51945.0,4,-1.62,6,0,0,0,0,african-american,23,1,0,1,single,0.0,0.0,0.0,0.0,0.0,0.0
56685.0,7,-1.97,5,0,0,0,0,hispanic,23,0,0,1,single,0.0,0.0,0.0,0.0,1.0,0.0
61248.0,4,-1.86,5,1,0,1,0,african-american,23,1,0,0,single,0.0,0.0,0.0,0.0,0.0,0.0
46315.0,9,-1.8,5,0,0,0,0,african-american,23,2,0,0,single,0.0,0.0,0.0,0.0,0.0,0.0
52048.0,7,-1.79,5,0,0,0,0,african-american,23,0,0,0,single,0.0,0.0,0.0,0.0,0.0,0.0
56957.0,7,-1.8,5,1,0,1,0,african-american,23,3,0,0,single,0.0,0.0,0.0,0.0,0.0,0.0
58709.0,4,-1.96,5,0,0,0,0,african-american,23,1,0,0,single,0.0,0.0,0.0,0.0,0.0,0.0
50892.0,9,-0.89,9,1,1,1,0,caucasian,23,0,1,0,single,0.0,0.0,0.0,1.0,0.0,0.0
60163.0,2,-2.16,4,1,0,1,0,african-american,23,0,0,1,single,0.0,0.0,0.0,0.0,0.0,0.0
61444.0,4,-2.16,4,0,0,0,0,caucasian,23,0,0,1,single,0.0,0.0,0.0,1.0,0.0,0.0
60948.0,2,-2.08,4,1,0,1,0,african-american,23,1,3,1,single,0.0,0.0,0.0,0.0,0.0,0.0
51265.0,3,-1.84,5,0,0,0,0,caucasian,23,0,0,1,single,0.0,0.0,0.0,1.0,0.0,0.0
54531.0,4,-2.02,4,1,0,1,0,caucasian,23,4,1,0,single,0.0,0.0,0.0,1.0,0.0,0.0
61022.0,6,-1.96,5,1,0,1,0,african-american,23,2,1,0,single,0.0,0.0,0.0,0.0,0.0,0.0
41603.0,9,-0.93,9,0,0,0,0,african-american,23,1,1,1,single,0.0,0.0,0.0,0.0,0.0,0.0
52840.0,7,-1.88,5,1,0,1,1,african-american,23,2,0,1,single,0.0,0.0,0.0,0.0,0.0,0.0
28599.0,9,-0.26,10,0,0,0,0,african-american,23,3,2,0,single,0.0,0.0,0.0,0.0,0.0,0.0
54420.0,9,-0.86,9,1,0,1,0,caucasian,23,2,2,0,single,0.0,0.0,0.0,1.0,0.0,0.0
57103.0,3,-1.74,5,0,0,0,0,hispanic,23,0,0,0,single,0.0,0.0,0.0,0.0,1.0,0.0
54030.0,9,-1.1,8,0,0,0,1,african-american,23,1,0,0,single,0.0,0.0,0.0,0.0,0.0,0.0
52030.0,4,-1.72,6,0,0,0,0,african-american,23,0,0,0,single,0.0,0.0,0.0,0.0,0.0,0.0
59704.0,6,-1.15,8,1,1,1,0,african-american,23,1,0,0,single,0.0,0.0,0.0,0.0,0.0,0.0
25191.0,9,-1.12,8,1,1,1,0,african-american,23,3,0,0,single,0.0,0.0,0.0,0.0,0.0,0.0
49180.0,6,-1.68,6,1,1,1,0,african-american,23,1,0,0,single,0.0,0.0,0.0,0.0,0.0,0.0
59375.0,3,-2.0,4,0,0,0,0,caucasian,23,1,0,0,single,0.0,0.0,0.0,1.0,0.0,0.0
53041.0,6,-1.7,6,0,0,0,1,other,23,0,0,1,single,0.0,0.0,0.0,0.0,0.0,1.0
60056.0,3,-1.96,5,0,0,0,0,hispanic,23,0,0,0,single,0.0,0.0,0.0,0.0,1.0,0.0
60494.0,5,-1.8,5,0,0,0,0,african-american,23,0,0,1,single,0.0,0.0,0.0,0.0,0.0,0.0
61350.0,2,-2.24,3,0,0,0,0,african-american,23,0,1,0,single,0.0,0.0,0.0,0.0,0.0,0.0
52162.0,7,-1.53,6,1,0,1,0,african-american,23,2,1,0,single,0.0,0.0,0.0,0.0,0.0,0.0
60768.0,3,-2.24,3,0,0,0,1,african-american,23,0,0,1,significant other,0.0,0.0,1.0,0.0,0.0,0.0
58072.0,3,-1.88,5,0,0,0,0,african-american,23,0,0,1,single,0.0,0.0,0.0,0.0,0.0,0.0
56188.0,2,-2.22,4,1,0,1,0,african-american,23,0,0,1,single,0.0,0.0,0.0,0.0,0.0,0.0
51100.0,5,-1.8,5,1,0,1,1,african-american,23,0,0,0,single,0.0,0.0,0.0,0.0,0.0,0.0
61032.0,2,-2.2,4,0,0,0,0,african-american,23,0,0,0,single,0.0,0.0,0.0,0.0,0.0,0.0
58494.0,6,-2.06,4,1,0,1,0,hispanic,23,2,0,1,single,0.0,0.0,0.0,0.0,1.0,0.0
56331.0,7,-1.15,8,0,0,0,0,african-american,23,0,0,0,single,0.0,0.0,0.0,0.0,0.0,0.0
60112.0,6,-0.89,9,0,0,0,0,african-american,23,3,2,0,significant other,0.0,0.0,1.0,0.0,0.0,0.0
59208.0,8,-1.43,7,0,0,0,0,african-american,23,0,0,1,single,0.0,0.0,0.0,0.0,0.0,0.0
54510.0,7,-1.3,7,1,0,0,1,african-american,23,0,0,0,single,0.0,0.0,0.0,0.0,0.0,0.0
62141.0,3,-2.08,4,0,0,0,0,caucasian,23,0,0,0,single,0.0,0.0,0.0,1.0,0.0,0.0
25340.0,9,-1.03,8,1,1,1,0,african-american,23,6,1,0,single,0.0,0.0,0.0,0.0,0.0,0.0
43864.0,10,-0.67,9,1,1,1,0,african-american,23,1,0,0,single,0.0,0.0,0.0,0.0,0.0,0.0
61396.0,8,-1.27,7,1,0,1,1,african-american,23,4,0,1,single,0.0,0.0,0.0,0.0,0.0,0.0
57841.0,4,-2.08,4,1,0,1,0,caucasian,23,4,1,1,single,0.0,0.0,0.0,1.0,0.0,0.0
29247.0,7,-1.66,6,1,0,1,0,african-american,23,1,0,1,single,0.0,0.0,0.0,0.0,0.0,0.0
60250.0,2,-2.36,3,0,0,0,0,african-american,23,1,0,0,single,0.0,0.0,0.0,0.0,0.0,0.0
61789.0,2,-2.32,3,0,0,0,1,african-american,23,0,0,0,single,0.0,0.0,0.0,0.0,0.0,0.0
52466.0,8,-1.03,8,0,0,0,0,african-american,23,0,0,1,single,0.0,0.0,0.0,0.0,0.0,0.0
54676.0,7,-1.84,5,0,0,0,0,african-american,23,0,0,0,single,0.0,0.0,0.0,0.0,0.0,0.0
53715.0,9,-0.96,9,0,0,0,0,caucasian,23,0,0,0,significant other,0.0,0.0,1.0,1.0,0.0,0.0
49253.0,10,-0.47,10,1,0,1,0,african-american,23,1,0,0,single,0.0,0.0,0.0,0.0,0.0,0.0
52485.0,10,-0.7,9,0,0,0,1,caucasian,23,3,0,0,single,0.0,0.0,0.0,1.0,0.0,0.0
49848.0,9,-0.72,9,1,1,1,0,african-american,23,5,1,0,single,0.0,0.0,0.0,0.0,0.0,0.0
49457.0,6,-1.77,5,0,0,0,0,african-american,23,1,0,0,single,0.0,0.0,0.0,0.0,0.0,0.0
59694.0,8,-0.91,9,1,1,1,0,caucasian,23,0,0,1,single,0.0,0.0,0.0,1.0,0.0,0.0
58477.0,7,-1.6,6,0,0,0,1,african-american,23,0,0,0,single,0.0,0.0,0.0,0.0,0.0,0.0
37774.0,7,-1.33,7,1,0,1,0,caucasian,23,2,0,0,single,0.0,0.0,0.0,1.0,0.0,0.0
52173.0,4,-1.97,5,1,0,0,0,african-american,23,0,0,1,separated,0.0,1.0,0.0,0.0,0.0,0.0
29781.0,9,-0.55,10,1,0,1,0,african-american,23,2,1,0,single,0.0,0.0,0.0,0.0,0.0,0.0
28478.0,7,-0.88,9,0,0,0,0,caucasian,23,3,7,1,single,0.0,0.0,0.0,1.0,0.0,0.0
51215.0,3,-1.76,5,1,0,1,0,caucasian,23,0,0,1,single,0.0,0.0,0.0,1.0,0.0,0.0
61430.0,4,-1.96,5,0,0,0,1,other,23,0,0,1,significant other,0.0,0.0,1.0,0.0,0.0,1.0
33064.0,10,-0.63,9,1,1,1,0,other,23,5,0,1,single,0.0,0.0,0.0,0.0,0.0,1.0
54232.0,5,-1.83,5,1,0,1,0,caucasian,23,3,2,0,single,0.0,0.0,0.0,1.0,0.0,0.0
59721.0,2,-2.16,4,0,0,0,0,african-american,23,1,0,0,single,0.0,0.0,0.0,0.0,0.0,0.0
52561.0,7,-1.06,8,0,0,0,0,hispanic,23,0,0,1,single,0.0,0.0,0.0,0.0,1.0,0.0
61681.0,9,-1.71,6,1,0,1,0,african-american,23,4,1,0,single,0.0,0.0,0.0,0.0,0.0,0.0
60692.0,7,-1.01,8,1,0,1,0,african-american,23,2,1,1,single,0.0,0.0,0.0,0.0,0.0,0.0
59379.0,7,-1.17,8,1,0,1,0,african-american,23,4,4,0,single,0.0,0.0,0.0,0.0,0.0,0.0
52846.0,2,-1.96,5,0,0,0,0,caucasian,23,0,0,0,single,0.0,0.0,0.0,1.0,0.0,0.0
61373.0,2,-2.24,3,0,0,0,0,hispanic,23,0,0,0,single,0.0,0.0,0.0,0.0,1.0,0.0
61682.0,2,-2.16,4,1,1,1,0,hispanic,23,0,0,1,significant other,0.0,0.0,1.0,0.0,1.0,0.0
53695.0,4,-1.68,6,0,0,0,0,african-american,23,0,0,0,single,0.0,0.0,0.0,0.0,0.0,0.0
61018.0,9,-1.33,7,0,0,0,0,hispanic,23,2,1,0,single,0.0,0.0,0.0,0.0,1.0,0.0
51077.0,8,-1.54,6,1,1,1,1,african-american,23,2,0,1,single,0.0,0.0,0.0,0.0,0.0,0.0
52932.0,10,-1.77,5,1,0,1,0,african-american,23,0,0,1,single,0.0,0.0,0.0,0.0,0.0,0.0
57534.0,2,-2.1,4,0,0,0,0,african-american,23,0,0,0,single,0.0,0.0,0.0,0.0,0.0,0.0
29456.0,9,-0.72,9,1,1,1,0,african-american,23,4,1,0,single,0.0,0.0,0.0,0.0,0.0,0.0
61274.0,5,-1.88,5,0,0,0,1,other,23,0,0,1,significant other,0.0,0.0,1.0,0.0,0.0,1.0
53772.0,8,-1.75,5,1,0,1,0,caucasian,23,3,0,1,single,0.0,0.0,0.0,1.0,0.0,0.0
61186.0,6,-1.82,5,1,0,1,0,african-american,23,1,0,0,single,0.0,0.0,0.0,0.0,0.0,0.0
60303.0,10,-0.59,10,0,0,0,1,other,23,0,0,1,single,0.0,0.0,0.0,0.0,0.0,1.0
60155.0,7,-2.14,4,0,0,0,0,african-american,23,1,1,0,single,0.0,0.0,0.0,0.0,0.0,0.0
61329.0,8,-1.25,8,1,0,1,0,caucasian,23,2,1,0,single,0.0,0.0,0.0,1.0,0.0,0.0
56998.0,5,-1.82,5,1,1,1,1,african-american,23,2,0,0,single,0.0,0.0,0.0,0.0,0.0,0.0
31931.0,9,-0.74,9,1,1,1,0,caucasian,23,4,1,1,single,0.0,0.0,0.0,1.0,0.0,0.0
25420.0,8,-1.16,8,0,0,0,0,african-american,23,1,0,1,single,0.0,0.0,0.0,0.0,0.0,0.0
61383.0,2,-2.28,3,1,0,1,0,african-american,23,2,0,0,single,0.0,0.0,0.0,0.0,0.0,0.0
56653.0,8,-1.27,7,1,1,1,0,african-american,23,7,1,0,single,0.0,0.0,0.0,0.0,0.0,0.0
61842.0,7,-1.84,5,0,0,0,0,african-american,23,3,0,0,single,0.0,0.0,0.0,0.0,0.0,0.0
59170.0,2,-2.26,3,0,0,0,0,caucasian,23,1,1,1,single,0.0,0.0,0.0,1.0,0.0,0.0
56778.0,5,-1.65,6,0,0,0,0,african-american,23,0,0,0,single,0.0,0.0,0.0,0.0,0.0,0.0
47851.0,5,-1.4,7,1,0,1,0,african-american,23,3,1,0,single,0.0,0.0,0.0,0.0,0.0,0.0
46835.0,9,-0.68,9,0,0,0,0,african-american,23,4,1,0,single,0.0,0.0,0.0,0.0,0.0,0.0
53555.0,6,-1.66,6,1,0,1,1,african-american,23,0,0,0,single,0.0,0.0,0.0,0.0,0.0,0.0
30243.0,10,-1.26,7,1,0,1,1,african-american,23,2,0,0,single,0.0,0.0,0.0,0.0,0.0,0.0
55619.0,10,-0.83,9,0,0,0,0,hispanic,23,1,0,0,single,0.0,0.0,0.0,0.0,1.0,0.0
51593.0,6,-1.68,6,0,0,0,0,african-american,23,1,0,1,single,0.0,0.0,0.0,0.0,0.0,0.0
51673.0,9,-1.21,8,1,0,1,0,african-american,23,2,0,1,single,0.0,0.0,0.0,0.0,0.0,0.0
51802.0,8,-1.05,8,1,0,1,0,african-american,23,2,0,1,single,0.0,0.0,0.0,0.0,0.0,0.0
51172.0,7,-1.91,5,0,0,0,1,caucasian,23,0,0,1,single,0.0,0.0,0.0,1.0,0.0,0.0
51277.0,6,-1.93,5,1,0,1,0,african-american,23,2,1,0,single,0.0,0.0,0.0,0.0,0.0,0.0
37097.0,10,-0.74,9,1,0,1,0,african-american,23,10,1,0,significant other,0.0,0.0,1.0,0.0,0.0,0.0
51158.0,8,-1.59,6,0,0,0,0,african-american,23,1,1,0,single,0.0,0.0,0.0,0.0,0.0,0.0
46409.0,6,-1.95,5,0,0,0,0,african-american,23,2,0,0,single,0.0,0.0,0.0,0.0,0.0,0.0
53621.0,4,-1.97,5,0,0,0,0,african-american,23,0,0,0,other,1.0,0.0,0.0,0.0,0.0,0.0
61935.0,3,-2.0,4,0,0,0,0,caucasian,23,0,0,0,single,0.0,0.0,0.0,1.0,0.0,0.0
56168.0,3,-2.06,4,1,0,1,0,african-american,23,1,3,0,single,0.0,0.0,0.0,0.0,0.0,0.0
52933.0,6,-1.68,6,0,0,0,1,african-american,23,0,0,1,single,0.0,0.0,0.0,0.0,0.0,0.0
61478.0,8,-1.78,5,1,0,1,0,other,23,0,0,1,single,0.0,0.0,0.0,0.0,0.0,1.0
58928.0,7,-1.96,5,0,0,0,0,african-american,23,1,2,1,single,0.0,0.0,0.0,0.0,0.0,0.0
54214.0,5,-1.42,7,0,0,0,0,african-american,23,1,0,0,single,0.0,0.0,0.0,0.0,0.0,0.0
34859.0,7,-0.81,9,1,1,1,0,african-american,23,3,3,1,single,0.0,0.0,0.0,0.0,0.0,0.0
61519.0,3,-2.0,4,1,0,1,0,african-american,23,1,0,0,single,0.0,0.0,0.0,0.0,0.0,0.0
54194.0,8,-1.16,8,1,1,1,0,african-american,23,0,0,0,single,0.0,0.0,0.0,0.0,0.0,0.0
56447.0,5,-2.0,4,0,0,0,0,hispanic,23,2,0,0,single,0.0,0.0,0.0,0.0,1.0,0.0
37356.0,7,-1.98,4,1,1,1,0,african-american,23,5,1,0,single,0.0,0.0,0.0,0.0,0.0,0.0
59322.0,9,-1.76,5,1,0,1,0,caucasian,23,0,0,0,single,0.0,0.0,0.0,1.0,0.0,0.0
62283.0,6,-2.18,4,0,0,0,1,caucasian,23,1,0,1,single,0.0,0.0,0.0,1.0,0.0,0.0
54303.0,4,-1.8,5,0,0,0,0,african-american,23,0,0,0,single,0.0,0.0,0.0,0.0,0.0,0.0
51599.0,8,-1.55,6,1,1,1,0,caucasian,23,3,0,1,single,0.0,0.0,0.0,1.0,0.0,0.0
32615.0,8,-1.58,6,1,1,1,0,african-american,23,5,1,0,single,0.0,0.0,0.0,0.0,0.0,0.0
51684.0,3,-1.79,5,0,0,0,0,african-american,23,0,0,0,single,0.0,0.0,0.0,0.0,0.0,0.0
58054.0,10,-1.17,8,1,1,1,0,african-american,23,5,0,0,single,0.0,0.0,0.0,0.0,0.0,0.0
52153.0,7,-1.77,5,1,0,1,0,hispanic,23,3,0,0,single,0.0,0.0,0.0,0.0,1.0,0.0
62313.0,7,-1.96,5,1,0,1,1,african-american,23,2,0,0,single,0.0,0.0,0.0,0.0,0.0,0.0
60359.0,4,-1.98,4,1,0,1,0,african-american,23,0,0,1,single,0.0,0.0,0.0,0.0,0.0,0.0
47553.0,9,-0.78,9,0,0,0,0,african-american,23,2,1,0,single,0.0,0.0,0.0,0.0,0.0,0.0
52720.0,3,-2.12,4,0,0,0,1,african-american,23,1,0,0,single,0.0,0.0,0.0,0.0,0.0,0.0
60097.0,6,-1.44,7,0,0,0,0,caucasian,23,2,0,0,single,0.0,0.0,0.0,1.0,0.0,0.0
61987.0,2,-2.36,3,0,0,0,0,african-american,23,0,0,0,single,0.0,0.0,0.0,0.0,0.0,0.0
36582.0,7,-1.3,7,0,0,0,0,african-american,23,1,0,0,single,0.0,0.0,0.0,0.0,0.0,0.0
51191.0,10,-0.74,9,1,1,1,0,african-american,23,2,1,1,single,0.0,0.0,0.0,0.0,0.0,0.0
39707.0,10,-0.78,9,1,0,1,0,african-american,23,4,0,0,single,0.0,0.0,0.0,0.0,0.0,0.0
54830.0,3,-1.92,5,1,0,1,0,african-american,23,0,0,0,single,0.0,0.0,0.0,0.0,0.0,0.0
50993.0,3,-1.95,5,0,0,0,0,hispanic,23,0,0,1,single,0.0,0.0,0.0,0.0,1.0,0.0
54022.0,6,-1.91,5,1,0,1,0,african-american,23,1,0,0,single,0.0,0.0,0.0,0.0,0.0,0.0
53000.0,2,-1.96,5,0,0,0,0,caucasian,23,0,0,0,single,0.0,0.0,0.0,1.0,0.0,0.0
53505.0,7,-1.55,6,1,0,0,0,caucasian,23,2,1,0,single,0.0,0.0,0.0,1.0,0.0,0.0
54267.0,7,-1.77,5,0,0,0,0,hispanic,23,2,1,0,single,0.0,0.0,0.0,0.0,1.0,0.0
60811.0,5,-1.86,5,0,0,0,1,african-american,23,1,1,1,other,1.0,0.0,0.0,0.0,0.0,0.0
53694.0,8,-1.77,5,0,0,0,0,hispanic,23,6,0,1,significant other,0.0,0.0,1.0,0.0,1.0,0.0
62360.0,2,-2.2,4,0,0,0,0,caucasian,23,1,1,1,single,0.0,0.0,0.0,1.0,0.0,0.0
59453.0,8,-1.8,5,1,0,1,0,african-american,23,4,1,1,single,0.0,0.0,0.0,0.0,0.0,0.0
61131.0,4,-1.86,5,0,0,0,0,hispanic,23,0,0,1,single,0.0,0.0,0.0,0.0,1.0,0.0
55839.0,6,-1.75,5,1,0,1,0,african-american,23,2,3,0,single,0.0,0.0,0.0,0.0,0.0,0.0
61265.0,4,-1.94,5,0,0,0,1,african-american,23,0,0,1,single,0.0,0.0,0.0,0.0,0.0,0.0
32763.0,10,-1.17,8,0,0,0,0,african-american,23,1,1,1,single,0.0,0.0,0.0,0.0,0.0,0.0
49485.0,7,-1.46,7,1,0,1,1,african-american,23,2,0,0,single,0.0,0.0,0.0,0.0,0.0,0.0
54415.0,5,-1.56,6,1,0,1,0,caucasian,23,1,2,0,single,0.0,0.0,0.0,1.0,0.0,0.0
56264.0,4,-1.88,5,0,0,0,1,hispanic,23,0,0,1,single,0.0,0.0,0.0,0.0,1.0,0.0
42220.0,5,-1.87,5,0,0,0,0,hispanic,23,2,0,0,single,0.0,0.0,0.0,0.0,1.0,0.0
61871.0,5,-1.71,6,0,0,0,0,caucasian,23,0,0,1,single,0.0,0.0,0.0,1.0,0.0,0.0
38031.0,8,-0.88,9,1,0,1,0,african-american,23,2,0,0,single,0.0,0.0,0.0,0.0,0.0,0.0
55855.0,5,-1.93,5,0,0,0,0,african-american,23,1,0,0,single,0.0,0.0,0.0,0.0,0.0,0.0
51386.0,9,-1.53,6,0,0,0,0,caucasian,23,0,0,1,single,0.0,0.0,0.0,1.0,0.0,0.0
54867.0,4,-1.8,5,1,0,1,1,african-american,23,0,0,1,single,0.0,0.0,0.0,0.0,0.0,0.0
55041.0,2,-2.0,4,1,0,1,0,hispanic,23,0,0,0,single,0.0,0.0,0.0,0.0,1.0,0.0
33269.0,10,-0.38,10,0,0,0,0,other,23,4,0,0,single,0.0,0.0,0.0,0.0,0.0,1.0
60884.0,3,-1.9,5,0,0,0,0,african-american,23,0,0,0,single,0.0,0.0,0.0,0.0,0.0,0.0
50929.0,6,-1.52,6,1,0,1,0,caucasian,23,3,1,0,single,0.0,0.0,0.0,1.0,0.0,0.0
59644.0,2,-2.3,3,0,0,0,0,caucasian,23,2,0,0,single,0.0,0.0,0.0,1.0,0.0,0.0
54536.0,10,-0.39,10,1,0,1,0,african-american,23,3,2,0,single,0.0,0.0,0.0,0.0,0.0,0.0
34175.0,8,-0.97,9,0,0,0,0,african-american,23,1,0,0,single,0.0,0.0,0.0,0.0,0.0,0.0
57561.0,4,-1.92,5,0,0,0,1,african-american,23,0,0,1,single,0.0,0.0,0.0,0.0,0.0,0.0
56530.0,3,-2.0,4,0,0,0,1,african-american,23,0,0,0,single,0.0,0.0,0.0,0.0,0.0,0.0
52127.0,9,-1.56,6,1,1,1,0,african-american,23,0,0,0,single,0.0,0.0,0.0,0.0,0.0,0.0
40687.0,9,-0.75,9,1,0,1,0,african-american,23,5,3,0,single,0.0,0.0,0.0,0.0,0.0,0.0
53284.0,4,-1.59,6,0,0,0,0,caucasian,23,1,0,1,single,0.0,0.0,0.0,1.0,0.0,0.0
41986.0,8,-0.99,9,1,0,1,0,african-american,23,1,0,1,single,0.0,0.0,0.0,0.0,0.0,0.0
56741.0,4,-1.64,6,0,0,0,0,african-american,23,1,0,0,single,0.0,0.0,0.0,0.0,0.0,0.0
57435.0,9,-1.2,8,0,0,0,0,hispanic,23,4,0,0,single,0.0,0.0,0.0,0.0,1.0,0.0
58791.0,3,-2.14,4,0,0,0,1,african-american,23,1,0,0,single,0.0,0.0,0.0,0.0,0.0,0.0
57385.0,7,-1.68,6,1,1,1,0,caucasian,23,2,0,0,single,0.0,0.0,0.0,1.0,0.0,0.0
59913.0,4,-2.02,4,0,0,0,1,african-american,23,1,0,0,single,0.0,0.0,0.0,0.0,0.0,0.0
51359.0,3,-2.01,4,1,1,1,0,african-american,23,2,0,1,single,0.0,0.0,0.0,0.0,0.0,0.0
58929.0,6,-1.8,5,1,0,1,0,african-american,23,0,0,0,single,0.0,0.0,0.0,0.0,0.0,0.0
54675.0,7,-1.72,6,0,0,0,0,african-american,23,0,0,1,single,0.0,0.0,0.0,0.0,0.0,0.0
52476.0,7,-1.22,8,1,0,1,0,african-american,22,0,1,0,significant other,0.0,0.0,1.0,0.0,0.0,0.0
51751.0,4,-1.91,5,0,0,0,1,other,22,0,0,0,single,0.0,0.0,0.0,0.0,0.0,1.0
54107.0,4,-1.75,5,1,1,1,0,african-american,22,0,0,0,single,0.0,0.0,0.0,0.0,0.0,0.0
51090.0,3,-1.87,5,1,0,1,0,african-american,22,0,0,0,single,0.0,0.0,0.0,0.0,0.0,0.0
54962.0,4,-1.8,5,0,0,0,0,african-american,22,0,0,0,single,0.0,0.0,0.0,0.0,0.0,0.0
43819.0,7,-1.01,8,1,0,1,0,african-american,22,2,1,0,single,0.0,0.0,0.0,0.0,0.0,0.0
51385.0,5,-1.71,6,0,0,0,1,african-american,22,0,0,1,single,0.0,0.0,0.0,0.0,0.0,0.0
51134.0,8,-1.29,7,1,0,1,0,caucasian,22,2,2,0,single,0.0,0.0,0.0,1.0,0.0,0.0
52901.0,4,-1.3,7,1,0,1,0,african-american,22,0,0,1,single,0.0,0.0,0.0,0.0,0.0,0.0
59667.0,5,-1.94,5,1,0,1,0,caucasian,22,0,0,0,single,0.0,0.0,0.0,1.0,0.0,0.0
60662.0,5,-2.1,4,1,0,1,0,caucasian,22,5,0,1,single,0.0,0.0,0.0,1.0,0.0,0.0
61014.0,8,-1.76,5,1,1,1,0,african-american,22,3,0,0,single,0.0,0.0,0.0,0.0,0.0,0.0
52238.0,3,-1.79,5,1,0,1,0,caucasian,22,1,0,0,single,0.0,0.0,0.0,1.0,0.0,0.0
58606.0,3,-2.12,4,0,0,0,1,caucasian,22,1,1,1,single,0.0,0.0,0.0,1.0,0.0,0.0
56718.0,3,-2.04,4,0,0,0,1,african-american,22,0,0,1,single,0.0,0.0,0.0,0.0,0.0,0.0
52703.0,6,-1.83,5,0,0,0,0,caucasian,22,0,0,0,single,0.0,0.0,0.0,1.0,0.0,0.0
52094.0,3,-1.89,5,1,0,1,0,african-american,22,0,0,0,single,0.0,0.0,0.0,0.0,0.0,0.0
60833.0,4,-2.02,4,1,0,1,1,african-american,22,0,1,0,single,0.0,0.0,0.0,0.0,0.0,0.0
57454.0,7,-1.05,8,1,0,1,0,african-american,22,0,0,0,single,0.0,0.0,0.0,0.0,0.0,0.0
38456.0,7,-1.92,5,1,0,1,0,caucasian,22,3,0,0,significant other,0.0,0.0,1.0,1.0,0.0,0.0
55600.0,4,-1.84,5,0,0,0,1,african-american,22,0,0,0,single,0.0,0.0,0.0,0.0,0.0,0.0
60065.0,3,-2.22,4,0,0,0,1,caucasian,22,1,0,0,single,0.0,0.0,0.0,1.0,0.0,0.0
56346.0,8,-0.97,9,0,0,0,1,caucasian,22,1,0,1,single,0.0,0.0,0.0,1.0,0.0,0.0
57932.0,3,-1.76,5,0,0,0,0,african-american,22,1,0,0,significant other,0.0,0.0,1.0,0.0,0.0,0.0
55707.0,4,-1.93,5,1,0,0,0,caucasian,22,1,0,0,single,0.0,0.0,0.0,1.0,0.0,0.0
50998.0,3,-1.91,5,1,0,1,0,hispanic,22,2,0,0,single,0.0,0.0,0.0,0.0,1.0,0.0
54824.0,2,-2.07,4,0,0,0,0,african-american,22,1,0,0,single,0.0,0.0,0.0,0.0,0.0,0.0
61403.0,5,-1.46,7,0,0,0,1,african-american,22,2,0,0,single,0.0,0.0,0.0,0.0,0.0,0.0
57098.0,3,-1.92,5,1,0,1,0,african-american,22,0,0,1,single,0.0,0.0,0.0,0.0,0.0,0.0
57765.0,3,-2.12,4,0,0,0,1,caucasian,22,0,0,1,single,0.0,0.0,0.0,1.0,0.0,0.0
51559.0,4,-1.8,5,1,0,0,0,caucasian,22,1,0,0,single,0.0,0.0,0.0,1.0,0.0,0.0
62330.0,5,-1.62,6,1,0,1,0,caucasian,22,2,1,1,single,0.0,0.0,0.0,1.0,0.0,0.0
67551.0,9,-1.37,8,1,0,1,0,african-american,22,1,0,1,single,0.0,0.0,0.0,0.0,0.0,0.0
61035.0,4,-1.86,5,0,0,0,0,african-american,22,0,0,0,single,0.0,0.0,0.0,0.0,0.0,0.0
58096.0,5,-1.76,5,0,0,0,1,caucasian,22,2,0,1,single,0.0,0.0,0.0,1.0,0.0,0.0
35825.0,8,-1.32,7,1,0,1,0,african-american,22,3,0,0,single,0.0,0.0,0.0,0.0,0.0,0.0
60987.0,4,-1.78,5,1,0,1,0,other,22,1,0,0,single,0.0,0.0,0.0,0.0,0.0,1.0
38194.0,4,-1.61,6,1,0,1,0,african-american,22,1,1,0,single,0.0,0.0,0.0,0.0,0.0,0.0
55906.0,8,-1.2,8,0,0,0,1,african-american,22,0,0,0,single,0.0,0.0,0.0,0.0,0.0,0.0
58153.0,3,-1.74,5,0,0,0,0,other,22,3,1,0,single,0.0,0.0,0.0,0.0,0.0,1.0
60348.0,5,-1.92,5,1,0,0,1,hispanic,22,1,0,0,single,0.0,0.0,0.0,0.0,1.0,0.0
56929.0,6,-1.62,6,0,0,0,1,african-american,22,1,1,1,single,0.0,0.0,0.0,0.0,0.0,0.0
53131.0,7,-1.31,7,1,0,1,0,african-american,22,1,1,0,single,0.0,0.0,0.0,0.0,0.0,0.0
59766.0,5,-1.23,8,1,1,1,0,african-american,22,3,0,0,single,0.0,0.0,0.0,0.0,0.0,0.0
61370.0,4,-2.1,4,0,0,0,0,african-american,22,0,0,0,single,0.0,0.0,0.0,0.0,0.0,0.0
58890.0,8,-1.8,5,0,0,0,0,african-american,22,0,0,0,single,0.0,0.0,0.0,0.0,0.0,0.0
58927.0,4,-1.49,7,1,0,1,0,african-american,22,0,0,0,single,0.0,0.0,0.0,0.0,0.0,0.0
59816.0,9,-0.81,9,0,0,0,0,african-american,22,6,0,0,single,0.0,0.0,0.0,0.0,0.0,0.0
52218.0,4,-1.87,5,0,0,0,0,caucasian,22,0,0,1,single,0.0,0.0,0.0,1.0,0.0,0.0
58637.0,3,-1.88,5,1,0,1,0,hispanic,22,0,0,1,single,0.0,0.0,0.0,0.0,1.0,0.0
32493.0,7,-1.59,6,0,0,0,0,caucasian,22,1,0,1,single,0.0,0.0,0.0,1.0,0.0,0.0
42530.0,9,-1.11,8,0,0,0,0,other,22,1,0,0,single,0.0,0.0,0.0,0.0,0.0,1.0
60305.0,6,-1.0,8,0,0,0,0,african-american,22,0,0,1,single,0.0,0.0,0.0,0.0,0.0,0.0
42243.0,6,-2.06,4,1,0,1,0,african-american,22,1,0,0,single,0.0,0.0,0.0,0.0,0.0,0.0
61215.0,2,-2.1,4,1,0,1,0,caucasian,22,0,1,1,single,0.0,0.0,0.0,1.0,0.0,0.0
58012.0,3,-1.76,5,0,0,0,0,caucasian,22,0,0,1,single,0.0,0.0,0.0,1.0,0.0,0.0
54668.0,4,-1.75,5,1,0,1,0,hispanic,22,0,0,0,single,0.0,0.0,0.0,0.0,1.0,0.0
56484.0,2,-2.04,4,1,0,1,0,other,22,0,0,0,single,0.0,0.0,0.0,0.0,0.0,1.0
62162.0,3,-1.94,5,0,0,0,0,african-american,22,0,0,0,single,0.0,0.0,0.0,0.0,0.0,0.0
61533.0,2,-2.14,4,1,0,1,0,caucasian,22,0,0,1,single,0.0,0.0,0.0,1.0,0.0,0.0
56460.0,6,-2.04,4,0,0,0,0,caucasian,22,1,0,0,single,0.0,0.0,0.0,1.0,0.0,0.0
54226.0,9,-1.39,7,0,0,0,0,african-american,22,0,0,1,single,0.0,0.0,0.0,0.0,0.0,0.0
57898.0,6,-1.83,5,1,0,1,0,african-american,22,3,0,0,single,0.0,0.0,0.0,0.0,0.0,0.0
52739.0,6,-1.21,8,0,0,0,0,african-american,22,1,0,0,single,0.0,0.0,0.0,0.0,0.0,0.0
50853.0,9,-1.44,7,1,0,1,0,african-american,22,0,1,1,single,0.0,0.0,0.0,0.0,0.0,0.0
60062.0,5,-1.67,6,1,0,1,0,caucasian,22,0,0,0,single,0.0,0.0,0.0,1.0,0.0,0.0
51755.0,4,-1.67,6,0,0,0,0,african-american,22,0,0,0,single,0.0,0.0,0.0,0.0,0.0,0.0
60988.0,3,-1.98,4,0,0,0,0,african-american,22,0,0,0,single,0.0,0.0,0.0,0.0,0.0,0.0
33823.0,9,-1.33,7,0,0,0,0,african-american,22,2,1,0,single,0.0,0.0,0.0,0.0,0.0,0.0
59082.0,9,-1.26,7,0,0,0,0,african-american,22,1,0,0,single,0.0,0.0,0.0,0.0,0.0,0.0
52067.0,6,-1.85,5,0,0,0,0,caucasian,22,0,0,1,single,0.0,0.0,0.0,1.0,0.0,0.0
58556.0,4,-1.76,5,0,0,0,0,african-american,22,0,0,0,single,0.0,0.0,0.0,0.0,0.0,0.0
60185.0,3,-2.08,4,0,0,0,1,african-american,22,0,0,1,single,0.0,0.0,0.0,0.0,0.0,0.0
54209.0,6,-1.55,6,0,0,0,1,hispanic,22,0,0,0,single,0.0,0.0,0.0,0.0,1.0,0.0
51223.0,3,-1.62,6,1,0,0,0,african-american,22,0,1,0,single,0.0,0.0,0.0,0.0,0.0,0.0
59036.0,6,-1.39,7,1,0,1,0,african-american,22,3,1,0,single,0.0,0.0,0.0,0.0,0.0,0.0
43205.0,6,-1.37,7,0,0,0,1,african-american,22,1,0,1,single,0.0,0.0,0.0,0.0,0.0,0.0
36165.0,6,-1.32,7,0,0,0,0,african-american,22,1,1,0,single,0.0,0.0,0.0,0.0,0.0,0.0
40675.0,6,-1.75,5,1,1,0,0,african-american,22,3,0,0,single,0.0,0.0,0.0,0.0,0.0,0.0
58108.0,4,-1.88,5,0,0,0,0,caucasian,22,0,0,1,single,0.0,0.0,0.0,1.0,0.0,0.0
46011.0,9,-0.98,9,0,0,0,0,african-american,22,3,0,0,single,0.0,0.0,0.0,0.0,0.0,0.0
52903.0,5,-1.75,5,1,1,1,0,african-american,22,0,0,0,single,0.0,0.0,0.0,0.0,0.0,0.0
55652.0,6,-1.42,7,0,0,0,1,caucasian,22,1,0,0,single,0.0,0.0,0.0,1.0,0.0,0.0
56350.0,4,-1.71,6,1,0,1,0,caucasian,22,0,0,0,single,0.0,0.0,0.0,1.0,0.0,0.0
57400.0,9,-1.65,6,1,0,1,1,african-american,22,5,0,0,single,0.0,0.0,0.0,0.0,0.0,0.0
43236.0,4,-1.57,6,0,0,0,0,caucasian,22,2,1,0,single,0.0,0.0,0.0,1.0,0.0,0.0
36939.0,7,-1.73,6,0,0,0,0,african-american,22,1,1,1,single,0.0,0.0,0.0,0.0,0.0,0.0
57944.0,6,-1.97,5,0,0,0,1,african-american,22,0,0,1,single,0.0,0.0,0.0,0.0,0.0,0.0
61007.0,4,-2.13,4,1,0,1,1,african-american,22,0,0,0,single,0.0,0.0,0.0,0.0,0.0,0.0
51280.0,3,-1.7,6,1,0,1,0,african-american,22,1,0,0,single,0.0,0.0,0.0,0.0,0.0,0.0
54832.0,7,-1.75,5,0,0,0,0,caucasian,22,1,1,0,single,0.0,0.0,0.0,1.0,0.0,0.0
56823.0,2,-1.99,4,0,0,0,0,african-american,22,0,0,0,single,0.0,0.0,0.0,0.0,0.0,0.0
53427.0,4,-1.85,5,0,0,0,0,caucasian,22,0,1,0,single,0.0,0.0,0.0,1.0,0.0,0.0
62204.0,6,-1.8,5,0,0,0,0,african-american,22,2,4,0,single,0.0,0.0,0.0,0.0,0.0,0.0
37303.0,3,-1.57,3,1,0,1,0,african-american,22,1,0,1,single,0.0,0.0,0.0,0.0,0.0,0.0
51894.0,9,-1.48,7,0,0,0,0,other,22,0,0,0,single,0.0,0.0,0.0,0.0,0.0,1.0
58243.0,3,-1.84,5,1,0,1,0,caucasian,22,0,0,1,single,0.0,0.0,0.0,1.0,0.0,0.0
62181.0,7,-1.96,5,1,0,1,0,african-american,22,1,0,0,single,0.0,0.0,0.0,0.0,0.0,0.0
51752.0,7,-1.58,6,1,1,1,0,caucasian,22,0,2,0,single,0.0,0.0,0.0,1.0,0.0,0.0
57363.0,3,-1.95,5,0,0,0,0,caucasian,22,0,0,0,single,0.0,0.0,0.0,1.0,0.0,0.0
57253.0,2,-2.0,4,0,0,0,0,other,22,1,0,1,single,0.0,0.0,0.0,0.0,0.0,1.0
52421.0,4,-1.7,6,0,0,0,0,african-american,22,0,0,0,single,0.0,0.0,0.0,0.0,0.0,0.0
58374.0,6,-1.67,6,0,0,0,1,african-american,22,1,0,0,single,0.0,0.0,0.0,0.0,0.0,0.0
54669.0,10,-0.62,10,0,0,0,0,african-american,22,0,0,1,single,0.0,0.0,0.0,0.0,0.0,0.0
43642.0,10,-0.31,10,1,0,1,0,african-american,22,1,1,0,single,0.0,0.0,0.0,0.0,0.0,0.0
61106.0,3,-1.92,5,0,0,0,0,caucasian,22,0,0,0,single,0.0,0.0,0.0,1.0,0.0,0.0
57553.0,7,-1.73,6,1,0,0,0,african-american,22,2,0,0,single,0.0,0.0,0.0,0.0,0.0,0.0
55525.0,5,-1.59,6,0,0,0,0,caucasian,22,0,2,0,single,0.0,0.0,0.0,1.0,0.0,0.0
51195.0,9,-1.5,6,0,0,0,1,african-american,22,2,0,0,single,0.0,0.0,0.0,0.0,0.0,0.0
52908.0,6,-1.42,7,0,0,0,1,african-american,22,0,0,0,single,0.0,0.0,0.0,0.0,0.0,0.0
61824.0,3,-1.93,5,0,0,0,0,hispanic,22,0,0,1,single,0.0,0.0,0.0,0.0,1.0,0.0
59636.0,6,-1.48,7,1,1,1,0,african-american,22,1,0,1,single,0.0,0.0,0.0,0.0,0.0,0.0
42782.0,7,-1.23,5,0,0,0,1,caucasian,22,2,2,0,single,0.0,0.0,0.0,1.0,0.0,0.0
54328.0,6,-1.56,6,1,1,1,0,african-american,22,2,0,1,single,0.0,0.0,0.0,0.0,0.0,0.0
52295.0,8,-1.56,6,0,0,0,0,caucasian,22,0,0,0,single,0.0,0.0,0.0,1.0,0.0,0.0
55222.0,4,-1.99,4,0,0,0,1,hispanic,22,0,0,1,single,0.0,0.0,0.0,0.0,1.0,0.0
56318.0,4,-1.75,5,1,0,1,0,hispanic,22,0,0,0,single,0.0,0.0,0.0,0.0,1.0,0.0
58384.0,5,-1.76,5,0,0,0,1,caucasian,22,0,0,1,single,0.0,0.0,0.0,1.0,0.0,0.0
39175.0,3,-1.57,6,1,0,1,0,african-american,22,2,1,0,single,0.0,0.0,0.0,0.0,0.0,0.0
52652.0,7,-1.78,5,1,0,1,0,hispanic,22,1,0,1,single,0.0,0.0,0.0,0.0,1.0,0.0
55069.0,4,-1.59,6,0,0,0,0,hispanic,22,1,0,0,single,0.0,0.0,0.0,0.0,1.0,0.0
54370.0,3,-1.87,5,0,0,0,0,hispanic,22,0,1,1,single,0.0,0.0,0.0,0.0,1.0,0.0
59571.0,4,-1.7,6,1,1,1,0,caucasian,22,2,0,0,single,0.0,0.0,0.0,1.0,0.0,0.0
40374.0,9,-1.44,7,1,0,1,0,caucasian,22,6,0,0,single,0.0,0.0,0.0,1.0,0.0,0.0
56854.0,5,-1.67,6,1,1,1,0,caucasian,22,2,0,1,single,0.0,0.0,0.0,1.0,0.0,0.0
60583.0,6,-1.87,5,0,0,0,0,african-american,22,4,0,1,single,0.0,0.0,0.0,0.0,0.0,0.0
52937.0,6,-1.5,6,0,0,0,0,african-american,22,0,0,1,single,0.0,0.0,0.0,0.0,0.0,0.0
52557.0,9,-1.48,7,0,0,0,1,caucasian,22,0,0,1,single,0.0,0.0,0.0,1.0,0.0,0.0
54635.0,7,-1.96,5,0,0,0,1,african-american,22,0,0,0,single,0.0,0.0,0.0,0.0,0.0,0.0
59852.0,7,-1.29,7,1,1,1,0,african-american,22,0,0,0,single,0.0,0.0,0.0,0.0,0.0,0.0
56928.0,3,-1.87,5,0,0,0,0,african-american,22,1,0,0,single,0.0,0.0,0.0,0.0,0.0,0.0
54819.0,10,-1.52,6,1,1,1,0,african-american,22,5,0,1,single,0.0,0.0,0.0,0.0,0.0,0.0
60593.0,3,-2.16,4,0,0,0,1,caucasian,22,0,0,1,single,0.0,0.0,0.0,1.0,0.0,0.0
57630.0,8,-1.85,5,1,0,1,0,african-american,22,5,0,0,single,0.0,0.0,0.0,0.0,0.0,0.0
59068.0,7,-1.41,7,1,1,1,0,african-american,22,3,1,0,single,0.0,0.0,0.0,0.0,0.0,0.0
52478.0,9,-0.58,10,1,0,1,0,african-american,22,1,0,0,single,0.0,0.0,0.0,0.0,0.0,0.0
50843.0,7,-0.92,9,1,1,1,0,african-american,22,1,1,1,single,0.0,0.0,0.0,0.0,0.0,0.0
53861.0,3,-1.66,6,1,1,1,0,african-american,22,0,0,0,single,0.0,0.0,0.0,0.0,0.0,0.0
61577.0,5,-1.31,7,0,0,0,0,african-american,22,1,0,0,single,0.0,0.0,0.0,0.0,0.0,0.0
54683.0,3,-1.86,5,0,0,0,0,hispanic,22,0,0,0,single,0.0,0.0,0.0,0.0,1.0,0.0
51064.0,3,-1.7,6,0,0,0,0,african-american,22,0,0,0,single,0.0,0.0,0.0,0.0,0.0,0.0
55963.0,8,-0.78,9,1,0,1,0,african-american,22,7,4,0,single,0.0,0.0,0.0,0.0,0.0,0.0
37722.0,9,-1.66,6,1,1,1,1,african-american,22,4,0,0,single,0.0,0.0,0.0,0.0,0.0,0.0
62265.0,2,-2.12,4,0,0,0,0,african-american,22,0,0,0,single,0.0,0.0,0.0,0.0,0.0,0.0
53897.0,7,-1.64,6,0,0,0,0,african-american,22,0,0,0,single,0.0,0.0,0.0,0.0,0.0,0.0
55685.0,5,-1.83,5,0,0,0,1,african-american,22,1,0,0,single,0.0,0.0,0.0,0.0,0.0,0.0
55209.0,7,-1.69,6,0,0,0,0,african-american,22,3,0,0,single,0.0,0.0,0.0,0.0,0.0,0.0
59934.0,4,-1.92,5,0,0,0,1,african-american,22,2,0,0,single,0.0,0.0,0.0,0.0,0.0,0.0
51400.0,10,-0.2,10,1,1,1,0,african-american,22,3,2,0,single,0.0,0.0,0.0,0.0,0.0,0.0
50928.0,6,-0.78,9,0,0,0,0,african-american,22,1,1,1,single,0.0,0.0,0.0,0.0,0.0,0.0
56128.0,10,-1.75,6,1,0,1,0,caucasian,22,3,0,1,single,0.0,0.0,0.0,1.0,0.0,0.0
56067.0,9,-0.84,9,0,0,0,0,caucasian,22,1,0,0,single,0.0,0.0,0.0,1.0,0.0,0.0
52836.0,6,-1.02,8,1,0,1,0,african-american,22,1,0,0,single,0.0,0.0,0.0,0.0,0.0,0.0
60502.0,6,-1.47,7,1,1,1,1,caucasian,22,2,0,0,single,0.0,0.0,0.0,1.0,0.0,0.0
53714.0,8,-1.12,8,0,0,0,0,caucasian,22,0,0,0,single,0.0,0.0,0.0,1.0,0.0,0.0
58128.0,9,-1.16,8,0,0,0,1,african-american,22,2,1,0,single,0.0,0.0,0.0,0.0,0.0,0.0
57173.0,5,-2.07,4,1,0,1,1,hispanic,22,2,0,0,single,0.0,0.0,0.0,0.0,1.0,0.0
59427.0,5,-1.93,5,0,0,0,0,caucasian,22,1,0,1,single,0.0,0.0,0.0,1.0,0.0,0.0
56724.0,7,-1.25,8,0,0,0,1,african-american,22,0,0,0,single,0.0,0.0,0.0,0.0,0.0,0.0
57380.0,4,-1.71,6,0,0,0,0,african-american,22,0,0,1,single,0.0,0.0,0.0,0.0,0.0,0.0
56420.0,8,-1.32,7,0,0,0,0,african-american,22,1,0,0,single,0.0,0.0,0.0,0.0,0.0,0.0
56246.0,6,-1.31,7,0,0,0,0,african-american,22,2,0,0,single,0.0,0.0,0.0,0.0,0.0,0.0
52767.0,3,-1.78,5,0,0,0,0,african-american,22,0,0,0,single,0.0,0.0,0.0,0.0,0.0,0.0
51025.0,7,-1.4,7,0,0,0,0,african-american,22,0,0,0,single,0.0,0.0,0.0,0.0,0.0,0.0
61937.0,3,-1.76,5,1,0,1,0,african-american,22,0,2,0,single,0.0,0.0,0.0,0.0,0.0,0.0
54670.0,4,-1.74,5,1,0,1,0,african-american,22,1,1,1,single,0.0,0.0,0.0,0.0,0.0,0.0
54132.0,8,-0.8,9,1,0,1,0,african-american,22,0,0,0,single,0.0,0.0,0.0,0.0,0.0,0.0
59482.0,7,-1.64,6,1,0,1,0,african-american,22,1,0,0,single,0.0,0.0,0.0,0.0,0.0,0.0
53390.0,6,-1.36,7,0,0,0,0,hispanic,22,0,0,0,single,0.0,0.0,0.0,0.0,1.0,0.0
57149.0,7,-1.59,6,0,0,0,1,caucasian,22,1,0,0,single,0.0,0.0,0.0,1.0,0.0,0.0
46399.0,9,-1.0,9,1,1,1,0,african-american,22,3,0,1,single,0.0,0.0,0.0,0.0,0.0,0.0
57342.0,5,-1.95,5,1,0,1,0,caucasian,22,1,3,0,single,0.0,0.0,0.0,1.0,0.0,0.0
52736.0,3,-1.66,6,0,0,0,0,caucasian,22,0,0,0,single,0.0,0.0,0.0,1.0,0.0,0.0
53400.0,8,-1.15,8,1,0,1,1,african-american,22,2,1,1,single,0.0,0.0,0.0,0.0,0.0,0.0
59278.0,5,-1.4,7,0,0,0,0,african-american,22,0,0,0,single,0.0,0.0,0.0,0.0,0.0,0.0
51087.0,10,-1.27,7,1,0,1,0,african-american,22,3,2,1,single,0.0,0.0,0.0,0.0,0.0,0.0
57683.0,9,-0.55,10,0,0,0,0,african-american,22,3,3,0,single,0.0,0.0,0.0,0.0,0.0,0.0
18509.0,10,0.11,10,1,1,1,0,african-american,22,6,4,0,single,0.0,0.0,0.0,0.0,0.0,0.0
58434.0,6,-1.68,6,1,0,1,0,african-american,22,0,0,0,single,0.0,0.0,0.0,0.0,0.0,0.0
55884.0,4,-1.81,5,1,0,1,0,caucasian,22,1,0,0,single,0.0,0.0,0.0,1.0,0.0,0.0
59716.0,6,-1.81,5,0,0,0,0,african-american,22,0,0,1,single,0.0,0.0,0.0,0.0,0.0,0.0
51226.0,7,-1.6,6,0,0,0,1,african-american,22,0,0,0,single,0.0,0.0,0.0,0.0,0.0,0.0
53659.0,9,-1.01,8,0,0,0,0,african-american,22,3,1,0,single,0.0,0.0,0.0,0.0,0.0,0.0
58626.0,4,-1.75,5,1,0,1,0,african-american,22,1,0,0,single,0.0,0.0,0.0,0.0,0.0,0.0
53327.0,4,-1.9,5,0,0,0,1,hispanic,22,1,0,0,single,0.0,0.0,0.0,0.0,1.0,0.0
56657.0,3,-1.79,5,0,0,0,0,african-american,22,0,1,0,single,0.0,0.0,0.0,0.0,0.0,0.0
52245.0,4,-1.82,5,1,0,1,0,african-american,22,1,0,0,single,0.0,0.0,0.0,0.0,0.0,0.0
53705.0,9,-1.44,7,1,0,1,0,african-american,22,1,0,0,significant other,0.0,0.0,1.0,0.0,0.0,0.0
55113.0,8,-0.7,9,1,0,1,1,african-american,22,0,0,1,single,0.0,0.0,0.0,0.0,0.0,0.0
54263.0,4,-1.58,6,1,0,1,0,caucasian,22,1,2,0,single,0.0,0.0,0.0,1.0,0.0,0.0
57894.0,4,-1.91,5,0,0,0,1,african-american,22,0,0,1,single,0.0,0.0,0.0,0.0,0.0,0.0
44206.0,9,-0.9,9,1,1,1,0,african-american,22,1,0,0,single,0.0,0.0,0.0,0.0,0.0,0.0
60906.0,4,-1.64,6,1,0,1,0,african-american,22,1,0,0,single,0.0,0.0,0.0,0.0,0.0,0.0
57977.0,10,-0.73,9,1,0,1,0,african-american,22,13,1,0,single,0.0,0.0,0.0,0.0,0.0,0.0
60233.0,4,-1.99,4,0,0,0,1,african-american,22,1,0,1,single,0.0,0.0,0.0,0.0,0.0,0.0
61481.0,7,-1.01,8,1,0,1,0,hispanic,22,0,0,0,single,0.0,0.0,0.0,0.0,1.0,0.0
59507.0,4,-1.83,5,0,0,0,0,caucasian,22,0,0,0,single,0.0,0.0,0.0,1.0,0.0,0.0
54363.0,8,-1.06,8,1,1,0,0,african-american,22,2,0,0,single,0.0,0.0,0.0,0.0,0.0,0.0
40666.0,9,-0.57,10,1,0,1,0,african-american,22,2,1,0,single,0.0,0.0,0.0,0.0,0.0,0.0
56343.0,8,-1.34,7,0,0,0,1,caucasian,22,1,1,1,single,0.0,0.0,0.0,1.0,0.0,0.0
41390.0,7,-1.11,8,1,0,1,0,african-american,22,2,0,0,single,0.0,0.0,0.0,0.0,0.0,0.0
53219.0,4,-1.7,6,1,0,1,0,african-american,22,3,1,0,single,0.0,0.0,0.0,0.0,0.0,0.0
59101.0,8,-0.59,10,1,0,1,0,african-american,22,1,1,0,single,0.0,0.0,0.0,0.0,0.0,0.0
53455.0,7,-0.61,10,0,0,0,0,caucasian,22,0,3,1,single,0.0,0.0,0.0,1.0,0.0,0.0
54067.0,8,-0.64,9,1,0,1,0,african-american,22,0,1,0,single,0.0,0.0,0.0,0.0,0.0,0.0
56707.0,4,-1.5,6,1,0,1,0,caucasian,22,2,0,1,single,0.0,0.0,0.0,1.0,0.0,0.0
55055.0,3,-1.82,5,0,0,0,0,caucasian,22,0,0,0,single,0.0,0.0,0.0,1.0,0.0,0.0
51759.0,5,-1.56,6,1,0,1,0,african-american,22,0,0,0,single,0.0,0.0,0.0,0.0,0.0,0.0
61405.0,2,-2.03,4,1,0,1,0,hispanic,22,1,0,0,single,0.0,0.0,0.0,0.0,1.0,0.0
50938.0,5,-1.6,6,0,0,0,1,caucasian,22,0,0,1,single,0.0,0.0,0.0,1.0,0.0,0.0
52220.0,7,-1.54,6,1,0,1,0,african-american,22,0,0,0,single,0.0,0.0,0.0,0.0,0.0,0.0
54555.0,2,-1.86,5,0,0,0,0,hispanic,22,0,0,1,single,0.0,0.0,0.0,0.0,1.0,0.0
43018.0,9,-0.94,9,1,1,1,0,african-american,22,4,0,0,single,0.0,0.0,0.0,0.0,0.0,0.0
62272.0,6,-1.69,6,1,1,1,0,african-american,22,1,0,1,single,0.0,0.0,0.0,0.0,0.0,0.0
48355.0,9,-1.14,8,1,1,1,0,african-american,22,2,0,1,single,0.0,0.0,0.0,0.0,0.0,0.0
61153.0,2,-2.2,4,0,0,0,1,hispanic,22,0,0,1,single,0.0,0.0,0.0,0.0,1.0,0.0
53150.0,6,-1.5,6,1,0,1,0,caucasian,22,0,1,1,single,0.0,0.0,0.0,1.0,0.0,0.0
51217.0,9,-0.89,9,0,0,0,0,african-american,22,0,0,0,single,0.0,0.0,0.0,0.0,0.0,0.0
54111.0,3,-1.82,5,1,1,1,0,african-american,22,0,0,1,single,0.0,0.0,0.0,0.0,0.0,0.0
51404.0,5,-1.4,7,1,0,0,0,african-american,22,0,0,1,single,0.0,0.0,0.0,0.0,0.0,0.0
53826.0,3,-1.74,5,0,0,0,0,caucasian,22,0,0,0,single,0.0,0.0,0.0,1.0,0.0,0.0
52799.0,2,-1.86,5,0,0,0,0,caucasian,22,1,0,0,single,0.0,0.0,0.0,1.0,0.0,0.0
49164.0,9,-0.62,10,1,0,1,0,african-american,22,2,0,0,single,0.0,0.0,0.0,0.0,0.0,0.0
56619.0,4,-1.62,6,1,1,1,0,african-american,22,2,0,0,single,0.0,0.0,0.0,0.0,0.0,0.0
57086.0,6,-1.83,5,1,0,1,0,caucasian,22,2,0,1,single,0.0,0.0,0.0,1.0,0.0,0.0
46767.0,7,-1.6,6,1,0,1,0,caucasian,22,3,0,0,single,0.0,0.0,0.0,1.0,0.0,0.0
53447.0,5,-1.36,7,0,0,0,0,african-american,22,1,3,0,single,0.0,0.0,0.0,0.0,0.0,0.0
41633.0,9,-1.46,7,1,1,1,0,caucasian,22,2,1,0,single,0.0,0.0,0.0,1.0,0.0,0.0
57535.0,5,-1.77,5,0,0,0,0,caucasian,22,2,0,0,single,0.0,0.0,0.0,1.0,0.0,0.0
46276.0,3,-1.64,6,0,0,0,0,hispanic,22,2,0,0,significant other,0.0,0.0,1.0,0.0,1.0,0.0
59863.0,3,-2.03,4,0,0,0,1,caucasian,22,2,0,0,single,0.0,0.0,0.0,1.0,0.0,0.0
59407.0,8,-1.73,6,0,0,0,1,african-american,22,0,0,0,single,0.0,0.0,0.0,0.0,0.0,0.0
50698.0,6,-1.66,6,1,0,1,0,african-american,22,1,0,0,single,0.0,0.0,0.0,0.0,0.0,0.0
53348.0,7,-0.64,9,1,1,1,0,african-american,22,3,0,0,single,0.0,0.0,0.0,0.0,0.0,0.0
52253.0,8,-1.61,6,0,0,0,0,african-american,22,0,0,1,single,0.0,0.0,0.0,0.0,0.0,0.0
53174.0,7,-1.52,6,1,0,1,0,african-american,22,1,0,0,single,0.0,0.0,0.0,0.0,0.0,0.0
56615.0,3,-1.62,6,0,0,0,0,other,22,0,1,0,single,0.0,0.0,0.0,0.0,0.0,1.0
53392.0,7,-1.48,7,1,0,1,0,african-american,22,1,0,1,single,0.0,0.0,0.0,0.0,0.0,0.0
52311.0,5,-1.7,6,1,1,0,0,caucasian,22,0,0,0,single,0.0,0.0,0.0,1.0,0.0,0.0
56131.0,7,-1.14,8,1,0,1,0,african-american,22,2,1,0,single,0.0,0.0,0.0,0.0,0.0,0.0
56175.0,6,-1.17,8,1,0,1,0,african-american,22,0,0,1,single,0.0,0.0,0.0,0.0,0.0,0.0
54108.0,4,-1.7,6,0,0,0,0,african-american,22,1,0,0,single,0.0,0.0,0.0,0.0,0.0,0.0
54592.0,8,-1.65,6,1,0,1,0,caucasian,22,3,2,0,single,0.0,0.0,0.0,1.0,0.0,0.0
56828.0,8,-1.66,6,1,0,1,0,caucasian,22,1,1,0,single,0.0,0.0,0.0,1.0,0.0,0.0
62086.0,4,-1.75,5,1,0,1,0,other,22,5,0,0,single,0.0,0.0,0.0,0.0,0.0,1.0
49532.0,7,-1.41,7,0,0,0,0,african-american,22,3,1,0,single,0.0,0.0,0.0,0.0,0.0,0.0
59111.0,7,-1.56,6,0,0,0,0,african-american,22,1,0,0,single,0.0,0.0,0.0,0.0,0.0,0.0
55587.0,5,-1.76,5,1,0,1,0,caucasian,22,1,0,0,single,0.0,0.0,0.0,1.0,0.0,0.0
59890.0,3,-1.79,5,1,0,1,0,african-american,22,0,0,0,single,0.0,0.0,0.0,0.0,0.0,0.0
54231.0,3,-1.82,5,1,0,1,0,african-american,22,0,0,0,single,0.0,0.0,0.0,0.0,0.0,0.0
49437.0,10,-0.65,9,1,0,1,0,african-american,22,2,3,0,single,0.0,0.0,0.0,0.0,0.0,0.0
58505.0,9,-1.61,6,0,0,0,1,african-american,22,3,1,1,single,0.0,0.0,0.0,0.0,0.0,0.0
59091.0,4,-1.71,6,1,0,1,0,african-american,22,0,0,0,single,0.0,0.0,0.0,0.0,0.0,0.0
57145.0,7,-1.42,7,0,0,0,0,african-american,22,0,0,0,single,0.0,0.0,0.0,0.0,0.0,0.0
48235.0,6,-1.32,7,0,0,0,0,caucasian,22,1,1,0,single,0.0,0.0,0.0,1.0,0.0,0.0
53434.0,3,-1.8,5,0,0,0,0,african-american,22,0,0,0,single,0.0,0.0,0.0,0.0,0.0,0.0
51720.0,8,-1.45,7,1,0,1,0,caucasian,22,1,1,1,single,0.0,0.0,0.0,1.0,0.0,0.0
54115.0,7,-1.56,6,0,0,0,0,hispanic,22,0,1,0,single,0.0,0.0,0.0,0.0,1.0,0.0
53024.0,4,-1.76,5,1,0,1,0,caucasian,22,0,0,1,single,0.0,0.0,0.0,1.0,0.0,0.0
51951.0,7,-1.56,6,1,0,1,1,caucasian,22,0,0,0,single,0.0,0.0,0.0,1.0,0.0,0.0
52233.0,5,-1.84,5,1,1,1,0,hispanic,21,1,0,1,single,0.0,0.0,0.0,0.0,1.0,0.0
52771.0,4,-1.64,6,1,0,0,0,african-american,21,0,0,1,single,0.0,0.0,0.0,0.0,0.0,0.0
47312.0,10,-0.44,10,1,0,1,0,african-american,21,7,1,0,single,0.0,0.0,0.0,0.0,0.0,0.0
54248.0,7,-1.6,6,0,0,0,1,caucasian,21,1,0,1,single,0.0,0.0,0.0,1.0,0.0,0.0
52214.0,7,-1.02,8,1,0,1,0,african-american,21,1,0,0,single,0.0,0.0,0.0,0.0,0.0,0.0
60899.0,3,-1.79,5,0,0,0,0,african-american,21,0,0,0,single,0.0,0.0,0.0,0.0,0.0,0.0
58892.0,5,-1.73,6,0,0,0,0,african-american,21,1,0,1,single,0.0,0.0,0.0,0.0,0.0,0.0
52775.0,8,-1.4,7,1,0,1,1,african-american,21,0,0,0,single,0.0,0.0,0.0,0.0,0.0,0.0
57993.0,4,-1.54,6,0,0,0,0,african-american,21,1,0,1,single,0.0,0.0,0.0,0.0,0.0,0.0
55042.0,5,-1.58,6,1,0,1,0,caucasian,21,1,0,0,single,0.0,0.0,0.0,1.0,0.0,0.0
59968.0,4,-1.71,6,0,0,0,0,caucasian,21,1,0,0,single,0.0,0.0,0.0,1.0,0.0,0.0
55822.0,4,-1.42,7,0,0,0,0,african-american,21,0,0,0,single,0.0,0.0,0.0,0.0,0.0,0.0
58348.0,7,-1.36,7,1,0,1,0,african-american,21,0,0,0,single,0.0,0.0,0.0,0.0,0.0,0.0
52293.0,9,-0.27,10,0,0,0,0,african-american,21,1,0,0,single,0.0,0.0,0.0,0.0,0.0,0.0
60914.0,6,-1.89,5,0,0,0,0,caucasian,21,2,0,0,single,0.0,0.0,0.0,1.0,0.0,0.0
61507.0,4,-1.81,5,0,0,0,0,caucasian,21,1,0,0,single,0.0,0.0,0.0,1.0,0.0,0.0
57258.0,10,-0.52,10,1,1,1,0,african-american,21,2,0,0,single,0.0,0.0,0.0,0.0,0.0,0.0
54436.0,5,-1.4,7,0,0,0,0,african-american,21,0,0,0,single,0.0,0.0,0.0,0.0,0.0,0.0
61875.0,8,-1.68,6,0,0,0,0,hispanic,21,1,3,0,single,0.0,0.0,0.0,0.0,1.0,0.0
52329.0,10,-1.56,6,1,0,1,0,caucasian,21,3,3,0,single,0.0,0.0,0.0,1.0,0.0,0.0
51273.0,9,-1.08,8,1,1,1,0,african-american,21,1,0,0,single,0.0,0.0,0.0,0.0,0.0,0.0
49853.0,8,-1.0,8,1,0,0,0,african-american,21,1,0,0,single,0.0,0.0,0.0,0.0,0.0,0.0
53121.0,8,-1.02,8,0,0,0,0,african-american,21,0,0,0,single,0.0,0.0,0.0,0.0,0.0,0.0
58687.0,3,-1.84,5,1,1,1,0,caucasian,21,1,0,0,single,0.0,0.0,0.0,1.0,0.0,0.0
52663.0,9,-1.34,7,1,0,1,0,african-american,21,0,0,1,single,0.0,0.0,0.0,0.0,0.0,0.0
61531.0,9,-1.66,6,1,0,1,0,african-american,21,0,0,1,single,0.0,0.0,0.0,0.0,0.0,0.0
46822.0,4,-1.64,6,0,0,0,0,african-american,21,1,0,0,single,0.0,0.0,0.0,0.0,0.0,0.0
59028.0,7,-1.48,7,1,0,1,0,african-american,21,0,0,0,single,0.0,0.0,0.0,0.0,0.0,0.0
54435.0,4,-1.6,6,0,0,0,0,other,21,0,0,0,single,0.0,0.0,0.0,0.0,0.0,1.0
52646.0,9,-1.56,6,1,0,1,0,african-american,21,3,0,0,single,0.0,0.0,0.0,0.0,0.0,0.0
50920.0,4,-1.56,6,0,0,0,0,other,21,0,0,1,single,0.0,0.0,0.0,0.0,0.0,1.0
58472.0,7,-1.42,7,1,0,0,0,african-american,21,0,0,0,single,0.0,0.0,0.0,0.0,0.0,0.0
50834.0,8,-1.58,6,0,0,0,0,caucasian,21,1,0,0,single,0.0,0.0,0.0,1.0,0.0,0.0
62269.0,3,-1.84,5,1,1,1,0,caucasian,21,0,0,0,single,0.0,0.0,0.0,1.0,0.0,0.0
58001.0,6,-1.42,7,0,0,0,1,african-american,21,0,0,0,single,0.0,0.0,0.0,0.0,0.0,0.0
57274.0,8,-1.74,5,1,0,1,0,caucasian,21,0,0,0,single,0.0,0.0,0.0,1.0,0.0,0.0
52415.0,4,-1.64,6,1,0,1,0,african-american,21,0,0,1,single,0.0,0.0,0.0,0.0,0.0,0.0
54712.0,4,-1.64,6,0,0,0,0,hispanic,21,0,0,0,single,0.0,0.0,0.0,0.0,1.0,0.0
52334.0,6,-1.42,7,0,0,0,0,african-american,21,1,0,0,single,0.0,0.0,0.0,0.0,0.0,0.0
52344.0,8,-1.06,8,0,0,0,0,african-american,21,1,0,0,single,0.0,0.0,0.0,0.0,0.0,0.0
54977.0,4,-1.52,6,1,0,1,0,african-american,21,0,0,0,single,0.0,0.0,0.0,0.0,0.0,0.0
60891.0,7,-1.71,6,0,0,0,0,african-american,21,0,0,0,single,0.0,0.0,0.0,0.0,0.0,0.0
58794.0,6,-1.52,6,0,0,0,0,caucasian,21,2,0,0,single,0.0,0.0,0.0,1.0,0.0,0.0
59930.0,4,-1.66,6,1,0,1,0,other,21,0,0,0,single,0.0,0.0,0.0,0.0,0.0,1.0
57942.0,8,-1.22,8,1,0,1,0,african-american,21,3,2,1,single,0.0,0.0,0.0,0.0,0.0,0.0
51481.0,7,-1.06,8,1,1,0,1,african-american,21,3,5,0,single,0.0,0.0,0.0,0.0,0.0,0.0
51836.0,5,-1.56,6,1,0,1,1,african-american,21,0,0,0,single,0.0,0.0,0.0,0.0,0.0,0.0
57073.0,5,-1.74,5,0,0,0,0,hispanic,21,0,0,0,single,0.0,0.0,0.0,0.0,1.0,0.0
46563.0,8,-0.96,9,0,0,0,0,african-american,21,1,0,0,single,0.0,0.0,0.0,0.0,0.0,0.0
54671.0,6,-1.32,7,1,0,1,0,caucasian,21,0,0,1,single,0.0,0.0,0.0,1.0,0.0,0.0
54166.0,9,-1.56,6,1,0,1,0,african-american,21,1,2,0,single,0.0,0.0,0.0,0.0,0.0,0.0
53779.0,5,-1.4,7,0,0,0,0,caucasian,21,0,1,1,single,0.0,0.0,0.0,1.0,0.0,0.0
59900.0,8,-1.1,8,1,0,1,1,african-american,21,4,4,1,single,0.0,0.0,0.0,0.0,0.0,0.0
54747.0,7,-1.36,7,1,1,1,0,african-american,21,0,0,0,significant other,0.0,0.0,1.0,0.0,0.0,0.0
59990.0,4,-1.82,5,0,0,0,1,african-american,21,0,0,1,single,0.0,0.0,0.0,0.0,0.0,0.0
59997.0,5,-1.7,6,0,0,0,1,african-american,21,0,0,1,single,0.0,0.0,0.0,0.0,0.0,0.0
60927.0,5,-1.73,6,0,0,0,0,african-american,21,0,0,0,single,0.0,0.0,0.0,0.0,0.0,0.0
56989.0,8,-0.79,9,0,0,0,0,caucasian,21,1,3,0,single,0.0,0.0,0.0,1.0,0.0,0.0
53892.0,8,-1.44,7,1,0,1,0,african-american,21,0,0,0,single,0.0,0.0,0.0,0.0,0.0,0.0
57088.0,4,-1.5,6,0,0,0,0,caucasian,21,1,0,0,single,0.0,0.0,0.0,1.0,0.0,0.0
53217.0,7,-1.44,7,0,0,0,0,african-american,21,1,0,0,single,0.0,0.0,0.0,0.0,0.0,0.0
60910.0,5,-1.6,6,0,0,0,0,african-american,21,0,0,0,single,0.0,0.0,0.0,0.0,0.0,0.0
55820.0,5,-1.68,6,0,0,0,0,hispanic,21,0,0,0,single,0.0,0.0,0.0,0.0,1.0,0.0
56356.0,7,-1.12,8,0,0,0,0,caucasian,21,3,0,1,single,0.0,0.0,0.0,1.0,0.0,0.0
52261.0,4,-1.56,6,0,0,0,0,other,21,1,0,0,single,0.0,0.0,0.0,0.0,0.0,1.0
51468.0,3,-1.53,6,1,0,0,0,caucasian,21,1,2,1,single,0.0,0.0,0.0,1.0,0.0,0.0
56311.0,5,-1.4,7,1,0,0,0,african-american,21,1,0,0,single,0.0,0.0,0.0,0.0,0.0,0.0
60491.0,7,-1.38,7,1,0,1,0,caucasian,21,0,0,0,single,0.0,0.0,0.0,1.0,0.0,0.0
56822.0,9,-0.7,9,1,0,1,0,african-american,21,2,0,0,single,0.0,0.0,0.0,0.0,0.0,0.0
46899.0,7,-1.36,7,0,0,0,0,african-american,21,1,0,0,single,0.0,0.0,0.0,0.0,0.0,0.0
60085.0,4,-1.62,6,1,0,1,0,african-american,21,1,0,0,single,0.0,0.0,0.0,0.0,0.0,0.0
53894.0,10,-0.85,9,1,0,1,1,african-american,21,0,0,0,single,0.0,0.0,0.0,0.0,0.0,0.0
49449.0,8,-1.16,8,0,0,0,1,african-american,21,2,0,0,single,0.0,0.0,0.0,0.0,0.0,0.0
55039.0,6,-1.68,6,1,1,1,0,other,21,0,1,0,single,0.0,0.0,0.0,0.0,0.0,1.0
51891.0,4,-1.41,7,0,0,0,0,caucasian,21,0,0,0,single,0.0,0.0,0.0,1.0,0.0,0.0
51636.0,5,-1.41,7,0,0,0,1,african-american,21,0,0,1,single,0.0,0.0,0.0,0.0,0.0,0.0
56218.0,4,-1.52,6,0,0,0,0,african-american,21,0,0,1,single,0.0,0.0,0.0,0.0,0.0,0.0
53077.0,6,-1.84,5,0,0,0,0,african-american,21,1,0,0,single,0.0,0.0,0.0,0.0,0.0,0.0
53859.0,6,-1.52,6,1,0,1,0,caucasian,21,1,0,0,single,0.0,0.0,0.0,1.0,0.0,0.0
50855.0,8,-1.2,8,1,1,0,0,african-american,21,1,1,1,single,0.0,0.0,0.0,0.0,0.0,0.0
52807.0,9,-1.6,6,1,1,1,0,african-american,21,3,3,0,single,0.0,0.0,0.0,0.0,0.0,0.0
52168.0,10,-0.67,9,1,0,1,0,african-american,21,0,0,0,single,0.0,0.0,0.0,0.0,0.0,0.0
52715.0,4,-1.86,5,0,0,0,0,caucasian,21,0,0,0,single,0.0,0.0,0.0,1.0,0.0,0.0
55775.0,9,-1.44,7,1,0,1,0,african-american,21,2,1,1,single,0.0,0.0,0.0,0.0,0.0,0.0
53904.0,4,-1.56,6,1,1,1,0,hispanic,21,0,0,1,single,0.0,0.0,0.0,0.0,1.0,0.0
59484.0,4,-1.54,6,0,0,0,0,african-american,21,0,0,0,single,0.0,0.0,0.0,0.0,0.0,0.0
51314.0,7,-1.36,7,1,0,1,0,african-american,21,0,0,0,single,0.0,0.0,0.0,0.0,0.0,0.0
56776.0,6,-1.48,7,0,0,0,1,caucasian,21,0,0,0,single,0.0,0.0,0.0,1.0,0.0,0.0
60428.0,3,-1.9,5,0,0,0,1,african-american,21,2,0,1,single,0.0,0.0,0.0,0.0,0.0,0.0
54104.0,4,-1.8,5,0,0,0,0,other,21,0,0,0,single,0.0,0.0,0.0,0.0,0.0,1.0
51739.0,10,-0.77,9,0,0,0,1,african-american,21,0,0,0,single,0.0,0.0,0.0,0.0,0.0,0.0
51175.0,2,-1.77,5,0,0,0,0,caucasian,21,0,0,1,single,0.0,0.0,0.0,1.0,0.0,0.0
60635.0,8,-1.32,7,1,0,1,0,african-american,21,0,1,0,single,0.0,0.0,0.0,0.0,0.0,0.0
57669.0,10,-0.57,10,1,0,1,0,hispanic,21,4,1,0,single,0.0,0.0,0.0,0.0,1.0,0.0
61279.0,3,-1.74,5,1,0,1,0,african-american,21,0,0,1,single,0.0,0.0,0.0,0.0,0.0,0.0
54113.0,6,-1.5,6,1,0,1,0,other,21,1,0,0,single,0.0,0.0,0.0,0.0,0.0,1.0
56008.0,9,-1.53,6,1,1,1,0,caucasian,21,0,0,0,single,0.0,0.0,0.0,1.0,0.0,0.0
61617.0,5,-1.98,4,0,0,0,0,caucasian,21,1,0,0,single,0.0,0.0,0.0,1.0,0.0,0.0
41644.0,8,-0.81,9,1,1,1,0,hispanic,21,1,1,0,single,0.0,0.0,0.0,0.0,1.0,0.0
60060.0,9,-0.68,9,1,1,1,0,african-american,21,0,0,0,single,0.0,0.0,0.0,0.0,0.0,0.0
54020.0,3,-1.76,5,0,0,0,0,caucasian,21,1,0,0,single,0.0,0.0,0.0,1.0,0.0,0.0
65395.0,5,-1.38,7,1,0,1,0,other,21,0,0,0,single,0.0,0.0,0.0,0.0,0.0,1.0
52891.0,3,-1.57,6,0,0,0,0,caucasian,21,1,0,0,single,0.0,0.0,0.0,1.0,0.0,0.0
55817.0,5,-1.64,6,1,0,1,1,african-american,21,0,0,0,single,0.0,0.0,0.0,0.0,0.0,0.0
57083.0,4,-1.6,6,1,0,1,0,african-american,21,1,0,0,single,0.0,0.0,0.0,0.0,0.0,0.0
60238.0,6,-1.58,6,1,0,1,0,african-american,21,1,0,0,single,0.0,0.0,0.0,0.0,0.0,0.0
58070.0,4,-1.62,6,1,0,1,0,other,21,1,0,0,single,0.0,0.0,0.0,0.0,0.0,1.0
53424.0,4,-1.64,6,1,0,1,0,african-american,21,0,0,0,single,0.0,0.0,0.0,0.0,0.0,0.0
56855.0,6,-1.7,6,1,1,1,0,african-american,21,1,0,0,single,0.0,0.0,0.0,0.0,0.0,0.0
55336.0,10,-1.25,8,1,0,1,1,african-american,21,2,0,0,single,0.0,0.0,0.0,0.0,0.0,0.0
55493.0,6,-1.56,6,0,0,0,0,african-american,21,0,0,0,single,0.0,0.0,0.0,0.0,0.0,0.0
60366.0,3,-1.66,6,0,0,0,0,hispanic,21,0,0,1,single,0.0,0.0,0.0,0.0,1.0,0.0
54237.0,5,-1.6,6,0,0,0,1,african-american,21,0,0,0,single,0.0,0.0,0.0,0.0,0.0,0.0
60147.0,9,-0.83,9,1,0,1,0,caucasian,21,0,0,0,single,0.0,0.0,0.0,1.0,0.0,0.0
56672.0,10,-1.53,6,1,0,1,0,african-american,21,2,0,0,single,0.0,0.0,0.0,0.0,0.0,0.0
51370.0,6,-0.67,9,1,0,1,0,african-american,21,0,0,0,single,0.0,0.0,0.0,0.0,0.0,0.0
60715.0,3,-1.82,5,0,0,0,0,african-american,21,0,0,0,single,0.0,0.0,0.0,0.0,0.0,0.0
49739.0,8,-1.64,6,0,0,0,0,african-american,21,4,0,0,single,0.0,0.0,0.0,0.0,0.0,0.0
59640.0,4,-1.38,7,1,1,1,0,caucasian,21,1,0,1,single,0.0,0.0,0.0,1.0,0.0,0.0
60011.0,3,-1.74,5,0,0,0,0,african-american,21,0,0,1,single,0.0,0.0,0.0,0.0,0.0,0.0
56446.0,10,-0.74,9,1,0,1,0,hispanic,21,0,0,1,single,0.0,0.0,0.0,0.0,1.0,0.0
53800.0,8,-0.93,9,0,0,0,0,african-american,21,0,0,0,significant other,0.0,0.0,1.0,0.0,0.0,0.0
52407.0,6,-1.25,8,0,0,0,1,caucasian,21,0,2,0,significant other,0.0,0.0,1.0,1.0,0.0,0.0
57202.0,3,-1.8,5,0,0,0,0,african-american,21,1,0,0,single,0.0,0.0,0.0,0.0,0.0,0.0
61266.0,4,-1.58,6,0,0,0,0,african-american,21,0,0,1,single,0.0,0.0,0.0,0.0,0.0,0.0
55828.0,9,-0.89,9,1,1,1,0,african-american,21,1,0,0,single,0.0,0.0,0.0,0.0,0.0,0.0
50850.0,6,-1.29,7,0,0,0,1,african-american,21,0,0,1,significant other,0.0,0.0,1.0,0.0,0.0,0.0
61633.0,7,-1.09,8,0,0,0,0,african-american,21,0,0,0,single,0.0,0.0,0.0,0.0,0.0,0.0
61786.0,9,-1.24,8,1,0,1,0,african-american,21,1,0,0,single,0.0,0.0,0.0,0.0,0.0,0.0
55066.0,5,-1.6,6,0,0,0,1,caucasian,21,0,0,0,single,0.0,0.0,0.0,1.0,0.0,0.0
55073.0,6,-1.6,6,0,0,0,0,african-american,21,1,0,0,single,0.0,0.0,0.0,0.0,0.0,0.0
57688.0,4,-1.6,6,0,0,0,0,african-american,21,0,0,0,single,0.0,0.0,0.0,0.0,0.0,0.0
56888.0,4,-1.76,5,0,0,0,1,other,21,0,0,1,single,0.0,0.0,0.0,0.0,0.0,1.0
50997.0,8,-1.18,8,0,0,0,0,african-american,21,0,0,0,single,0.0,0.0,0.0,0.0,0.0,0.0
59272.0,6,-1.1,8,0,0,0,0,caucasian,21,1,1,1,single,0.0,0.0,0.0,1.0,0.0,0.0
59819.0,8,-1.32,7,1,1,1,0,african-american,21,0,0,0,single,0.0,0.0,0.0,0.0,0.0,0.0
52999.0,9,-0.81,9,1,0,1,0,african-american,21,0,1,0,single,0.0,0.0,0.0,0.0,0.0,0.0
53199.0,4,-1.69,6,1,0,1,1,other,21,2,0,0,single,0.0,0.0,0.0,0.0,0.0,1.0
65326.0,8,-1.76,9,1,0,1,0,african-american,21,0,1,0,single,0.0,0.0,0.0,0.0,0.0,0.0
58183.0,7,-1.02,8,1,0,1,0,african-american,21,1,0,0,single,0.0,0.0,0.0,0.0,0.0,0.0
53225.0,8,-1.32,7,1,1,1,0,caucasian,21,0,0,0,single,0.0,0.0,0.0,1.0,0.0,0.0
50037.0,10,-0.73,9,1,0,1,0,african-american,21,2,3,0,single,0.0,0.0,0.0,0.0,0.0,0.0
52304.0,10,-0.64,9,1,1,1,0,african-american,21,0,0,0,single,0.0,0.0,0.0,0.0,0.0,0.0
58236.0,9,-1.53,6,0,0,0,1,african-american,21,2,1,0,single,0.0,0.0,0.0,0.0,0.0,0.0
51212.0,7,-1.31,7,0,0,0,0,african-american,21,0,0,0,single,0.0,0.0,0.0,0.0,0.0,0.0
54339.0,6,-0.96,9,0,0,0,0,caucasian,21,1,0,0,single,0.0,0.0,0.0,1.0,0.0,0.0
60712.0,7,-1.56,6,1,0,1,0,african-american,21,3,0,0,single,0.0,0.0,0.0,0.0,0.0,0.0
56527.0,9,-0.79,9,0,0,0,0,african-american,21,0,0,1,single,0.0,0.0,0.0,0.0,0.0,0.0
52242.0,10,-1.14,8,1,0,0,0,caucasian,21,2,4,1,significant other,0.0,0.0,1.0,1.0,0.0,0.0
52341.0,7,-1.43,7,1,0,1,0,african-american,21,0,0,0,single,0.0,0.0,0.0,0.0,0.0,0.0
59985.0,5,-1.54,6,1,0,1,1,caucasian,21,0,0,1,single,0.0,0.0,0.0,1.0,0.0,0.0
60063.0,3,-1.78,5,0,0,0,0,caucasian,21,0,1,1,single,0.0,0.0,0.0,1.0,0.0,0.0
60796.0,4,-1.6,6,1,0,1,0,african-american,21,1,2,0,single,0.0,0.0,0.0,0.0,0.0,0.0
59027.0,3,-1.62,6,1,0,1,0,african-american,21,0,0,0,single,0.0,0.0,0.0,0.0,0.0,0.0
54522.0,4,-1.61,6,1,0,1,1,hispanic,21,0,1,1,single,0.0,0.0,0.0,0.0,1.0,0.0
52995.0,10,-0.72,9,1,1,1,0,african-american,21,0,3,0,single,0.0,0.0,0.0,0.0,0.0,0.0
58678.0,7,-1.76,5,0,0,0,1,caucasian,21,0,0,0,single,0.0,0.0,0.0,1.0,0.0,0.0
58121.0,9,-1.14,8,1,1,1,0,african-american,21,1,1,0,single,0.0,0.0,0.0,0.0,0.0,0.0
62017.0,5,-1.5,6,0,0,0,1,african-american,21,0,0,1,single,0.0,0.0,0.0,0.0,0.0,0.0
56125.0,6,-1.68,6,1,1,1,0,african-american,21,3,0,0,single,0.0,0.0,0.0,0.0,0.0,0.0
54220.0,3,-1.53,6,1,0,1,0,caucasian,21,1,1,0,single,0.0,0.0,0.0,1.0,0.0,0.0
53806.0,9,-1.16,8,1,0,1,0,african-american,21,0,0,1,single,0.0,0.0,0.0,0.0,0.0,0.0
62186.0,8,-1.36,7,0,0,0,0,african-american,21,1,1,0,single,0.0,0.0,0.0,0.0,0.0,0.0
50428.0,6,-1.32,7,1,0,1,0,caucasian,21,1,1,0,single,0.0,0.0,0.0,1.0,0.0,0.0
55105.0,4,-1.48,7,1,0,1,0,caucasian,21,0,0,1,single,0.0,0.0,0.0,1.0,0.0,0.0
57452.0,8,-1.44,7,0,0,0,0,african-american,21,1,1,0,single,0.0,0.0,0.0,0.0,0.0,0.0
62226.0,5,-1.4,8,1,1,1,0,african-american,21,1,0,0,single,0.0,0.0,0.0,0.0,0.0,0.0
56722.0,6,-0.97,9,1,0,1,0,hispanic,21,0,0,0,single,0.0,0.0,0.0,0.0,1.0,0.0
61516.0,8,-1.08,8,1,0,1,0,african-american,21,2,0,1,single,0.0,0.0,0.0,0.0,0.0,0.0
52647.0,3,-1.61,6,0,0,0,0,caucasian,21,1,0,0,single,0.0,0.0,0.0,1.0,0.0,0.0
58424.0,4,-1.64,6,1,0,1,0,hispanic,21,0,0,0,single,0.0,0.0,0.0,0.0,1.0,0.0
53851.0,10,-0.65,9,1,0,1,0,african-american,21,1,0,0,single,0.0,0.0,0.0,0.0,0.0,0.0
56521.0,5,-1.36,7,1,1,1,0,african-american,21,0,0,0,single,0.0,0.0,0.0,0.0,0.0,0.0
54021.0,9,-0.63,9,1,0,1,0,african-american,21,1,0,0,single,0.0,0.0,0.0,0.0,0.0,0.0
54307.0,9,-0.86,9,0,0,0,1,african-american,21,1,0,0,single,0.0,0.0,0.0,0.0,0.0,0.0
58425.0,7,-1.5,6,0,0,0,0,hispanic,21,0,0,0,single,0.0,0.0,0.0,0.0,1.0,0.0
54768.0,9,-0.42,10,0,0,0,0,african-american,21,0,0,0,single,0.0,0.0,0.0,0.0,0.0,0.0
53288.0,7,-1.49,7,0,0,0,0,caucasian,21,0,0,1,single,0.0,0.0,0.0,1.0,0.0,0.0
53221.0,9,-0.68,9,0,0,0,0,african-american,21,0,1,0,single,0.0,0.0,0.0,0.0,0.0,0.0
53440.0,4,-1.37,7,1,0,1,0,african-american,21,1,1,1,single,0.0,0.0,0.0,0.0,0.0,0.0
58870.0,7,-1.54,6,1,0,1,0,african-american,21,3,0,0,single,0.0,0.0,0.0,0.0,0.0,0.0
59971.0,10,-0.61,10,1,0,1,0,african-american,21,1,3,0,single,0.0,0.0,0.0,0.0,0.0,0.0
52622.0,5,-1.42,7,0,0,0,0,caucasian,21,0,0,0,single,0.0,0.0,0.0,1.0,0.0,0.0
52371.0,10,-0.37,10,1,0,1,0,african-american,21,1,0,0,single,0.0,0.0,0.0,0.0,0.0,0.0
51497.0,6,-1.67,6,1,1,1,1,african-american,21,1,1,0,single,0.0,0.0,0.0,0.0,0.0,0.0
56244.0,5,-1.68,6,1,0,1,1,african-american,21,1,0,1,single,0.0,0.0,0.0,0.0,0.0,0.0
56278.0,4,-1.6,6,0,0,0,0,african-american,21,2,0,0,single,0.0,0.0,0.0,0.0,0.0,0.0
52278.0,9,-1.16,8,1,0,1,0,african-american,21,0,0,0,single,0.0,0.0,0.0,0.0,0.0,0.0
52132.0,9,-0.56,10,1,0,1,0,african-american,21,0,0,0,single,0.0,0.0,0.0,0.0,0.0,0.0
53019.0,3,-1.65,6,1,0,1,0,hispanic,21,0,0,0,single,0.0,0.0,0.0,0.0,1.0,0.0
61793.0,2,-1.9,5,1,0,1,0,african-american,21,0,0,1,single,0.0,0.0,0.0,0.0,0.0,0.0
61723.0,4,-1.8,5,0,0,0,0,caucasian,21,1,0,0,single,0.0,0.0,0.0,1.0,0.0,0.0
52301.0,3,-1.53,6,0,0,0,0,hispanic,21,0,0,0,single,0.0,0.0,0.0,0.0,1.0,0.0
56991.0,6,-1.44,7,1,0,1,0,other,21,0,1,1,single,0.0,0.0,0.0,0.0,0.0,1.0
59740.0,7,-1.68,6,1,1,1,0,caucasian,21,4,1,1,single,0.0,0.0,0.0,1.0,0.0,0.0
53458.0,5,-1.25,8,0,0,0,0,african-american,21,0,0,1,single,0.0,0.0,0.0,0.0,0.0,0.0
57367.0,8,-0.99,9,1,0,0,1,caucasian,21,1,0,0,single,0.0,0.0,0.0,1.0,0.0,0.0
55727.0,3,-1.4,7,1,0,1,0,african-american,21,0,1,0,single,0.0,0.0,0.0,0.0,0.0,0.0
53449.0,3,-1.49,7,1,1,1,0,other,21,0,0,0,single,0.0,0.0,0.0,0.0,0.0,1.0
60270.0,4,-1.58,6,0,0,0,0,caucasian,21,0,0,1,single,0.0,0.0,0.0,1.0,0.0,0.0
51594.0,3,-1.61,6,0,0,0,0,caucasian,21,0,0,0,single,0.0,0.0,0.0,1.0,0.0,0.0
58305.0,6,-1.09,8,0,0,0,0,african-american,21,2,2,0,single,0.0,0.0,0.0,0.0,0.0,0.0
58992.0,9,-1.02,8,1,0,1,0,african-american,21,1,1,0,single,0.0,0.0,0.0,0.0,0.0,0.0
61636.0,5,-1.42,7,0,0,0,0,african-american,21,1,0,1,single,0.0,0.0,0.0,0.0,0.0,0.0
57117.0,10,-0.98,9,1,0,1,0,african-american,21,0,1,1,single,0.0,0.0,0.0,0.0,0.0,0.0
54361.0,5,-1.49,7,0,0,0,1,caucasian,21,0,0,1,single,0.0,0.0,0.0,1.0,0.0,0.0
55090.0,9,-0.57,10,1,0,1,0,hispanic,21,0,2,0,single,0.0,0.0,0.0,0.0,1.0,0.0
54215.0,10,-1.18,8,0,0,0,0,hispanic,21,0,0,0,single,0.0,0.0,0.0,0.0,1.0,0.0
52529.0,7,-1.04,8,1,0,1,0,african-american,21,4,4,0,single,0.0,0.0,0.0,0.0,0.0,0.0
60419.0,10,-0.76,9,0,0,0,0,african-american,21,2,1,0,single,0.0,0.0,0.0,0.0,0.0,0.0
56129.0,5,-1.64,6,1,0,0,0,hispanic,21,3,1,0,single,0.0,0.0,0.0,0.0,1.0,0.0
52617.0,6,-1.22,8,0,0,0,0,other,21,0,0,0,single,0.0,0.0,0.0,0.0,0.0,1.0
59670.0,2,-1.96,5,0,0,0,0,african-american,21,1,0,0,single,0.0,0.0,0.0,0.0,0.0,0.0
54208.0,6,-1.26,7,1,0,0,1,african-american,21,2,1,0,single,0.0,0.0,0.0,0.0,0.0,0.0
51706.0,9,-1.2,8,1,0,0,0,african-american,21,1,1,0,single,0.0,0.0,0.0,0.0,0.0,0.0
51678.0,9,-0.65,9,1,1,1,0,caucasian,21,2,4,1,single,0.0,0.0,0.0,1.0,0.0,0.0
62244.0,4,-1.54,6,0,0,0,0,african-american,21,0,0,0,single,0.0,0.0,0.0,0.0,0.0,0.0
51714.0,6,-1.5,6,0,0,0,0,other,21,0,0,0,single,0.0,0.0,0.0,0.0,0.0,1.0
55425.0,3,-1.53,6,1,0,0,0,african-american,21,1,1,0,single,0.0,0.0,0.0,0.0,0.0,0.0
59824.0,4,-1.3,7,0,0,0,0,caucasian,21,1,0,0,single,0.0,0.0,0.0,1.0,0.0,0.0
52230.0,5,-1.21,8,1,0,0,0,african-american,21,0,0,0,single,0.0,0.0,0.0,0.0,0.0,0.0
59639.0,5,-0.91,9,0,0,0,0,hispanic,21,1,0,0,single,0.0,0.0,0.0,0.0,1.0,0.0
61544.0,3,-1.78,5,0,0,0,0,african-american,21,0,1,0,single,0.0,0.0,0.0,0.0,0.0,0.0
66976.0,5,-1.24,5,1,1,1,0,hispanic,21,2,1,0,single,0.0,0.0,0.0,0.0,1.0,0.0
61862.0,4,-1.22,8,0,0,0,0,african-american,21,0,0,0,single,0.0,0.0,0.0,0.0,0.0,0.0
59231.0,9,-1.36,7,0,0,0,0,african-american,21,2,1,0,single,0.0,0.0,0.0,0.0,0.0,0.0
53180.0,7,-1.16,8,1,0,1,0,caucasian,21,1,2,0,single,0.0,0.0,0.0,1.0,0.0,0.0
54230.0,8,-1.28,7,1,0,1,1,african-american,21,0,0,0,single,0.0,0.0,0.0,0.0,0.0,0.0
54770.0,6,-1.32,7,0,0,0,0,other,21,0,0,1,single,0.0,0.0,0.0,0.0,0.0,1.0
60309.0,8,-0.96,9,1,1,1,0,caucasian,21,0,0,1,significant other,0.0,0.0,1.0,1.0,0.0,0.0
57242.0,10,-1.35,7,1,0,1,0,african-american,21,2,4,0,single,0.0,0.0,0.0,0.0,0.0,0.0
60829.0,6,-1.56,6,0,0,0,1,caucasian,21,1,0,0,single,0.0,0.0,0.0,1.0,0.0,0.0
56916.0,9,-1.12,8,0,0,0,0,hispanic,21,1,2,0,single,0.0,0.0,0.0,0.0,1.0,0.0
60883.0,6,-1.56,6,1,0,1,0,african-american,21,2,1,0,single,0.0,0.0,0.0,0.0,0.0,0.0
60425.0,7,-1.2,8,1,0,1,0,african-american,21,2,0,0,single,0.0,0.0,0.0,0.0,0.0,0.0
54836.0,7,-1.3,7,1,1,1,1,caucasian,21,3,4,1,single,0.0,0.0,0.0,1.0,0.0,0.0
58728.0,4,-1.48,7,1,0,1,0,african-american,21,0,0,0,single,0.0,0.0,0.0,0.0,0.0,0.0
52824.0,7,-1.16,8,0,0,0,0,other,21,1,1,0,single,0.0,0.0,0.0,0.0,0.0,1.0
58285.0,9,-0.7,9,1,1,1,0,caucasian,21,2,9,0,single,0.0,0.0,0.0,1.0,0.0,0.0
59187.0,8,-1.32,7,0,0,0,0,african-american,21,1,0,0,single,0.0,0.0,0.0,0.0,0.0,0.0
61821.0,5,-1.74,5,1,0,1,1,caucasian,21,0,1,1,single,0.0,0.0,0.0,1.0,0.0,0.0
56995.0,9,-1.37,8,1,1,1,0,african-american,21,2,2,1,single,0.0,0.0,0.0,0.0,0.0,0.0
52776.0,10,-0.19,10,1,0,1,0,african-american,21,1,1,0,single,0.0,0.0,0.0,0.0,0.0,0.0
59440.0,6,-1.5,6,0,0,0,0,african-american,21,0,0,1,single,0.0,0.0,0.0,0.0,0.0,0.0
54772.0,5,-1.29,7,0,0,0,0,african-american,21,0,0,0,single,0.0,0.0,0.0,0.0,0.0,0.0
62064.0,9,-1.25,8,0,0,0,0,caucasian,21,0,0,0,single,0.0,0.0,0.0,1.0,0.0,0.0
53215.0,9,-0.72,9,1,0,1,0,african-american,21,0,0,0,single,0.0,0.0,0.0,0.0,0.0,0.0
56824.0,9,-0.96,9,0,0,0,0,african-american,21,2,2,0,single,0.0,0.0,0.0,0.0,0.0,0.0
54690.0,8,-0.38,10,1,1,1,0,caucasian,21,0,0,0,single,0.0,0.0,0.0,1.0,0.0,0.0
61249.0,8,-0.77,9,1,0,1,0,african-american,21,0,0,0,single,0.0,0.0,0.0,0.0,0.0,0.0
61284.0,10,-1.37,7,0,0,0,0,african-american,21,0,0,1,single,0.0,0.0,0.0,0.0,0.0,0.0
59173.0,4,-1.88,5,0,0,0,1,caucasian,21,0,0,0,single,0.0,0.0,0.0,1.0,0.0,0.0
53184.0,5,-1.37,7,0,0,0,0,african-american,21,1,1,0,single,0.0,0.0,0.0,0.0,0.0,0.0
54131.0,8,-1.47,7,1,0,1,1,african-american,21,0,0,0,single,0.0,0.0,0.0,0.0,0.0,0.0
58665.0,7,-1.5,6,1,1,1,0,african-american,21,1,0,1,single,0.0,0.0,0.0,0.0,0.0,0.0
57467.0,8,-1.52,6,1,1,1,0,hispanic,21,1,1,0,significant other,0.0,0.0,1.0,0.0,1.0,0.0
59622.0,5,-1.46,7,0,0,0,0,african-american,21,0,0,0,single,0.0,0.0,0.0,0.0,0.0,0.0
54798.0,5,-1.54,6,1,1,1,0,african-american,21,3,2,0,single,0.0,0.0,0.0,0.0,0.0,0.0
54068.0,10,-0.38,10,1,0,1,0,african-american,21,3,5,0,single,0.0,0.0,0.0,0.0,0.0,0.0
59320.0,6,-1.26,7,1,0,1,0,african-american,21,0,0,0,single,0.0,0.0,0.0,0.0,0.0,0.0
58444.0,3,-1.72,6,0,0,0,0,hispanic,21,0,0,1,single,0.0,0.0,0.0,0.0,1.0,0.0
59067.0,5,-1.72,6,1,0,1,0,hispanic,21,1,1,0,single,0.0,0.0,0.0,0.0,1.0,0.0
54783.0,4,-1.45,7,1,0,1,0,caucasian,21,0,0,1,single,0.0,0.0,0.0,1.0,0.0,0.0
56731.0,6,-1.04,8,0,0,0,1,african-american,21,0,0,0,single,0.0,0.0,0.0,0.0,0.0,0.0
61428.0,5,-1.08,8,1,1,1,0,other,21,0,0,0,single,0.0,0.0,0.0,0.0,0.0,1.0
58286.0,9,-1.62,6,1,0,1,0,african-american,21,4,0,0,single,0.0,0.0,0.0,0.0,0.0,0.0
58576.0,4,-1.68,6,1,0,1,0,other,21,0,0,0,single,0.0,0.0,0.0,0.0,0.0,1.0
60537.0,6,-1.52,6,1,0,1,0,hispanic,21,0,0,0,single,0.0,0.0,0.0,0.0,1.0,0.0
60753.0,7,-0.85,9,0,0,0,0,african-american,21,1,3,0,single,0.0,0.0,0.0,0.0,0.0,0.0
56834.0,3,-1.53,6,0,0,0,0,african-american,21,1,0,0,single,0.0,0.0,0.0,0.0,0.0,0.0
61336.0,8,-1.5,6,0,0,0,0,african-american,20,0,0,0,single,0.0,0.0,0.0,0.0,0.0,0.0
57269.0,10,-0.63,9,1,1,1,0,caucasian,20,0,0,1,single,0.0,0.0,0.0,1.0,0.0,0.0
56513.0,4,-1.41,7,0,0,0,0,caucasian,20,0,0,0,single,0.0,0.0,0.0,1.0,0.0,0.0
55514.0,3,-1.39,7,1,1,1,0,african-american,20,1,1,0,single,0.0,0.0,0.0,0.0,0.0,0.0
65392.0,9,-0.82,10,1,0,1,0,caucasian,20,1,1,0,single,0.0,0.0,0.0,1.0,0.0,0.0
59951.0,3,-1.72,6,0,0,0,0,african-american,20,0,0,0,single,0.0,0.0,0.0,0.0,0.0,0.0
54465.0,10,-1.22,8,1,0,1,0,african-american,20,1,2,0,single,0.0,0.0,0.0,0.0,0.0,0.0
56457.0,5,-1.37,7,1,0,0,1,african-american,20,3,3,1,single,0.0,0.0,0.0,0.0,0.0,0.0
56021.0,8,-1.41,7,1,0,1,0,caucasian,20,1,3,0,single,0.0,0.0,0.0,1.0,0.0,0.0
56772.0,5,-0.88,9,1,0,1,0,caucasian,20,0,0,0,single,0.0,0.0,0.0,1.0,0.0,0.0
56200.0,10,-0.67,9,1,0,1,0,caucasian,20,0,0,1,single,0.0,0.0,0.0,1.0,0.0,0.0
57806.0,5,-1.21,8,1,1,1,0,other,20,0,0,0,single,0.0,0.0,0.0,0.0,0.0,1.0
61185.0,4,-1.6,6,0,0,0,0,caucasian,20,1,0,0,single,0.0,0.0,0.0,1.0,0.0,0.0
62304.0,3,-1.92,5,0,0,0,0,african-american,20,1,0,0,single,0.0,0.0,0.0,0.0,0.0,0.0
58388.0,8,-1.44,7,1,0,1,0,african-american,20,2,0,0,single,0.0,0.0,0.0,0.0,0.0,0.0
57268.0,6,-0.92,9,1,0,1,0,caucasian,20,0,1,0,single,0.0,0.0,0.0,1.0,0.0,0.0
58677.0,10,-1.22,8,1,1,1,0,other,20,8,9,0,single,0.0,0.0,0.0,0.0,0.0,1.0
57511.0,4,-1.57,6,0,0,0,1,caucasian,20,1,0,0,single,0.0,0.0,0.0,1.0,0.0,0.0
58825.0,4,-1.37,7,1,1,1,0,african-american,20,1,0,1,single,0.0,0.0,0.0,0.0,0.0,0.0
58355.0,4,-1.45,7,1,0,1,0,african-american,20,1,1,0,single,0.0,0.0,0.0,0.0,0.0,0.0
60955.0,3,-1.72,6,0,0,0,0,african-american,20,0,0,0,single,0.0,0.0,0.0,0.0,0.0,0.0
61628.0,4,-1.72,6,0,0,0,1,other,20,1,0,1,significant other,0.0,0.0,1.0,0.0,0.0,1.0
59541.0,3,-1.84,5,0,0,0,0,african-american,20,0,0,0,single,0.0,0.0,0.0,0.0,0.0,0.0
58729.0,7,-1.46,7,1,0,1,1,african-american,20,0,0,1,single,0.0,0.0,0.0,0.0,0.0,0.0
61079.0,10,-1.04,8,1,0,1,0,hispanic,20,1,0,0,single,0.0,0.0,0.0,0.0,1.0,0.0
60568.0,4,-1.64,6,1,0,1,0,african-american,20,0,0,0,single,0.0,0.0,0.0,0.0,0.0,0.0
56330.0,7,-0.96,9,1,1,1,0,african-american,20,0,0,0,single,0.0,0.0,0.0,0.0,0.0,0.0
60896.0,6,-1.6,6,0,0,0,0,african-american,20,0,0,0,single,0.0,0.0,0.0,0.0,0.0,0.0
56229.0,10,-0.42,10,0,0,0,0,caucasian,20,4,4,0,single,0.0,0.0,0.0,1.0,0.0,0.0
56207.0,3,-1.53,6,0,0,0,0,african-american,20,0,0,0,single,0.0,0.0,0.0,0.0,0.0,0.0
56589.0,8,-0.61,10,1,1,1,0,african-american,20,1,1,0,single,0.0,0.0,0.0,0.0,0.0,0.0
60243.0,2,-1.92,5,1,0,1,0,caucasian,20,1,2,0,single,0.0,0.0,0.0,1.0,0.0,0.0
59201.0,4,-1.65,6,0,0,0,1,caucasian,20,0,0,0,single,0.0,0.0,0.0,1.0,0.0,0.0
62271.0,10,-1.06,8,1,1,1,1,caucasian,20,3,3,1,single,0.0,0.0,0.0,1.0,0.0,0.0
57116.0,5,-1.49,7,0,0,0,1,african-american,20,0,0,1,single,0.0,0.0,0.0,0.0,0.0,0.0
58242.0,9,-0.76,9,0,0,0,0,african-american,20,0,0,0,single,0.0,0.0,0.0,0.0,0.0,0.0
57769.0,4,-1.41,7,1,1,0,0,african-american,20,0,0,1,single,0.0,0.0,0.0,0.0,0.0,0.0
60347.0,2,-2.0,4,1,0,1,0,other,20,3,3,1,single,0.0,0.0,0.0,0.0,0.0,1.0
59535.0,5,-1.49,7,1,0,1,1,other,20,0,0,1,single,0.0,0.0,0.0,0.0,0.0,1.0
60304.0,5,-1.52,6,1,0,1,0,african-american,20,0,0,0,single,0.0,0.0,0.0,0.0,0.0,0.0
59424.0,10,-1.32,7,1,1,1,0,african-american,20,4,3,0,single,0.0,0.0,0.0,0.0,0.0,0.0
60711.0,3,-1.84,5,1,0,1,0,caucasian,20,0,3,0,single,0.0,0.0,0.0,1.0,0.0,0.0
57529.0,8,-1.06,8,1,0,1,0,hispanic,20,2,3,0,single,0.0,0.0,0.0,0.0,1.0,0.0
56342.0,7,-1.06,8,1,0,1,0,african-american,20,0,0,0,single,0.0,0.0,0.0,0.0,0.0,0.0
59485.0,6,-1.25,8,0,0,0,1,african-american,20,0,0,0,single,0.0,0.0,0.0,0.0,0.0,0.0
59266.0,5,-1.04,8,1,0,1,0,african-american,20,1,3,1,single,0.0,0.0,0.0,0.0,0.0,0.0
58146.0,8,-1.41,7,1,1,1,0,african-american,20,1,0,0,single,0.0,0.0,0.0,0.0,0.0,0.0
56482.0,4,-1.37,7,1,0,1,0,other,20,0,0,1,single,0.0,0.0,0.0,0.0,0.0,1.0
61936.0,3,-1.8,5,0,0,0,0,hispanic,20,0,2,0,single,0.0,0.0,0.0,0.0,1.0,0.0
58118.0,2,-1.69,6,0,0,0,0,african-american,20,1,2,0,single,0.0,0.0,0.0,0.0,0.0,0.0
58859.0,4,-1.37,7,0,0,0,0,african-american,20,0,1,0,single,0.0,0.0,0.0,0.0,0.0,0.0
57680.0,4,-1.45,7,0,0,0,0,other,20,0,0,0,single,0.0,0.0,0.0,0.0,0.0,1.0
49070.0,3,-1.56,6,1,1,1,0,african-american,20,1,1,0,single,0.0,0.0,0.0,0.0,0.0,0.0
61157.0,4,-1.72,6,0,0,0,1,african-american,20,0,0,0,single,0.0,0.0,0.0,0.0,0.0,0.0
59995.0,3,-1.53,6,1,0,1,0,african-american,20,0,0,1,single,0.0,0.0,0.0,0.0,0.0,0.0
57798.0,5,-1.53,6,0,0,0,1,caucasian,20,1,0,0,single,0.0,0.0,0.0,1.0,0.0,0.0
60827.0,4,-1.72,6,0,0,0,0,african-american,20,1,0,1,single,0.0,0.0,0.0,0.0,0.0,0.0
61790.0,10,-0.36,10,1,0,1,0,caucasian,20,0,0,0,single,0.0,0.0,0.0,1.0,0.0,0.0
58350.0,4,-1.41,7,0,0,0,0,caucasian,20,0,5,1,single,0.0,0.0,0.0,1.0,0.0,0.0
57583.0,5,-1.34,7,1,0,1,0,african-american,20,2,4,0,single,0.0,0.0,0.0,0.0,0.0,0.0
59276.0,4,-1.37,7,1,0,1,0,african-american,20,0,0,1,single,0.0,0.0,0.0,0.0,0.0,0.0
57172.0,3,-1.61,6,0,0,0,0,caucasian,20,0,0,0,single,0.0,0.0,0.0,1.0,0.0,0.0
60094.0,7,-1.12,8,1,1,1,1,african-american,20,0,1,1,single,0.0,0.0,0.0,0.0,0.0,0.0
62005.0,4,-1.64,6,1,0,1,0,hispanic,20,0,0,1,single,0.0,0.0,0.0,0.0,1.0,0.0
60117.0,6,-1.33,7,1,0,1,1,african-american,20,1,0,0,single,0.0,0.0,0.0,0.0,0.0,0.0
58251.0,5,-1.6,6,0,0,0,0,other,20,0,0,1,significant other,0.0,0.0,1.0,0.0,0.0,1.0
58439.0,3,-1.53,6,0,0,0,0,african-american,20,0,0,0,single,0.0,0.0,0.0,0.0,0.0,0.0
62303.0,9,-1.18,8,0,0,0,0,african-american,20,1,0,0,single,0.0,0.0,0.0,0.0,0.0,0.0
61870.0,4,-1.68,6,0,0,0,0,caucasian,20,0,0,0,single,0.0,0.0,0.0,1.0,0.0,0.0
57742.0,10,-1.23,8,1,0,1,0,african-american,20,2,1,0,single,0.0,0.0,0.0,0.0,0.0,0.0
59529.0,10,-0.56,10,1,0,1,0,caucasian,20,1,2,0,single,0.0,0.0,0.0,1.0,0.0,0.0
57618.0,5,-1.25,8,1,0,1,0,african-american,20,1,2,0,single,0.0,0.0,0.0,0.0,0.0,0.0
59581.0,8,-0.89,9,1,0,1,0,hispanic,20,2,2,0,single,0.0,0.0,0.0,0.0,1.0,0.0
59138.0,10,-0.61,10,0,0,0,1,african-american,20,1,1,0,single,0.0,0.0,0.0,0.0,0.0,0.0
58995.0,6,-1.59,6,1,0,1,1,african-american,20,0,0,0,single,0.0,0.0,0.0,0.0,0.0,0.0
59367.0,9,-1.3,7,1,0,1,0,african-american,20,2,1,0,single,0.0,0.0,0.0,0.0,0.0,0.0
61907.0,4,-1.41,7,0,0,0,0,caucasian,20,0,2,0,single,0.0,0.0,0.0,1.0,0.0,0.0
60015.0,3,-1.69,6,0,0,0,0,caucasian,20,0,0,1,single,0.0,0.0,0.0,1.0,0.0,0.0
60908.0,8,-1.37,7,1,0,1,0,african-american,20,2,3,0,single,0.0,0.0,0.0,0.0,0.0,0.0
58930.0,4,-1.37,7,1,0,1,0,caucasian,20,0,0,0,single,0.0,0.0,0.0,1.0,0.0,0.0
68249.0,8,-1.46,8,1,0,1,0,african-american,20,1,1,0,single,0.0,0.0,0.0,0.0,0.0,0.0
58960.0,7,-1.22,8,0,0,0,1,caucasian,20,0,0,0,single,0.0,0.0,0.0,1.0,0.0,0.0
59088.0,10,-0.24,10,1,1,1,0,african-american,20,1,0,0,single,0.0,0.0,0.0,0.0,0.0,0.0
58292.0,9,-0.81,9,1,0,1,0,african-american,20,4,4,0,single,0.0,0.0,0.0,0.0,0.0,0.0
57900.0,6,-1.25,8,0,0,0,0,african-american,20,0,0,0,single,0.0,0.0,0.0,0.0,0.0,0.0
60878.0,5,-1.37,7,1,1,1,0,african-american,20,0,0,0,single,0.0,0.0,0.0,0.0,0.0,0.0
59086.0,8,-1.0,8,0,0,0,0,african-american,20,0,0,0,single,0.0,0.0,0.0,0.0,0.0,0.0
61112.0,10,-0.76,9,1,0,1,0,other,20,1,0,0,single,0.0,0.0,0.0,0.0,0.0,1.0
58997.0,4,-1.41,7,1,1,0,0,african-american,20,0,2,0,single,0.0,0.0,0.0,0.0,0.0,0.0
59380.0,4,-1.61,6,1,0,1,1,african-american,20,0,0,1,single,0.0,0.0,0.0,0.0,0.0,0.0
60328.0,9,-1.13,8,1,0,1,0,african-american,20,0,0,0,single,0.0,0.0,0.0,0.0,0.0,0.0
59974.0,7,-1.51,6,1,0,1,0,caucasian,20,0,0,0,single,0.0,0.0,0.0,1.0,0.0,0.0
59450.0,2,-1.73,6,0,0,0,0,caucasian,20,0,2,0,single,0.0,0.0,0.0,1.0,0.0,0.0
60078.0,8,-1.53,6,1,0,1,1,caucasian,20,1,0,0,single,0.0,0.0,0.0,1.0,0.0,0.0
60330.0,3,-1.53,6,0,0,0,0,african-american,20,0,0,0,single,0.0,0.0,0.0,0.0,0.0,0.0
60898.0,4,-1.53,6,0,0,0,1,african-american,20,0,0,0,single,0.0,0.0,0.0,0.0,0.0,0.0
60039.0,4,-1.33,7,0,0,0,0,caucasian,20,0,2,0,single,0.0,0.0,0.0,1.0,0.0,0.0
61542.0,5,-1.37,7,0,0,0,1,other,20,0,0,1,single,0.0,0.0,0.0,0.0,0.0,1.0
61978.0,5,-1.41,7,0,0,0,1,african-american,20,0,0,0,single,0.0,0.0,0.0,0.0,0.0,0.0
52914.0,4,-1.33,7,0,0,0,1,other,20,1,1,0,single,0.0,0.0,0.0,0.0,0.0,1.0
60991.0,5,-1.41,7,0,0,0,1,african-american,20,0,0,0,single,0.0,0.0,0.0,0.0,0.0,0.0
61011.0,6,-1.13,8,0,0,0,0,african-american,20,1,1,0,single,0.0,0.0,0.0,0.0,0.0,0.0
52906.0,8,-0.59,10,1,0,1,0,african-american,20,2,2,0,single,0.0,0.0,0.0,0.0,0.0,0.0
58396.0,4,-1.35,7,1,0,1,0,african-american,20,9,9,0,single,0.0,0.0,0.0,0.0,0.0,0.0
60859.0,4,-1.41,7,0,0,0,0,caucasian,20,0,0,1,single,0.0,0.0,0.0,1.0,0.0,0.0
60705.0,6,-0.73,9,1,0,1,0,other,20,0,0,1,single,0.0,0.0,0.0,0.0,0.0,1.0
60722.0,3,-1.73,6,1,1,0,1,caucasian,20,0,0,0,single,0.0,0.0,0.0,1.0,0.0,0.0
62328.0,6,-1.43,7,1,1,1,0,caucasian,20,0,1,0,single,0.0,0.0,0.0,1.0,0.0,0.0
61437.0,10,-0.51,10,1,0,1,0,african-american,20,1,1,0,single,0.0,0.0,0.0,0.0,0.0,0.0
61722.0,10,-1.25,8,1,0,1,0,african-american,20,1,2,0,single,0.0,0.0,0.0,0.0,0.0,0.0
61575.0,8,-1.38,7,1,0,1,0,african-american,20,0,0,0,single,0.0,0.0,0.0,0.0,0.0,0.0
62208.0,8,-1.31,7,0,0,0,1,african-american,20,0,0,0,single,0.0,0.0,0.0,0.0,0.0,0.0
60500.0,8,-0.4,10,1,0,1,0,hispanic,20,1,1,0,single,0.0,0.0,0.0,0.0,1.0,0.0
61911.0,4,-1.56,6,1,0,1,0,african-american,20,1,1,0,single,0.0,0.0,0.0,0.0,0.0,0.0
59646.0,7,-0.82,9,1,0,1,0,caucasian,20,1,1,0,single,0.0,0.0,0.0,1.0,0.0,0.0
62298.0,10,-0.41,10,1,1,1,0,african-american,20,0,0,1,single,0.0,0.0,0.0,0.0,0.0,0.0
59613.0,10,-0.21,10,1,0,1,0,african-american,20,6,7,0,single,0.0,0.0,0.0,0.0,0.0,0.0
60800.0,3,-1.59,6,0,0,0,0,african-american,20,1,1,0,single,0.0,0.0,0.0,0.0,0.0,0.0
50984.0,6,-1.23,8,1,1,1,1,caucasian,19,1,2,1,single,0.0,0.0,0.0,1.0,0.0,0.0
57487.0,9,-0.25,10,1,1,0,0,hispanic,19,1,1,0,single,0.0,0.0,0.0,0.0,1.0,0.0
59598.0,9,-0.75,9,1,0,1,0,african-american,19,2,3,0,single,0.0,0.0,0.0,0.0,0.0,0.0
60648.0,10,-0.4,10,1,0,1,0,african-american,19,1,1,0,single,0.0,0.0,0.0,0.0,0.0,0.0
59243.0,10,-0.92,9,1,1,1,0,african-american,19,3,3,0,single,0.0,0.0,0.0,0.0,0.0,0.0
60961.0,10,0.38,10,1,1,1,0,african-american,19,1,2,0,single,0.0,0.0,0.0,0.0,0.0,0.0
59008.0,8,-0.86,9,1,0,1,0,african-american,19,2,3,0,single,0.0,0.0,0.0,0.0,0.0,0.0
